ISO-10303-21;
HEADER;
FILE_DESCRIPTION(('STEP AP242'),
    '1');
FILE_NAME('gear',
    '',
    ('UNSPECIFIED'),
    ('UNSPECIFIED'),
    'C3D Converter',
    'C3D Toolkit',
    '');
FILE_SCHEMA(('AP242_MANAGED_MODEL_BASED_3D_ENGINEERING_MIM_LF { 1 0 10303 442 1 1 4 }'));
ENDSEC;

DATA;
#1=PRODUCT_DEFINITION('','UNSPECIFIED',#28,#31);
#2=SHAPE_DEFINITION_REPRESENTATION(#26,#3);
#3=SHAPE_REPRESENTATION('NONE',(#4,#53),#8);
#4=AXIS2_PLACEMENT_3D('',#5,#6,#7);
#5=CARTESIAN_POINT('',(0.,0.,0.));
#6=DIRECTION('',(0.,0.,1.));
#7=DIRECTION('',(1.,0.,0.));
#8=(GEOMETRIC_REPRESENTATION_CONTEXT(3)GLOBAL_UNCERTAINTY_ASSIGNED_CONTEXT((#10))
GLOBAL_UNIT_ASSIGNED_CONTEXT((#9,#11,#12))REPRESENTATION_CONTEXT('NONE','NONE'));
#9=(LENGTH_UNIT()NAMED_UNIT(*)SI_UNIT(.MILLI.,.METRE.));
#10=UNCERTAINTY_MEASURE_WITH_UNIT(LENGTH_MEASURE(1.E-5),#9,'NONE','NONE');
#11=(NAMED_UNIT(*)PLANE_ANGLE_UNIT()SI_UNIT($,.RADIAN.));
#12=(NAMED_UNIT(*)SI_UNIT($,.STERADIAN.)SOLID_ANGLE_UNIT());
#13=MANIFOLD_SOLID_BREP('',#14);
#14=CLOSED_SHELL('',(#121,#122,#123,#124,#125,#126,#127,#128,#129,#130,#131,#132,
#133,#134,#135,#136,#137,#138,#139,#140,#141,#142,#143,#144,#145,#146,#147,#148,
#149,#150,#151,#152,#153,#154,#155,#156,#157,#158,#159,#160,#161,#162,#163,#164,
#165,#166,#167,#168,#169,#170,#171,#172,#173,#174,#175,#176,#177,#178,#179,#180,
#181,#182,#183,#184,#185,#186,#187,#188,#189,#190,#191,#192,#193,#194,#195,#196,
#197,#198,#199,#200,#201,#202,#203,#204,#205,#206,#207,#208,#209,#210,#211,#212,
#213,#214,#215,#216,#217,#218,#219,#220,#221,#222,#223,#224,#225,#226,#227,#228,
#229,#230,#231,#232,#233,#234,#235,#236,#237,#238,#239,#240,#241,#242,#243,#244,
#245,#246));
#15=COLOUR_RGB('',0.564705882352941,0.564705882352941,0.564705882352941);
#16=FILL_AREA_STYLE_COLOUR('',#15);
#17=FILL_AREA_STYLE($,(#16));
#18=SURFACE_STYLE_FILL_AREA(#17);
#19=SURFACE_SIDE_STYLE('',(#18));
#20=SURFACE_STYLE_USAGE(.BOTH.,#19);
#21=PRESENTATION_STYLE_ASSIGNMENT((#20));
#22=MECHANICAL_DESIGN_GEOMETRIC_PRESENTATION_REPRESENTATION('NONE',(#23,#69),#8);
#23=STYLED_ITEM('',(#21),#13);
#24=ADVANCED_BREP_SHAPE_REPRESENTATION('NONE',(#13),#8);
#25=SHAPE_REPRESENTATION_RELATIONSHIP('','',#3,#24);
#26=PRODUCT_DEFINITION_SHAPE('NONE','NONE',#1);
#27=MECHANICAL_CONTEXT('NONE',#32,'mechanical');
#28=PRODUCT_DEFINITION_FORMATION_WITH_SPECIFIED_SOURCE('ANY','UNSPECIFIED',#29,.NOT_KNOWN.);
#29=PRODUCT('','\X2\0414043504420430043B044C\X0\','NONE',(#27));
#30=PRODUCT_RELATED_PRODUCT_CATEGORY('detail','',(#29));
#31=DESIGN_CONTEXT('detailed design',#32,'design');
#32=APPLICATION_CONTEXT('configuration controlled 3d designs of mechanical parts and assemblies');
#33=APPLICATION_PROTOCOL_DEFINITION('international standard','config_control_design',
1994,#32);
#34=CC_DESIGN_DATE_AND_TIME_ASSIGNMENT(#35,#39,(#1));
#35=DATE_AND_TIME(#36,#37);
#36=CALENDAR_DATE(0,1,1);
#37=LOCAL_TIME(0,0,0.,#38);
#38=COORDINATED_UNIVERSAL_TIME_OFFSET(0,0,.AHEAD.);
#39=DATE_TIME_ROLE('creation_date');
#40=CC_DESIGN_APPROVAL(#41,(#1));
#41=APPROVAL(#42,'UNSPECIFIED');
#42=APPROVAL_STATUS('not_yet_approved');
#43=APPROVAL_DATE_TIME(#44,#41);
#44=DATE_AND_TIME(#45,#46);
#45=CALENDAR_DATE(0,1,1);
#46=LOCAL_TIME(0,0,0.,#47);
#47=COORDINATED_UNIVERSAL_TIME_OFFSET(0,0,.AHEAD.);
#48=PERSON('UNSPECIFIED','matve','UNSPECIFIED',('UNSPECIFIED'),('UNSPECIFIED'),(
'UNSPECIFIED'));
#49=ORGANIZATION('UNSPECIFIED','UNSPECIFIED','UNSPECIFIED');
#50=PERSON_AND_ORGANIZATION(#48,#49);
#51=PERSON_AND_ORGANIZATION_ROLE('creator');
#52=CC_DESIGN_PERSON_AND_ORGANIZATION_ASSIGNMENT(#50,#51,(#28,#1));
#53=AXIS2_PLACEMENT_3D('',#54,#55,#56);
#54=CARTESIAN_POINT('',(3.62063944486981E-16,-1.83697019872103E-16,12.0382388068448));
#55=DIRECTION('',(-1.77635683940025E-16,1.,6.12323399573677E-17));
#56=DIRECTION('',(1.,1.77635683940025E-16,-1.77635683940025E-16));
#57=PRODUCT_DEFINITION('','UNSPECIFIED',#74,#77);
#58=SHAPE_DEFINITION_REPRESENTATION(#72,#59);
#59=SHAPE_REPRESENTATION('NONE',(#4),#8);
#60=MANIFOLD_SOLID_BREP('',#61);
#61=CLOSED_SHELL('',(#247,#248,#249,#250,#251,#252,#253,#254,#255,#256,#257,#258,
#259,#260,#261,#262,#263,#264,#265,#266,#267,#268,#269,#270,#271,#272,#273,#274,
#275,#276,#277,#278,#279,#280,#281,#282,#283,#284,#285,#286,#287,#288,#289,#290,
#291));
#62=COLOUR_RGB('',0.792156862745098,0.819607843137255,0.933333333333333);
#63=FILL_AREA_STYLE_COLOUR('',#62);
#64=FILL_AREA_STYLE($,(#63));
#65=SURFACE_STYLE_FILL_AREA(#64);
#66=SURFACE_SIDE_STYLE('',(#65));
#67=SURFACE_STYLE_USAGE(.BOTH.,#66);
#68=PRESENTATION_STYLE_ASSIGNMENT((#67));
#69=STYLED_ITEM('',(#68),#60);
#70=ADVANCED_BREP_SHAPE_REPRESENTATION('NONE',(#60),#8);
#71=SHAPE_REPRESENTATION_RELATIONSHIP('','',#59,#70);
#72=PRODUCT_DEFINITION_SHAPE('NONE','NONE',#57);
#73=MECHANICAL_CONTEXT('NONE',#78,'mechanical');
#74=PRODUCT_DEFINITION_FORMATION_WITH_SPECIFIED_SOURCE('ANY','UNSPECIFIED',#75,.NOT_KNOWN.);
#75=PRODUCT('','sg90-spline','NONE',(#73));
#76=PRODUCT_RELATED_PRODUCT_CATEGORY('detail','',(#75));
#77=DESIGN_CONTEXT('detailed design',#78,'design');
#78=APPLICATION_CONTEXT('configuration controlled 3d designs of mechanical parts and assemblies');
#79=APPLICATION_PROTOCOL_DEFINITION('international standard','config_control_design',
1994,#78);
#80=CC_DESIGN_DATE_AND_TIME_ASSIGNMENT(#81,#85,(#57));
#81=DATE_AND_TIME(#82,#83);
#82=CALENDAR_DATE(0,1,1);
#83=LOCAL_TIME(0,0,0.,#84);
#84=COORDINATED_UNIVERSAL_TIME_OFFSET(0,0,.AHEAD.);
#85=DATE_TIME_ROLE('creation_date');
#86=CC_DESIGN_APPROVAL(#87,(#57));
#87=APPROVAL(#88,'UNSPECIFIED');
#88=APPROVAL_STATUS('not_yet_approved');
#89=APPROVAL_DATE_TIME(#90,#87);
#90=DATE_AND_TIME(#91,#92);
#91=CALENDAR_DATE(0,1,1);
#92=LOCAL_TIME(0,0,0.,#93);
#93=COORDINATED_UNIVERSAL_TIME_OFFSET(0,0,.AHEAD.);
#94=PERSON('UNSPECIFIED','matve','UNSPECIFIED',('UNSPECIFIED'),('UNSPECIFIED'),(
'UNSPECIFIED'));
#95=ORGANIZATION('UNSPECIFIED','UNSPECIFIED','UNSPECIFIED');
#96=PERSON_AND_ORGANIZATION(#94,#95);
#97=PERSON_AND_ORGANIZATION_ROLE('creator');
#98=CC_DESIGN_PERSON_AND_ORGANIZATION_ASSIGNMENT(#96,#97,(#74,#57));
#99=ITEM_DEFINED_TRANSFORMATION('','',#4,#53);
#100=(REPRESENTATION_RELATIONSHIP('','',#59,#3)REPRESENTATION_RELATIONSHIP_WITH_TRANSFORMATION(
#99)SHAPE_REPRESENTATION_RELATIONSHIP());
#101=NEXT_ASSEMBLY_USAGE_OCCURRENCE('ANY','\X2\0414043504420430043B044C\X0\','',
#1,#57,'');
#102=CC_DESIGN_SECURITY_CLASSIFICATION(#103,(#101));
#103=SECURITY_CLASSIFICATION('','',#104);
#104=SECURITY_CLASSIFICATION_LEVEL('unclassified');
#105=CC_DESIGN_DATE_AND_TIME_ASSIGNMENT(#106,#110,(#103));
#106=DATE_AND_TIME(#107,#108);
#107=CALENDAR_DATE(0,1,1);
#108=LOCAL_TIME(0,0,0.,#109);
#109=COORDINATED_UNIVERSAL_TIME_OFFSET(0,0,.AHEAD.);
#110=DATE_TIME_ROLE('classification_date');
#111=CC_DESIGN_APPROVAL(#112,(#103));
#112=APPROVAL(#113,'UNSPECIFIED');
#113=APPROVAL_STATUS('not_yet_approved');
#114=APPROVAL_DATE_TIME(#115,#112);
#115=DATE_AND_TIME(#116,#117);
#116=CALENDAR_DATE(0,1,1);
#117=LOCAL_TIME(0,0,0.,#118);
#118=COORDINATED_UNIVERSAL_TIME_OFFSET(0,0,.AHEAD.);
#119=PRODUCT_DEFINITION_SHAPE('NONE','NONE',#101);
#120=CONTEXT_DEPENDENT_SHAPE_REPRESENTATION(#100,#119);
#121=ADVANCED_FACE('',(#292),#294,.F.);
#122=ADVANCED_FACE('',(#298),#300,.F.);
#123=ADVANCED_FACE('',(#304),#306,.F.);
#124=ADVANCED_FACE('',(#310),#312,.F.);
#125=ADVANCED_FACE('',(#316),#318,.F.);
#126=ADVANCED_FACE('',(#322),#324,.F.);
#127=ADVANCED_FACE('',(#328),#330,.F.);
#128=ADVANCED_FACE('',(#334),#336,.F.);
#129=ADVANCED_FACE('',(#340),#342,.F.);
#130=ADVANCED_FACE('',(#346),#348,.F.);
#131=ADVANCED_FACE('',(#352),#354,.F.);
#132=ADVANCED_FACE('',(#358),#360,.F.);
#133=ADVANCED_FACE('',(#364),#366,.F.);
#134=ADVANCED_FACE('',(#370),#372,.F.);
#135=ADVANCED_FACE('',(#376),#378,.F.);
#136=ADVANCED_FACE('',(#382),#384,.F.);
#137=ADVANCED_FACE('',(#388,#390),#392,.F.);
#138=ADVANCED_FACE('',(#397,#399),#401,.F.);
#139=ADVANCED_FACE('',(#406),#408,.T.);
#140=ADVANCED_FACE('',(#413),#415,.T.);
#141=ADVANCED_FACE('',(#420),#422,.T.);
#142=ADVANCED_FACE('',(#427),#429,.T.);
#143=ADVANCED_FACE('',(#434),#436,.T.);
#144=ADVANCED_FACE('',(#441),#443,.T.);
#145=ADVANCED_FACE('',(#448),#450,.T.);
#146=ADVANCED_FACE('',(#455),#457,.T.);
#147=ADVANCED_FACE('',(#462),#464,.T.);
#148=ADVANCED_FACE('',(#469),#471,.T.);
#149=ADVANCED_FACE('',(#476),#478,.T.);
#150=ADVANCED_FACE('',(#483),#485,.T.);
#151=ADVANCED_FACE('',(#490),#492,.T.);
#152=ADVANCED_FACE('',(#497),#499,.T.);
#153=ADVANCED_FACE('',(#504),#506,.T.);
#154=ADVANCED_FACE('',(#511),#513,.T.);
#155=ADVANCED_FACE('',(#518),#520,.T.);
#156=ADVANCED_FACE('',(#525),#527,.F.);
#157=ADVANCED_FACE('',(#531),#533,.F.);
#158=ADVANCED_FACE('',(#537),#539,.T.);
#159=ADVANCED_FACE('',(#544),#546,.F.);
#160=ADVANCED_FACE('',(#550),#552,.F.);
#161=ADVANCED_FACE('',(#556),#558,.T.);
#162=ADVANCED_FACE('',(#563),#565,.F.);
#163=ADVANCED_FACE('',(#569),#571,.F.);
#164=ADVANCED_FACE('',(#575),#577,.T.);
#165=ADVANCED_FACE('',(#582),#584,.F.);
#166=ADVANCED_FACE('',(#588),#590,.F.);
#167=ADVANCED_FACE('',(#594),#596,.T.);
#168=ADVANCED_FACE('',(#601),#603,.F.);
#169=ADVANCED_FACE('',(#607),#609,.F.);
#170=ADVANCED_FACE('',(#613),#615,.T.);
#171=ADVANCED_FACE('',(#620),#622,.F.);
#172=ADVANCED_FACE('',(#626),#628,.F.);
#173=ADVANCED_FACE('',(#632),#634,.T.);
#174=ADVANCED_FACE('',(#639),#641,.F.);
#175=ADVANCED_FACE('',(#645),#647,.F.);
#176=ADVANCED_FACE('',(#651),#653,.T.);
#177=ADVANCED_FACE('',(#658),#660,.F.);
#178=ADVANCED_FACE('',(#664),#666,.F.);
#179=ADVANCED_FACE('',(#670),#672,.T.);
#180=ADVANCED_FACE('',(#677),#679,.F.);
#181=ADVANCED_FACE('',(#683),#685,.F.);
#182=ADVANCED_FACE('',(#689),#691,.T.);
#183=ADVANCED_FACE('',(#696),#698,.F.);
#184=ADVANCED_FACE('',(#702),#704,.F.);
#185=ADVANCED_FACE('',(#708),#710,.T.);
#186=ADVANCED_FACE('',(#715),#717,.F.);
#187=ADVANCED_FACE('',(#721),#723,.F.);
#188=ADVANCED_FACE('',(#727),#729,.T.);
#189=ADVANCED_FACE('',(#734),#736,.F.);
#190=ADVANCED_FACE('',(#740),#742,.F.);
#191=ADVANCED_FACE('',(#746),#748,.T.);
#192=ADVANCED_FACE('',(#753),#755,.F.);
#193=ADVANCED_FACE('',(#759),#761,.F.);
#194=ADVANCED_FACE('',(#765),#767,.T.);
#195=ADVANCED_FACE('',(#772),#774,.F.);
#196=ADVANCED_FACE('',(#778),#780,.F.);
#197=ADVANCED_FACE('',(#784),#786,.T.);
#198=ADVANCED_FACE('',(#791),#793,.F.);
#199=ADVANCED_FACE('',(#797),#799,.F.);
#200=ADVANCED_FACE('',(#803),#805,.T.);
#201=ADVANCED_FACE('',(#810),#812,.F.);
#202=ADVANCED_FACE('',(#816),#818,.F.);
#203=ADVANCED_FACE('',(#822,#824),#826,.F.);
#204=ADVANCED_FACE('',(#831),#833,.F.);
#205=ADVANCED_FACE('',(#838),#840,.T.);
#206=ADVANCED_FACE('',(#845),#847,.F.);
#207=ADVANCED_FACE('',(#852),#854,.T.);
#208=ADVANCED_FACE('',(#859),#861,.F.);
#209=ADVANCED_FACE('',(#866),#868,.T.);
#210=ADVANCED_FACE('',(#873),#875,.F.);
#211=ADVANCED_FACE('',(#880),#882,.T.);
#212=ADVANCED_FACE('',(#887),#889,.F.);
#213=ADVANCED_FACE('',(#894),#896,.T.);
#214=ADVANCED_FACE('',(#901),#903,.F.);
#215=ADVANCED_FACE('',(#908),#910,.T.);
#216=ADVANCED_FACE('',(#915),#917,.F.);
#217=ADVANCED_FACE('',(#922),#924,.T.);
#218=ADVANCED_FACE('',(#929),#931,.F.);
#219=ADVANCED_FACE('',(#936),#938,.T.);
#220=ADVANCED_FACE('',(#943),#945,.F.);
#221=ADVANCED_FACE('',(#950),#952,.T.);
#222=ADVANCED_FACE('',(#957),#959,.F.);
#223=ADVANCED_FACE('',(#964),#966,.T.);
#224=ADVANCED_FACE('',(#971),#973,.F.);
#225=ADVANCED_FACE('',(#978),#980,.T.);
#226=ADVANCED_FACE('',(#985),#987,.F.);
#227=ADVANCED_FACE('',(#992),#994,.T.);
#228=ADVANCED_FACE('',(#999),#1001,.F.);
#229=ADVANCED_FACE('',(#1006),#1008,.T.);
#230=ADVANCED_FACE('',(#1013),#1015,.F.);
#231=ADVANCED_FACE('',(#1020),#1022,.T.);
#232=ADVANCED_FACE('',(#1027),#1029,.F.);
#233=ADVANCED_FACE('',(#1034),#1036,.T.);
#234=ADVANCED_FACE('',(#1041),#1043,.F.);
#235=ADVANCED_FACE('',(#1048),#1050,.T.);
#236=ADVANCED_FACE('',(#1055),#1057,.F.);
#237=ADVANCED_FACE('',(#1062),#1064,.T.);
#238=ADVANCED_FACE('',(#1069),#1071,.F.);
#239=ADVANCED_FACE('',(#1076),#1078,.T.);
#240=ADVANCED_FACE('',(#1083),#1085,.F.);
#241=ADVANCED_FACE('',(#1090),#1092,.T.);
#242=ADVANCED_FACE('',(#1097),#1099,.F.);
#243=ADVANCED_FACE('',(#1104),#1106,.T.);
#244=ADVANCED_FACE('',(#1111),#1113,.F.);
#245=ADVANCED_FACE('',(#1118),#1120,.T.);
#246=ADVANCED_FACE('',(#1125,#1127),#1129,.T.);
#247=ADVANCED_FACE('',(#1134),#1136,.T.);
#248=ADVANCED_FACE('',(#1141),#1143,.F.);
#249=ADVANCED_FACE('',(#1148),#1150,.T.);
#250=ADVANCED_FACE('',(#1155),#1157,.F.);
#251=ADVANCED_FACE('',(#1162),#1164,.T.);
#252=ADVANCED_FACE('',(#1169),#1171,.F.);
#253=ADVANCED_FACE('',(#1176),#1178,.T.);
#254=ADVANCED_FACE('',(#1183),#1185,.F.);
#255=ADVANCED_FACE('',(#1190),#1192,.T.);
#256=ADVANCED_FACE('',(#1197),#1199,.F.);
#257=ADVANCED_FACE('',(#1204),#1206,.T.);
#258=ADVANCED_FACE('',(#1211),#1213,.F.);
#259=ADVANCED_FACE('',(#1218),#1220,.T.);
#260=ADVANCED_FACE('',(#1225),#1227,.F.);
#261=ADVANCED_FACE('',(#1232),#1234,.T.);
#262=ADVANCED_FACE('',(#1239),#1241,.F.);
#263=ADVANCED_FACE('',(#1246),#1248,.T.);
#264=ADVANCED_FACE('',(#1253),#1255,.F.);
#265=ADVANCED_FACE('',(#1260),#1262,.T.);
#266=ADVANCED_FACE('',(#1267),#1269,.F.);
#267=ADVANCED_FACE('',(#1274),#1276,.T.);
#268=ADVANCED_FACE('',(#1281),#1283,.F.);
#269=ADVANCED_FACE('',(#1288),#1290,.T.);
#270=ADVANCED_FACE('',(#1295),#1297,.F.);
#271=ADVANCED_FACE('',(#1302),#1304,.T.);
#272=ADVANCED_FACE('',(#1309),#1311,.F.);
#273=ADVANCED_FACE('',(#1316),#1318,.T.);
#274=ADVANCED_FACE('',(#1323),#1325,.F.);
#275=ADVANCED_FACE('',(#1330),#1332,.T.);
#276=ADVANCED_FACE('',(#1337),#1339,.F.);
#277=ADVANCED_FACE('',(#1344),#1346,.T.);
#278=ADVANCED_FACE('',(#1351),#1353,.F.);
#279=ADVANCED_FACE('',(#1358),#1360,.T.);
#280=ADVANCED_FACE('',(#1365),#1367,.F.);
#281=ADVANCED_FACE('',(#1372),#1374,.T.);
#282=ADVANCED_FACE('',(#1379),#1381,.F.);
#283=ADVANCED_FACE('',(#1386),#1388,.T.);
#284=ADVANCED_FACE('',(#1393),#1395,.F.);
#285=ADVANCED_FACE('',(#1400),#1402,.T.);
#286=ADVANCED_FACE('',(#1407),#1409,.F.);
#287=ADVANCED_FACE('',(#1414),#1416,.T.);
#288=ADVANCED_FACE('',(#1421),#1423,.F.);
#289=ADVANCED_FACE('',(#1428,#1430),#1432,.F.);
#290=ADVANCED_FACE('',(#1437,#1439),#1441,.T.);
#291=ADVANCED_FACE('',(#1446,#1448),#1450,.T.);
#292=FACE_BOUND('',#293,.T.);
#293=EDGE_LOOP('',(#1455,#1456,#1457,#1458));
#294=SURFACE_OF_LINEAR_EXTRUSION('',#295,#296);
#295=B_SPLINE_CURVE_WITH_KNOTS('',3,
(#1459,#1460,#1461,#1462,#1463,#1464,#1465,#1466,#1467,#1468,#1469,#1470,#1471,#1472,
#1473,#1474,#1475,#1476,#1477,#1478,#1479,#1480,#1481,#1482,#1483,#1484,#1485,#1486,
#1487,#1488),
.UNSPECIFIED.,.F.,.F.,
(4,2,2,2,2,2,2,2,2,2,2,2,2,2,4),
(0.,0.0689666483161028,0.137958742254893,0.207003529952678,0.276132140699774,0.34538229012556,
0.414802142442343,0.484456228944987,0.5544350703621,0.62487172938418,0.695972059351063,
0.768074001742131,0.841774282891237,0.918230762910479,1.),
.UNSPECIFIED.);
#296=VECTOR('',#297,34.);
#297=DIRECTION('',(0.,0.,1.));
#298=FACE_BOUND('',#299,.T.);
#299=EDGE_LOOP('',(#1489,#1490,#1491,#1492));
#300=SURFACE_OF_LINEAR_EXTRUSION('',#301,#302);
#301=B_SPLINE_CURVE_WITH_KNOTS('',3,
(#1493,#1494,#1495,#1496,#1497,#1498,#1499,#1500,#1501,#1502,#1503,#1504,#1505,#1506,
#1507,#1508,#1509,#1510,#1511,#1512,#1513,#1514,#1515,#1516,#1517,#1518,#1519,#1520,
#1521,#1522),
.UNSPECIFIED.,.F.,.F.,
(4,2,2,2,2,2,2,2,2,2,2,2,2,2,4),
(0.,0.0817692370895371,0.158225717108787,0.231925998257898,0.304027940648968,0.375128270615856,
0.445564929637937,0.515543771055042,0.585197857557676,0.654617709874452,0.723867859300235,
0.79299647004733,0.862041257745113,0.931033351683898,1.),
.UNSPECIFIED.);
#302=VECTOR('',#303,34.);
#303=DIRECTION('',(0.,0.,1.));
#304=FACE_BOUND('',#305,.T.);
#305=EDGE_LOOP('',(#1523,#1524,#1525,#1526));
#306=SURFACE_OF_LINEAR_EXTRUSION('',#307,#308);
#307=B_SPLINE_CURVE_WITH_KNOTS('',3,
(#1527,#1528,#1529,#1530,#1531,#1532,#1533,#1534,#1535,#1536,#1537,#1538,#1539,#1540,
#1541,#1542,#1543,#1544,#1545,#1546,#1547,#1548,#1549,#1550,#1551,#1552,#1553,#1554,
#1555,#1556),
.UNSPECIFIED.,.F.,.F.,
(4,2,2,2,2,2,2,2,2,2,2,2,2,2,4),
(0.,0.0689666483161028,0.137958742254893,0.207003529952678,0.276132140699774,0.34538229012556,
0.414802142442343,0.484456228944987,0.5544350703621,0.62487172938418,0.695972059351063,
0.768074001742131,0.841774282891237,0.918230762910479,1.),
.UNSPECIFIED.);
#308=VECTOR('',#309,34.);
#309=DIRECTION('',(0.,0.,1.));
#310=FACE_BOUND('',#311,.T.);
#311=EDGE_LOOP('',(#1557,#1558,#1559,#1560));
#312=SURFACE_OF_LINEAR_EXTRUSION('',#313,#314);
#313=B_SPLINE_CURVE_WITH_KNOTS('',3,
(#1561,#1562,#1563,#1564,#1565,#1566,#1567,#1568,#1569,#1570,#1571,#1572,#1573,#1574,
#1575,#1576,#1577,#1578,#1579,#1580,#1581,#1582,#1583,#1584,#1585,#1586,#1587,#1588,
#1589,#1590),
.UNSPECIFIED.,.F.,.F.,
(4,2,2,2,2,2,2,2,2,2,2,2,2,2,4),
(0.,0.0817692370895371,0.158225717108787,0.231925998257898,0.304027940648968,0.375128270615856,
0.445564929637937,0.515543771055042,0.585197857557676,0.654617709874452,0.723867859300235,
0.79299647004733,0.862041257745113,0.931033351683898,1.),
.UNSPECIFIED.);
#314=VECTOR('',#315,34.);
#315=DIRECTION('',(0.,0.,1.));
#316=FACE_BOUND('',#317,.T.);
#317=EDGE_LOOP('',(#1591,#1592,#1593,#1594));
#318=SURFACE_OF_LINEAR_EXTRUSION('',#319,#320);
#319=B_SPLINE_CURVE_WITH_KNOTS('',3,
(#1595,#1596,#1597,#1598,#1599,#1600,#1601,#1602,#1603,#1604,#1605,#1606,#1607,#1608,
#1609,#1610,#1611,#1612,#1613,#1614,#1615,#1616,#1617,#1618,#1619,#1620,#1621,#1622,
#1623,#1624),
.UNSPECIFIED.,.F.,.F.,
(4,2,2,2,2,2,2,2,2,2,2,2,2,2,4),
(0.,0.0689666483161028,0.137958742254893,0.207003529952678,0.276132140699774,0.34538229012556,
0.414802142442343,0.484456228944987,0.5544350703621,0.62487172938418,0.695972059351063,
0.768074001742131,0.841774282891237,0.918230762910479,1.),
.UNSPECIFIED.);
#320=VECTOR('',#321,34.);
#321=DIRECTION('',(0.,0.,1.));
#322=FACE_BOUND('',#323,.T.);
#323=EDGE_LOOP('',(#1625,#1626,#1627,#1628));
#324=SURFACE_OF_LINEAR_EXTRUSION('',#325,#326);
#325=B_SPLINE_CURVE_WITH_KNOTS('',3,
(#1629,#1630,#1631,#1632,#1633,#1634,#1635,#1636,#1637,#1638,#1639,#1640,#1641,#1642,
#1643,#1644,#1645,#1646,#1647,#1648,#1649,#1650,#1651,#1652,#1653,#1654,#1655,#1656,
#1657,#1658),
.UNSPECIFIED.,.F.,.F.,
(4,2,2,2,2,2,2,2,2,2,2,2,2,2,4),
(0.,0.0817692370895371,0.158225717108787,0.231925998257898,0.304027940648968,0.375128270615856,
0.445564929637937,0.515543771055042,0.585197857557676,0.654617709874452,0.723867859300235,
0.79299647004733,0.862041257745113,0.931033351683898,1.),
.UNSPECIFIED.);
#326=VECTOR('',#327,34.);
#327=DIRECTION('',(0.,0.,1.));
#328=FACE_BOUND('',#329,.T.);
#329=EDGE_LOOP('',(#1659,#1660,#1661,#1662));
#330=SURFACE_OF_LINEAR_EXTRUSION('',#331,#332);
#331=B_SPLINE_CURVE_WITH_KNOTS('',3,
(#1663,#1664,#1665,#1666,#1667,#1668,#1669,#1670,#1671,#1672,#1673,#1674,#1675,#1676,
#1677,#1678,#1679,#1680,#1681,#1682,#1683,#1684,#1685,#1686,#1687,#1688,#1689,#1690,
#1691,#1692),
.UNSPECIFIED.,.F.,.F.,
(4,2,2,2,2,2,2,2,2,2,2,2,2,2,4),
(0.,0.0689666483161028,0.137958742254893,0.207003529952678,0.276132140699774,0.34538229012556,
0.414802142442343,0.484456228944987,0.5544350703621,0.62487172938418,0.695972059351063,
0.768074001742131,0.841774282891237,0.918230762910479,1.),
.UNSPECIFIED.);
#332=VECTOR('',#333,34.);
#333=DIRECTION('',(0.,0.,1.));
#334=FACE_BOUND('',#335,.T.);
#335=EDGE_LOOP('',(#1693,#1694,#1695,#1696));
#336=SURFACE_OF_LINEAR_EXTRUSION('',#337,#338);
#337=B_SPLINE_CURVE_WITH_KNOTS('',3,
(#1697,#1698,#1699,#1700,#1701,#1702,#1703,#1704,#1705,#1706,#1707,#1708,#1709,#1710,
#1711,#1712,#1713,#1714,#1715,#1716,#1717,#1718,#1719,#1720,#1721,#1722,#1723,#1724,
#1725,#1726),
.UNSPECIFIED.,.F.,.F.,
(4,2,2,2,2,2,2,2,2,2,2,2,2,2,4),
(0.,0.0817692370895371,0.158225717108787,0.231925998257898,0.304027940648968,0.375128270615856,
0.445564929637937,0.515543771055042,0.585197857557676,0.654617709874452,0.723867859300235,
0.79299647004733,0.862041257745113,0.931033351683898,1.),
.UNSPECIFIED.);
#338=VECTOR('',#339,34.);
#339=DIRECTION('',(0.,0.,1.));
#340=FACE_BOUND('',#341,.T.);
#341=EDGE_LOOP('',(#1727,#1728,#1729,#1730));
#342=SURFACE_OF_LINEAR_EXTRUSION('',#343,#344);
#343=B_SPLINE_CURVE_WITH_KNOTS('',3,
(#1731,#1732,#1733,#1734,#1735,#1736,#1737,#1738,#1739,#1740,#1741,#1742,#1743,#1744,
#1745,#1746,#1747,#1748,#1749,#1750,#1751,#1752,#1753,#1754,#1755,#1756,#1757,#1758,
#1759,#1760),
.UNSPECIFIED.,.F.,.F.,
(4,2,2,2,2,2,2,2,2,2,2,2,2,2,4),
(0.,0.0689666483161028,0.137958742254893,0.207003529952678,0.276132140699774,0.34538229012556,
0.414802142442343,0.484456228944987,0.5544350703621,0.62487172938418,0.695972059351063,
0.768074001742131,0.841774282891237,0.918230762910479,1.),
.UNSPECIFIED.);
#344=VECTOR('',#345,34.);
#345=DIRECTION('',(0.,0.,1.));
#346=FACE_BOUND('',#347,.T.);
#347=EDGE_LOOP('',(#1761,#1762,#1763,#1764));
#348=SURFACE_OF_LINEAR_EXTRUSION('',#349,#350);
#349=B_SPLINE_CURVE_WITH_KNOTS('',3,
(#1765,#1766,#1767,#1768,#1769,#1770,#1771,#1772,#1773,#1774,#1775,#1776,#1777,#1778,
#1779,#1780,#1781,#1782,#1783,#1784,#1785,#1786,#1787,#1788,#1789,#1790,#1791,#1792,
#1793,#1794),
.UNSPECIFIED.,.F.,.F.,
(4,2,2,2,2,2,2,2,2,2,2,2,2,2,4),
(0.,0.0817692370895371,0.158225717108787,0.231925998257898,0.304027940648968,0.375128270615856,
0.445564929637937,0.515543771055042,0.585197857557676,0.654617709874452,0.723867859300235,
0.79299647004733,0.862041257745113,0.931033351683898,1.),
.UNSPECIFIED.);
#350=VECTOR('',#351,34.);
#351=DIRECTION('',(0.,0.,1.));
#352=FACE_BOUND('',#353,.T.);
#353=EDGE_LOOP('',(#1795,#1796,#1797,#1798));
#354=SURFACE_OF_LINEAR_EXTRUSION('',#355,#356);
#355=B_SPLINE_CURVE_WITH_KNOTS('',3,
(#1799,#1800,#1801,#1802,#1803,#1804,#1805,#1806,#1807,#1808,#1809,#1810,#1811,#1812,
#1813,#1814,#1815,#1816,#1817,#1818,#1819,#1820,#1821,#1822,#1823,#1824,#1825,#1826,
#1827,#1828),
.UNSPECIFIED.,.F.,.F.,
(4,2,2,2,2,2,2,2,2,2,2,2,2,2,4),
(0.,0.0689666483161028,0.137958742254893,0.207003529952678,0.276132140699774,0.34538229012556,
0.414802142442343,0.484456228944987,0.5544350703621,0.62487172938418,0.695972059351063,
0.768074001742131,0.841774282891237,0.918230762910479,1.),
.UNSPECIFIED.);
#356=VECTOR('',#357,34.);
#357=DIRECTION('',(0.,0.,1.));
#358=FACE_BOUND('',#359,.T.);
#359=EDGE_LOOP('',(#1829,#1830,#1831,#1832));
#360=SURFACE_OF_LINEAR_EXTRUSION('',#361,#362);
#361=B_SPLINE_CURVE_WITH_KNOTS('',3,
(#1833,#1834,#1835,#1836,#1837,#1838,#1839,#1840,#1841,#1842,#1843,#1844,#1845,#1846,
#1847,#1848,#1849,#1850,#1851,#1852,#1853,#1854,#1855,#1856,#1857,#1858,#1859,#1860,
#1861,#1862),
.UNSPECIFIED.,.F.,.F.,
(4,2,2,2,2,2,2,2,2,2,2,2,2,2,4),
(0.,0.0817692370895371,0.158225717108787,0.231925998257898,0.304027940648968,0.375128270615856,
0.445564929637937,0.515543771055042,0.585197857557676,0.654617709874452,0.723867859300235,
0.79299647004733,0.862041257745113,0.931033351683898,1.),
.UNSPECIFIED.);
#362=VECTOR('',#363,34.);
#363=DIRECTION('',(0.,0.,1.));
#364=FACE_BOUND('',#365,.T.);
#365=EDGE_LOOP('',(#1863,#1864,#1865,#1866));
#366=SURFACE_OF_LINEAR_EXTRUSION('',#367,#368);
#367=B_SPLINE_CURVE_WITH_KNOTS('',3,
(#1867,#1868,#1869,#1870,#1871,#1872,#1873,#1874,#1875,#1876,#1877,#1878,#1879,#1880,
#1881,#1882,#1883,#1884,#1885,#1886,#1887,#1888,#1889,#1890,#1891,#1892,#1893,#1894,
#1895,#1896),
.UNSPECIFIED.,.F.,.F.,
(4,2,2,2,2,2,2,2,2,2,2,2,2,2,4),
(0.,0.0689666483161028,0.137958742254893,0.207003529952678,0.276132140699774,0.34538229012556,
0.414802142442343,0.484456228944987,0.5544350703621,0.62487172938418,0.695972059351063,
0.768074001742131,0.841774282891237,0.918230762910479,1.),
.UNSPECIFIED.);
#368=VECTOR('',#369,34.);
#369=DIRECTION('',(0.,0.,1.));
#370=FACE_BOUND('',#371,.T.);
#371=EDGE_LOOP('',(#1897,#1898,#1899,#1900));
#372=SURFACE_OF_LINEAR_EXTRUSION('',#373,#374);
#373=B_SPLINE_CURVE_WITH_KNOTS('',3,
(#1901,#1902,#1903,#1904,#1905,#1906,#1907,#1908,#1909,#1910,#1911,#1912,#1913,#1914,
#1915,#1916,#1917,#1918,#1919,#1920,#1921,#1922,#1923,#1924,#1925,#1926,#1927,#1928,
#1929,#1930),
.UNSPECIFIED.,.F.,.F.,
(4,2,2,2,2,2,2,2,2,2,2,2,2,2,4),
(0.,0.0817692370895371,0.158225717108787,0.231925998257898,0.304027940648968,0.375128270615856,
0.445564929637937,0.515543771055042,0.585197857557676,0.654617709874452,0.723867859300235,
0.79299647004733,0.862041257745113,0.931033351683898,1.),
.UNSPECIFIED.);
#374=VECTOR('',#375,34.);
#375=DIRECTION('',(0.,0.,1.));
#376=FACE_BOUND('',#377,.T.);
#377=EDGE_LOOP('',(#1931,#1932,#1933,#1934));
#378=SURFACE_OF_LINEAR_EXTRUSION('',#379,#380);
#379=B_SPLINE_CURVE_WITH_KNOTS('',3,
(#1935,#1936,#1937,#1938,#1939,#1940,#1941,#1942,#1943,#1944,#1945,#1946,#1947,#1948,
#1949,#1950,#1951,#1952,#1953,#1954,#1955,#1956,#1957,#1958,#1959,#1960,#1961,#1962,
#1963,#1964),
.UNSPECIFIED.,.F.,.F.,
(4,2,2,2,2,2,2,2,2,2,2,2,2,2,4),
(0.,0.0689666483161028,0.137958742254893,0.207003529952678,0.276132140699774,0.34538229012556,
0.414802142442343,0.484456228944987,0.5544350703621,0.62487172938418,0.695972059351063,
0.768074001742131,0.841774282891237,0.918230762910479,1.),
.UNSPECIFIED.);
#380=VECTOR('',#381,34.);
#381=DIRECTION('',(0.,0.,1.));
#382=FACE_BOUND('',#383,.T.);
#383=EDGE_LOOP('',(#1965,#1966,#1967,#1968));
#384=SURFACE_OF_LINEAR_EXTRUSION('',#385,#386);
#385=B_SPLINE_CURVE_WITH_KNOTS('',3,
(#1969,#1970,#1971,#1972,#1973,#1974,#1975,#1976,#1977,#1978,#1979,#1980,#1981,#1982,
#1983,#1984,#1985,#1986,#1987,#1988,#1989,#1990,#1991,#1992,#1993,#1994,#1995,#1996,
#1997,#1998),
.UNSPECIFIED.,.F.,.F.,
(4,2,2,2,2,2,2,2,2,2,2,2,2,2,4),
(0.,0.0817692370895371,0.158225717108787,0.231925998257898,0.304027940648968,0.375128270615856,
0.445564929637937,0.515543771055042,0.585197857557676,0.654617709874452,0.723867859300235,
0.79299647004733,0.862041257745113,0.931033351683898,1.),
.UNSPECIFIED.);
#386=VECTOR('',#387,34.);
#387=DIRECTION('',(0.,0.,1.));
#388=FACE_BOUND('',#389,.T.);
#389=EDGE_LOOP('',(#1999,#2000,#2001,#2002,#2003,#2004,#2005,#2006,#2007,#2008,#2009,
#2010,#2011,#2012,#2013,#2014,#2015,#2016,#2017,#2018,#2019,#2020,#2021,#2022,#2023,
#2024,#2025,#2026,#2027,#2028,#2029,#2030,#2031,#2032,#2033,#2034,#2035,#2036,#2037,
#2038,#2039,#2040,#2041,#2042,#2043,#2044,#2045,#2046,#2047,#2048,#2049,#2050,#2051,
#2052,#2053,#2054,#2055,#2056,#2057,#2058,#2059,#2060,#2061,#2062,#2063,#2064,#2065,
#2066,#2067,#2068,#2069,#2070,#2071,#2072,#2073,#2074,#2075,#2076,#2077,#2078));
#390=FACE_BOUND('',#391,.T.);
#391=EDGE_LOOP('',(#2079));
#392=PLANE('',#393);
#393=AXIS2_PLACEMENT_3D('',#394,#395,#396);
#394=CARTESIAN_POINT('',(-10.,-32.5955944298215,15.0382388068448));
#395=DIRECTION('',(-1.77635683940025E-16,0.,-1.));
#396=DIRECTION('',(0.,1.,0.));
#397=FACE_BOUND('',#398,.T.);
#398=EDGE_LOOP('',(#2080,#2081,#2082,#2083,#2084,#2085,#2086,#2087,#2088,#2089,#2090,
#2091,#2092,#2093,#2094,#2095,#2096,#2097,#2098,#2099,#2100,#2101,#2102,#2103,#2104,
#2105,#2106,#2107,#2108,#2109,#2110,#2111,#2112,#2113,#2114,#2115,#2116,#2117,#2118,
#2119,#2120,#2121,#2122,#2123,#2124,#2125,#2126,#2127,#2128,#2129,#2130,#2131,#2132,
#2133,#2134,#2135,#2136,#2137,#2138,#2139,#2140,#2141,#2142,#2143,#2144,#2145,#2146,
#2147,#2148,#2149,#2150,#2151,#2152,#2153,#2154,#2155,#2156,#2157,#2158,#2159));
#399=FACE_BOUND('',#400,.T.);
#400=EDGE_LOOP('',(#2160,#2161,#2162,#2163,#2164,#2165,#2166,#2167,#2168,#2169,#2170,
#2171,#2172,#2173,#2174,#2175,#2176,#2177,#2178,#2179,#2180,#2181,#2182,#2183,#2184,
#2185,#2186,#2187,#2188,#2189,#2190,#2191,#2192,#2193,#2194,#2195,#2196,#2197,#2198,
#2199,#2200,#2201));
#401=PLANE('',#402);
#402=AXIS2_PLACEMENT_3D('',#403,#404,#405);
#403=CARTESIAN_POINT('',(-10.,33.512226640876,7.03823880684483));
#404=DIRECTION('',(1.77635683940025E-16,0.,1.));
#405=DIRECTION('',(0.,-1.,0.));
#406=FACE_BOUND('',#407,.T.);
#407=EDGE_LOOP('',(#2202,#2203,#2204,#2205));
#408=CYLINDRICAL_SURFACE('',#409,7.5);
#409=AXIS2_PLACEMENT_3D('',#410,#411,#412);
#410=CARTESIAN_POINT('',(0.,0.,0.));
#411=DIRECTION('',(0.,0.,-1.));
#412=DIRECTION('',(-0.199998379675843,0.979796227859159,0.));
#413=FACE_BOUND('',#414,.T.);
#414=EDGE_LOOP('',(#2206,#2207,#2208,#2209));
#415=CYLINDRICAL_SURFACE('',#416,7.5);
#416=AXIS2_PLACEMENT_3D('',#417,#418,#419);
#417=CARTESIAN_POINT('',(0.,0.,0.));
#418=DIRECTION('',(0.,0.,-1.));
#419=DIRECTION('',(-0.199998379675843,0.979796227859159,0.));
#420=FACE_BOUND('',#421,.T.);
#421=EDGE_LOOP('',(#2210,#2211,#2212,#2213));
#422=CYLINDRICAL_SURFACE('',#423,7.5);
#423=AXIS2_PLACEMENT_3D('',#424,#425,#426);
#424=CARTESIAN_POINT('',(0.,0.,0.));
#425=DIRECTION('',(0.,0.,-1.));
#426=DIRECTION('',(-0.199998379675843,0.979796227859159,0.));
#427=FACE_BOUND('',#428,.T.);
#428=EDGE_LOOP('',(#2214,#2215,#2216,#2217));
#429=CYLINDRICAL_SURFACE('',#430,7.5);
#430=AXIS2_PLACEMENT_3D('',#431,#432,#433);
#431=CARTESIAN_POINT('',(0.,0.,0.));
#432=DIRECTION('',(0.,0.,-1.));
#433=DIRECTION('',(-0.199998379675843,0.979796227859159,0.));
#434=FACE_BOUND('',#435,.T.);
#435=EDGE_LOOP('',(#2218,#2219,#2220,#2221));
#436=CYLINDRICAL_SURFACE('',#437,7.5);
#437=AXIS2_PLACEMENT_3D('',#438,#439,#440);
#438=CARTESIAN_POINT('',(0.,0.,0.));
#439=DIRECTION('',(0.,0.,-1.));
#440=DIRECTION('',(-0.199998379675843,0.979796227859159,0.));
#441=FACE_BOUND('',#442,.T.);
#442=EDGE_LOOP('',(#2222,#2223,#2224,#2225));
#443=CYLINDRICAL_SURFACE('',#444,7.5);
#444=AXIS2_PLACEMENT_3D('',#445,#446,#447);
#445=CARTESIAN_POINT('',(0.,0.,0.));
#446=DIRECTION('',(0.,0.,-1.));
#447=DIRECTION('',(-0.199998379675843,0.979796227859159,0.));
#448=FACE_BOUND('',#449,.T.);
#449=EDGE_LOOP('',(#2226,#2227,#2228,#2229));
#450=CYLINDRICAL_SURFACE('',#451,7.5);
#451=AXIS2_PLACEMENT_3D('',#452,#453,#454);
#452=CARTESIAN_POINT('',(0.,0.,0.));
#453=DIRECTION('',(0.,0.,-1.));
#454=DIRECTION('',(-0.199998379675843,0.979796227859159,0.));
#455=FACE_BOUND('',#456,.T.);
#456=EDGE_LOOP('',(#2230,#2231,#2232,#2233));
#457=CYLINDRICAL_SURFACE('',#458,7.5);
#458=AXIS2_PLACEMENT_3D('',#459,#460,#461);
#459=CARTESIAN_POINT('',(0.,0.,0.));
#460=DIRECTION('',(0.,0.,-1.));
#461=DIRECTION('',(-0.199998379675843,0.979796227859159,0.));
#462=FACE_BOUND('',#463,.T.);
#463=EDGE_LOOP('',(#2234,#2235,#2236,#2237));
#464=CYLINDRICAL_SURFACE('',#465,7.491);
#465=AXIS2_PLACEMENT_3D('',#466,#467,#468);
#466=CARTESIAN_POINT('',(0.,0.,0.));
#467=DIRECTION('',(0.,0.,-1.));
#468=DIRECTION('',(0.982322944324272,-0.187194105286715,0.));
#469=FACE_BOUND('',#470,.T.);
#470=EDGE_LOOP('',(#2238,#2239,#2240,#2241));
#471=CYLINDRICAL_SURFACE('',#472,7.491);
#472=AXIS2_PLACEMENT_3D('',#473,#474,#475);
#473=CARTESIAN_POINT('',(0.,0.,0.));
#474=DIRECTION('',(0.,0.,-1.));
#475=DIRECTION('',(0.979184145307051,0.202973913543834,0.));
#476=FACE_BOUND('',#477,.T.);
#477=EDGE_LOOP('',(#2242,#2243,#2244,#2245));
#478=CYLINDRICAL_SURFACE('',#479,7.491);
#479=AXIS2_PLACEMENT_3D('',#480,#481,#482);
#480=CARTESIAN_POINT('',(0.,0.,0.));
#481=DIRECTION('',(0.,0.,-1.));
#482=DIRECTION('',(0.826973436493213,0.562240994000443,0.));
#483=FACE_BOUND('',#484,.T.);
#484=EDGE_LOOP('',(#2246,#2247,#2248,#2249));
#485=CYLINDRICAL_SURFACE('',#486,7.491);
#486=AXIS2_PLACEMENT_3D('',#487,#488,#489);
#487=CARTESIAN_POINT('',(0.,0.,0.));
#488=DIRECTION('',(0.,0.,-1.));
#489=DIRECTION('',(0.548863518506152,0.835911979847786,0.));
#490=FACE_BOUND('',#491,.T.);
#491=EDGE_LOOP('',(#2250,#2251,#2252,#2253));
#492=CYLINDRICAL_SURFACE('',#493,7.491);
#493=AXIS2_PLACEMENT_3D('',#494,#495,#496);
#494=CARTESIAN_POINT('',(0.,0.,0.));
#495=DIRECTION('',(0.,0.,-1.));
#496=DIRECTION('',(0.187194105286715,0.982322944324271,0.));
#497=FACE_BOUND('',#498,.T.);
#498=EDGE_LOOP('',(#2254,#2255,#2256,#2257));
#499=CYLINDRICAL_SURFACE('',#500,7.491);
#500=AXIS2_PLACEMENT_3D('',#501,#502,#503);
#501=CARTESIAN_POINT('',(0.,0.,0.));
#502=DIRECTION('',(0.,0.,-1.));
#503=DIRECTION('',(-0.202973913543834,0.979184145307051,0.));
#504=FACE_BOUND('',#505,.T.);
#505=EDGE_LOOP('',(#2258,#2259,#2260,#2261));
#506=CYLINDRICAL_SURFACE('',#507,7.491);
#507=AXIS2_PLACEMENT_3D('',#508,#509,#510);
#508=CARTESIAN_POINT('',(0.,0.,0.));
#509=DIRECTION('',(0.,0.,-1.));
#510=DIRECTION('',(0.202973913543834,-0.979184145307051,0.));
#511=FACE_BOUND('',#512,.T.);
#512=EDGE_LOOP('',(#2262,#2263,#2264,#2265));
#513=CYLINDRICAL_SURFACE('',#514,7.491);
#514=AXIS2_PLACEMENT_3D('',#515,#516,#517);
#515=CARTESIAN_POINT('',(0.,0.,0.));
#516=DIRECTION('',(0.,0.,-1.));
#517=DIRECTION('',(0.562240994000443,-0.826973436493213,0.));
#518=FACE_BOUND('',#519,.T.);
#519=EDGE_LOOP('',(#2266,#2267,#2268,#2269));
#520=CYLINDRICAL_SURFACE('',#521,7.491);
#521=AXIS2_PLACEMENT_3D('',#522,#523,#524);
#522=CARTESIAN_POINT('',(0.,0.,0.));
#523=DIRECTION('',(0.,0.,-1.));
#524=DIRECTION('',(0.835911979847787,-0.548863518506152,0.));
#525=FACE_BOUND('',#526,.T.);
#526=EDGE_LOOP('',(#2270,#2271,#2272,#2273));
#527=SURFACE_OF_LINEAR_EXTRUSION('',#528,#529);
#528=B_SPLINE_CURVE_WITH_KNOTS('',3,
(#2274,#2275,#2276,#2277,#2278,#2279,#2280,#2281,#2282,#2283,#2284,#2285,#2286,#2287,
#2288,#2289,#2290,#2291,#2292,#2293,#2294,#2295,#2296,#2297,#2298,#2299,#2300,#2301,
#2302,#2303),
.UNSPECIFIED.,.F.,.F.,
(4,2,2,2,2,2,2,2,2,2,2,2,2,2,4),
(0.,0.0817692370895371,0.158225717108787,0.231925998257898,0.304027940648968,0.375128270615856,
0.445564929637937,0.515543771055042,0.585197857557676,0.654617709874452,0.723867859300235,
0.79299647004733,0.862041257745113,0.931033351683898,1.),
.UNSPECIFIED.);
#529=VECTOR('',#530,34.);
#530=DIRECTION('',(0.,0.,1.));
#531=FACE_BOUND('',#532,.T.);
#532=EDGE_LOOP('',(#2304,#2305,#2306,#2307));
#533=SURFACE_OF_LINEAR_EXTRUSION('',#534,#535);
#534=B_SPLINE_CURVE_WITH_KNOTS('',3,
(#2308,#2309,#2310,#2311,#2312,#2313,#2314,#2315,#2316,#2317,#2318,#2319,#2320,#2321,
#2322,#2323,#2324,#2325,#2326,#2327,#2328,#2329,#2330,#2331,#2332,#2333,#2334,#2335,
#2336,#2337),
.UNSPECIFIED.,.F.,.F.,
(4,2,2,2,2,2,2,2,2,2,2,2,2,2,4),
(0.,0.0775026447804577,0.154070962654626,0.22970494150535,0.304404566372813,0.378169818488798,
0.451000673862543,0.522897101142736,0.593859058259931,0.663886486906516,0.732979302934043,
0.801137378410198,0.868360504795832,0.934648306960802,1.),
.UNSPECIFIED.);
#535=VECTOR('',#536,34.);
#536=DIRECTION('',(0.,0.,1.));
#537=FACE_BOUND('',#538,.T.);
#538=EDGE_LOOP('',(#2338,#2339,#2340,#2341));
#539=CYLINDRICAL_SURFACE('',#540,9.3405);
#540=AXIS2_PLACEMENT_3D('',#541,#542,#543);
#541=CARTESIAN_POINT('',(0.,0.,0.));
#542=DIRECTION('',(0.,0.,1.));
#543=DIRECTION('',(0.,-1.,0.));
#544=FACE_BOUND('',#545,.T.);
#545=EDGE_LOOP('',(#2342,#2343,#2344,#2345));
#546=SURFACE_OF_LINEAR_EXTRUSION('',#547,#548);
#547=B_SPLINE_CURVE_WITH_KNOTS('',3,
(#2346,#2347,#2348,#2349,#2350,#2351,#2352,#2353,#2354,#2355,#2356,#2357,#2358,#2359,
#2360,#2361,#2362,#2363,#2364,#2365,#2366,#2367,#2368,#2369,#2370,#2371,#2372,#2373,
#2374,#2375),
.UNSPECIFIED.,.F.,.F.,
(4,2,2,2,2,2,2,2,2,2,2,2,2,2,4),
(0.,0.0653516930392022,0.131639495204173,0.198862621589809,0.267020697065968,0.336113513093497,
0.406140941740082,0.477102898857278,0.548999326137471,0.621830181511213,0.695595433627197,
0.770295058494657,0.845929037345378,0.922497355219545,1.),
.UNSPECIFIED.);
#548=VECTOR('',#549,34.);
#549=DIRECTION('',(0.,0.,1.));
#550=FACE_BOUND('',#551,.T.);
#551=EDGE_LOOP('',(#2376,#2377,#2378,#2379));
#552=SURFACE_OF_LINEAR_EXTRUSION('',#553,#554);
#553=B_SPLINE_CURVE_WITH_KNOTS('',3,
(#2380,#2381,#2382,#2383,#2384,#2385,#2386,#2387,#2388,#2389,#2390,#2391,#2392,#2393,
#2394,#2395,#2396,#2397,#2398,#2399,#2400,#2401,#2402,#2403,#2404,#2405,#2406,#2407,
#2408,#2409),
.UNSPECIFIED.,.F.,.F.,
(4,2,2,2,2,2,2,2,2,2,2,2,2,2,4),
(0.,0.0689666483161028,0.137958742254893,0.207003529952678,0.276132140699774,0.34538229012556,
0.414802142442343,0.484456228944987,0.5544350703621,0.62487172938418,0.695972059351063,
0.768074001742131,0.841774282891237,0.918230762910479,1.),
.UNSPECIFIED.);
#554=VECTOR('',#555,34.);
#555=DIRECTION('',(0.,0.,1.));
#556=FACE_BOUND('',#557,.T.);
#557=EDGE_LOOP('',(#2410,#2411,#2412,#2413));
#558=CYLINDRICAL_SURFACE('',#559,7.491);
#559=AXIS2_PLACEMENT_3D('',#560,#561,#562);
#560=CARTESIAN_POINT('',(0.,0.,0.));
#561=DIRECTION('',(0.,0.,-1.));
#562=DIRECTION('',(-0.562240994000443,0.826973436493213,0.));
#563=FACE_BOUND('',#564,.T.);
#564=EDGE_LOOP('',(#2414,#2415,#2416,#2417));
#565=SURFACE_OF_LINEAR_EXTRUSION('',#566,#567);
#566=B_SPLINE_CURVE_WITH_KNOTS('',3,
(#2418,#2419,#2420,#2421,#2422,#2423,#2424,#2425,#2426,#2427,#2428,#2429,#2430,#2431,
#2432,#2433,#2434,#2435,#2436,#2437,#2438,#2439,#2440,#2441,#2442,#2443,#2444,#2445,
#2446,#2447),
.UNSPECIFIED.,.F.,.F.,
(4,2,2,2,2,2,2,2,2,2,2,2,2,2,4),
(0.,0.0817692370895371,0.158225717108787,0.231925998257898,0.304027940648968,0.375128270615856,
0.445564929637937,0.515543771055042,0.585197857557676,0.654617709874452,0.723867859300235,
0.79299647004733,0.862041257745113,0.931033351683898,1.),
.UNSPECIFIED.);
#567=VECTOR('',#568,34.);
#568=DIRECTION('',(0.,0.,1.));
#569=FACE_BOUND('',#570,.T.);
#570=EDGE_LOOP('',(#2448,#2449,#2450,#2451));
#571=SURFACE_OF_LINEAR_EXTRUSION('',#572,#573);
#572=B_SPLINE_CURVE_WITH_KNOTS('',3,
(#2452,#2453,#2454,#2455,#2456,#2457,#2458,#2459,#2460,#2461,#2462,#2463,#2464,#2465,
#2466,#2467,#2468,#2469,#2470,#2471,#2472,#2473,#2474,#2475,#2476,#2477,#2478,#2479,
#2480,#2481),
.UNSPECIFIED.,.F.,.F.,
(4,2,2,2,2,2,2,2,2,2,2,2,2,2,4),
(0.,0.0775026447804577,0.154070962654626,0.22970494150535,0.304404566372813,0.378169818488798,
0.451000673862543,0.522897101142736,0.593859058259931,0.663886486906516,0.732979302934043,
0.801137378410198,0.868360504795832,0.934648306960802,1.),
.UNSPECIFIED.);
#573=VECTOR('',#574,34.);
#574=DIRECTION('',(0.,0.,1.));
#575=FACE_BOUND('',#576,.T.);
#576=EDGE_LOOP('',(#2482,#2483,#2484,#2485));
#577=CYLINDRICAL_SURFACE('',#578,9.3405);
#578=AXIS2_PLACEMENT_3D('',#579,#580,#581);
#579=CARTESIAN_POINT('',(0.,0.,0.));
#580=DIRECTION('',(0.,0.,1.));
#581=DIRECTION('',(0.,-1.,0.));
#582=FACE_BOUND('',#583,.T.);
#583=EDGE_LOOP('',(#2486,#2487,#2488,#2489));
#584=SURFACE_OF_LINEAR_EXTRUSION('',#585,#586);
#585=B_SPLINE_CURVE_WITH_KNOTS('',3,
(#2490,#2491,#2492,#2493,#2494,#2495,#2496,#2497,#2498,#2499,#2500,#2501,#2502,#2503,
#2504,#2505,#2506,#2507,#2508,#2509,#2510,#2511,#2512,#2513,#2514,#2515,#2516,#2517,
#2518,#2519),
.UNSPECIFIED.,.F.,.F.,
(4,2,2,2,2,2,2,2,2,2,2,2,2,2,4),
(0.,0.0653516930392022,0.131639495204173,0.198862621589809,0.267020697065968,0.336113513093497,
0.406140941740082,0.477102898857278,0.548999326137471,0.621830181511213,0.695595433627197,
0.770295058494657,0.845929037345378,0.922497355219545,1.),
.UNSPECIFIED.);
#586=VECTOR('',#587,34.);
#587=DIRECTION('',(0.,0.,1.));
#588=FACE_BOUND('',#589,.T.);
#589=EDGE_LOOP('',(#2520,#2521,#2522,#2523));
#590=SURFACE_OF_LINEAR_EXTRUSION('',#591,#592);
#591=B_SPLINE_CURVE_WITH_KNOTS('',3,
(#2524,#2525,#2526,#2527,#2528,#2529,#2530,#2531,#2532,#2533,#2534,#2535,#2536,#2537,
#2538,#2539,#2540,#2541,#2542,#2543,#2544,#2545,#2546,#2547,#2548,#2549,#2550,#2551,
#2552,#2553),
.UNSPECIFIED.,.F.,.F.,
(4,2,2,2,2,2,2,2,2,2,2,2,2,2,4),
(0.,0.0689666483161028,0.137958742254893,0.207003529952678,0.276132140699774,0.34538229012556,
0.414802142442343,0.484456228944987,0.5544350703621,0.62487172938418,0.695972059351063,
0.768074001742131,0.841774282891237,0.918230762910479,1.),
.UNSPECIFIED.);
#592=VECTOR('',#593,34.);
#593=DIRECTION('',(0.,0.,1.));
#594=FACE_BOUND('',#595,.T.);
#595=EDGE_LOOP('',(#2554,#2555,#2556,#2557));
#596=CYLINDRICAL_SURFACE('',#597,7.491);
#597=AXIS2_PLACEMENT_3D('',#598,#599,#600);
#598=CARTESIAN_POINT('',(0.,0.,0.));
#599=DIRECTION('',(0.,0.,-1.));
#600=DIRECTION('',(-0.835911979847787,0.548863518506152,0.));
#601=FACE_BOUND('',#602,.T.);
#602=EDGE_LOOP('',(#2558,#2559,#2560,#2561));
#603=SURFACE_OF_LINEAR_EXTRUSION('',#604,#605);
#604=B_SPLINE_CURVE_WITH_KNOTS('',3,
(#2562,#2563,#2564,#2565,#2566,#2567,#2568,#2569,#2570,#2571,#2572,#2573,#2574,#2575,
#2576,#2577,#2578,#2579,#2580,#2581,#2582,#2583,#2584,#2585,#2586,#2587,#2588,#2589,
#2590,#2591),
.UNSPECIFIED.,.F.,.F.,
(4,2,2,2,2,2,2,2,2,2,2,2,2,2,4),
(0.,0.0817692370895371,0.158225717108787,0.231925998257898,0.304027940648968,0.375128270615856,
0.445564929637937,0.515543771055042,0.585197857557676,0.654617709874452,0.723867859300235,
0.79299647004733,0.862041257745113,0.931033351683898,1.),
.UNSPECIFIED.);
#605=VECTOR('',#606,34.);
#606=DIRECTION('',(0.,0.,1.));
#607=FACE_BOUND('',#608,.T.);
#608=EDGE_LOOP('',(#2592,#2593,#2594,#2595));
#609=SURFACE_OF_LINEAR_EXTRUSION('',#610,#611);
#610=B_SPLINE_CURVE_WITH_KNOTS('',3,
(#2596,#2597,#2598,#2599,#2600,#2601,#2602,#2603,#2604,#2605,#2606,#2607,#2608,#2609,
#2610,#2611,#2612,#2613,#2614,#2615,#2616,#2617,#2618,#2619,#2620,#2621,#2622,#2623,
#2624,#2625),
.UNSPECIFIED.,.F.,.F.,
(4,2,2,2,2,2,2,2,2,2,2,2,2,2,4),
(0.,0.0775026447804577,0.154070962654626,0.22970494150535,0.304404566372813,0.378169818488798,
0.451000673862543,0.522897101142736,0.593859058259931,0.663886486906516,0.732979302934043,
0.801137378410198,0.868360504795832,0.934648306960802,1.),
.UNSPECIFIED.);
#611=VECTOR('',#612,34.);
#612=DIRECTION('',(0.,0.,1.));
#613=FACE_BOUND('',#614,.T.);
#614=EDGE_LOOP('',(#2626,#2627,#2628,#2629));
#615=CYLINDRICAL_SURFACE('',#616,9.3405);
#616=AXIS2_PLACEMENT_3D('',#617,#618,#619);
#617=CARTESIAN_POINT('',(0.,0.,0.));
#618=DIRECTION('',(0.,0.,1.));
#619=DIRECTION('',(0.,-1.,0.));
#620=FACE_BOUND('',#621,.T.);
#621=EDGE_LOOP('',(#2630,#2631,#2632,#2633));
#622=SURFACE_OF_LINEAR_EXTRUSION('',#623,#624);
#623=B_SPLINE_CURVE_WITH_KNOTS('',3,
(#2634,#2635,#2636,#2637,#2638,#2639,#2640,#2641,#2642,#2643,#2644,#2645,#2646,#2647,
#2648,#2649,#2650,#2651,#2652,#2653,#2654,#2655,#2656,#2657,#2658,#2659,#2660,#2661,
#2662,#2663),
.UNSPECIFIED.,.F.,.F.,
(4,2,2,2,2,2,2,2,2,2,2,2,2,2,4),
(0.,0.0653516930392022,0.131639495204173,0.198862621589809,0.267020697065968,0.336113513093497,
0.406140941740082,0.477102898857278,0.548999326137471,0.621830181511213,0.695595433627197,
0.770295058494657,0.845929037345378,0.922497355219545,1.),
.UNSPECIFIED.);
#624=VECTOR('',#625,34.);
#625=DIRECTION('',(0.,0.,1.));
#626=FACE_BOUND('',#627,.T.);
#627=EDGE_LOOP('',(#2664,#2665,#2666,#2667));
#628=SURFACE_OF_LINEAR_EXTRUSION('',#629,#630);
#629=B_SPLINE_CURVE_WITH_KNOTS('',3,
(#2668,#2669,#2670,#2671,#2672,#2673,#2674,#2675,#2676,#2677,#2678,#2679,#2680,#2681,
#2682,#2683,#2684,#2685,#2686,#2687,#2688,#2689,#2690,#2691,#2692,#2693,#2694,#2695,
#2696,#2697),
.UNSPECIFIED.,.F.,.F.,
(4,2,2,2,2,2,2,2,2,2,2,2,2,2,4),
(0.,0.0689666483161028,0.137958742254893,0.207003529952678,0.276132140699774,0.34538229012556,
0.414802142442343,0.484456228944987,0.5544350703621,0.62487172938418,0.695972059351063,
0.768074001742131,0.841774282891237,0.918230762910479,1.),
.UNSPECIFIED.);
#630=VECTOR('',#631,34.);
#631=DIRECTION('',(0.,0.,1.));
#632=FACE_BOUND('',#633,.T.);
#633=EDGE_LOOP('',(#2698,#2699,#2700,#2701));
#634=CYLINDRICAL_SURFACE('',#635,7.491);
#635=AXIS2_PLACEMENT_3D('',#636,#637,#638);
#636=CARTESIAN_POINT('',(0.,0.,0.));
#637=DIRECTION('',(0.,0.,-1.));
#638=DIRECTION('',(-0.982322944324272,0.187194105286715,0.));
#639=FACE_BOUND('',#640,.T.);
#640=EDGE_LOOP('',(#2702,#2703,#2704,#2705));
#641=SURFACE_OF_LINEAR_EXTRUSION('',#642,#643);
#642=B_SPLINE_CURVE_WITH_KNOTS('',3,
(#2706,#2707,#2708,#2709,#2710,#2711,#2712,#2713,#2714,#2715,#2716,#2717,#2718,#2719,
#2720,#2721,#2722,#2723,#2724,#2725,#2726,#2727,#2728,#2729,#2730,#2731,#2732,#2733,
#2734,#2735),
.UNSPECIFIED.,.F.,.F.,
(4,2,2,2,2,2,2,2,2,2,2,2,2,2,4),
(0.,0.0817692370895371,0.158225717108787,0.231925998257898,0.304027940648968,0.375128270615856,
0.445564929637937,0.515543771055042,0.585197857557676,0.654617709874452,0.723867859300235,
0.79299647004733,0.862041257745113,0.931033351683898,1.),
.UNSPECIFIED.);
#643=VECTOR('',#644,34.);
#644=DIRECTION('',(0.,0.,1.));
#645=FACE_BOUND('',#646,.T.);
#646=EDGE_LOOP('',(#2736,#2737,#2738,#2739));
#647=SURFACE_OF_LINEAR_EXTRUSION('',#648,#649);
#648=B_SPLINE_CURVE_WITH_KNOTS('',3,
(#2740,#2741,#2742,#2743,#2744,#2745,#2746,#2747,#2748,#2749,#2750,#2751,#2752,#2753,
#2754,#2755,#2756,#2757,#2758,#2759,#2760,#2761,#2762,#2763,#2764,#2765,#2766,#2767,
#2768,#2769),
.UNSPECIFIED.,.F.,.F.,
(4,2,2,2,2,2,2,2,2,2,2,2,2,2,4),
(0.,0.0775026447804577,0.154070962654626,0.22970494150535,0.304404566372813,0.378169818488798,
0.451000673862543,0.522897101142736,0.593859058259931,0.663886486906516,0.732979302934043,
0.801137378410198,0.868360504795832,0.934648306960802,1.),
.UNSPECIFIED.);
#649=VECTOR('',#650,34.);
#650=DIRECTION('',(0.,0.,1.));
#651=FACE_BOUND('',#652,.T.);
#652=EDGE_LOOP('',(#2770,#2771,#2772,#2773));
#653=CYLINDRICAL_SURFACE('',#654,9.3405);
#654=AXIS2_PLACEMENT_3D('',#655,#656,#657);
#655=CARTESIAN_POINT('',(0.,0.,0.));
#656=DIRECTION('',(0.,0.,1.));
#657=DIRECTION('',(0.,-1.,0.));
#658=FACE_BOUND('',#659,.T.);
#659=EDGE_LOOP('',(#2774,#2775,#2776,#2777));
#660=SURFACE_OF_LINEAR_EXTRUSION('',#661,#662);
#661=B_SPLINE_CURVE_WITH_KNOTS('',3,
(#2778,#2779,#2780,#2781,#2782,#2783,#2784,#2785,#2786,#2787,#2788,#2789,#2790,#2791,
#2792,#2793,#2794,#2795,#2796,#2797,#2798,#2799,#2800,#2801,#2802,#2803,#2804,#2805,
#2806,#2807),
.UNSPECIFIED.,.F.,.F.,
(4,2,2,2,2,2,2,2,2,2,2,2,2,2,4),
(0.,0.0653516930392022,0.131639495204173,0.198862621589809,0.267020697065968,0.336113513093497,
0.406140941740082,0.477102898857278,0.548999326137471,0.621830181511213,0.695595433627197,
0.770295058494657,0.845929037345378,0.922497355219545,1.),
.UNSPECIFIED.);
#662=VECTOR('',#663,34.);
#663=DIRECTION('',(0.,0.,1.));
#664=FACE_BOUND('',#665,.T.);
#665=EDGE_LOOP('',(#2808,#2809,#2810,#2811));
#666=SURFACE_OF_LINEAR_EXTRUSION('',#667,#668);
#667=B_SPLINE_CURVE_WITH_KNOTS('',3,
(#2812,#2813,#2814,#2815,#2816,#2817,#2818,#2819,#2820,#2821,#2822,#2823,#2824,#2825,
#2826,#2827,#2828,#2829,#2830,#2831,#2832,#2833,#2834,#2835,#2836,#2837,#2838,#2839,
#2840,#2841),
.UNSPECIFIED.,.F.,.F.,
(4,2,2,2,2,2,2,2,2,2,2,2,2,2,4),
(0.,0.0689666483161028,0.137958742254893,0.207003529952678,0.276132140699774,0.34538229012556,
0.414802142442343,0.484456228944987,0.5544350703621,0.62487172938418,0.695972059351063,
0.768074001742131,0.841774282891237,0.918230762910479,1.),
.UNSPECIFIED.);
#668=VECTOR('',#669,34.);
#669=DIRECTION('',(0.,0.,1.));
#670=FACE_BOUND('',#671,.T.);
#671=EDGE_LOOP('',(#2842,#2843,#2844,#2845));
#672=CYLINDRICAL_SURFACE('',#673,7.491);
#673=AXIS2_PLACEMENT_3D('',#674,#675,#676);
#674=CARTESIAN_POINT('',(0.,0.,0.));
#675=DIRECTION('',(0.,0.,-1.));
#676=DIRECTION('',(-0.979184145307051,-0.202973913543834,0.));
#677=FACE_BOUND('',#678,.T.);
#678=EDGE_LOOP('',(#2846,#2847,#2848,#2849));
#679=SURFACE_OF_LINEAR_EXTRUSION('',#680,#681);
#680=B_SPLINE_CURVE_WITH_KNOTS('',3,
(#2850,#2851,#2852,#2853,#2854,#2855,#2856,#2857,#2858,#2859,#2860,#2861,#2862,#2863,
#2864,#2865,#2866,#2867,#2868,#2869,#2870,#2871,#2872,#2873,#2874,#2875,#2876,#2877,
#2878,#2879),
.UNSPECIFIED.,.F.,.F.,
(4,2,2,2,2,2,2,2,2,2,2,2,2,2,4),
(0.,0.0817692370895371,0.158225717108787,0.231925998257898,0.304027940648968,0.375128270615856,
0.445564929637937,0.515543771055042,0.585197857557676,0.654617709874452,0.723867859300235,
0.79299647004733,0.862041257745113,0.931033351683898,1.),
.UNSPECIFIED.);
#681=VECTOR('',#682,34.);
#682=DIRECTION('',(0.,0.,1.));
#683=FACE_BOUND('',#684,.T.);
#684=EDGE_LOOP('',(#2880,#2881,#2882,#2883));
#685=SURFACE_OF_LINEAR_EXTRUSION('',#686,#687);
#686=B_SPLINE_CURVE_WITH_KNOTS('',3,
(#2884,#2885,#2886,#2887,#2888,#2889,#2890,#2891,#2892,#2893,#2894,#2895,#2896,#2897,
#2898,#2899,#2900,#2901,#2902,#2903,#2904,#2905,#2906,#2907,#2908,#2909,#2910,#2911,
#2912,#2913),
.UNSPECIFIED.,.F.,.F.,
(4,2,2,2,2,2,2,2,2,2,2,2,2,2,4),
(0.,0.0775026447804577,0.154070962654626,0.22970494150535,0.304404566372813,0.378169818488798,
0.451000673862543,0.522897101142736,0.593859058259931,0.663886486906516,0.732979302934043,
0.801137378410198,0.868360504795832,0.934648306960802,1.),
.UNSPECIFIED.);
#687=VECTOR('',#688,34.);
#688=DIRECTION('',(0.,0.,1.));
#689=FACE_BOUND('',#690,.T.);
#690=EDGE_LOOP('',(#2914,#2915,#2916,#2917));
#691=CYLINDRICAL_SURFACE('',#692,9.3405);
#692=AXIS2_PLACEMENT_3D('',#693,#694,#695);
#693=CARTESIAN_POINT('',(0.,0.,0.));
#694=DIRECTION('',(0.,0.,1.));
#695=DIRECTION('',(0.,-1.,0.));
#696=FACE_BOUND('',#697,.T.);
#697=EDGE_LOOP('',(#2918,#2919,#2920,#2921));
#698=SURFACE_OF_LINEAR_EXTRUSION('',#699,#700);
#699=B_SPLINE_CURVE_WITH_KNOTS('',3,
(#2922,#2923,#2924,#2925,#2926,#2927,#2928,#2929,#2930,#2931,#2932,#2933,#2934,#2935,
#2936,#2937,#2938,#2939,#2940,#2941,#2942,#2943,#2944,#2945,#2946,#2947,#2948,#2949,
#2950,#2951),
.UNSPECIFIED.,.F.,.F.,
(4,2,2,2,2,2,2,2,2,2,2,2,2,2,4),
(0.,0.0653516930392022,0.131639495204173,0.198862621589809,0.267020697065968,0.336113513093497,
0.406140941740082,0.477102898857278,0.548999326137471,0.621830181511213,0.695595433627197,
0.770295058494657,0.845929037345378,0.922497355219545,1.),
.UNSPECIFIED.);
#700=VECTOR('',#701,34.);
#701=DIRECTION('',(0.,0.,1.));
#702=FACE_BOUND('',#703,.T.);
#703=EDGE_LOOP('',(#2952,#2953,#2954,#2955));
#704=SURFACE_OF_LINEAR_EXTRUSION('',#705,#706);
#705=B_SPLINE_CURVE_WITH_KNOTS('',3,
(#2956,#2957,#2958,#2959,#2960,#2961,#2962,#2963,#2964,#2965,#2966,#2967,#2968,#2969,
#2970,#2971,#2972,#2973,#2974,#2975,#2976,#2977,#2978,#2979,#2980,#2981,#2982,#2983,
#2984,#2985),
.UNSPECIFIED.,.F.,.F.,
(4,2,2,2,2,2,2,2,2,2,2,2,2,2,4),
(0.,0.0689666483161028,0.137958742254893,0.207003529952678,0.276132140699774,0.34538229012556,
0.414802142442343,0.484456228944987,0.5544350703621,0.62487172938418,0.695972059351063,
0.768074001742131,0.841774282891237,0.918230762910479,1.),
.UNSPECIFIED.);
#706=VECTOR('',#707,34.);
#707=DIRECTION('',(0.,0.,1.));
#708=FACE_BOUND('',#709,.T.);
#709=EDGE_LOOP('',(#2986,#2987,#2988,#2989));
#710=CYLINDRICAL_SURFACE('',#711,7.491);
#711=AXIS2_PLACEMENT_3D('',#712,#713,#714);
#712=CARTESIAN_POINT('',(0.,0.,0.));
#713=DIRECTION('',(0.,0.,-1.));
#714=DIRECTION('',(-0.826973436493213,-0.562240994000443,0.));
#715=FACE_BOUND('',#716,.T.);
#716=EDGE_LOOP('',(#2990,#2991,#2992,#2993));
#717=SURFACE_OF_LINEAR_EXTRUSION('',#718,#719);
#718=B_SPLINE_CURVE_WITH_KNOTS('',3,
(#2994,#2995,#2996,#2997,#2998,#2999,#3000,#3001,#3002,#3003,#3004,#3005,#3006,#3007,
#3008,#3009,#3010,#3011,#3012,#3013,#3014,#3015,#3016,#3017,#3018,#3019,#3020,#3021,
#3022,#3023),
.UNSPECIFIED.,.F.,.F.,
(4,2,2,2,2,2,2,2,2,2,2,2,2,2,4),
(0.,0.0817692370895371,0.158225717108787,0.231925998257898,0.304027940648968,0.375128270615856,
0.445564929637937,0.515543771055042,0.585197857557676,0.654617709874452,0.723867859300235,
0.79299647004733,0.862041257745113,0.931033351683898,1.),
.UNSPECIFIED.);
#719=VECTOR('',#720,34.);
#720=DIRECTION('',(0.,0.,1.));
#721=FACE_BOUND('',#722,.T.);
#722=EDGE_LOOP('',(#3024,#3025,#3026,#3027));
#723=SURFACE_OF_LINEAR_EXTRUSION('',#724,#725);
#724=B_SPLINE_CURVE_WITH_KNOTS('',3,
(#3028,#3029,#3030,#3031,#3032,#3033,#3034,#3035,#3036,#3037,#3038,#3039,#3040,#3041,
#3042,#3043,#3044,#3045,#3046,#3047,#3048,#3049,#3050,#3051,#3052,#3053,#3054,#3055,
#3056,#3057),
.UNSPECIFIED.,.F.,.F.,
(4,2,2,2,2,2,2,2,2,2,2,2,2,2,4),
(0.,0.0775026447804577,0.154070962654626,0.22970494150535,0.304404566372813,0.378169818488798,
0.451000673862543,0.522897101142736,0.593859058259931,0.663886486906516,0.732979302934043,
0.801137378410198,0.868360504795832,0.934648306960802,1.),
.UNSPECIFIED.);
#725=VECTOR('',#726,34.);
#726=DIRECTION('',(0.,0.,1.));
#727=FACE_BOUND('',#728,.T.);
#728=EDGE_LOOP('',(#3058,#3059,#3060,#3061));
#729=CYLINDRICAL_SURFACE('',#730,9.3405);
#730=AXIS2_PLACEMENT_3D('',#731,#732,#733);
#731=CARTESIAN_POINT('',(0.,0.,0.));
#732=DIRECTION('',(0.,0.,1.));
#733=DIRECTION('',(0.,-1.,0.));
#734=FACE_BOUND('',#735,.T.);
#735=EDGE_LOOP('',(#3062,#3063,#3064,#3065));
#736=SURFACE_OF_LINEAR_EXTRUSION('',#737,#738);
#737=B_SPLINE_CURVE_WITH_KNOTS('',3,
(#3066,#3067,#3068,#3069,#3070,#3071,#3072,#3073,#3074,#3075,#3076,#3077,#3078,#3079,
#3080,#3081,#3082,#3083,#3084,#3085,#3086,#3087,#3088,#3089,#3090,#3091,#3092,#3093,
#3094,#3095),
.UNSPECIFIED.,.F.,.F.,
(4,2,2,2,2,2,2,2,2,2,2,2,2,2,4),
(0.,0.0653516930392022,0.131639495204173,0.198862621589809,0.267020697065968,0.336113513093497,
0.406140941740082,0.477102898857278,0.548999326137471,0.621830181511213,0.695595433627197,
0.770295058494657,0.845929037345378,0.922497355219545,1.),
.UNSPECIFIED.);
#738=VECTOR('',#739,34.);
#739=DIRECTION('',(0.,0.,1.));
#740=FACE_BOUND('',#741,.T.);
#741=EDGE_LOOP('',(#3096,#3097,#3098,#3099));
#742=SURFACE_OF_LINEAR_EXTRUSION('',#743,#744);
#743=B_SPLINE_CURVE_WITH_KNOTS('',3,
(#3100,#3101,#3102,#3103,#3104,#3105,#3106,#3107,#3108,#3109,#3110,#3111,#3112,#3113,
#3114,#3115,#3116,#3117,#3118,#3119,#3120,#3121,#3122,#3123,#3124,#3125,#3126,#3127,
#3128,#3129),
.UNSPECIFIED.,.F.,.F.,
(4,2,2,2,2,2,2,2,2,2,2,2,2,2,4),
(0.,0.0689666483161028,0.137958742254893,0.207003529952678,0.276132140699774,0.34538229012556,
0.414802142442343,0.484456228944987,0.5544350703621,0.62487172938418,0.695972059351063,
0.768074001742131,0.841774282891237,0.918230762910479,1.),
.UNSPECIFIED.);
#744=VECTOR('',#745,34.);
#745=DIRECTION('',(0.,0.,1.));
#746=FACE_BOUND('',#747,.T.);
#747=EDGE_LOOP('',(#3130,#3131,#3132,#3133));
#748=CYLINDRICAL_SURFACE('',#749,7.491);
#749=AXIS2_PLACEMENT_3D('',#750,#751,#752);
#750=CARTESIAN_POINT('',(0.,0.,0.));
#751=DIRECTION('',(0.,0.,-1.));
#752=DIRECTION('',(-0.548863518506152,-0.835911979847787,0.));
#753=FACE_BOUND('',#754,.T.);
#754=EDGE_LOOP('',(#3134,#3135,#3136,#3137));
#755=SURFACE_OF_LINEAR_EXTRUSION('',#756,#757);
#756=B_SPLINE_CURVE_WITH_KNOTS('',3,
(#3138,#3139,#3140,#3141,#3142,#3143,#3144,#3145,#3146,#3147,#3148,#3149,#3150,#3151,
#3152,#3153,#3154,#3155,#3156,#3157,#3158,#3159,#3160,#3161,#3162,#3163,#3164,#3165,
#3166,#3167),
.UNSPECIFIED.,.F.,.F.,
(4,2,2,2,2,2,2,2,2,2,2,2,2,2,4),
(0.,0.0817692370895371,0.158225717108787,0.231925998257898,0.304027940648968,0.375128270615856,
0.445564929637937,0.515543771055042,0.585197857557676,0.654617709874452,0.723867859300235,
0.79299647004733,0.862041257745113,0.931033351683898,1.),
.UNSPECIFIED.);
#757=VECTOR('',#758,34.);
#758=DIRECTION('',(0.,0.,1.));
#759=FACE_BOUND('',#760,.T.);
#760=EDGE_LOOP('',(#3168,#3169,#3170,#3171));
#761=SURFACE_OF_LINEAR_EXTRUSION('',#762,#763);
#762=B_SPLINE_CURVE_WITH_KNOTS('',3,
(#3172,#3173,#3174,#3175,#3176,#3177,#3178,#3179,#3180,#3181,#3182,#3183,#3184,#3185,
#3186,#3187,#3188,#3189,#3190,#3191,#3192,#3193,#3194,#3195,#3196,#3197,#3198,#3199,
#3200,#3201),
.UNSPECIFIED.,.F.,.F.,
(4,2,2,2,2,2,2,2,2,2,2,2,2,2,4),
(0.,0.0775026447804577,0.154070962654626,0.22970494150535,0.304404566372813,0.378169818488798,
0.451000673862543,0.522897101142736,0.593859058259931,0.663886486906516,0.732979302934043,
0.801137378410198,0.868360504795832,0.934648306960802,1.),
.UNSPECIFIED.);
#763=VECTOR('',#764,34.);
#764=DIRECTION('',(0.,0.,1.));
#765=FACE_BOUND('',#766,.T.);
#766=EDGE_LOOP('',(#3202,#3203,#3204,#3205));
#767=CYLINDRICAL_SURFACE('',#768,9.3405);
#768=AXIS2_PLACEMENT_3D('',#769,#770,#771);
#769=CARTESIAN_POINT('',(0.,0.,0.));
#770=DIRECTION('',(0.,0.,1.));
#771=DIRECTION('',(0.,-1.,0.));
#772=FACE_BOUND('',#773,.T.);
#773=EDGE_LOOP('',(#3206,#3207,#3208,#3209));
#774=SURFACE_OF_LINEAR_EXTRUSION('',#775,#776);
#775=B_SPLINE_CURVE_WITH_KNOTS('',3,
(#3210,#3211,#3212,#3213,#3214,#3215,#3216,#3217,#3218,#3219,#3220,#3221,#3222,#3223,
#3224,#3225,#3226,#3227,#3228,#3229,#3230,#3231,#3232,#3233,#3234,#3235,#3236,#3237,
#3238,#3239),
.UNSPECIFIED.,.F.,.F.,
(4,2,2,2,2,2,2,2,2,2,2,2,2,2,4),
(0.,0.0653516930392022,0.131639495204173,0.198862621589809,0.267020697065968,0.336113513093497,
0.406140941740082,0.477102898857278,0.548999326137471,0.621830181511213,0.695595433627197,
0.770295058494657,0.845929037345378,0.922497355219545,1.),
.UNSPECIFIED.);
#776=VECTOR('',#777,34.);
#777=DIRECTION('',(0.,0.,1.));
#778=FACE_BOUND('',#779,.T.);
#779=EDGE_LOOP('',(#3240,#3241,#3242,#3243));
#780=SURFACE_OF_LINEAR_EXTRUSION('',#781,#782);
#781=B_SPLINE_CURVE_WITH_KNOTS('',3,
(#3244,#3245,#3246,#3247,#3248,#3249,#3250,#3251,#3252,#3253,#3254,#3255,#3256,#3257,
#3258,#3259,#3260,#3261,#3262,#3263,#3264,#3265,#3266,#3267,#3268,#3269,#3270,#3271,
#3272,#3273),
.UNSPECIFIED.,.F.,.F.,
(4,2,2,2,2,2,2,2,2,2,2,2,2,2,4),
(0.,0.0689666483161028,0.137958742254893,0.207003529952678,0.276132140699774,0.34538229012556,
0.414802142442343,0.484456228944987,0.5544350703621,0.62487172938418,0.695972059351063,
0.768074001742131,0.841774282891237,0.918230762910479,1.),
.UNSPECIFIED.);
#782=VECTOR('',#783,34.);
#783=DIRECTION('',(0.,0.,1.));
#784=FACE_BOUND('',#785,.T.);
#785=EDGE_LOOP('',(#3274,#3275,#3276,#3277));
#786=CYLINDRICAL_SURFACE('',#787,7.491);
#787=AXIS2_PLACEMENT_3D('',#788,#789,#790);
#788=CARTESIAN_POINT('',(0.,0.,0.));
#789=DIRECTION('',(0.,0.,-1.));
#790=DIRECTION('',(-0.187194105286715,-0.982322944324272,0.));
#791=FACE_BOUND('',#792,.T.);
#792=EDGE_LOOP('',(#3278,#3279,#3280,#3281));
#793=SURFACE_OF_LINEAR_EXTRUSION('',#794,#795);
#794=B_SPLINE_CURVE_WITH_KNOTS('',3,
(#3282,#3283,#3284,#3285,#3286,#3287,#3288,#3289,#3290,#3291,#3292,#3293,#3294,#3295,
#3296,#3297,#3298,#3299,#3300,#3301,#3302,#3303,#3304,#3305,#3306,#3307,#3308,#3309,
#3310,#3311),
.UNSPECIFIED.,.F.,.F.,
(4,2,2,2,2,2,2,2,2,2,2,2,2,2,4),
(0.,0.0817692370895371,0.158225717108787,0.231925998257898,0.304027940648968,0.375128270615856,
0.445564929637937,0.515543771055042,0.585197857557676,0.654617709874452,0.723867859300235,
0.79299647004733,0.862041257745113,0.931033351683898,1.),
.UNSPECIFIED.);
#795=VECTOR('',#796,34.);
#796=DIRECTION('',(0.,0.,1.));
#797=FACE_BOUND('',#798,.T.);
#798=EDGE_LOOP('',(#3312,#3313,#3314,#3315));
#799=SURFACE_OF_LINEAR_EXTRUSION('',#800,#801);
#800=B_SPLINE_CURVE_WITH_KNOTS('',3,
(#3316,#3317,#3318,#3319,#3320,#3321,#3322,#3323,#3324,#3325,#3326,#3327,#3328,#3329,
#3330,#3331,#3332,#3333,#3334,#3335,#3336,#3337,#3338,#3339,#3340,#3341,#3342,#3343,
#3344,#3345),
.UNSPECIFIED.,.F.,.F.,
(4,2,2,2,2,2,2,2,2,2,2,2,2,2,4),
(0.,0.0775026447804577,0.154070962654626,0.22970494150535,0.304404566372813,0.378169818488798,
0.451000673862543,0.522897101142736,0.593859058259931,0.663886486906516,0.732979302934043,
0.801137378410198,0.868360504795832,0.934648306960802,1.),
.UNSPECIFIED.);
#801=VECTOR('',#802,34.);
#802=DIRECTION('',(0.,0.,1.));
#803=FACE_BOUND('',#804,.T.);
#804=EDGE_LOOP('',(#3346,#3347,#3348,#3349));
#805=CYLINDRICAL_SURFACE('',#806,9.3405);
#806=AXIS2_PLACEMENT_3D('',#807,#808,#809);
#807=CARTESIAN_POINT('',(0.,0.,0.));
#808=DIRECTION('',(0.,0.,1.));
#809=DIRECTION('',(0.,-1.,0.));
#810=FACE_BOUND('',#811,.T.);
#811=EDGE_LOOP('',(#3350,#3351,#3352,#3353));
#812=SURFACE_OF_LINEAR_EXTRUSION('',#813,#814);
#813=B_SPLINE_CURVE_WITH_KNOTS('',3,
(#3354,#3355,#3356,#3357,#3358,#3359,#3360,#3361,#3362,#3363,#3364,#3365,#3366,#3367,
#3368,#3369,#3370,#3371,#3372,#3373,#3374,#3375,#3376,#3377,#3378,#3379,#3380,#3381,
#3382,#3383),
.UNSPECIFIED.,.F.,.F.,
(4,2,2,2,2,2,2,2,2,2,2,2,2,2,4),
(0.,0.0653516930392022,0.131639495204173,0.198862621589809,0.267020697065968,0.336113513093497,
0.406140941740082,0.477102898857278,0.548999326137471,0.621830181511213,0.695595433627197,
0.770295058494657,0.845929037345378,0.922497355219545,1.),
.UNSPECIFIED.);
#814=VECTOR('',#815,34.);
#815=DIRECTION('',(0.,0.,1.));
#816=FACE_BOUND('',#817,.T.);
#817=EDGE_LOOP('',(#3384,#3385,#3386,#3387));
#818=SURFACE_OF_LINEAR_EXTRUSION('',#819,#820);
#819=B_SPLINE_CURVE_WITH_KNOTS('',3,
(#3388,#3389,#3390,#3391,#3392,#3393,#3394,#3395,#3396,#3397,#3398,#3399,#3400,#3401,
#3402,#3403,#3404,#3405,#3406,#3407,#3408,#3409,#3410,#3411,#3412,#3413,#3414,#3415,
#3416,#3417),
.UNSPECIFIED.,.F.,.F.,
(4,2,2,2,2,2,2,2,2,2,2,2,2,2,4),
(0.,0.0689666483161028,0.137958742254893,0.207003529952678,0.276132140699774,0.34538229012556,
0.414802142442343,0.484456228944987,0.5544350703621,0.62487172938418,0.695972059351063,
0.768074001742131,0.841774282891237,0.918230762910479,1.),
.UNSPECIFIED.);
#820=VECTOR('',#821,34.);
#821=DIRECTION('',(0.,0.,1.));
#822=FACE_OUTER_BOUND('',#823,.T.);
#823=EDGE_LOOP('',(#3418));
#824=FACE_OUTER_BOUND('',#825,.T.);
#825=EDGE_LOOP('',(#3419));
#826=CYLINDRICAL_SURFACE('',#827,1.);
#827=AXIS2_PLACEMENT_3D('',#828,#829,#830);
#828=CARTESIAN_POINT('',(1.07260668024708E-15,-2.17540971751503E-31,16.0382388068448));
#829=DIRECTION('',(-1.77635683940025E-16,0.,-1.));
#830=DIRECTION('',(1.,1.22464679914735E-16,-1.77635683940025E-16));
#831=FACE_BOUND('',#832,.T.);
#832=EDGE_LOOP('',(#3420,#3421,#3422,#3423));
#833=CYLINDRICAL_SURFACE('',#834,0.213767043184509);
#834=AXIS2_PLACEMENT_3D('',#835,#836,#837);
#835=CARTESIAN_POINT('',(-0.659141235209571,2.13688340093562,12.0382388068448));
#836=DIRECTION('',(-1.77635683940025E-16,0.,-1.));
#837=DIRECTION('',(-0.974116646577817,0.226045922015831,1.73037876752214E-16));
#838=FACE_BOUND('',#839,.T.);
#839=EDGE_LOOP('',(#3424,#3425,#3426,#3427));
#840=CYLINDRICAL_SURFACE('',#841,0.2137670431845);
#841=AXIS2_PLACEMENT_3D('',#842,#843,#844);
#842=CARTESIAN_POINT('',(-1.07560930572106,2.23352573768209,12.0382388068448));
#843=DIRECTION('',(1.77635683940025E-16,0.,1.));
#844=DIRECTION('',(-0.430621976646627,-0.902532389019337,7.64938293412291E-17));
#845=FACE_BOUND('',#846,.T.);
#846=EDGE_LOOP('',(#3428,#3429,#3430,#3431));
#847=CYLINDRICAL_SURFACE('',#848,0.213767043184509);
#848=AXIS2_PLACEMENT_3D('',#849,#850,#851);
#849=CARTESIAN_POINT('',(-1.2597148790771,1.84766237732427,12.0382388068448));
#850=DIRECTION('',(-1.77635683940025E-16,0.,-1.));
#851=DIRECTION('',(-0.997467582302001,-0.071122586121432,1.77185836190219E-16));
#852=FACE_BOUND('',#853,.T.);
#853=EDGE_LOOP('',(#3432,#3433,#3434,#3435));
#854=CYLINDRICAL_SURFACE('',#855,0.213767043184499);
#855=AXIS2_PLACEMENT_3D('',#856,#857,#858);
#856=CARTESIAN_POINT('',(-1.68616627055929,1.81725504744663,12.0382388068448));
#857=DIRECTION('',(1.77635683940025E-16,0.,1.));
#858=DIRECTION('',(-0.145464558720504,-0.989363463119722,2.58396963773507E-17));
#859=FACE_BOUND('',#860,.T.);
#860=EDGE_LOOP('',(#3436,#3437,#3438,#3439));
#861=CYLINDRICAL_SURFACE('',#862,0.213767043184509);
#862=AXIS2_PLACEMENT_3D('',#863,#864,#865);
#863=CARTESIAN_POINT('',(-1.74835732777093,1.39426844315486,12.0382388068448));
#864=DIRECTION('',(-1.77635683940025E-16,0.,-1.));
#865=DIRECTION('',(-0.932189146024264,-0.361971540365473,1.65590056515488E-16));
#866=FACE_BOUND('',#867,.T.);
#867=EDGE_LOOP('',(#3440,#3441,#3442,#3443));
#868=CYLINDRICAL_SURFACE('',#869,0.213767043184499);
#869=AXIS2_PLACEMENT_3D('',#870,#871,#872);
#870=CARTESIAN_POINT('',(-2.14689996263952,1.23951327135312,12.0382388068448));
#871=DIRECTION('',(1.77635683940025E-16,0.,1.));
#872=DIRECTION('',(0.152618023608633,-0.988285251771873,-2.71104070052945E-17));
#873=FACE_BOUND('',#874,.T.);
#874=EDGE_LOOP('',(#3444,#3445,#3446,#3447));
#875=CYLINDRICAL_SURFACE('',#876,0.213767043184509);
#876=AXIS2_PLACEMENT_3D('',#877,#878,#879);
#877=CARTESIAN_POINT('',(-2.08165055535256,0.816987639164863,12.0382388068448));
#878=DIRECTION('',(-1.77635683940025E-16,0.,-1.));
#879=DIRECTION('',(-0.784081613277585,-0.620657734762099,1.39280873639362E-16));
#880=FACE_BOUND('',#881,.T.);
#881=EDGE_LOOP('',(#3448,#3449,#3450,#3451));
#882=CYLINDRICAL_SURFACE('',#883,0.213767043184499);
#883=AXIS2_PLACEMENT_3D('',#884,#885,#886);
#884=CARTESIAN_POINT('',(-2.41687217152392,0.551635301585483,12.0382388068448));
#885=DIRECTION('',(1.77635683940025E-16,0.,1.));
#886=DIRECTION('',(0.43713982478698,-0.899393558785701,-7.7651631753458E-17));
#887=FACE_BOUND('',#888,.T.);
#888=EDGE_LOOP('',(#3452,#3453,#3454,#3455));
#889=CYLINDRICAL_SURFACE('',#890,0.213767043184509);
#890=AXIS2_PLACEMENT_3D('',#891,#892,#893);
#891=CARTESIAN_POINT('',(-2.22997999591811,0.167113898143865,12.0382388068448));
#892=DIRECTION('',(-1.77635683940025E-16,0.,-1.));
#893=DIRECTION('',(-0.566304988305706,-0.824195765713507,1.00595973916332E-16));
#894=FACE_BOUND('',#895,.T.);
#895=EDGE_LOOP('',(#3456,#3457,#3458,#3459));
#896=CYLINDRICAL_SURFACE('',#897,0.213767043184499);
#897=AXIS2_PLACEMENT_3D('',#898,#899,#900);
#898=CARTESIAN_POINT('',(-2.4720946816996,-0.185257885539671,12.0382388068448));
#899=DIRECTION('',(1.77635683940025E-16,0.,1.));
#900=DIRECTION('',(0.682819834176479,-0.730586801177797,-1.21293168251753E-16));
#901=FACE_BOUND('',#902,.T.);
#902=EDGE_LOOP('',(#3460,#3461,#3462,#3463));
#903=CYLINDRICAL_SURFACE('',#904,0.213767043184509);
#904=AXIS2_PLACEMENT_3D('',#905,#906,#907);
#905=CARTESIAN_POINT('',(-2.18016592774032,-0.497608646094478,12.0382388068448));
#906=DIRECTION('',(-1.77635683940025E-16,0.,-1.));
#907=DIRECTION('',(-0.298209679934357,-0.954500385957726,5.29726804526755E-17));
#908=FACE_BOUND('',#909,.T.);
#909=EDGE_LOOP('',(#3464,#3465,#3466,#3467));
#910=CYLINDRICAL_SURFACE('',#911,0.213767043184463);
#911=AXIS2_PLACEMENT_3D('',#912,#913,#914);
#912=CARTESIAN_POINT('',(-2.30766073079739,-0.905690096543712,12.0382388068448));
#913=DIRECTION('',(1.77635683940025E-16,0.,1.));
#914=DIRECTION('',(0.867828304793912,-0.496864200157875,-1.54157274464579E-16));
#915=FACE_BOUND('',#916,.T.);
#916=EDGE_LOOP('',(#3468,#3469,#3470,#3471));
#917=CYLINDRICAL_SURFACE('',#918,0.213767043184518);
#918=AXIS2_PLACEMENT_3D('',#919,#920,#921);
#919=CARTESIAN_POINT('',(-1.93663454938219,-1.11811647840777,12.0382388068448));
#920=DIRECTION('',(-1.77635683940025E-16,0.,-1.));
#921=DIRECTION('',(-0.00361713282920339,-0.99999345815365,6.42531864017463E-19));
#922=FACE_BOUND('',#923,.T.);
#923=EDGE_LOOP('',(#3472,#3473,#3474,#3475));
#924=CYLINDRICAL_SURFACE('',#925,0.213767043184508);
#925=AXIS2_PLACEMENT_3D('',#926,#927,#928);
#926=CARTESIAN_POINT('',(-1.9381809969616,-1.54564776791449,12.0382388068448));
#927=DIRECTION('',(1.77635683940025E-16,0.,1.));
#928=DIRECTION('',(0.975726422128628,-0.21899303450125,-1.73323830333173E-16));
#929=FACE_BOUND('',#930,.T.);
#930=EDGE_LOOP('',(#3476,#3477,#3478,#3479));
#931=CYLINDRICAL_SURFACE('',#932,0.213767043184509);
#932=AXIS2_PLACEMENT_3D('',#933,#934,#935);
#933=CARTESIAN_POINT('',(-1.52102469253073,-1.63927475484116,12.0382388068448));
#934=DIRECTION('',(-1.77635683940025E-16,0.,-1.));
#935=DIRECTION('',(0.291296812401339,-0.956632723193608,-5.17447085004611E-17));
#936=FACE_BOUND('',#937,.T.);
#937=EDGE_LOOP('',(#3480,#3481,#3482,#3483));
#938=CYLINDRICAL_SURFACE('',#939,0.213767043184509);
#939=AXIS2_PLACEMENT_3D('',#940,#941,#942);
#940=CARTESIAN_POINT('',(-1.39648537597852,-2.04826785214245,12.0382388068448));
#941=DIRECTION('',(1.77635683940025E-16,0.,1.));
#942=DIRECTION('',(0.996926964952315,0.078336623305876,-1.77089803257558E-16));
#943=FACE_BOUND('',#944,.T.);
#944=EDGE_LOOP('',(#3484,#3485,#3486,#3487));
#945=CYLINDRICAL_SURFACE('',#946,0.213767043184509);
#946=AXIS2_PLACEMENT_3D('',#947,#948,#949);
#947=CARTESIAN_POINT('',(-0.970265116840991,-2.01477627546815,12.0382388068448));
#948=DIRECTION('',(-1.77635683940025E-16,0.,-1.));
#949=DIRECTION('',(0.560327757515019,-0.828270972664255,-9.95342044367609E-17));
#950=FACE_BOUND('',#951,.T.);
#951=EDGE_LOOP('',(#3488,#3489,#3490,#3491));
#952=CYLINDRICAL_SURFACE('',#953,0.213767043184508);
#953=AXIS2_PLACEMENT_3D('',#954,#955,#956);
#954=CARTESIAN_POINT('',(-0.730705900964641,-2.36889034903213,12.0382388068448));
#955=DIRECTION('',(1.77635683940025E-16,0.,1.));
#956=DIRECTION('',(0.929546171998065,0.368705728357647,-1.65120570016709E-16));
#957=FACE_BOUND('',#958,.T.);
#958=EDGE_LOOP('',(#3492,#3493,#3494,#3495));
#959=CYLINDRICAL_SURFACE('',#960,0.213767043184509);
#960=AXIS2_PLACEMENT_3D('',#961,#962,#963);
#961=CARTESIAN_POINT('',(-0.333293227581628,-2.21125608231973,12.0382388068448));
#962=DIRECTION('',(-1.77635683940025E-16,0.,-1.));
#963=DIRECTION('',(0.779571122415616,-0.626313711406398,-1.38479649510191E-16));
#964=FACE_BOUND('',#965,.T.);
#965=EDGE_LOOP('',(#3496,#3497,#3498,#3499));
#966=CYLINDRICAL_SURFACE('',#967,0.213767043184509);
#967=AXIS2_PLACEMENT_3D('',#968,#969,#970);
#968=CARTESIAN_POINT('',(2.53715099588289E-15,-2.47902654270625,12.0382388068448));
#969=DIRECTION('',(1.77635683940025E-16,0.,1.));
#970=DIRECTION('',(0.7795711224156,0.626313711406418,-1.38479649510188E-16));
#971=FACE_BOUND('',#972,.T.);
#972=EDGE_LOOP('',(#3500,#3501,#3502,#3503));
#973=CYLINDRICAL_SURFACE('',#974,0.213767043184509);
#974=AXIS2_PLACEMENT_3D('',#975,#976,#977);
#975=CARTESIAN_POINT('',(0.333293227581631,-2.21125608231973,12.0382388068448));
#976=DIRECTION('',(-1.77635683940025E-16,0.,-1.));
#977=DIRECTION('',(0.929546171998076,-0.368705728357621,-1.6512057001671E-16));
#978=FACE_BOUND('',#979,.T.);
#979=EDGE_LOOP('',(#3504,#3505,#3506,#3507));
#980=CYLINDRICAL_SURFACE('',#981,0.213767043184508);
#981=AXIS2_PLACEMENT_3D('',#982,#983,#984);
#982=CARTESIAN_POINT('',(0.730705900964646,-2.36889034903213,12.0382388068448));
#983=DIRECTION('',(1.77635683940025E-16,0.,1.));
#984=DIRECTION('',(0.560327757514986,0.828270972664276,-9.95342044367551E-17));
#985=FACE_BOUND('',#986,.T.);
#986=EDGE_LOOP('',(#3508,#3509,#3510,#3511));
#987=CYLINDRICAL_SURFACE('',#988,0.213767043184509);
#988=AXIS2_PLACEMENT_3D('',#989,#990,#991);
#989=CARTESIAN_POINT('',(0.970265116841022,-2.01477627546813,12.0382388068448));
#990=DIRECTION('',(-1.77635683940025E-16,0.,-1.));
#991=DIRECTION('',(0.996926964952318,-0.0783366233058324,-1.77089803257558E-16));
#992=FACE_BOUND('',#993,.T.);
#993=EDGE_LOOP('',(#3512,#3513,#3514,#3515));
#994=CYLINDRICAL_SURFACE('',#995,0.213767043184508);
#995=AXIS2_PLACEMENT_3D('',#996,#997,#998);
#996=CARTESIAN_POINT('',(1.39648537597855,-2.04826785214243,12.0382388068448));
#997=DIRECTION('',(1.77635683940025E-16,0.,1.));
#998=DIRECTION('',(0.291296812401302,0.95663272319362,-5.17447085004545E-17));
#999=FACE_BOUND('',#1000,.T.);
#1000=EDGE_LOOP('',(#3516,#3517,#3518,#3519));
#1001=CYLINDRICAL_SURFACE('',#1002,0.213767043184509);
#1002=AXIS2_PLACEMENT_3D('',#1003,#1004,#1005);
#1003=CARTESIAN_POINT('',(1.52102469253076,-1.63927475484114,12.0382388068448));
#1004=DIRECTION('',(-1.77635683940025E-16,0.,-1.));
#1005=DIRECTION('',(0.97572642212862,0.218993034501285,-1.73323830333171E-16));
#1006=FACE_BOUND('',#1007,.T.);
#1007=EDGE_LOOP('',(#3520,#3521,#3522,#3523));
#1008=CYLINDRICAL_SURFACE('',#1009,0.213767043184498);
#1009=AXIS2_PLACEMENT_3D('',#1010,#1011,#1012);
#1010=CARTESIAN_POINT('',(1.93818099696161,-1.54564776791445,12.0382388068448));
#1011=DIRECTION('',(1.77635683940025E-16,0.,1.));
#1012=DIRECTION('',(-0.00361713282919956,0.99999345815365,6.42531864016783E-19));
#1013=FACE_BOUND('',#1014,.T.);
#1014=EDGE_LOOP('',(#3524,#3525,#3526,#3527));
#1015=CYLINDRICAL_SURFACE('',#1016,0.213767043184509);
#1016=AXIS2_PLACEMENT_3D('',#1017,#1018,#1019);
#1017=CARTESIAN_POINT('',(1.93663454938221,-1.11811647840774,12.0382388068448));
#1018=DIRECTION('',(-1.77635683940025E-16,0.,-1.));
#1019=DIRECTION('',(0.86782830479392,0.496864200157862,-1.5415727446458E-16));
#1020=FACE_BOUND('',#1021,.T.);
#1021=EDGE_LOOP('',(#3528,#3529,#3530,#3531));
#1022=CYLINDRICAL_SURFACE('',#1023,0.213767043184499);
#1023=AXIS2_PLACEMENT_3D('',#1024,#1025,#1026);
#1024=CARTESIAN_POINT('',(2.30766073079744,-0.905690096543774,12.0382388068448));
#1025=DIRECTION('',(1.77635683940025E-16,0.,1.));
#1026=DIRECTION('',(-0.298209679934343,0.954500385957731,5.2972680452673E-17));
#1027=FACE_BOUND('',#1028,.T.);
#1028=EDGE_LOOP('',(#3532,#3533,#3534,#3535));
#1029=CYLINDRICAL_SURFACE('',#1030,0.213767043184508);
#1030=AXIS2_PLACEMENT_3D('',#1031,#1032,#1033);
#1031=CARTESIAN_POINT('',(2.18016592774031,-0.497608646094468,12.0382388068448));
#1032=DIRECTION('',(-1.77635683940025E-16,0.,-1.));
#1033=DIRECTION('',(0.682819834176491,0.730586801177785,-1.21293168251756E-16));
#1034=FACE_BOUND('',#1035,.T.);
#1035=EDGE_LOOP('',(#3536,#3537,#3538,#3539));
#1036=CYLINDRICAL_SURFACE('',#1037,0.213767043184499);
#1037=AXIS2_PLACEMENT_3D('',#1038,#1039,#1040);
#1038=CARTESIAN_POINT('',(2.47209468169959,-0.185257885539661,12.0382388068448));
#1039=DIRECTION('',(1.77635683940025E-16,0.,1.));
#1040=DIRECTION('',(-0.566304988305692,0.824195765713517,1.0059597391633E-16));
#1041=FACE_BOUND('',#1042,.T.);
#1042=EDGE_LOOP('',(#3540,#3541,#3542,#3543));
#1043=CYLINDRICAL_SURFACE('',#1044,0.213767043184509);
#1044=AXIS2_PLACEMENT_3D('',#1045,#1046,#1047);
#1045=CARTESIAN_POINT('',(2.22997999591811,0.167113898143874,12.0382388068448));
#1046=DIRECTION('',(-1.77635683940025E-16,0.,-1.));
#1047=DIRECTION('',(0.437139824786996,0.899393558785694,-7.76516317534608E-17));
#1048=FACE_BOUND('',#1049,.T.);
#1049=EDGE_LOOP('',(#3544,#3545,#3546,#3547));
#1050=CYLINDRICAL_SURFACE('',#1051,0.2137670431845);
#1051=AXIS2_PLACEMENT_3D('',#1052,#1053,#1054);
#1052=CARTESIAN_POINT('',(2.41687217152391,0.551635301585492,12.0382388068448));
#1053=DIRECTION('',(1.77635683940025E-16,0.,1.));
#1054=DIRECTION('',(-0.784081613277574,0.620657734762113,1.3928087363936E-16));
#1055=FACE_BOUND('',#1056,.T.);
#1056=EDGE_LOOP('',(#3548,#3549,#3550,#3551));
#1057=CYLINDRICAL_SURFACE('',#1058,0.213767043184509);
#1058=AXIS2_PLACEMENT_3D('',#1059,#1060,#1061);
#1059=CARTESIAN_POINT('',(2.08165055535255,0.816987639164872,12.0382388068448));
#1060=DIRECTION('',(-1.77635683940025E-16,0.,-1.));
#1061=DIRECTION('',(0.152618023608648,0.988285251771871,-2.7110407005297E-17));
#1062=FACE_BOUND('',#1063,.T.);
#1063=EDGE_LOOP('',(#3552,#3553,#3554,#3555));
#1064=CYLINDRICAL_SURFACE('',#1065,0.2137670431845);
#1065=AXIS2_PLACEMENT_3D('',#1066,#1067,#1068);
#1066=CARTESIAN_POINT('',(2.14689996263951,1.23951327135313,12.0382388068448));
#1067=DIRECTION('',(1.77635683940025E-16,0.,1.));
#1068=DIRECTION('',(-0.932189146024259,0.361971540365485,1.65590056515487E-16));
#1069=FACE_BOUND('',#1070,.T.);
#1070=EDGE_LOOP('',(#3556,#3557,#3558,#3559));
#1071=CYLINDRICAL_SURFACE('',#1072,0.213767043184509);
#1072=AXIS2_PLACEMENT_3D('',#1073,#1074,#1075);
#1073=CARTESIAN_POINT('',(1.74835732777092,1.39426844315487,12.0382388068448));
#1074=DIRECTION('',(-1.77635683940025E-16,0.,-1.));
#1075=DIRECTION('',(-0.14546455872049,0.989363463119724,2.58396963773482E-17));
#1076=FACE_BOUND('',#1077,.T.);
#1077=EDGE_LOOP('',(#3560,#3561,#3562,#3563));
#1078=CYLINDRICAL_SURFACE('',#1079,0.2137670431845);
#1079=AXIS2_PLACEMENT_3D('',#1080,#1081,#1082);
#1080=CARTESIAN_POINT('',(1.68616627055927,1.81725504744664,12.0382388068448));
#1081=DIRECTION('',(1.77635683940025E-16,0.,1.));
#1082=DIRECTION('',(-0.997467582302,0.0711225861214454,1.77185836190219E-16));
#1083=FACE_BOUND('',#1084,.T.);
#1084=EDGE_LOOP('',(#3564,#3565,#3566,#3567));
#1085=CYLINDRICAL_SURFACE('',#1086,0.213767043184509);
#1086=AXIS2_PLACEMENT_3D('',#1087,#1088,#1089);
#1087=CARTESIAN_POINT('',(1.25971487907708,1.84766237732427,12.0382388068448));
#1088=DIRECTION('',(-1.77635683940025E-16,0.,-1.));
#1089=DIRECTION('',(-0.430621976646612,0.902532389019344,7.64938293412264E-17));
#1090=FACE_BOUND('',#1091,.T.);
#1091=EDGE_LOOP('',(#3568,#3569,#3570,#3571));
#1092=CYLINDRICAL_SURFACE('',#1093,0.2137670431845);
#1093=AXIS2_PLACEMENT_3D('',#1094,#1095,#1096);
#1094=CARTESIAN_POINT('',(1.07560930572105,2.23352573768209,12.0382388068448));
#1095=DIRECTION('',(1.77635683940025E-16,0.,1.));
#1096=DIRECTION('',(-0.974116646577821,-0.226045922015814,1.73037876752215E-16));
#1097=FACE_BOUND('',#1098,.T.);
#1098=EDGE_LOOP('',(#3572,#3573,#3574,#3575));
#1099=CYLINDRICAL_SURFACE('',#1100,0.213767043184509);
#1100=AXIS2_PLACEMENT_3D('',#1101,#1102,#1103);
#1101=CARTESIAN_POINT('',(0.659141235209555,2.13688340093562,12.0382388068448));
#1102=DIRECTION('',(-1.77635683940025E-16,0.,-1.));
#1103=DIRECTION('',(-0.677516742194266,0.735507351456441,1.20351149880496E-16));
#1104=FACE_BOUND('',#1105,.T.);
#1105=EDGE_LOOP('',(#3576,#3577,#3578,#3579));
#1106=CYLINDRICAL_SURFACE('',#1107,0.2137670431845);
#1107=AXIS2_PLACEMENT_3D('',#1108,#1109,#1110);
#1108=CARTESIAN_POINT('',(0.369479733835817,2.45133786445824,12.0382388068448));
#1109=DIRECTION('',(1.77635683940025E-16,0.,1.));
#1110=DIRECTION('',(-0.864211171964712,-0.503129257995775,1.53514742600562E-16));
#1111=FACE_BOUND('',#1112,.T.);
#1112=EDGE_LOOP('',(#3580,#3581,#3582,#3583));
#1113=CYLINDRICAL_SURFACE('',#1114,0.213767043184509);
#1114=AXIS2_PLACEMENT_3D('',#1115,#1116,#1117);
#1115=CARTESIAN_POINT('',(-8.02065903574865E-15,2.2362329568155,12.0382388068448));
#1116=DIRECTION('',(-1.77635683940025E-16,0.,-1.));
#1117=DIRECTION('',(-0.864211171964703,0.503129257995791,1.53514742600561E-16));
#1118=FACE_BOUND('',#1119,.T.);
#1119=EDGE_LOOP('',(#3584,#3585,#3586,#3587));
#1120=CYLINDRICAL_SURFACE('',#1121,0.213767043184499);
#1121=AXIS2_PLACEMENT_3D('',#1122,#1123,#1124);
#1122=CARTESIAN_POINT('',(-0.369479733835832,2.45133786445824,12.0382388068448));
#1123=DIRECTION('',(1.77635683940025E-16,0.,1.));
#1124=DIRECTION('',(-0.677516742194274,-0.735507351456434,1.20351149880498E-16));
#1125=FACE_BOUND('',#1126,.T.);
#1126=EDGE_LOOP('',(#3588,#3589,#3590,#3591,#3592,#3593,#3594,#3595,#3596,#3597,
#3598,#3599,#3600,#3601,#3602,#3603,#3604,#3605,#3606,#3607,#3608,#3609,#3610,#3611,
#3612,#3613,#3614,#3615,#3616,#3617,#3618,#3619,#3620,#3621,#3622,#3623,#3624,#3625,
#3626,#3627,#3628,#3629));
#1127=FACE_BOUND('',#1128,.T.);
#1128=EDGE_LOOP('',(#3630));
#1129=PLANE('',#1130);
#1130=AXIS2_PLACEMENT_3D('',#1131,#1132,#1133);
#1131=CARTESIAN_POINT('',(2.13842078388723E-15,0.,12.0382388068448));
#1132=DIRECTION('',(-1.77635683940025E-16,0.,-1.));
#1133=DIRECTION('',(-1.,0.,1.77635683940025E-16));
#1134=FACE_BOUND('',#1135,.T.);
#1135=EDGE_LOOP('',(#3631,#3632,#3633,#3634));
#1136=CYLINDRICAL_SURFACE('',#1137,0.213767043184508);
#1137=AXIS2_PLACEMENT_3D('',#1138,#1139,#1140);
#1138=CARTESIAN_POINT('',(0.,5.,-2.47902654270625));
#1139=DIRECTION('',(0.,-1.,0.));
#1140=DIRECTION('',(0.,0.,-1.));
#1141=FACE_BOUND('',#1142,.T.);
#1142=EDGE_LOOP('',(#3635,#3636,#3637,#3638));
#1143=CYLINDRICAL_SURFACE('',#1144,0.213767043184509);
#1144=AXIS2_PLACEMENT_3D('',#1145,#1146,#1147);
#1145=CARTESIAN_POINT('',(-0.333293227581628,5.,-2.21125608231973));
#1146=DIRECTION('',(0.,-1.,0.));
#1147=DIRECTION('',(0.,0.,-1.));
#1148=FACE_BOUND('',#1149,.T.);
#1149=EDGE_LOOP('',(#3639,#3640,#3641,#3642));
#1150=CYLINDRICAL_SURFACE('',#1151,0.213767043184507);
#1151=AXIS2_PLACEMENT_3D('',#1152,#1153,#1154);
#1152=CARTESIAN_POINT('',(-0.730705900964609,5.,-2.36889034903214));
#1153=DIRECTION('',(0.,-1.,0.));
#1154=DIRECTION('',(0.,0.,-1.));
#1155=FACE_BOUND('',#1156,.T.);
#1156=EDGE_LOOP('',(#3643,#3644,#3645,#3646));
#1157=CYLINDRICAL_SURFACE('',#1158,0.213767043184509);
#1158=AXIS2_PLACEMENT_3D('',#1159,#1160,#1161);
#1159=CARTESIAN_POINT('',(-0.970265116840991,5.,-2.01477627546815));
#1160=DIRECTION('',(0.,-1.,0.));
#1161=DIRECTION('',(0.,0.,-1.));
#1162=FACE_BOUND('',#1163,.T.);
#1163=EDGE_LOOP('',(#3647,#3648,#3649,#3650));
#1164=CYLINDRICAL_SURFACE('',#1165,0.213767043184508);
#1165=AXIS2_PLACEMENT_3D('',#1166,#1167,#1168);
#1166=CARTESIAN_POINT('',(-1.39648537597852,5.,-2.04826785214245));
#1167=DIRECTION('',(0.,-1.,0.));
#1168=DIRECTION('',(0.,0.,-1.));
#1169=FACE_BOUND('',#1170,.T.);
#1170=EDGE_LOOP('',(#3651,#3652,#3653,#3654));
#1171=CYLINDRICAL_SURFACE('',#1172,0.213767043184509);
#1172=AXIS2_PLACEMENT_3D('',#1173,#1174,#1175);
#1173=CARTESIAN_POINT('',(-1.52102469253073,5.,-1.63927475484116));
#1174=DIRECTION('',(0.,-1.,0.));
#1175=DIRECTION('',(0.,0.,-1.));
#1176=FACE_BOUND('',#1177,.T.);
#1177=EDGE_LOOP('',(#3655,#3656,#3657,#3658));
#1178=CYLINDRICAL_SURFACE('',#1179,0.213767043184508);
#1179=AXIS2_PLACEMENT_3D('',#1180,#1181,#1182);
#1180=CARTESIAN_POINT('',(-1.9381809969616,5.,-1.54564776791448));
#1181=DIRECTION('',(0.,-1.,0.));
#1182=DIRECTION('',(0.,0.,-1.));
#1183=FACE_BOUND('',#1184,.T.);
#1184=EDGE_LOOP('',(#3659,#3660,#3661,#3662));
#1185=CYLINDRICAL_SURFACE('',#1186,0.213767043184518);
#1186=AXIS2_PLACEMENT_3D('',#1187,#1188,#1189);
#1187=CARTESIAN_POINT('',(-1.93663454938219,5.,-1.11811647840777));
#1188=DIRECTION('',(0.,-1.,0.));
#1189=DIRECTION('',(0.,0.,-1.));
#1190=FACE_BOUND('',#1191,.T.);
#1191=EDGE_LOOP('',(#3663,#3664,#3665,#3666));
#1192=CYLINDRICAL_SURFACE('',#1193,0.213767043184508);
#1193=AXIS2_PLACEMENT_3D('',#1194,#1195,#1196);
#1194=CARTESIAN_POINT('',(-2.30766073079745,5.,-0.905690096543787));
#1195=DIRECTION('',(0.,-1.,0.));
#1196=DIRECTION('',(0.,0.,-1.));
#1197=FACE_BOUND('',#1198,.T.);
#1198=EDGE_LOOP('',(#3667,#3668,#3669,#3670));
#1199=CYLINDRICAL_SURFACE('',#1200,0.213767043184509);
#1200=AXIS2_PLACEMENT_3D('',#1201,#1202,#1203);
#1201=CARTESIAN_POINT('',(-2.18016592774032,5.,-0.497608646094477));
#1202=DIRECTION('',(0.,-1.,0.));
#1203=DIRECTION('',(0.,0.,-1.));
#1204=FACE_BOUND('',#1205,.T.);
#1205=EDGE_LOOP('',(#3671,#3672,#3673,#3674));
#1206=CYLINDRICAL_SURFACE('',#1207,0.213767043184508);
#1207=AXIS2_PLACEMENT_3D('',#1208,#1209,#1210);
#1208=CARTESIAN_POINT('',(-2.47209468169961,5.,-0.18525788553967));
#1209=DIRECTION('',(0.,-1.,0.));
#1210=DIRECTION('',(0.,0.,-1.));
#1211=FACE_BOUND('',#1212,.T.);
#1212=EDGE_LOOP('',(#3675,#3676,#3677,#3678));
#1213=CYLINDRICAL_SURFACE('',#1214,0.213767043184509);
#1214=AXIS2_PLACEMENT_3D('',#1215,#1216,#1217);
#1215=CARTESIAN_POINT('',(-2.22997999591811,5.,0.167113898143865));
#1216=DIRECTION('',(0.,-1.,0.));
#1217=DIRECTION('',(0.,0.,-1.));
#1218=FACE_BOUND('',#1219,.T.);
#1219=EDGE_LOOP('',(#3679,#3680,#3681,#3682));
#1220=CYLINDRICAL_SURFACE('',#1221,0.213767043184508);
#1221=AXIS2_PLACEMENT_3D('',#1222,#1223,#1224);
#1222=CARTESIAN_POINT('',(-2.41687217152393,5.,0.551635301585486));
#1223=DIRECTION('',(0.,-1.,0.));
#1224=DIRECTION('',(0.,0.,-1.));
#1225=FACE_BOUND('',#1226,.T.);
#1226=EDGE_LOOP('',(#3683,#3684,#3685,#3686));
#1227=CYLINDRICAL_SURFACE('',#1228,0.213767043184509);
#1228=AXIS2_PLACEMENT_3D('',#1229,#1230,#1231);
#1229=CARTESIAN_POINT('',(-2.08165055535256,5.,0.816987639164863));
#1230=DIRECTION('',(0.,-1.,0.));
#1231=DIRECTION('',(0.,0.,-1.));
#1232=FACE_BOUND('',#1233,.T.);
#1233=EDGE_LOOP('',(#3687,#3688,#3689,#3690));
#1234=CYLINDRICAL_SURFACE('',#1235,0.213767043184508);
#1235=AXIS2_PLACEMENT_3D('',#1236,#1237,#1238);
#1236=CARTESIAN_POINT('',(-2.14689996263953,5.,1.23951327135312));
#1237=DIRECTION('',(0.,-1.,0.));
#1238=DIRECTION('',(0.,0.,-1.));
#1239=FACE_BOUND('',#1240,.T.);
#1240=EDGE_LOOP('',(#3691,#3692,#3693,#3694));
#1241=CYLINDRICAL_SURFACE('',#1242,0.213767043184509);
#1242=AXIS2_PLACEMENT_3D('',#1243,#1244,#1245);
#1243=CARTESIAN_POINT('',(-1.74835732777093,5.,1.39426844315486));
#1244=DIRECTION('',(0.,-1.,0.));
#1245=DIRECTION('',(0.,0.,-1.));
#1246=FACE_BOUND('',#1247,.T.);
#1247=EDGE_LOOP('',(#3695,#3696,#3697,#3698));
#1248=CYLINDRICAL_SURFACE('',#1249,0.213767043184508);
#1249=AXIS2_PLACEMENT_3D('',#1250,#1251,#1252);
#1250=CARTESIAN_POINT('',(-1.68616627055929,5.,1.81725504744664));
#1251=DIRECTION('',(0.,-1.,0.));
#1252=DIRECTION('',(0.,0.,-1.));
#1253=FACE_BOUND('',#1254,.T.);
#1254=EDGE_LOOP('',(#3699,#3700,#3701,#3702));
#1255=CYLINDRICAL_SURFACE('',#1256,0.213767043184509);
#1256=AXIS2_PLACEMENT_3D('',#1257,#1258,#1259);
#1257=CARTESIAN_POINT('',(-1.2597148790771,5.,1.84766237732427));
#1258=DIRECTION('',(0.,-1.,0.));
#1259=DIRECTION('',(0.,0.,-1.));
#1260=FACE_BOUND('',#1261,.T.);
#1261=EDGE_LOOP('',(#3703,#3704,#3705,#3706));
#1262=CYLINDRICAL_SURFACE('',#1263,0.213767043184508);
#1263=AXIS2_PLACEMENT_3D('',#1264,#1265,#1266);
#1264=CARTESIAN_POINT('',(-1.07560930572107,5.,2.2335257376821));
#1265=DIRECTION('',(0.,-1.,0.));
#1266=DIRECTION('',(0.,0.,-1.));
#1267=FACE_BOUND('',#1268,.T.);
#1268=EDGE_LOOP('',(#3707,#3708,#3709,#3710));
#1269=CYLINDRICAL_SURFACE('',#1270,0.213767043184509);
#1270=AXIS2_PLACEMENT_3D('',#1271,#1272,#1273);
#1271=CARTESIAN_POINT('',(-0.659141235209571,5.,2.13688340093562));
#1272=DIRECTION('',(0.,-1.,0.));
#1273=DIRECTION('',(0.,0.,-1.));
#1274=FACE_BOUND('',#1275,.T.);
#1275=EDGE_LOOP('',(#3711,#3712,#3713,#3714));
#1276=CYLINDRICAL_SURFACE('',#1277,0.213767043184508);
#1277=AXIS2_PLACEMENT_3D('',#1278,#1279,#1280);
#1278=CARTESIAN_POINT('',(-0.369479733835834,5.,2.45133786445825));
#1279=DIRECTION('',(0.,-1.,0.));
#1280=DIRECTION('',(0.,0.,-1.));
#1281=FACE_BOUND('',#1282,.T.);
#1282=EDGE_LOOP('',(#3715,#3716,#3717,#3718));
#1283=CYLINDRICAL_SURFACE('',#1284,0.213767043184509);
#1284=AXIS2_PLACEMENT_3D('',#1285,#1286,#1287);
#1285=CARTESIAN_POINT('',(-7.98548820950249E-15,5.,2.2362329568155));
#1286=DIRECTION('',(0.,-1.,0.));
#1287=DIRECTION('',(0.,0.,-1.));
#1288=FACE_BOUND('',#1289,.T.);
#1289=EDGE_LOOP('',(#3719,#3720,#3721,#3722));
#1290=CYLINDRICAL_SURFACE('',#1291,0.213767043184508);
#1291=AXIS2_PLACEMENT_3D('',#1292,#1293,#1294);
#1292=CARTESIAN_POINT('',(0.369479733835818,5.,2.45133786445825));
#1293=DIRECTION('',(0.,-1.,0.));
#1294=DIRECTION('',(0.,0.,-1.));
#1295=FACE_BOUND('',#1296,.T.);
#1296=EDGE_LOOP('',(#3723,#3724,#3725,#3726));
#1297=CYLINDRICAL_SURFACE('',#1298,0.213767043184509);
#1298=AXIS2_PLACEMENT_3D('',#1299,#1300,#1301);
#1299=CARTESIAN_POINT('',(0.659141235209555,5.,2.13688340093562));
#1300=DIRECTION('',(0.,-1.,0.));
#1301=DIRECTION('',(0.,0.,-1.));
#1302=FACE_BOUND('',#1303,.T.);
#1303=EDGE_LOOP('',(#3727,#3728,#3729,#3730));
#1304=CYLINDRICAL_SURFACE('',#1305,0.213767043184508);
#1305=AXIS2_PLACEMENT_3D('',#1306,#1307,#1308);
#1306=CARTESIAN_POINT('',(1.07560930572105,5.,2.2335257376821));
#1307=DIRECTION('',(0.,-1.,0.));
#1308=DIRECTION('',(0.,0.,-1.));
#1309=FACE_BOUND('',#1310,.T.);
#1310=EDGE_LOOP('',(#3731,#3732,#3733,#3734));
#1311=CYLINDRICAL_SURFACE('',#1312,0.213767043184509);
#1312=AXIS2_PLACEMENT_3D('',#1313,#1314,#1315);
#1313=CARTESIAN_POINT('',(1.25971487907708,5.,1.84766237732427));
#1314=DIRECTION('',(0.,-1.,0.));
#1315=DIRECTION('',(0.,0.,-1.));
#1316=FACE_BOUND('',#1317,.T.);
#1317=EDGE_LOOP('',(#3735,#3736,#3737,#3738));
#1318=CYLINDRICAL_SURFACE('',#1319,0.213767043184508);
#1319=AXIS2_PLACEMENT_3D('',#1320,#1321,#1322);
#1320=CARTESIAN_POINT('',(1.68616627055928,5.,1.81725504744664));
#1321=DIRECTION('',(0.,-1.,0.));
#1322=DIRECTION('',(0.,0.,-1.));
#1323=FACE_BOUND('',#1324,.T.);
#1324=EDGE_LOOP('',(#3739,#3740,#3741,#3742));
#1325=CYLINDRICAL_SURFACE('',#1326,0.213767043184509);
#1326=AXIS2_PLACEMENT_3D('',#1327,#1328,#1329);
#1327=CARTESIAN_POINT('',(1.74835732777092,5.,1.39426844315487));
#1328=DIRECTION('',(0.,-1.,0.));
#1329=DIRECTION('',(0.,0.,-1.));
#1330=FACE_BOUND('',#1331,.T.);
#1331=EDGE_LOOP('',(#3743,#3744,#3745,#3746));
#1332=CYLINDRICAL_SURFACE('',#1333,0.213767043184508);
#1333=AXIS2_PLACEMENT_3D('',#1334,#1335,#1336);
#1334=CARTESIAN_POINT('',(2.14689996263951,5.,1.23951327135313));
#1335=DIRECTION('',(0.,-1.,0.));
#1336=DIRECTION('',(0.,0.,-1.));
#1337=FACE_BOUND('',#1338,.T.);
#1338=EDGE_LOOP('',(#3747,#3748,#3749,#3750));
#1339=CYLINDRICAL_SURFACE('',#1340,0.213767043184509);
#1340=AXIS2_PLACEMENT_3D('',#1341,#1342,#1343);
#1341=CARTESIAN_POINT('',(2.08165055535255,5.,0.816987639164871));
#1342=DIRECTION('',(0.,-1.,0.));
#1343=DIRECTION('',(0.,0.,-1.));
#1344=FACE_BOUND('',#1345,.T.);
#1345=EDGE_LOOP('',(#3751,#3752,#3753,#3754));
#1346=CYLINDRICAL_SURFACE('',#1347,0.213767043184508);
#1347=AXIS2_PLACEMENT_3D('',#1348,#1349,#1350);
#1348=CARTESIAN_POINT('',(2.41687217152392,5.,0.551635301585493));
#1349=DIRECTION('',(0.,-1.,0.));
#1350=DIRECTION('',(0.,0.,-1.));
#1351=FACE_BOUND('',#1352,.T.);
#1352=EDGE_LOOP('',(#3755,#3756,#3757,#3758));
#1353=CYLINDRICAL_SURFACE('',#1354,0.213767043184509);
#1354=AXIS2_PLACEMENT_3D('',#1355,#1356,#1357);
#1355=CARTESIAN_POINT('',(2.2299799959181,5.,0.167113898143874));
#1356=DIRECTION('',(0.,-1.,0.));
#1357=DIRECTION('',(0.,0.,-1.));
#1358=FACE_BOUND('',#1359,.T.);
#1359=EDGE_LOOP('',(#3759,#3760,#3761,#3762));
#1360=CYLINDRICAL_SURFACE('',#1361,0.213767043184508);
#1361=AXIS2_PLACEMENT_3D('',#1362,#1363,#1364);
#1362=CARTESIAN_POINT('',(2.4720946816996,5.,-0.185257885539662));
#1363=DIRECTION('',(0.,-1.,0.));
#1364=DIRECTION('',(0.,0.,-1.));
#1365=FACE_BOUND('',#1366,.T.);
#1366=EDGE_LOOP('',(#3763,#3764,#3765,#3766));
#1367=CYLINDRICAL_SURFACE('',#1368,0.213767043184508);
#1368=AXIS2_PLACEMENT_3D('',#1369,#1370,#1371);
#1369=CARTESIAN_POINT('',(2.18016592774031,5.,-0.497608646094468));
#1370=DIRECTION('',(0.,-1.,0.));
#1371=DIRECTION('',(0.,0.,-1.));
#1372=FACE_BOUND('',#1373,.T.);
#1373=EDGE_LOOP('',(#3767,#3768,#3769,#3770));
#1374=CYLINDRICAL_SURFACE('',#1375,0.213767043184508);
#1375=AXIS2_PLACEMENT_3D('',#1376,#1377,#1378);
#1376=CARTESIAN_POINT('',(2.30766073079745,5.,-0.905690096543779));
#1377=DIRECTION('',(0.,-1.,0.));
#1378=DIRECTION('',(0.,0.,-1.));
#1379=FACE_BOUND('',#1380,.T.);
#1380=EDGE_LOOP('',(#3771,#3772,#3773,#3774));
#1381=CYLINDRICAL_SURFACE('',#1382,0.213767043184509);
#1382=AXIS2_PLACEMENT_3D('',#1383,#1384,#1385);
#1383=CARTESIAN_POINT('',(1.93663454938221,5.,-1.11811647840774));
#1384=DIRECTION('',(0.,-1.,0.));
#1385=DIRECTION('',(0.,0.,-1.));
#1386=FACE_BOUND('',#1387,.T.);
#1387=EDGE_LOOP('',(#3775,#3776,#3777,#3778));
#1388=CYLINDRICAL_SURFACE('',#1389,0.213767043184508);
#1389=AXIS2_PLACEMENT_3D('',#1390,#1391,#1392);
#1390=CARTESIAN_POINT('',(1.93818099696162,5.,-1.54564776791446));
#1391=DIRECTION('',(0.,-1.,0.));
#1392=DIRECTION('',(0.,0.,-1.));
#1393=FACE_BOUND('',#1394,.T.);
#1394=EDGE_LOOP('',(#3779,#3780,#3781,#3782));
#1395=CYLINDRICAL_SURFACE('',#1396,0.213767043184509);
#1396=AXIS2_PLACEMENT_3D('',#1397,#1398,#1399);
#1397=CARTESIAN_POINT('',(1.52102469253075,5.,-1.63927475484114));
#1398=DIRECTION('',(0.,-1.,0.));
#1399=DIRECTION('',(0.,0.,-1.));
#1400=FACE_BOUND('',#1401,.T.);
#1401=EDGE_LOOP('',(#3783,#3784,#3785,#3786));
#1402=CYLINDRICAL_SURFACE('',#1403,0.213767043184508);
#1403=AXIS2_PLACEMENT_3D('',#1404,#1405,#1406);
#1404=CARTESIAN_POINT('',(1.39648537597855,5.,-2.04826785214243));
#1405=DIRECTION('',(0.,-1.,0.));
#1406=DIRECTION('',(0.,0.,-1.));
#1407=FACE_BOUND('',#1408,.T.);
#1408=EDGE_LOOP('',(#3787,#3788,#3789,#3790));
#1409=CYLINDRICAL_SURFACE('',#1410,0.213767043184509);
#1410=AXIS2_PLACEMENT_3D('',#1411,#1412,#1413);
#1411=CARTESIAN_POINT('',(0.970265116841022,5.,-2.01477627546813));
#1412=DIRECTION('',(0.,-1.,0.));
#1413=DIRECTION('',(0.,0.,-1.));
#1414=FACE_BOUND('',#1415,.T.);
#1415=EDGE_LOOP('',(#3791,#3792,#3793,#3794));
#1416=CYLINDRICAL_SURFACE('',#1417,0.213767043184508);
#1417=AXIS2_PLACEMENT_3D('',#1418,#1419,#1420);
#1418=CARTESIAN_POINT('',(0.730705900964642,5.,-2.36889034903212));
#1419=DIRECTION('',(0.,-1.,0.));
#1420=DIRECTION('',(0.,0.,-1.));
#1421=FACE_BOUND('',#1422,.T.);
#1422=EDGE_LOOP('',(#3795,#3796,#3797,#3798));
#1423=CYLINDRICAL_SURFACE('',#1424,0.213767043184509);
#1424=AXIS2_PLACEMENT_3D('',#1425,#1426,#1427);
#1425=CARTESIAN_POINT('',(0.33329322758163,5.,-2.21125608231973));
#1426=DIRECTION('',(0.,-1.,0.));
#1427=DIRECTION('',(0.,0.,-1.));
#1428=FACE_BOUND('',#1429,.T.);
#1429=EDGE_LOOP('',(#3799));
#1430=FACE_BOUND('',#1431,.T.);
#1431=EDGE_LOOP('',(#3800,#3801,#3802,#3803,#3804,#3805,#3806,#3807,#3808,#3809,
#3810,#3811,#3812,#3813,#3814,#3815,#3816,#3817,#3818,#3819,#3820,#3821,#3822,#3823,
#3824,#3825,#3826,#3827,#3828,#3829,#3830,#3831,#3832,#3833,#3834,#3835,#3836,#3837,
#3838,#3839,#3840,#3841));
#1432=PLANE('',#1433);
#1433=AXIS2_PLACEMENT_3D('',#1434,#1435,#1436);
#1434=CARTESIAN_POINT('',(0.,0.,0.));
#1435=DIRECTION('',(0.,1.,0.));
#1436=DIRECTION('',(0.,0.,1.));
#1437=FACE_BOUND('',#1438,.T.);
#1438=EDGE_LOOP('',(#3842));
#1439=FACE_BOUND('',#1440,.T.);
#1440=EDGE_LOOP('',(#3843,#3844,#3845,#3846,#3847,#3848,#3849,#3850,#3851,#3852,
#3853,#3854,#3855,#3856,#3857,#3858,#3859,#3860,#3861,#3862,#3863,#3864,#3865,#3866,
#3867,#3868,#3869,#3870,#3871,#3872,#3873,#3874,#3875,#3876,#3877,#3878,#3879,#3880,
#3881,#3882,#3883,#3884));
#1441=PLANE('',#1442);
#1442=AXIS2_PLACEMENT_3D('',#1443,#1444,#1445);
#1443=CARTESIAN_POINT('',(0.,5.,0.));
#1444=DIRECTION('',(0.,1.,0.));
#1445=DIRECTION('',(0.,0.,1.));
#1446=FACE_OUTER_BOUND('',#1447,.T.);
#1447=EDGE_LOOP('',(#3885));
#1448=FACE_OUTER_BOUND('',#1449,.T.);
#1449=EDGE_LOOP('',(#3886));
#1450=CYLINDRICAL_SURFACE('',#1451,3.95);
#1451=AXIS2_PLACEMENT_3D('',#1452,#1453,#1454);
#1452=CARTESIAN_POINT('',(0.,5.,0.));
#1453=DIRECTION('',(0.,-1.,0.));
#1454=DIRECTION('',(0.,0.,-1.));
#1455=ORIENTED_EDGE('',*,*,#3887,.T.);
#1456=ORIENTED_EDGE('',*,*,#3888,.T.);
#1457=ORIENTED_EDGE('',*,*,#3889,.T.);
#1458=ORIENTED_EDGE('',*,*,#3890,.T.);
#1459=CARTESIAN_POINT('',(7.33506843249512,-1.52047758635686,0.));
#1460=CARTESIAN_POINT('',(7.33277217357636,-1.53156500827592,0.));
#1461=CARTESIAN_POINT('',(7.33097293919788,-1.54271019921854,0.));
#1462=CARTESIAN_POINT('',(7.32836803906401,-1.56512025254438,0.));
#1463=CARTESIAN_POINT('',(7.32755966907194,-1.57642945106654,0.));
#1464=CARTESIAN_POINT('',(7.32694976325666,-1.5989949114867,0.));
#1465=CARTESIAN_POINT('',(7.32714686093707,-1.61033995681675,0.));
#1466=CARTESIAN_POINT('',(7.32854059698314,-1.63289292980412,0.));
#1467=CARTESIAN_POINT('',(7.32974437090048,-1.6441895779391,0.));
#1468=CARTESIAN_POINT('',(7.33313798399716,-1.66656320844747,0.));
#1469=CARTESIAN_POINT('',(7.33534359328435,-1.67772811741658,0.));
#1470=CARTESIAN_POINT('',(7.34072176421486,-1.69975823996179,0.));
#1471=CARTESIAN_POINT('',(7.34391889554208,-1.71070981932092,0.));
#1472=CARTESIAN_POINT('',(7.35125626653724,-1.73223679078119,0.));
#1473=CARTESIAN_POINT('',(7.3554301152327,-1.74289615421047,0.));
#1474=CARTESIAN_POINT('',(7.36469383906254,-1.7637669961072,0.));
#1475=CARTESIAN_POINT('',(7.36982674996289,-1.77405909042197,0.));
#1476=CARTESIAN_POINT('',(7.38098081256994,-1.79413019027392,0.));
#1477=CARTESIAN_POINT('',(7.3870550921114,-1.80398524399094,0.));
#1478=CARTESIAN_POINT('',(7.40006794762406,-1.82312612748349,0.));
#1479=CARTESIAN_POINT('',(7.40707093262488,-1.832481709448,0.));
#1480=CARTESIAN_POINT('',(7.42192988287662,-1.85058099797808,0.));
#1481=CARTESIAN_POINT('',(7.42986374943555,-1.85938530893817,0.));
#1482=CARTESIAN_POINT('',(7.44660444415654,-1.87636149664958,0.));
#1483=CARTESIAN_POINT('',(7.45550700600289,-1.88457932660799,0.));
#1484=CARTESIAN_POINT('',(7.47428102777538,-1.90040331589975,0.));
#1485=CARTESIAN_POINT('',(7.48427530190203,-1.90802825571692,0.));
#1486=CARTESIAN_POINT('',(7.50552940871701,-1.92277883105104,0.));
#1487=CARTESIAN_POINT('',(7.516889548414,-1.92985774031958,0.));
#1488=CARTESIAN_POINT('',(7.52862594901105,-1.93639263058845,0.));
#1489=ORIENTED_EDGE('',*,*,#3891,.T.);
#1490=ORIENTED_EDGE('',*,*,#3892,.T.);
#1491=ORIENTED_EDGE('',*,*,#3893,.F.);
#1492=ORIENTED_EDGE('',*,*,#3894,.T.);
#1493=CARTESIAN_POINT('',(7.69656880050472,-1.09208690085407,0.));
#1494=CARTESIAN_POINT('',(7.68322498596954,-1.0936330261566,0.));
#1495=CARTESIAN_POINT('',(7.67002060412074,-1.09582574829091,0.));
#1496=CARTESIAN_POINT('',(7.64473956905435,-1.10131990838706,0.));
#1497=CARTESIAN_POINT('',(7.63258812560561,-1.104539791094,0.));
#1498=CARTESIAN_POINT('',(7.60918761261121,-1.11197474383214,0.));
#1499=CARTESIAN_POINT('',(7.59781789055937,-1.11616016580817,0.));
#1500=CARTESIAN_POINT('',(7.57585499956475,-1.1254377316588,0.));
#1501=CARTESIAN_POINT('',(7.56515579869946,-1.13053569506599,0.));
#1502=CARTESIAN_POINT('',(7.54450162082922,-1.14157098320828,0.));
#1503=CARTESIAN_POINT('',(7.53445148010253,-1.1475344875631,0.));
#1504=CARTESIAN_POINT('',(7.51510427024143,-1.1602385538436,0.));
#1505=CARTESIAN_POINT('',(7.50572100191574,-1.16701891012048,0.));
#1506=CARTESIAN_POINT('',(7.48773511438606,-1.1812937135054,0.));
#1507=CARTESIAN_POINT('',(7.47905430908442,-1.18883808882812,0.));
#1508=CARTESIAN_POINT('',(7.4625088188298,-1.20457515885111,0.));
#1509=CARTESIAN_POINT('',(7.45457352366433,-1.21282586380807,0.));
#1510=CARTESIAN_POINT('',(7.43955666145261,-1.22990630182021,0.));
#1511=CARTESIAN_POINT('',(7.43241190927768,-1.23880075264875,0.));
#1512=CARTESIAN_POINT('',(7.4190125643216,-1.25709579505545,0.));
#1513=CARTESIAN_POINT('',(7.41270222135811,-1.26656677580189,0.));
#1514=CARTESIAN_POINT('',(7.40100491395942,-1.28593863558859,0.));
#1515=CARTESIAN_POINT('',(7.3955697317929,-1.295914713252,0.));
#1516=CARTESIAN_POINT('',(7.38565143847337,-1.31621758369838,0.));
#1517=CARTESIAN_POINT('',(7.38112778307329,-1.32662361285738,0.));
#1518=CARTESIAN_POINT('',(7.3730558347263,-1.34770478073207,0.));
#1519=CARTESIAN_POINT('',(7.36947482830892,-1.35846246757899,0.));
#1520=CARTESIAN_POINT('',(7.36330548610062,-1.38016350929342,0.));
#1521=CARTESIAN_POINT('',(7.3607026819928,-1.39114886027882,0.));
#1522=CARTESIAN_POINT('',(7.35858117593312,-1.40227104270278,0.));
#1523=ORIENTED_EDGE('',*,*,#3895,.T.);
#1524=ORIENTED_EDGE('',*,*,#3896,.T.);
#1525=ORIENTED_EDGE('',*,*,#3897,.T.);
#1526=ORIENTED_EDGE('',*,*,#3898,.T.);
#1527=CARTESIAN_POINT('',(7.35858117593312,1.40227104270278,0.));
#1528=CARTESIAN_POINT('',(7.3607026819928,1.39114886027882,0.));
#1529=CARTESIAN_POINT('',(7.36330548610062,1.38016350929342,0.));
#1530=CARTESIAN_POINT('',(7.36947482830892,1.35846246757899,0.));
#1531=CARTESIAN_POINT('',(7.3730558347263,1.34770478073207,0.));
#1532=CARTESIAN_POINT('',(7.38112778307329,1.32662361285738,0.));
#1533=CARTESIAN_POINT('',(7.38565143847337,1.31621758369838,0.));
#1534=CARTESIAN_POINT('',(7.3955697317929,1.295914713252,0.));
#1535=CARTESIAN_POINT('',(7.40100491395942,1.28593863558859,0.));
#1536=CARTESIAN_POINT('',(7.41270222135811,1.26656677580189,0.));
#1537=CARTESIAN_POINT('',(7.4190125643216,1.25709579505545,0.));
#1538=CARTESIAN_POINT('',(7.43241190927768,1.23880075264875,0.));
#1539=CARTESIAN_POINT('',(7.43955666145261,1.22990630182021,0.));
#1540=CARTESIAN_POINT('',(7.45457352366433,1.21282586380807,0.));
#1541=CARTESIAN_POINT('',(7.4625088188298,1.20457515885111,0.));
#1542=CARTESIAN_POINT('',(7.47905430908442,1.18883808882812,0.));
#1543=CARTESIAN_POINT('',(7.48773511438606,1.1812937135054,0.));
#1544=CARTESIAN_POINT('',(7.50572100191574,1.16701891012048,0.));
#1545=CARTESIAN_POINT('',(7.51510427024143,1.1602385538436,0.));
#1546=CARTESIAN_POINT('',(7.53445148010253,1.1475344875631,0.));
#1547=CARTESIAN_POINT('',(7.54450162082922,1.14157098320828,0.));
#1548=CARTESIAN_POINT('',(7.56515579869946,1.13053569506599,0.));
#1549=CARTESIAN_POINT('',(7.57585499956475,1.1254377316588,0.));
#1550=CARTESIAN_POINT('',(7.59781789055937,1.11616016580817,0.));
#1551=CARTESIAN_POINT('',(7.60918761261121,1.11197474383214,0.));
#1552=CARTESIAN_POINT('',(7.63258812560561,1.104539791094,0.));
#1553=CARTESIAN_POINT('',(7.64473956905435,1.10131990838706,0.));
#1554=CARTESIAN_POINT('',(7.67002060412074,1.09582574829091,0.));
#1555=CARTESIAN_POINT('',(7.68322498596954,1.0936330261566,0.));
#1556=CARTESIAN_POINT('',(7.69656880050472,1.09208690085407,0.));
#1557=ORIENTED_EDGE('',*,*,#3899,.T.);
#1558=ORIENTED_EDGE('',*,*,#3900,.T.);
#1559=ORIENTED_EDGE('',*,*,#3901,.F.);
#1560=ORIENTED_EDGE('',*,*,#3902,.T.);
#1561=CARTESIAN_POINT('',(7.52862594901105,1.93639263058845,0.));
#1562=CARTESIAN_POINT('',(7.516889548414,1.92985774031958,0.));
#1563=CARTESIAN_POINT('',(7.50552940871701,1.92277883105104,0.));
#1564=CARTESIAN_POINT('',(7.48427530190203,1.90802825571692,0.));
#1565=CARTESIAN_POINT('',(7.47428102777538,1.90040331589975,0.));
#1566=CARTESIAN_POINT('',(7.45550700600289,1.88457932660799,0.));
#1567=CARTESIAN_POINT('',(7.44660444415654,1.87636149664958,0.));
#1568=CARTESIAN_POINT('',(7.42986374943555,1.85938530893817,0.));
#1569=CARTESIAN_POINT('',(7.42192988287662,1.85058099797808,0.));
#1570=CARTESIAN_POINT('',(7.40707093262488,1.832481709448,0.));
#1571=CARTESIAN_POINT('',(7.40006794762406,1.82312612748349,0.));
#1572=CARTESIAN_POINT('',(7.3870550921114,1.80398524399094,0.));
#1573=CARTESIAN_POINT('',(7.38098081256994,1.79413019027392,0.));
#1574=CARTESIAN_POINT('',(7.36982674996289,1.77405909042197,0.));
#1575=CARTESIAN_POINT('',(7.36469383906254,1.7637669961072,0.));
#1576=CARTESIAN_POINT('',(7.3554301152327,1.74289615421047,0.));
#1577=CARTESIAN_POINT('',(7.35125626653724,1.73223679078119,0.));
#1578=CARTESIAN_POINT('',(7.34391889554208,1.71070981932092,0.));
#1579=CARTESIAN_POINT('',(7.34072176421486,1.69975823996179,0.));
#1580=CARTESIAN_POINT('',(7.33534359328435,1.67772811741658,0.));
#1581=CARTESIAN_POINT('',(7.33313798399716,1.66656320844747,0.));
#1582=CARTESIAN_POINT('',(7.32974437090048,1.6441895779391,0.));
#1583=CARTESIAN_POINT('',(7.32854059698314,1.63289292980412,0.));
#1584=CARTESIAN_POINT('',(7.32714686093707,1.61033995681676,0.));
#1585=CARTESIAN_POINT('',(7.32694976325666,1.5989949114867,0.));
#1586=CARTESIAN_POINT('',(7.32755966907194,1.57642945106654,0.));
#1587=CARTESIAN_POINT('',(7.32836803906401,1.56512025254438,0.));
#1588=CARTESIAN_POINT('',(7.33097293919788,1.54271019921854,0.));
#1589=CARTESIAN_POINT('',(7.33277217357636,1.53156500827592,0.));
#1590=CARTESIAN_POINT('',(7.33506843249512,1.52047758635686,0.));
#1591=ORIENTED_EDGE('',*,*,#3903,.T.);
#1592=ORIENTED_EDGE('',*,*,#3904,.T.);
#1593=ORIENTED_EDGE('',*,*,#3905,.T.);
#1594=ORIENTED_EDGE('',*,*,#3906,.T.);
#1595=CARTESIAN_POINT('',(6.26181664103977,4.11153661712958,0.));
#1596=CARTESIAN_POINT('',(6.2680329320118,4.10207292565193,0.));
#1597=CARTESIAN_POINT('',(6.27464152127498,4.09291983472882,0.));
#1598=CARTESIAN_POINT('',(6.28864587939946,4.07523159150639,0.));
#1599=CARTESIAN_POINT('',(6.29607108646116,4.06666317663848,0.));
#1600=CARTESIAN_POINT('',(6.31159600800698,4.05027571801692,0.));
#1601=CARTESIAN_POINT('',(6.31975753559911,4.04239292863755,0.));
#1602=CARTESIAN_POINT('',(6.33669041594375,4.02743108871163,0.));
#1603=CARTESIAN_POINT('',(6.34552954914464,4.02029434891067,0.));
#1604=CARTESIAN_POINT('',(6.36374974183026,4.00687344989182,0.));
#1605=CARTESIAN_POINT('',(6.37320412595727,4.00053826833205,0.));
#1606=CARTESIAN_POINT('',(6.3925847161347,3.98876356042531,0.));
#1607=CARTESIAN_POINT('',(6.40258936540606,3.98328033763759,0.));
#1608=CARTESIAN_POINT('',(6.42299953769079,3.97324677492639,0.));
#1609=CARTESIAN_POINT('',(6.43348820257097,3.96866082347861,0.));
#1610=CARTESIAN_POINT('',(6.45479655834434,3.96045335158348,0.));
#1611=CARTESIAN_POINT('',(6.46570368413179,3.95680525800576,0.));
#1612=CARTESIAN_POINT('',(6.48778320825019,3.9504999605018,0.));
#1613=CARTESIAN_POINT('',(6.49904694781705,3.94782654944412,0.));
#1614=CARTESIAN_POINT('',(6.52178307470814,3.94349337930424,0.));
#1615=CARTESIAN_POINT('',(6.53335032833981,3.94182984203782,0.));
#1616=CARTESIAN_POINT('',(6.5566553224784,3.93953857686786,0.));
#1617=CARTESIAN_POINT('',(6.56849100130681,3.93892307972916,0.));
#1618=CARTESIAN_POINT('',(6.59233243751523,3.93875656103871,0.));
#1619=CARTESIAN_POINT('',(6.60443838265695,3.93924073959997,0.));
#1620=CARTESIAN_POINT('',(6.62890287089604,3.94132672757182,0.));
#1621=CARTESIAN_POINT('',(6.6413615365549,3.94300209992894,0.));
#1622=CARTESIAN_POINT('',(6.666820691457,3.94760079114072,0.));
#1623=CARTESIAN_POINT('',(6.67985906801915,3.9506280782085,0.));
#1624=CARTESIAN_POINT('',(6.69277882169147,3.95430610143396,0.));
#1625=ORIENTED_EDGE('',*,*,#3907,.T.);
#1626=ORIENTED_EDGE('',*,*,#3908,.T.);
#1627=ORIENTED_EDGE('',*,*,#3909,.F.);
#1628=ORIENTED_EDGE('',*,*,#3910,.T.);
#1629=CARTESIAN_POINT('',(6.21451804394462,4.67007393746679,0.));
#1630=CARTESIAN_POINT('',(6.20617581788588,4.65954516003608,0.));
#1631=CARTESIAN_POINT('',(6.19838939862964,4.64865776339898,0.));
#1632=CARTESIAN_POINT('',(6.18439796515969,4.62689641420721,0.));
#1633=CARTESIAN_POINT('',(6.17808239799259,4.61602724524671,0.));
#1634=CARTESIAN_POINT('',(6.16679304206994,4.59422327832618,0.));
#1635=CARTESIAN_POINT('',(6.16171297476826,4.58322413050175,0.));
#1636=CARTESIAN_POINT('',(6.15274309533739,4.5611337916191,0.));
#1637=CARTESIAN_POINT('',(6.14878242234774,4.54996350963851,0.));
#1638=CARTESIAN_POINT('',(6.14198084019361,4.52755567332887,0.));
#1639=CARTESIAN_POINT('',(6.13909115190282,4.51623231630022,0.));
#1640=CARTESIAN_POINT('',(6.13439374002858,4.49356864159482,0.));
#1641=CARTESIAN_POINT('',(6.13255320326804,4.48213923302978,0.));
#1642=CARTESIAN_POINT('',(6.12992907050372,4.4593274797183,0.));
#1643=CARTESIAN_POINT('',(6.12912549315928,4.44785454447284,0.));
#1644=CARTESIAN_POINT('',(6.12855385373145,4.42502732718648,0.));
#1645=CARTESIAN_POINT('',(6.12877688213387,4.41358209673962,0.));
#1646=CARTESIAN_POINT('',(6.13023605057583,4.39088587809356,0.));
#1647=CARTESIAN_POINT('',(6.13147327435884,4.37954444888497,0.));
#1648=CARTESIAN_POINT('',(6.13493505522481,4.35713313265519,0.));
#1649=CARTESIAN_POINT('',(6.137169963634,4.34597405164381,0.));
#1650=CARTESIAN_POINT('',(6.14259669167013,4.3240048328412,0.));
#1651=CARTESIAN_POINT('',(6.14580758966865,4.31310742650882,0.));
#1652=CARTESIAN_POINT('',(6.1531505945748,4.2917378366746,0.));
#1653=CARTESIAN_POINT('',(6.1573100609492,4.2811809554819,0.));
#1654=CARTESIAN_POINT('',(6.16650896829519,4.26056658930882,0.));
#1655=CARTESIAN_POINT('',(6.17158364769332,4.25042760206829,0.));
#1656=CARTESIAN_POINT('',(6.18256621773745,4.23072026460226,0.));
#1657=CARTESIAN_POINT('',(6.18849357347821,4.22111198799202,0.));
#1658=CARTESIAN_POINT('',(6.19485801277066,4.21174728605732,0.));
#1659=ORIENTED_EDGE('',*,*,#3911,.T.);
#1660=ORIENTED_EDGE('',*,*,#3912,.T.);
#1661=ORIENTED_EDGE('',*,*,#3913,.T.);
#1662=ORIENTED_EDGE('',*,*,#3914,.T.);
#1663=CARTESIAN_POINT('',(4.21174728605732,6.19485801277065,0.));
#1664=CARTESIAN_POINT('',(4.22111198799202,6.18849357347821,0.));
#1665=CARTESIAN_POINT('',(4.23072026460226,6.18256621773745,0.));
#1666=CARTESIAN_POINT('',(4.25042760206829,6.17158364769331,0.));
#1667=CARTESIAN_POINT('',(4.26056658930883,6.16650896829518,0.));
#1668=CARTESIAN_POINT('',(4.2811809554819,6.1573100609492,0.));
#1669=CARTESIAN_POINT('',(4.2917378366746,6.1531505945748,0.));
#1670=CARTESIAN_POINT('',(4.31310742650883,6.14580758966864,0.));
#1671=CARTESIAN_POINT('',(4.3240048328412,6.14259669167013,0.));
#1672=CARTESIAN_POINT('',(4.34597405164381,6.137169963634,0.));
#1673=CARTESIAN_POINT('',(4.3571331326552,6.13493505522481,0.));
#1674=CARTESIAN_POINT('',(4.37954444888497,6.13147327435883,0.));
#1675=CARTESIAN_POINT('',(4.39088587809356,6.13023605057583,0.));
#1676=CARTESIAN_POINT('',(4.41358209673962,6.12877688213386,0.));
#1677=CARTESIAN_POINT('',(4.42502732718649,6.12855385373145,0.));
#1678=CARTESIAN_POINT('',(4.44785454447284,6.12912549315928,0.));
#1679=CARTESIAN_POINT('',(4.4593274797183,6.12992907050372,0.));
#1680=CARTESIAN_POINT('',(4.48213923302979,6.13255320326804,0.));
#1681=CARTESIAN_POINT('',(4.49356864159482,6.13439374002857,0.));
#1682=CARTESIAN_POINT('',(4.51623231630022,6.13909115190282,0.));
#1683=CARTESIAN_POINT('',(4.52755567332887,6.14198084019361,0.));
#1684=CARTESIAN_POINT('',(4.54996350963851,6.14878242234773,0.));
#1685=CARTESIAN_POINT('',(4.5611337916191,6.15274309533739,0.));
#1686=CARTESIAN_POINT('',(4.58322413050175,6.16171297476826,0.));
#1687=CARTESIAN_POINT('',(4.59422327832619,6.16679304206994,0.));
#1688=CARTESIAN_POINT('',(4.61602724524671,6.17808239799259,0.));
#1689=CARTESIAN_POINT('',(4.62689641420722,6.18439796515969,0.));
#1690=CARTESIAN_POINT('',(4.64865776339899,6.19838939862964,0.));
#1691=CARTESIAN_POINT('',(4.65954516003608,6.20617581788587,0.));
#1692=CARTESIAN_POINT('',(4.67007393746679,6.21451804394461,0.));
#1693=ORIENTED_EDGE('',*,*,#3915,.T.);
#1694=ORIENTED_EDGE('',*,*,#3916,.T.);
#1695=ORIENTED_EDGE('',*,*,#3917,.F.);
#1696=ORIENTED_EDGE('',*,*,#3918,.T.);
#1697=CARTESIAN_POINT('',(3.95430610143397,6.69277882169147,0.));
#1698=CARTESIAN_POINT('',(3.95062807820851,6.67985906801914,0.));
#1699=CARTESIAN_POINT('',(3.94760079114072,6.66682069145699,0.));
#1700=CARTESIAN_POINT('',(3.94300209992895,6.6413615365549,0.));
#1701=CARTESIAN_POINT('',(3.94132672757182,6.62890287089604,0.));
#1702=CARTESIAN_POINT('',(3.93924073959998,6.60443838265694,0.));
#1703=CARTESIAN_POINT('',(3.93875656103872,6.59233243751523,0.));
#1704=CARTESIAN_POINT('',(3.93892307972916,6.5684910013068,0.));
#1705=CARTESIAN_POINT('',(3.93953857686787,6.5566553224784,0.));
#1706=CARTESIAN_POINT('',(3.94182984203782,6.53335032833981,0.));
#1707=CARTESIAN_POINT('',(3.94349337930424,6.52178307470813,0.));
#1708=CARTESIAN_POINT('',(3.94782654944413,6.49904694781705,0.));
#1709=CARTESIAN_POINT('',(3.9504999605018,6.48778320825019,0.));
#1710=CARTESIAN_POINT('',(3.95680525800576,6.46570368413179,0.));
#1711=CARTESIAN_POINT('',(3.96045335158348,6.45479655834434,0.));
#1712=CARTESIAN_POINT('',(3.96866082347861,6.43348820257096,0.));
#1713=CARTESIAN_POINT('',(3.97324677492639,6.42299953769079,0.));
#1714=CARTESIAN_POINT('',(3.98328033763759,6.40258936540606,0.));
#1715=CARTESIAN_POINT('',(3.98876356042531,6.3925847161347,0.));
#1716=CARTESIAN_POINT('',(4.00053826833206,6.37320412595726,0.));
#1717=CARTESIAN_POINT('',(4.00687344989183,6.36374974183026,0.));
#1718=CARTESIAN_POINT('',(4.02029434891067,6.34552954914464,0.));
#1719=CARTESIAN_POINT('',(4.02743108871163,6.33669041594375,0.));
#1720=CARTESIAN_POINT('',(4.04239292863755,6.31975753559911,0.));
#1721=CARTESIAN_POINT('',(4.05027571801692,6.31159600800698,0.));
#1722=CARTESIAN_POINT('',(4.06666317663849,6.29607108646115,0.));
#1723=CARTESIAN_POINT('',(4.07523159150639,6.28864587939946,0.));
#1724=CARTESIAN_POINT('',(4.09291983472882,6.27464152127498,0.));
#1725=CARTESIAN_POINT('',(4.10207292565194,6.2680329320118,0.));
#1726=CARTESIAN_POINT('',(4.11153661712959,6.26181664103977,0.));
#1727=ORIENTED_EDGE('',*,*,#3919,.T.);
#1728=ORIENTED_EDGE('',*,*,#3920,.T.);
#1729=ORIENTED_EDGE('',*,*,#3921,.T.);
#1730=ORIENTED_EDGE('',*,*,#3922,.T.);
#1731=CARTESIAN_POINT('',(1.52047758635687,7.33506843249512,0.));
#1732=CARTESIAN_POINT('',(1.53156500827592,7.33277217357636,0.));
#1733=CARTESIAN_POINT('',(1.54271019921854,7.33097293919788,0.));
#1734=CARTESIAN_POINT('',(1.56512025254439,7.32836803906401,0.));
#1735=CARTESIAN_POINT('',(1.57642945106654,7.32755966907194,0.));
#1736=CARTESIAN_POINT('',(1.5989949114867,7.32694976325666,0.));
#1737=CARTESIAN_POINT('',(1.61033995681676,7.32714686093707,0.));
#1738=CARTESIAN_POINT('',(1.63289292980412,7.32854059698314,0.));
#1739=CARTESIAN_POINT('',(1.6441895779391,7.32974437090048,0.));
#1740=CARTESIAN_POINT('',(1.66656320844747,7.33313798399716,0.));
#1741=CARTESIAN_POINT('',(1.67772811741658,7.33534359328435,0.));
#1742=CARTESIAN_POINT('',(1.6997582399618,7.34072176421486,0.));
#1743=CARTESIAN_POINT('',(1.71070981932092,7.34391889554208,0.));
#1744=CARTESIAN_POINT('',(1.73223679078119,7.35125626653724,0.));
#1745=CARTESIAN_POINT('',(1.74289615421047,7.3554301152327,0.));
#1746=CARTESIAN_POINT('',(1.7637669961072,7.36469383906254,0.));
#1747=CARTESIAN_POINT('',(1.77405909042197,7.36982674996289,0.));
#1748=CARTESIAN_POINT('',(1.79413019027392,7.38098081256993,0.));
#1749=CARTESIAN_POINT('',(1.80398524399094,7.3870550921114,0.));
#1750=CARTESIAN_POINT('',(1.82312612748349,7.40006794762406,0.));
#1751=CARTESIAN_POINT('',(1.832481709448,7.40707093262488,0.));
#1752=CARTESIAN_POINT('',(1.85058099797808,7.42192988287662,0.));
#1753=CARTESIAN_POINT('',(1.85938530893817,7.42986374943555,0.));
#1754=CARTESIAN_POINT('',(1.87636149664958,7.44660444415654,0.));
#1755=CARTESIAN_POINT('',(1.88457932660799,7.45550700600289,0.));
#1756=CARTESIAN_POINT('',(1.90040331589975,7.47428102777538,0.));
#1757=CARTESIAN_POINT('',(1.90802825571693,7.48427530190203,0.));
#1758=CARTESIAN_POINT('',(1.92277883105105,7.50552940871701,0.));
#1759=CARTESIAN_POINT('',(1.92985774031958,7.516889548414,0.));
#1760=CARTESIAN_POINT('',(1.93639263058846,7.52862594901105,0.));
#1761=ORIENTED_EDGE('',*,*,#3923,.T.);
#1762=ORIENTED_EDGE('',*,*,#3924,.T.);
#1763=ORIENTED_EDGE('',*,*,#3925,.F.);
#1764=ORIENTED_EDGE('',*,*,#3926,.T.);
#1765=CARTESIAN_POINT('',(1.09208690085407,7.69656880050472,0.));
#1766=CARTESIAN_POINT('',(1.0936330261566,7.68322498596954,0.));
#1767=CARTESIAN_POINT('',(1.09582574829091,7.67002060412074,0.));
#1768=CARTESIAN_POINT('',(1.10131990838706,7.64473956905435,0.));
#1769=CARTESIAN_POINT('',(1.104539791094,7.63258812560561,0.));
#1770=CARTESIAN_POINT('',(1.11197474383214,7.60918761261121,0.));
#1771=CARTESIAN_POINT('',(1.11616016580817,7.59781789055937,0.));
#1772=CARTESIAN_POINT('',(1.1254377316588,7.57585499956475,0.));
#1773=CARTESIAN_POINT('',(1.130535695066,7.56515579869946,0.));
#1774=CARTESIAN_POINT('',(1.14157098320828,7.54450162082922,0.));
#1775=CARTESIAN_POINT('',(1.1475344875631,7.53445148010253,0.));
#1776=CARTESIAN_POINT('',(1.1602385538436,7.51510427024143,0.));
#1777=CARTESIAN_POINT('',(1.16701891012048,7.50572100191575,0.));
#1778=CARTESIAN_POINT('',(1.18129371350541,7.48773511438606,0.));
#1779=CARTESIAN_POINT('',(1.18883808882813,7.47905430908442,0.));
#1780=CARTESIAN_POINT('',(1.20457515885111,7.4625088188298,0.));
#1781=CARTESIAN_POINT('',(1.21282586380808,7.45457352366433,0.));
#1782=CARTESIAN_POINT('',(1.22990630182021,7.43955666145261,0.));
#1783=CARTESIAN_POINT('',(1.23880075264875,7.43241190927768,0.));
#1784=CARTESIAN_POINT('',(1.25709579505546,7.4190125643216,0.));
#1785=CARTESIAN_POINT('',(1.26656677580189,7.41270222135811,0.));
#1786=CARTESIAN_POINT('',(1.28593863558859,7.40100491395941,0.));
#1787=CARTESIAN_POINT('',(1.295914713252,7.3955697317929,0.));
#1788=CARTESIAN_POINT('',(1.31621758369839,7.38565143847337,0.));
#1789=CARTESIAN_POINT('',(1.32662361285738,7.38112778307329,0.));
#1790=CARTESIAN_POINT('',(1.34770478073208,7.3730558347263,0.));
#1791=CARTESIAN_POINT('',(1.35846246757899,7.36947482830892,0.));
#1792=CARTESIAN_POINT('',(1.38016350929342,7.36330548610062,0.));
#1793=CARTESIAN_POINT('',(1.39114886027883,7.3607026819928,0.));
#1794=CARTESIAN_POINT('',(1.40227104270278,7.35858117593312,0.));
#1795=ORIENTED_EDGE('',*,*,#3927,.T.);
#1796=ORIENTED_EDGE('',*,*,#3928,.T.);
#1797=ORIENTED_EDGE('',*,*,#3929,.T.);
#1798=ORIENTED_EDGE('',*,*,#3930,.T.);
#1799=CARTESIAN_POINT('',(-1.40227104270278,7.35858117593312,0.));
#1800=CARTESIAN_POINT('',(-1.39114886027882,7.3607026819928,0.));
#1801=CARTESIAN_POINT('',(-1.38016350929342,7.36330548610062,0.));
#1802=CARTESIAN_POINT('',(-1.35846246757899,7.36947482830892,0.));
#1803=CARTESIAN_POINT('',(-1.34770478073207,7.3730558347263,0.));
#1804=CARTESIAN_POINT('',(-1.32662361285738,7.38112778307329,0.));
#1805=CARTESIAN_POINT('',(-1.31621758369838,7.38565143847337,0.));
#1806=CARTESIAN_POINT('',(-1.295914713252,7.3955697317929,0.));
#1807=CARTESIAN_POINT('',(-1.28593863558859,7.40100491395942,0.));
#1808=CARTESIAN_POINT('',(-1.26656677580189,7.41270222135811,0.));
#1809=CARTESIAN_POINT('',(-1.25709579505545,7.4190125643216,0.));
#1810=CARTESIAN_POINT('',(-1.23880075264875,7.43241190927768,0.));
#1811=CARTESIAN_POINT('',(-1.22990630182021,7.43955666145261,0.));
#1812=CARTESIAN_POINT('',(-1.21282586380807,7.45457352366433,0.));
#1813=CARTESIAN_POINT('',(-1.20457515885111,7.4625088188298,0.));
#1814=CARTESIAN_POINT('',(-1.18883808882812,7.47905430908442,0.));
#1815=CARTESIAN_POINT('',(-1.1812937135054,7.48773511438606,0.));
#1816=CARTESIAN_POINT('',(-1.16701891012048,7.50572100191574,0.));
#1817=CARTESIAN_POINT('',(-1.1602385538436,7.51510427024143,0.));
#1818=CARTESIAN_POINT('',(-1.1475344875631,7.53445148010253,0.));
#1819=CARTESIAN_POINT('',(-1.14157098320828,7.54450162082922,0.));
#1820=CARTESIAN_POINT('',(-1.13053569506599,7.56515579869946,0.));
#1821=CARTESIAN_POINT('',(-1.1254377316588,7.57585499956475,0.));
#1822=CARTESIAN_POINT('',(-1.11616016580817,7.59781789055937,0.));
#1823=CARTESIAN_POINT('',(-1.11197474383214,7.60918761261121,0.));
#1824=CARTESIAN_POINT('',(-1.104539791094,7.63258812560561,0.));
#1825=CARTESIAN_POINT('',(-1.10131990838706,7.64473956905435,0.));
#1826=CARTESIAN_POINT('',(-1.09582574829091,7.67002060412074,0.));
#1827=CARTESIAN_POINT('',(-1.0936330261566,7.68322498596954,0.));
#1828=CARTESIAN_POINT('',(-1.09208690085407,7.69656880050472,0.));
#1829=ORIENTED_EDGE('',*,*,#3931,.T.);
#1830=ORIENTED_EDGE('',*,*,#3932,.T.);
#1831=ORIENTED_EDGE('',*,*,#3933,.F.);
#1832=ORIENTED_EDGE('',*,*,#3934,.T.);
#1833=CARTESIAN_POINT('',(1.93639263058845,-7.52862594901105,0.));
#1834=CARTESIAN_POINT('',(1.92985774031958,-7.516889548414,0.));
#1835=CARTESIAN_POINT('',(1.92277883105104,-7.50552940871701,0.));
#1836=CARTESIAN_POINT('',(1.90802825571692,-7.48427530190203,0.));
#1837=CARTESIAN_POINT('',(1.90040331589975,-7.47428102777538,0.));
#1838=CARTESIAN_POINT('',(1.88457932660799,-7.45550700600289,0.));
#1839=CARTESIAN_POINT('',(1.87636149664958,-7.44660444415654,0.));
#1840=CARTESIAN_POINT('',(1.85938530893817,-7.42986374943555,0.));
#1841=CARTESIAN_POINT('',(1.85058099797808,-7.42192988287662,0.));
#1842=CARTESIAN_POINT('',(1.83248170944799,-7.40707093262488,0.));
#1843=CARTESIAN_POINT('',(1.82312612748349,-7.40006794762406,0.));
#1844=CARTESIAN_POINT('',(1.80398524399094,-7.3870550921114,0.));
#1845=CARTESIAN_POINT('',(1.79413019027392,-7.38098081256994,0.));
#1846=CARTESIAN_POINT('',(1.77405909042197,-7.36982674996289,0.));
#1847=CARTESIAN_POINT('',(1.7637669961072,-7.36469383906254,0.));
#1848=CARTESIAN_POINT('',(1.74289615421047,-7.3554301152327,0.));
#1849=CARTESIAN_POINT('',(1.73223679078119,-7.35125626653724,0.));
#1850=CARTESIAN_POINT('',(1.71070981932092,-7.34391889554208,0.));
#1851=CARTESIAN_POINT('',(1.69975823996179,-7.34072176421486,0.));
#1852=CARTESIAN_POINT('',(1.67772811741658,-7.33534359328435,0.));
#1853=CARTESIAN_POINT('',(1.66656320844747,-7.33313798399716,0.));
#1854=CARTESIAN_POINT('',(1.6441895779391,-7.32974437090048,0.));
#1855=CARTESIAN_POINT('',(1.63289292980412,-7.32854059698314,0.));
#1856=CARTESIAN_POINT('',(1.61033995681675,-7.32714686093707,0.));
#1857=CARTESIAN_POINT('',(1.5989949114867,-7.32694976325666,0.));
#1858=CARTESIAN_POINT('',(1.57642945106654,-7.32755966907194,0.));
#1859=CARTESIAN_POINT('',(1.56512025254438,-7.32836803906401,0.));
#1860=CARTESIAN_POINT('',(1.54271019921854,-7.33097293919788,0.));
#1861=CARTESIAN_POINT('',(1.53156500827592,-7.33277217357636,0.));
#1862=CARTESIAN_POINT('',(1.52047758635686,-7.33506843249512,0.));
#1863=ORIENTED_EDGE('',*,*,#3935,.T.);
#1864=ORIENTED_EDGE('',*,*,#3936,.T.);
#1865=ORIENTED_EDGE('',*,*,#3937,.T.);
#1866=ORIENTED_EDGE('',*,*,#3938,.T.);
#1867=CARTESIAN_POINT('',(4.11153661712959,-6.26181664103977,0.));
#1868=CARTESIAN_POINT('',(4.10207292565194,-6.2680329320118,0.));
#1869=CARTESIAN_POINT('',(4.09291983472882,-6.27464152127498,0.));
#1870=CARTESIAN_POINT('',(4.07523159150639,-6.28864587939946,0.));
#1871=CARTESIAN_POINT('',(4.06666317663849,-6.29607108646116,0.));
#1872=CARTESIAN_POINT('',(4.05027571801692,-6.31159600800698,0.));
#1873=CARTESIAN_POINT('',(4.04239292863755,-6.31975753559911,0.));
#1874=CARTESIAN_POINT('',(4.02743108871163,-6.33669041594375,0.));
#1875=CARTESIAN_POINT('',(4.02029434891067,-6.34552954914464,0.));
#1876=CARTESIAN_POINT('',(4.00687344989182,-6.36374974183026,0.));
#1877=CARTESIAN_POINT('',(4.00053826833206,-6.37320412595726,0.));
#1878=CARTESIAN_POINT('',(3.98876356042531,-6.3925847161347,0.));
#1879=CARTESIAN_POINT('',(3.98328033763759,-6.40258936540606,0.));
#1880=CARTESIAN_POINT('',(3.97324677492639,-6.42299953769079,0.));
#1881=CARTESIAN_POINT('',(3.96866082347861,-6.43348820257097,0.));
#1882=CARTESIAN_POINT('',(3.96045335158348,-6.45479655834434,0.));
#1883=CARTESIAN_POINT('',(3.95680525800576,-6.46570368413179,0.));
#1884=CARTESIAN_POINT('',(3.9504999605018,-6.48778320825019,0.));
#1885=CARTESIAN_POINT('',(3.94782654944413,-6.49904694781705,0.));
#1886=CARTESIAN_POINT('',(3.94349337930424,-6.52178307470814,0.));
#1887=CARTESIAN_POINT('',(3.94182984203782,-6.53335032833981,0.));
#1888=CARTESIAN_POINT('',(3.93953857686787,-6.5566553224784,0.));
#1889=CARTESIAN_POINT('',(3.93892307972916,-6.56849100130681,0.));
#1890=CARTESIAN_POINT('',(3.93875656103872,-6.59233243751523,0.));
#1891=CARTESIAN_POINT('',(3.93924073959997,-6.60443838265695,0.));
#1892=CARTESIAN_POINT('',(3.94132672757182,-6.62890287089604,0.));
#1893=CARTESIAN_POINT('',(3.94300209992895,-6.6413615365549,0.));
#1894=CARTESIAN_POINT('',(3.94760079114072,-6.666820691457,0.));
#1895=CARTESIAN_POINT('',(3.95062807820851,-6.67985906801915,0.));
#1896=CARTESIAN_POINT('',(3.95430610143397,-6.69277882169147,0.));
#1897=ORIENTED_EDGE('',*,*,#3939,.T.);
#1898=ORIENTED_EDGE('',*,*,#3940,.T.);
#1899=ORIENTED_EDGE('',*,*,#3941,.F.);
#1900=ORIENTED_EDGE('',*,*,#3942,.T.);
#1901=CARTESIAN_POINT('',(4.67007393746679,-6.21451804394462,0.));
#1902=CARTESIAN_POINT('',(4.65954516003608,-6.20617581788587,0.));
#1903=CARTESIAN_POINT('',(4.64865776339899,-6.19838939862964,0.));
#1904=CARTESIAN_POINT('',(4.62689641420722,-6.18439796515969,0.));
#1905=CARTESIAN_POINT('',(4.61602724524671,-6.17808239799259,0.));
#1906=CARTESIAN_POINT('',(4.59422327832618,-6.16679304206994,0.));
#1907=CARTESIAN_POINT('',(4.58322413050175,-6.16171297476826,0.));
#1908=CARTESIAN_POINT('',(4.5611337916191,-6.15274309533739,0.));
#1909=CARTESIAN_POINT('',(4.54996350963851,-6.14878242234773,0.));
#1910=CARTESIAN_POINT('',(4.52755567332887,-6.14198084019361,0.));
#1911=CARTESIAN_POINT('',(4.51623231630022,-6.13909115190282,0.));
#1912=CARTESIAN_POINT('',(4.49356864159482,-6.13439374002858,0.));
#1913=CARTESIAN_POINT('',(4.48213923302979,-6.13255320326804,0.));
#1914=CARTESIAN_POINT('',(4.4593274797183,-6.12992907050372,0.));
#1915=CARTESIAN_POINT('',(4.44785454447284,-6.12912549315928,0.));
#1916=CARTESIAN_POINT('',(4.42502732718648,-6.12855385373145,0.));
#1917=CARTESIAN_POINT('',(4.41358209673962,-6.12877688213387,0.));
#1918=CARTESIAN_POINT('',(4.39088587809356,-6.13023605057583,0.));
#1919=CARTESIAN_POINT('',(4.37954444888497,-6.13147327435884,0.));
#1920=CARTESIAN_POINT('',(4.3571331326552,-6.13493505522481,0.));
#1921=CARTESIAN_POINT('',(4.34597405164381,-6.137169963634,0.));
#1922=CARTESIAN_POINT('',(4.3240048328412,-6.14259669167013,0.));
#1923=CARTESIAN_POINT('',(4.31310742650883,-6.14580758966865,0.));
#1924=CARTESIAN_POINT('',(4.2917378366746,-6.1531505945748,0.));
#1925=CARTESIAN_POINT('',(4.2811809554819,-6.1573100609492,0.));
#1926=CARTESIAN_POINT('',(4.26056658930883,-6.16650896829518,0.));
#1927=CARTESIAN_POINT('',(4.25042760206829,-6.17158364769332,0.));
#1928=CARTESIAN_POINT('',(4.23072026460226,-6.18256621773745,0.));
#1929=CARTESIAN_POINT('',(4.22111198799202,-6.18849357347821,0.));
#1930=CARTESIAN_POINT('',(4.21174728605732,-6.19485801277066,0.));
#1931=ORIENTED_EDGE('',*,*,#3943,.T.);
#1932=ORIENTED_EDGE('',*,*,#3944,.T.);
#1933=ORIENTED_EDGE('',*,*,#3945,.T.);
#1934=ORIENTED_EDGE('',*,*,#3946,.T.);
#1935=CARTESIAN_POINT('',(6.19485801277066,-4.21174728605732,0.));
#1936=CARTESIAN_POINT('',(6.18849357347821,-4.22111198799202,0.));
#1937=CARTESIAN_POINT('',(6.18256621773745,-4.23072026460226,0.));
#1938=CARTESIAN_POINT('',(6.17158364769331,-4.25042760206829,0.));
#1939=CARTESIAN_POINT('',(6.16650896829518,-4.26056658930883,0.));
#1940=CARTESIAN_POINT('',(6.1573100609492,-4.2811809554819,0.));
#1941=CARTESIAN_POINT('',(6.1531505945748,-4.2917378366746,0.));
#1942=CARTESIAN_POINT('',(6.14580758966864,-4.31310742650883,0.));
#1943=CARTESIAN_POINT('',(6.14259669167013,-4.3240048328412,0.));
#1944=CARTESIAN_POINT('',(6.137169963634,-4.34597405164381,0.));
#1945=CARTESIAN_POINT('',(6.13493505522481,-4.3571331326552,0.));
#1946=CARTESIAN_POINT('',(6.13147327435883,-4.37954444888497,0.));
#1947=CARTESIAN_POINT('',(6.13023605057583,-4.39088587809356,0.));
#1948=CARTESIAN_POINT('',(6.12877688213386,-4.41358209673962,0.));
#1949=CARTESIAN_POINT('',(6.12855385373145,-4.42502732718648,0.));
#1950=CARTESIAN_POINT('',(6.12912549315928,-4.44785454447284,0.));
#1951=CARTESIAN_POINT('',(6.12992907050372,-4.4593274797183,0.));
#1952=CARTESIAN_POINT('',(6.13255320326804,-4.48213923302978,0.));
#1953=CARTESIAN_POINT('',(6.13439374002858,-4.49356864159482,0.));
#1954=CARTESIAN_POINT('',(6.13909115190282,-4.51623231630022,0.));
#1955=CARTESIAN_POINT('',(6.14198084019361,-4.52755567332887,0.));
#1956=CARTESIAN_POINT('',(6.14878242234773,-4.54996350963851,0.));
#1957=CARTESIAN_POINT('',(6.15274309533739,-4.5611337916191,0.));
#1958=CARTESIAN_POINT('',(6.16171297476826,-4.58322413050175,0.));
#1959=CARTESIAN_POINT('',(6.16679304206994,-4.59422327832618,0.));
#1960=CARTESIAN_POINT('',(6.17808239799259,-4.61602724524671,0.));
#1961=CARTESIAN_POINT('',(6.18439796515969,-4.62689641420722,0.));
#1962=CARTESIAN_POINT('',(6.19838939862964,-4.64865776339899,0.));
#1963=CARTESIAN_POINT('',(6.20617581788587,-4.65954516003608,0.));
#1964=CARTESIAN_POINT('',(6.21451804394462,-4.67007393746679,0.));
#1965=ORIENTED_EDGE('',*,*,#3947,.T.);
#1966=ORIENTED_EDGE('',*,*,#3948,.T.);
#1967=ORIENTED_EDGE('',*,*,#3949,.F.);
#1968=ORIENTED_EDGE('',*,*,#3950,.T.);
#1969=CARTESIAN_POINT('',(6.69277882169147,-3.95430610143397,0.));
#1970=CARTESIAN_POINT('',(6.67985906801914,-3.95062807820851,0.));
#1971=CARTESIAN_POINT('',(6.66682069145699,-3.94760079114072,0.));
#1972=CARTESIAN_POINT('',(6.6413615365549,-3.94300209992895,0.));
#1973=CARTESIAN_POINT('',(6.62890287089604,-3.94132672757182,0.));
#1974=CARTESIAN_POINT('',(6.60443838265694,-3.93924073959997,0.));
#1975=CARTESIAN_POINT('',(6.59233243751523,-3.93875656103872,0.));
#1976=CARTESIAN_POINT('',(6.56849100130681,-3.93892307972916,0.));
#1977=CARTESIAN_POINT('',(6.5566553224784,-3.93953857686787,0.));
#1978=CARTESIAN_POINT('',(6.53335032833981,-3.94182984203782,0.));
#1979=CARTESIAN_POINT('',(6.52178307470813,-3.94349337930424,0.));
#1980=CARTESIAN_POINT('',(6.49904694781705,-3.94782654944413,0.));
#1981=CARTESIAN_POINT('',(6.48778320825019,-3.9504999605018,0.));
#1982=CARTESIAN_POINT('',(6.46570368413179,-3.95680525800576,0.));
#1983=CARTESIAN_POINT('',(6.45479655834434,-3.96045335158348,0.));
#1984=CARTESIAN_POINT('',(6.43348820257096,-3.96866082347861,0.));
#1985=CARTESIAN_POINT('',(6.42299953769079,-3.97324677492639,0.));
#1986=CARTESIAN_POINT('',(6.40258936540606,-3.98328033763759,0.));
#1987=CARTESIAN_POINT('',(6.3925847161347,-3.98876356042531,0.));
#1988=CARTESIAN_POINT('',(6.37320412595726,-4.00053826833206,0.));
#1989=CARTESIAN_POINT('',(6.36374974183026,-4.00687344989182,0.));
#1990=CARTESIAN_POINT('',(6.34552954914464,-4.02029434891067,0.));
#1991=CARTESIAN_POINT('',(6.33669041594375,-4.02743108871163,0.));
#1992=CARTESIAN_POINT('',(6.31975753559911,-4.04239292863755,0.));
#1993=CARTESIAN_POINT('',(6.31159600800698,-4.05027571801692,0.));
#1994=CARTESIAN_POINT('',(6.29607108646115,-4.06666317663849,0.));
#1995=CARTESIAN_POINT('',(6.28864587939946,-4.07523159150639,0.));
#1996=CARTESIAN_POINT('',(6.27464152127498,-4.09291983472882,0.));
#1997=CARTESIAN_POINT('',(6.2680329320118,-4.10207292565194,0.));
#1998=CARTESIAN_POINT('',(6.26181664103977,-4.11153661712959,0.));
#1999=ORIENTED_EDGE('',*,*,#3951,.T.);
#2000=ORIENTED_EDGE('',*,*,#3930,.F.);
#2001=ORIENTED_EDGE('',*,*,#3952,.F.);
#2002=ORIENTED_EDGE('',*,*,#3953,.F.);
#2003=ORIENTED_EDGE('',*,*,#3954,.F.);
#2004=ORIENTED_EDGE('',*,*,#3955,.F.);
#2005=ORIENTED_EDGE('',*,*,#3956,.F.);
#2006=ORIENTED_EDGE('',*,*,#3957,.F.);
#2007=ORIENTED_EDGE('',*,*,#3958,.F.);
#2008=ORIENTED_EDGE('',*,*,#3959,.F.);
#2009=ORIENTED_EDGE('',*,*,#3960,.F.);
#2010=ORIENTED_EDGE('',*,*,#3961,.F.);
#2011=ORIENTED_EDGE('',*,*,#3962,.F.);
#2012=ORIENTED_EDGE('',*,*,#3963,.F.);
#2013=ORIENTED_EDGE('',*,*,#3964,.F.);
#2014=ORIENTED_EDGE('',*,*,#3965,.F.);
#2015=ORIENTED_EDGE('',*,*,#3966,.F.);
#2016=ORIENTED_EDGE('',*,*,#3967,.F.);
#2017=ORIENTED_EDGE('',*,*,#3968,.F.);
#2018=ORIENTED_EDGE('',*,*,#3969,.F.);
#2019=ORIENTED_EDGE('',*,*,#3970,.F.);
#2020=ORIENTED_EDGE('',*,*,#3971,.F.);
#2021=ORIENTED_EDGE('',*,*,#3972,.F.);
#2022=ORIENTED_EDGE('',*,*,#3973,.F.);
#2023=ORIENTED_EDGE('',*,*,#3974,.F.);
#2024=ORIENTED_EDGE('',*,*,#3975,.F.);
#2025=ORIENTED_EDGE('',*,*,#3976,.F.);
#2026=ORIENTED_EDGE('',*,*,#3977,.F.);
#2027=ORIENTED_EDGE('',*,*,#3978,.F.);
#2028=ORIENTED_EDGE('',*,*,#3979,.F.);
#2029=ORIENTED_EDGE('',*,*,#3980,.F.);
#2030=ORIENTED_EDGE('',*,*,#3981,.F.);
#2031=ORIENTED_EDGE('',*,*,#3982,.F.);
#2032=ORIENTED_EDGE('',*,*,#3983,.F.);
#2033=ORIENTED_EDGE('',*,*,#3984,.F.);
#2034=ORIENTED_EDGE('',*,*,#3985,.F.);
#2035=ORIENTED_EDGE('',*,*,#3986,.F.);
#2036=ORIENTED_EDGE('',*,*,#3987,.F.);
#2037=ORIENTED_EDGE('',*,*,#3988,.F.);
#2038=ORIENTED_EDGE('',*,*,#3989,.F.);
#2039=ORIENTED_EDGE('',*,*,#3990,.F.);
#2040=ORIENTED_EDGE('',*,*,#3991,.F.);
#2041=ORIENTED_EDGE('',*,*,#3992,.F.);
#2042=ORIENTED_EDGE('',*,*,#3993,.F.);
#2043=ORIENTED_EDGE('',*,*,#3994,.F.);
#2044=ORIENTED_EDGE('',*,*,#3995,.F.);
#2045=ORIENTED_EDGE('',*,*,#3996,.F.);
#2046=ORIENTED_EDGE('',*,*,#3997,.F.);
#2047=ORIENTED_EDGE('',*,*,#3998,.F.);
#2048=ORIENTED_EDGE('',*,*,#3999,.F.);
#2049=ORIENTED_EDGE('',*,*,#4000,.F.);
#2050=ORIENTED_EDGE('',*,*,#3932,.F.);
#2051=ORIENTED_EDGE('',*,*,#4001,.T.);
#2052=ORIENTED_EDGE('',*,*,#3938,.F.);
#2053=ORIENTED_EDGE('',*,*,#4002,.F.);
#2054=ORIENTED_EDGE('',*,*,#3940,.F.);
#2055=ORIENTED_EDGE('',*,*,#4003,.T.);
#2056=ORIENTED_EDGE('',*,*,#3946,.F.);
#2057=ORIENTED_EDGE('',*,*,#4004,.F.);
#2058=ORIENTED_EDGE('',*,*,#3948,.F.);
#2059=ORIENTED_EDGE('',*,*,#4005,.T.);
#2060=ORIENTED_EDGE('',*,*,#3890,.F.);
#2061=ORIENTED_EDGE('',*,*,#4006,.F.);
#2062=ORIENTED_EDGE('',*,*,#3892,.F.);
#2063=ORIENTED_EDGE('',*,*,#4007,.T.);
#2064=ORIENTED_EDGE('',*,*,#3898,.F.);
#2065=ORIENTED_EDGE('',*,*,#4008,.F.);
#2066=ORIENTED_EDGE('',*,*,#3900,.F.);
#2067=ORIENTED_EDGE('',*,*,#4009,.T.);
#2068=ORIENTED_EDGE('',*,*,#3906,.F.);
#2069=ORIENTED_EDGE('',*,*,#4010,.F.);
#2070=ORIENTED_EDGE('',*,*,#3908,.F.);
#2071=ORIENTED_EDGE('',*,*,#4011,.T.);
#2072=ORIENTED_EDGE('',*,*,#3914,.F.);
#2073=ORIENTED_EDGE('',*,*,#4012,.F.);
#2074=ORIENTED_EDGE('',*,*,#3916,.F.);
#2075=ORIENTED_EDGE('',*,*,#4013,.T.);
#2076=ORIENTED_EDGE('',*,*,#3922,.F.);
#2077=ORIENTED_EDGE('',*,*,#4014,.F.);
#2078=ORIENTED_EDGE('',*,*,#3924,.F.);
#2079=ORIENTED_EDGE('',*,*,#4015,.T.);
#2080=ORIENTED_EDGE('',*,*,#4016,.T.);
#2081=ORIENTED_EDGE('',*,*,#3926,.F.);
#2082=ORIENTED_EDGE('',*,*,#4017,.F.);
#2083=ORIENTED_EDGE('',*,*,#3920,.F.);
#2084=ORIENTED_EDGE('',*,*,#4018,.T.);
#2085=ORIENTED_EDGE('',*,*,#3918,.F.);
#2086=ORIENTED_EDGE('',*,*,#4019,.F.);
#2087=ORIENTED_EDGE('',*,*,#3912,.F.);
#2088=ORIENTED_EDGE('',*,*,#4020,.T.);
#2089=ORIENTED_EDGE('',*,*,#3910,.F.);
#2090=ORIENTED_EDGE('',*,*,#4021,.F.);
#2091=ORIENTED_EDGE('',*,*,#3904,.F.);
#2092=ORIENTED_EDGE('',*,*,#4022,.T.);
#2093=ORIENTED_EDGE('',*,*,#3902,.F.);
#2094=ORIENTED_EDGE('',*,*,#4023,.F.);
#2095=ORIENTED_EDGE('',*,*,#3896,.F.);
#2096=ORIENTED_EDGE('',*,*,#4024,.T.);
#2097=ORIENTED_EDGE('',*,*,#3894,.F.);
#2098=ORIENTED_EDGE('',*,*,#4025,.F.);
#2099=ORIENTED_EDGE('',*,*,#3888,.F.);
#2100=ORIENTED_EDGE('',*,*,#4026,.T.);
#2101=ORIENTED_EDGE('',*,*,#3950,.F.);
#2102=ORIENTED_EDGE('',*,*,#4027,.F.);
#2103=ORIENTED_EDGE('',*,*,#3944,.F.);
#2104=ORIENTED_EDGE('',*,*,#4028,.T.);
#2105=ORIENTED_EDGE('',*,*,#3942,.F.);
#2106=ORIENTED_EDGE('',*,*,#4029,.F.);
#2107=ORIENTED_EDGE('',*,*,#3936,.F.);
#2108=ORIENTED_EDGE('',*,*,#4030,.T.);
#2109=ORIENTED_EDGE('',*,*,#3934,.F.);
#2110=ORIENTED_EDGE('',*,*,#4031,.F.);
#2111=ORIENTED_EDGE('',*,*,#4032,.F.);
#2112=ORIENTED_EDGE('',*,*,#4033,.F.);
#2113=ORIENTED_EDGE('',*,*,#4034,.F.);
#2114=ORIENTED_EDGE('',*,*,#4035,.F.);
#2115=ORIENTED_EDGE('',*,*,#4036,.F.);
#2116=ORIENTED_EDGE('',*,*,#4037,.F.);
#2117=ORIENTED_EDGE('',*,*,#4038,.F.);
#2118=ORIENTED_EDGE('',*,*,#4039,.F.);
#2119=ORIENTED_EDGE('',*,*,#4040,.F.);
#2120=ORIENTED_EDGE('',*,*,#4041,.F.);
#2121=ORIENTED_EDGE('',*,*,#4042,.F.);
#2122=ORIENTED_EDGE('',*,*,#4043,.F.);
#2123=ORIENTED_EDGE('',*,*,#4044,.F.);
#2124=ORIENTED_EDGE('',*,*,#4045,.F.);
#2125=ORIENTED_EDGE('',*,*,#4046,.F.);
#2126=ORIENTED_EDGE('',*,*,#4047,.F.);
#2127=ORIENTED_EDGE('',*,*,#4048,.F.);
#2128=ORIENTED_EDGE('',*,*,#4049,.F.);
#2129=ORIENTED_EDGE('',*,*,#4050,.F.);
#2130=ORIENTED_EDGE('',*,*,#4051,.F.);
#2131=ORIENTED_EDGE('',*,*,#4052,.F.);
#2132=ORIENTED_EDGE('',*,*,#4053,.F.);
#2133=ORIENTED_EDGE('',*,*,#4054,.F.);
#2134=ORIENTED_EDGE('',*,*,#4055,.F.);
#2135=ORIENTED_EDGE('',*,*,#4056,.F.);
#2136=ORIENTED_EDGE('',*,*,#4057,.F.);
#2137=ORIENTED_EDGE('',*,*,#4058,.F.);
#2138=ORIENTED_EDGE('',*,*,#4059,.F.);
#2139=ORIENTED_EDGE('',*,*,#4060,.F.);
#2140=ORIENTED_EDGE('',*,*,#4061,.F.);
#2141=ORIENTED_EDGE('',*,*,#4062,.F.);
#2142=ORIENTED_EDGE('',*,*,#4063,.F.);
#2143=ORIENTED_EDGE('',*,*,#4064,.F.);
#2144=ORIENTED_EDGE('',*,*,#4065,.F.);
#2145=ORIENTED_EDGE('',*,*,#4066,.F.);
#2146=ORIENTED_EDGE('',*,*,#4067,.F.);
#2147=ORIENTED_EDGE('',*,*,#4068,.F.);
#2148=ORIENTED_EDGE('',*,*,#4069,.F.);
#2149=ORIENTED_EDGE('',*,*,#4070,.F.);
#2150=ORIENTED_EDGE('',*,*,#4071,.F.);
#2151=ORIENTED_EDGE('',*,*,#4072,.F.);
#2152=ORIENTED_EDGE('',*,*,#4073,.F.);
#2153=ORIENTED_EDGE('',*,*,#4074,.F.);
#2154=ORIENTED_EDGE('',*,*,#4075,.F.);
#2155=ORIENTED_EDGE('',*,*,#4076,.F.);
#2156=ORIENTED_EDGE('',*,*,#4077,.F.);
#2157=ORIENTED_EDGE('',*,*,#4078,.F.);
#2158=ORIENTED_EDGE('',*,*,#4079,.F.);
#2159=ORIENTED_EDGE('',*,*,#3928,.F.);
#2160=ORIENTED_EDGE('',*,*,#4080,.T.);
#2161=ORIENTED_EDGE('',*,*,#4081,.T.);
#2162=ORIENTED_EDGE('',*,*,#4082,.T.);
#2163=ORIENTED_EDGE('',*,*,#4083,.T.);
#2164=ORIENTED_EDGE('',*,*,#4084,.T.);
#2165=ORIENTED_EDGE('',*,*,#4085,.T.);
#2166=ORIENTED_EDGE('',*,*,#4086,.T.);
#2167=ORIENTED_EDGE('',*,*,#4087,.T.);
#2168=ORIENTED_EDGE('',*,*,#4088,.T.);
#2169=ORIENTED_EDGE('',*,*,#4089,.T.);
#2170=ORIENTED_EDGE('',*,*,#4090,.T.);
#2171=ORIENTED_EDGE('',*,*,#4091,.T.);
#2172=ORIENTED_EDGE('',*,*,#4092,.T.);
#2173=ORIENTED_EDGE('',*,*,#4093,.T.);
#2174=ORIENTED_EDGE('',*,*,#4094,.T.);
#2175=ORIENTED_EDGE('',*,*,#4095,.T.);
#2176=ORIENTED_EDGE('',*,*,#4096,.T.);
#2177=ORIENTED_EDGE('',*,*,#4097,.T.);
#2178=ORIENTED_EDGE('',*,*,#4098,.T.);
#2179=ORIENTED_EDGE('',*,*,#4099,.T.);
#2180=ORIENTED_EDGE('',*,*,#4100,.T.);
#2181=ORIENTED_EDGE('',*,*,#4101,.T.);
#2182=ORIENTED_EDGE('',*,*,#4102,.T.);
#2183=ORIENTED_EDGE('',*,*,#4103,.T.);
#2184=ORIENTED_EDGE('',*,*,#4104,.T.);
#2185=ORIENTED_EDGE('',*,*,#4105,.T.);
#2186=ORIENTED_EDGE('',*,*,#4106,.T.);
#2187=ORIENTED_EDGE('',*,*,#4107,.T.);
#2188=ORIENTED_EDGE('',*,*,#4108,.T.);
#2189=ORIENTED_EDGE('',*,*,#4109,.T.);
#2190=ORIENTED_EDGE('',*,*,#4110,.T.);
#2191=ORIENTED_EDGE('',*,*,#4111,.T.);
#2192=ORIENTED_EDGE('',*,*,#4112,.T.);
#2193=ORIENTED_EDGE('',*,*,#4113,.T.);
#2194=ORIENTED_EDGE('',*,*,#4114,.T.);
#2195=ORIENTED_EDGE('',*,*,#4115,.T.);
#2196=ORIENTED_EDGE('',*,*,#4116,.T.);
#2197=ORIENTED_EDGE('',*,*,#4117,.T.);
#2198=ORIENTED_EDGE('',*,*,#4118,.T.);
#2199=ORIENTED_EDGE('',*,*,#4119,.T.);
#2200=ORIENTED_EDGE('',*,*,#4120,.T.);
#2201=ORIENTED_EDGE('',*,*,#4121,.T.);
#2202=ORIENTED_EDGE('',*,*,#4016,.F.);
#2203=ORIENTED_EDGE('',*,*,#3927,.F.);
#2204=ORIENTED_EDGE('',*,*,#3951,.F.);
#2205=ORIENTED_EDGE('',*,*,#3923,.F.);
#2206=ORIENTED_EDGE('',*,*,#4018,.F.);
#2207=ORIENTED_EDGE('',*,*,#3919,.F.);
#2208=ORIENTED_EDGE('',*,*,#4013,.F.);
#2209=ORIENTED_EDGE('',*,*,#3915,.F.);
#2210=ORIENTED_EDGE('',*,*,#4020,.F.);
#2211=ORIENTED_EDGE('',*,*,#3911,.F.);
#2212=ORIENTED_EDGE('',*,*,#4011,.F.);
#2213=ORIENTED_EDGE('',*,*,#3907,.F.);
#2214=ORIENTED_EDGE('',*,*,#4022,.F.);
#2215=ORIENTED_EDGE('',*,*,#3903,.F.);
#2216=ORIENTED_EDGE('',*,*,#4009,.F.);
#2217=ORIENTED_EDGE('',*,*,#3899,.F.);
#2218=ORIENTED_EDGE('',*,*,#4024,.F.);
#2219=ORIENTED_EDGE('',*,*,#3895,.F.);
#2220=ORIENTED_EDGE('',*,*,#4007,.F.);
#2221=ORIENTED_EDGE('',*,*,#3891,.F.);
#2222=ORIENTED_EDGE('',*,*,#4026,.F.);
#2223=ORIENTED_EDGE('',*,*,#3887,.F.);
#2224=ORIENTED_EDGE('',*,*,#4005,.F.);
#2225=ORIENTED_EDGE('',*,*,#3947,.F.);
#2226=ORIENTED_EDGE('',*,*,#4028,.F.);
#2227=ORIENTED_EDGE('',*,*,#3943,.F.);
#2228=ORIENTED_EDGE('',*,*,#4003,.F.);
#2229=ORIENTED_EDGE('',*,*,#3939,.F.);
#2230=ORIENTED_EDGE('',*,*,#4030,.F.);
#2231=ORIENTED_EDGE('',*,*,#3935,.F.);
#2232=ORIENTED_EDGE('',*,*,#4001,.F.);
#2233=ORIENTED_EDGE('',*,*,#3931,.F.);
#2234=ORIENTED_EDGE('',*,*,#4025,.T.);
#2235=ORIENTED_EDGE('',*,*,#3893,.T.);
#2236=ORIENTED_EDGE('',*,*,#4006,.T.);
#2237=ORIENTED_EDGE('',*,*,#3889,.F.);
#2238=ORIENTED_EDGE('',*,*,#4023,.T.);
#2239=ORIENTED_EDGE('',*,*,#3901,.T.);
#2240=ORIENTED_EDGE('',*,*,#4008,.T.);
#2241=ORIENTED_EDGE('',*,*,#3897,.F.);
#2242=ORIENTED_EDGE('',*,*,#4021,.T.);
#2243=ORIENTED_EDGE('',*,*,#3909,.T.);
#2244=ORIENTED_EDGE('',*,*,#4010,.T.);
#2245=ORIENTED_EDGE('',*,*,#3905,.F.);
#2246=ORIENTED_EDGE('',*,*,#4019,.T.);
#2247=ORIENTED_EDGE('',*,*,#3917,.T.);
#2248=ORIENTED_EDGE('',*,*,#4012,.T.);
#2249=ORIENTED_EDGE('',*,*,#3913,.F.);
#2250=ORIENTED_EDGE('',*,*,#4017,.T.);
#2251=ORIENTED_EDGE('',*,*,#3925,.T.);
#2252=ORIENTED_EDGE('',*,*,#4014,.T.);
#2253=ORIENTED_EDGE('',*,*,#3921,.F.);
#2254=ORIENTED_EDGE('',*,*,#4079,.T.);
#2255=ORIENTED_EDGE('',*,*,#4122,.T.);
#2256=ORIENTED_EDGE('',*,*,#3952,.T.);
#2257=ORIENTED_EDGE('',*,*,#3929,.F.);
#2258=ORIENTED_EDGE('',*,*,#4031,.T.);
#2259=ORIENTED_EDGE('',*,*,#3933,.T.);
#2260=ORIENTED_EDGE('',*,*,#4000,.T.);
#2261=ORIENTED_EDGE('',*,*,#4123,.F.);
#2262=ORIENTED_EDGE('',*,*,#4029,.T.);
#2263=ORIENTED_EDGE('',*,*,#3941,.T.);
#2264=ORIENTED_EDGE('',*,*,#4002,.T.);
#2265=ORIENTED_EDGE('',*,*,#3937,.F.);
#2266=ORIENTED_EDGE('',*,*,#4027,.T.);
#2267=ORIENTED_EDGE('',*,*,#3949,.T.);
#2268=ORIENTED_EDGE('',*,*,#4004,.T.);
#2269=ORIENTED_EDGE('',*,*,#3945,.F.);
#2270=ORIENTED_EDGE('',*,*,#4078,.T.);
#2271=ORIENTED_EDGE('',*,*,#4124,.T.);
#2272=ORIENTED_EDGE('',*,*,#3953,.T.);
#2273=ORIENTED_EDGE('',*,*,#4122,.F.);
#2274=CARTESIAN_POINT('',(-1.93639263058845,7.52862594901105,0.));
#2275=CARTESIAN_POINT('',(-1.92985774031958,7.516889548414,0.));
#2276=CARTESIAN_POINT('',(-1.92277883105104,7.50552940871701,0.));
#2277=CARTESIAN_POINT('',(-1.90802825571692,7.48427530190203,0.));
#2278=CARTESIAN_POINT('',(-1.90040331589975,7.47428102777538,0.));
#2279=CARTESIAN_POINT('',(-1.88457932660799,7.45550700600289,0.));
#2280=CARTESIAN_POINT('',(-1.87636149664958,7.44660444415654,0.));
#2281=CARTESIAN_POINT('',(-1.85938530893817,7.42986374943555,0.));
#2282=CARTESIAN_POINT('',(-1.85058099797808,7.42192988287662,0.));
#2283=CARTESIAN_POINT('',(-1.832481709448,7.40707093262488,0.));
#2284=CARTESIAN_POINT('',(-1.82312612748349,7.40006794762406,0.));
#2285=CARTESIAN_POINT('',(-1.80398524399094,7.3870550921114,0.));
#2286=CARTESIAN_POINT('',(-1.79413019027392,7.38098081256994,0.));
#2287=CARTESIAN_POINT('',(-1.77405909042197,7.36982674996289,0.));
#2288=CARTESIAN_POINT('',(-1.7637669961072,7.36469383906254,0.));
#2289=CARTESIAN_POINT('',(-1.74289615421047,7.3554301152327,0.));
#2290=CARTESIAN_POINT('',(-1.73223679078119,7.35125626653724,0.));
#2291=CARTESIAN_POINT('',(-1.71070981932092,7.34391889554208,0.));
#2292=CARTESIAN_POINT('',(-1.69975823996179,7.34072176421486,0.));
#2293=CARTESIAN_POINT('',(-1.67772811741658,7.33534359328435,0.));
#2294=CARTESIAN_POINT('',(-1.66656320844747,7.33313798399716,0.));
#2295=CARTESIAN_POINT('',(-1.6441895779391,7.32974437090048,0.));
#2296=CARTESIAN_POINT('',(-1.63289292980412,7.32854059698314,0.));
#2297=CARTESIAN_POINT('',(-1.61033995681676,7.32714686093707,0.));
#2298=CARTESIAN_POINT('',(-1.5989949114867,7.32694976325666,0.));
#2299=CARTESIAN_POINT('',(-1.57642945106654,7.32755966907194,0.));
#2300=CARTESIAN_POINT('',(-1.56512025254438,7.32836803906401,0.));
#2301=CARTESIAN_POINT('',(-1.54271019921854,7.33097293919788,0.));
#2302=CARTESIAN_POINT('',(-1.53156500827592,7.33277217357636,0.));
#2303=CARTESIAN_POINT('',(-1.52047758635686,7.33506843249512,0.));
#2304=ORIENTED_EDGE('',*,*,#4077,.T.);
#2305=ORIENTED_EDGE('',*,*,#4125,.F.);
#2306=ORIENTED_EDGE('',*,*,#3954,.T.);
#2307=ORIENTED_EDGE('',*,*,#4124,.F.);
#2308=CARTESIAN_POINT('',(-3.18463925378659,8.78083214013578,0.));
#2309=CARTESIAN_POINT('',(-3.1462732428433,8.75530097530386,0.));
#2310=CARTESIAN_POINT('',(-3.10824947615919,8.72928315972643,0.));
#2311=CARTESIAN_POINT('',(-3.03334069787493,8.6765937495445,0.));
#2312=CARTESIAN_POINT('',(-2.99642212382418,8.64994264525511,0.));
#2313=CARTESIAN_POINT('',(-2.92380031227095,8.59598637749549,0.));
#2314=CARTESIAN_POINT('',(-2.88803582019051,8.5687109813952,0.));
#2315=CARTESIAN_POINT('',(-2.81775372846575,8.51352222214265,0.));
#2316=CARTESIAN_POINT('',(-2.78317033902593,8.48563954984213,0.));
#2317=CARTESIAN_POINT('',(-2.71528530528246,8.42925147910743,0.));
#2318=CARTESIAN_POINT('',(-2.68191249483439,8.40077790801642,0.));
#2319=CARTESIAN_POINT('',(-2.61648769419379,8.34322218796314,0.));
#2320=CARTESIAN_POINT('',(-2.58435806238048,8.31417328106055,0.));
#2321=CARTESIAN_POINT('',(-2.52146417950588,8.25547961869989,0.));
#2322=CARTESIAN_POINT('',(-2.49061433973778,8.2258698924705,0.));
#2323=CARTESIAN_POINT('',(-2.43033185892115,8.1660654474177,0.));
#2324=CARTESIAN_POINT('',(-2.40080365325498,8.13590805854877,0.));
#2325=CARTESIAN_POINT('',(-2.34322608800459,8.07501661502405,0.));
#2326=CARTESIAN_POINT('',(-2.31506828863062,8.04432292532884,0.));
#2327=CARTESIAN_POINT('',(-2.26030690428132,7.98236368946341,0.));
#2328=CARTESIAN_POINT('',(-2.23357766984999,7.95114264215896,0.));
#2329=CARTESIAN_POINT('',(-2.18176871144186,7.88812841050822,0.));
#2330=CARTESIAN_POINT('',(-2.15653925656396,7.85638560410182,0.));
#2331=CARTESIAN_POINT('',(-2.10785568586946,7.79231980030803,0.));
#2332=CARTESIAN_POINT('',(-2.0842159586204,7.76005606496482,0.));
#2333=CARTESIAN_POINT('',(-2.03888811186841,7.6949275369714,0.));
#2334=CARTESIAN_POINT('',(-2.01695574497038,7.66213671436277,0.));
#2335=CARTESIAN_POINT('',(-1.97531221846604,7.5959094527971,0.));
#2336=CARTESIAN_POINT('',(-1.95544779036571,7.56252223335059,0.));
#2337=CARTESIAN_POINT('',(-1.93639263058845,7.52862594901105,0.));
#2338=ORIENTED_EDGE('',*,*,#4076,.T.);
#2339=ORIENTED_EDGE('',*,*,#4126,.T.);
#2340=ORIENTED_EDGE('',*,*,#3955,.T.);
#2341=ORIENTED_EDGE('',*,*,#4125,.T.);
#2342=ORIENTED_EDGE('',*,*,#4075,.T.);
#2343=ORIENTED_EDGE('',*,*,#4127,.T.);
#2344=ORIENTED_EDGE('',*,*,#3956,.T.);
#2345=ORIENTED_EDGE('',*,*,#4126,.F.);
#2346=CARTESIAN_POINT('',(-3.95430610143396,6.69277882169147,0.));
#2347=CARTESIAN_POINT('',(-3.96480036125239,6.73022114690008,0.));
#2348=CARTESIAN_POINT('',(-3.97436241871385,6.76787574798981,0.));
#2349=CARTESIAN_POINT('',(-3.99174574448261,6.84415191372605,0.));
#2350=CARTESIAN_POINT('',(-3.99942383214878,6.88284705211436,0.));
#2351=CARTESIAN_POINT('',(-4.01342502812672,6.96095150372213,0.));
#2352=CARTESIAN_POINT('',(-4.0195231227311,7.00048122121293,0.));
#2353=CARTESIAN_POINT('',(-4.03040000406539,7.08020706848814,0.));
#2354=CARTESIAN_POINT('',(-4.03500563909945,7.1204925407818,0.));
#2355=CARTESIAN_POINT('',(-4.04292896379435,7.2016847971099,0.));
#2356=CARTESIAN_POINT('',(-4.04610515513675,7.24266183429695,0.));
#2357=CARTESIAN_POINT('',(-4.05119480475378,7.32519577635507,0.));
#2358=CARTESIAN_POINT('',(-4.05298794999627,7.36681006335882,0.));
#2359=CARTESIAN_POINT('',(-4.05533121579608,7.45058030282415,0.));
#2360=CARTESIAN_POINT('',(-4.05577611550536,7.49278439145907,0.));
#2361=CARTESIAN_POINT('',(-4.0554380931751,7.57769867107319,0.));
#2362=CARTESIAN_POINT('',(-4.05456120048245,7.62045004017761,0.));
#2363=CARTESIAN_POINT('',(-4.05159119607456,7.70642541792128,0.));
#2364=CARTESIAN_POINT('',(-4.04941279459922,7.74968517751038,0.));
#2365=CARTESIAN_POINT('',(-4.04384851435421,7.83664553764688,0.));
#2366=CARTESIAN_POINT('',(-4.04038422898219,7.88037753342501,0.));
#2367=CARTESIAN_POINT('',(-4.03225464847564,7.96825188832063,0.));
#2368=CARTESIAN_POINT('',(-4.02751652594762,8.01242206417125,0.));
#2369=CARTESIAN_POINT('',(-4.01684392820582,8.10114335373855,0.));
#2370=CARTESIAN_POINT('',(-4.01084123087211,8.14571928615639,0.));
#2371=CARTESIAN_POINT('',(-3.99764269828112,8.23522350438807,0.));
#2372=CARTESIAN_POINT('',(-3.99038250078723,8.28017405502023,0.));
#2373=CARTESIAN_POINT('',(-3.97467103492839,8.37039959935179,0.));
#2374=CARTESIAN_POINT('',(-3.96618154548626,8.41568383644685,0.));
#2375=CARTESIAN_POINT('',(-3.95710593876543,8.46086596273616,0.));
#2376=ORIENTED_EDGE('',*,*,#4074,.T.);
#2377=ORIENTED_EDGE('',*,*,#4128,.T.);
#2378=ORIENTED_EDGE('',*,*,#3957,.T.);
#2379=ORIENTED_EDGE('',*,*,#4127,.F.);
#2380=CARTESIAN_POINT('',(-4.11153661712958,6.26181664103977,0.));
#2381=CARTESIAN_POINT('',(-4.10207292565193,6.2680329320118,0.));
#2382=CARTESIAN_POINT('',(-4.09291983472882,6.27464152127498,0.));
#2383=CARTESIAN_POINT('',(-4.07523159150639,6.28864587939946,0.));
#2384=CARTESIAN_POINT('',(-4.06666317663848,6.29607108646116,0.));
#2385=CARTESIAN_POINT('',(-4.05027571801692,6.31159600800698,0.));
#2386=CARTESIAN_POINT('',(-4.04239292863755,6.31975753559911,0.));
#2387=CARTESIAN_POINT('',(-4.02743108871163,6.33669041594375,0.));
#2388=CARTESIAN_POINT('',(-4.02029434891067,6.34552954914464,0.));
#2389=CARTESIAN_POINT('',(-4.00687344989182,6.36374974183026,0.));
#2390=CARTESIAN_POINT('',(-4.00053826833205,6.37320412595726,0.));
#2391=CARTESIAN_POINT('',(-3.98876356042531,6.3925847161347,0.));
#2392=CARTESIAN_POINT('',(-3.98328033763759,6.40258936540606,0.));
#2393=CARTESIAN_POINT('',(-3.97324677492639,6.42299953769079,0.));
#2394=CARTESIAN_POINT('',(-3.96866082347861,6.43348820257097,0.));
#2395=CARTESIAN_POINT('',(-3.96045335158348,6.45479655834434,0.));
#2396=CARTESIAN_POINT('',(-3.95680525800576,6.46570368413179,0.));
#2397=CARTESIAN_POINT('',(-3.9504999605018,6.48778320825019,0.));
#2398=CARTESIAN_POINT('',(-3.94782654944412,6.49904694781705,0.));
#2399=CARTESIAN_POINT('',(-3.94349337930424,6.52178307470814,0.));
#2400=CARTESIAN_POINT('',(-3.94182984203782,6.53335032833981,0.));
#2401=CARTESIAN_POINT('',(-3.93953857686786,6.5566553224784,0.));
#2402=CARTESIAN_POINT('',(-3.93892307972916,6.56849100130681,0.));
#2403=CARTESIAN_POINT('',(-3.93875656103872,6.59233243751523,0.));
#2404=CARTESIAN_POINT('',(-3.93924073959997,6.60443838265695,0.));
#2405=CARTESIAN_POINT('',(-3.94132672757182,6.62890287089604,0.));
#2406=CARTESIAN_POINT('',(-3.94300209992895,6.6413615365549,0.));
#2407=CARTESIAN_POINT('',(-3.94760079114072,6.666820691457,0.));
#2408=CARTESIAN_POINT('',(-3.9506280782085,6.67985906801915,0.));
#2409=CARTESIAN_POINT('',(-3.95430610143396,6.69277882169147,0.));
#2410=ORIENTED_EDGE('',*,*,#4073,.T.);
#2411=ORIENTED_EDGE('',*,*,#4129,.T.);
#2412=ORIENTED_EDGE('',*,*,#3958,.T.);
#2413=ORIENTED_EDGE('',*,*,#4128,.F.);
#2414=ORIENTED_EDGE('',*,*,#4072,.T.);
#2415=ORIENTED_EDGE('',*,*,#4130,.T.);
#2416=ORIENTED_EDGE('',*,*,#3959,.T.);
#2417=ORIENTED_EDGE('',*,*,#4129,.F.);
#2418=CARTESIAN_POINT('',(-4.67007393746679,6.21451804394462,0.));
#2419=CARTESIAN_POINT('',(-4.65954516003608,6.20617581788587,0.));
#2420=CARTESIAN_POINT('',(-4.64865776339898,6.19838939862964,0.));
#2421=CARTESIAN_POINT('',(-4.62689641420722,6.18439796515969,0.));
#2422=CARTESIAN_POINT('',(-4.61602724524671,6.17808239799259,0.));
#2423=CARTESIAN_POINT('',(-4.59422327832618,6.16679304206994,0.));
#2424=CARTESIAN_POINT('',(-4.58322413050175,6.16171297476826,0.));
#2425=CARTESIAN_POINT('',(-4.5611337916191,6.15274309533739,0.));
#2426=CARTESIAN_POINT('',(-4.54996350963851,6.14878242234774,0.));
#2427=CARTESIAN_POINT('',(-4.52755567332887,6.14198084019361,0.));
#2428=CARTESIAN_POINT('',(-4.51623231630022,6.13909115190282,0.));
#2429=CARTESIAN_POINT('',(-4.49356864159482,6.13439374002858,0.));
#2430=CARTESIAN_POINT('',(-4.48213923302978,6.13255320326804,0.));
#2431=CARTESIAN_POINT('',(-4.4593274797183,6.12992907050372,0.));
#2432=CARTESIAN_POINT('',(-4.44785454447284,6.12912549315928,0.));
#2433=CARTESIAN_POINT('',(-4.42502732718648,6.12855385373145,0.));
#2434=CARTESIAN_POINT('',(-4.41358209673962,6.12877688213387,0.));
#2435=CARTESIAN_POINT('',(-4.39088587809356,6.13023605057583,0.));
#2436=CARTESIAN_POINT('',(-4.37954444888497,6.13147327435884,0.));
#2437=CARTESIAN_POINT('',(-4.3571331326552,6.13493505522481,0.));
#2438=CARTESIAN_POINT('',(-4.34597405164381,6.137169963634,0.));
#2439=CARTESIAN_POINT('',(-4.3240048328412,6.14259669167013,0.));
#2440=CARTESIAN_POINT('',(-4.31310742650883,6.14580758966865,0.));
#2441=CARTESIAN_POINT('',(-4.2917378366746,6.1531505945748,0.));
#2442=CARTESIAN_POINT('',(-4.2811809554819,6.1573100609492,0.));
#2443=CARTESIAN_POINT('',(-4.26056658930882,6.16650896829518,0.));
#2444=CARTESIAN_POINT('',(-4.25042760206829,6.17158364769332,0.));
#2445=CARTESIAN_POINT('',(-4.23072026460226,6.18256621773745,0.));
#2446=CARTESIAN_POINT('',(-4.22111198799202,6.18849357347821,0.));
#2447=CARTESIAN_POINT('',(-4.21174728605732,6.19485801277066,0.));
#2448=ORIENTED_EDGE('',*,*,#4071,.T.);
#2449=ORIENTED_EDGE('',*,*,#4131,.F.);
#2450=ORIENTED_EDGE('',*,*,#3960,.T.);
#2451=ORIENTED_EDGE('',*,*,#4130,.F.);
#2452=CARTESIAN_POINT('',(-6.3025020074143,6.89372241220508,0.));
#2453=CARTESIAN_POINT('',(-6.25728608136954,6.88481672832963,0.));
#2454=CARTESIAN_POINT('',(-6.21220011461329,6.87533046658312,0.));
#2455=CARTESIAN_POINT('',(-6.12283006321332,6.85531814732403,0.));
#2456=CARTESIAN_POINT('',(-6.07852281221255,6.84482386418801,0.));
#2457=CARTESIAN_POINT('',(-5.99078083716077,6.82276593686396,0.));
#2458=CARTESIAN_POINT('',(-5.94730091273822,6.8112532352519,0.));
#2459=CARTESIAN_POINT('',(-5.86124890287289,6.7871612622488,0.));
#2460=CARTESIAN_POINT('',(-5.81862778046509,6.77463552217229,0.));
#2461=CARTESIAN_POINT('',(-5.73433140677246,6.74851821546187,0.));
#2462=CARTESIAN_POINT('',(-5.69260258634032,6.73498328756331,0.));
#2463=CARTESIAN_POINT('',(-5.6101323316076,6.70684572309808,0.));
#2464=CARTESIAN_POINT('',(-5.56933188698822,6.6923035103519,0.));
#2465=CARTESIAN_POINT('',(-5.48876442370996,6.66214608398198,0.));
#2466=CARTESIAN_POINT('',(-5.44893173650211,6.64659598652575,0.));
#2467=CARTESIAN_POINT('',(-5.37035181600312,6.61441299045867,0.));
#2468=CARTESIAN_POINT('',(-5.33153057807283,6.59785115122459,0.));
#2469=CARTESIAN_POINT('',(-5.25503369739647,6.56362877314428,0.));
#2470=CARTESIAN_POINT('',(-5.21727331634978,6.5460470247699,0.));
#2471=CARTESIAN_POINT('',(-5.14296962112978,6.50976042942765,0.));
#2472=CARTESIAN_POINT('',(-5.10632725097448,6.49114477801617,0.));
#2473=CARTESIAN_POINT('',(-5.03434751224452,6.452753649168,0.));
#2474=CARTESIAN_POINT('',(-4.99889108915791,6.43308201441403,0.));
#2475=CARTESIAN_POINT('',(-4.92939641293066,6.39252332548823,0.));
#2476=CARTESIAN_POINT('',(-4.89520935578904,6.37176205272613,0.));
#2477=CARTESIAN_POINT('',(-4.82840827728467,6.32893735470718,0.));
#2478=CARTESIAN_POINT('',(-4.7955969078621,6.30703573828929,0.));
#2479=CARTESIAN_POINT('',(-4.73177923029107,6.26178601449297,0.));
#2480=CARTESIAN_POINT('',(-4.70065015600921,6.23854203332627,0.));
#2481=CARTESIAN_POINT('',(-4.67007393746679,6.21451804394462,0.));
#2482=ORIENTED_EDGE('',*,*,#4070,.T.);
#2483=ORIENTED_EDGE('',*,*,#4132,.T.);
#2484=ORIENTED_EDGE('',*,*,#3961,.T.);
#2485=ORIENTED_EDGE('',*,*,#4131,.T.);
#2486=ORIENTED_EDGE('',*,*,#4069,.T.);
#2487=ORIENTED_EDGE('',*,*,#4133,.T.);
#2488=ORIENTED_EDGE('',*,*,#3962,.T.);
#2489=ORIENTED_EDGE('',*,*,#4132,.F.);
#2490=CARTESIAN_POINT('',(-6.21451804394462,4.67007393746679,0.));
#2491=CARTESIAN_POINT('',(-6.23854203332627,4.70065015600921,0.));
#2492=CARTESIAN_POINT('',(-6.26178601449297,4.73177923029107,0.));
#2493=CARTESIAN_POINT('',(-6.30703573828929,4.79559690786211,0.));
#2494=CARTESIAN_POINT('',(-6.32893735470718,4.82840827728467,0.));
#2495=CARTESIAN_POINT('',(-6.37176205272613,4.89520935578905,0.));
#2496=CARTESIAN_POINT('',(-6.39252332548823,4.92939641293066,0.));
#2497=CARTESIAN_POINT('',(-6.43308201441403,4.99889108915792,0.));
#2498=CARTESIAN_POINT('',(-6.452753649168,5.03434751224452,0.));
#2499=CARTESIAN_POINT('',(-6.49114477801617,5.10632725097448,0.));
#2500=CARTESIAN_POINT('',(-6.50976042942764,5.14296962112978,0.));
#2501=CARTESIAN_POINT('',(-6.54604702476989,5.21727331634978,0.));
#2502=CARTESIAN_POINT('',(-6.56362877314428,5.25503369739647,0.));
#2503=CARTESIAN_POINT('',(-6.59785115122459,5.33153057807284,0.));
#2504=CARTESIAN_POINT('',(-6.61441299045866,5.37035181600312,0.));
#2505=CARTESIAN_POINT('',(-6.64659598652575,5.44893173650212,0.));
#2506=CARTESIAN_POINT('',(-6.66214608398198,5.48876442370996,0.));
#2507=CARTESIAN_POINT('',(-6.6923035103519,5.56933188698822,0.));
#2508=CARTESIAN_POINT('',(-6.70684572309808,5.6101323316076,0.));
#2509=CARTESIAN_POINT('',(-6.7349832875633,5.69260258634032,0.));
#2510=CARTESIAN_POINT('',(-6.74851821546186,5.73433140677247,0.));
#2511=CARTESIAN_POINT('',(-6.77463552217228,5.8186277804651,0.));
#2512=CARTESIAN_POINT('',(-6.7871612622488,5.86124890287289,0.));
#2513=CARTESIAN_POINT('',(-6.8112532352519,5.94730091273822,0.));
#2514=CARTESIAN_POINT('',(-6.82276593686396,5.99078083716077,0.));
#2515=CARTESIAN_POINT('',(-6.84482386418801,6.07852281221255,0.));
#2516=CARTESIAN_POINT('',(-6.85531814732403,6.12283006321333,0.));
#2517=CARTESIAN_POINT('',(-6.87533046658311,6.21220011461329,0.));
#2518=CARTESIAN_POINT('',(-6.88481672832963,6.25728608136954,0.));
#2519=CARTESIAN_POINT('',(-6.89372241220508,6.30250200741431,0.));
#2520=ORIENTED_EDGE('',*,*,#4068,.T.);
#2521=ORIENTED_EDGE('',*,*,#4134,.T.);
#2522=ORIENTED_EDGE('',*,*,#3963,.T.);
#2523=ORIENTED_EDGE('',*,*,#4133,.F.);
#2524=CARTESIAN_POINT('',(-6.19485801277066,4.21174728605732,0.));
#2525=CARTESIAN_POINT('',(-6.18849357347821,4.22111198799202,0.));
#2526=CARTESIAN_POINT('',(-6.18256621773745,4.23072026460226,0.));
#2527=CARTESIAN_POINT('',(-6.17158364769331,4.25042760206829,0.));
#2528=CARTESIAN_POINT('',(-6.16650896829518,4.26056658930883,0.));
#2529=CARTESIAN_POINT('',(-6.1573100609492,4.2811809554819,0.));
#2530=CARTESIAN_POINT('',(-6.1531505945748,4.2917378366746,0.));
#2531=CARTESIAN_POINT('',(-6.14580758966864,4.31310742650883,0.));
#2532=CARTESIAN_POINT('',(-6.14259669167013,4.3240048328412,0.));
#2533=CARTESIAN_POINT('',(-6.137169963634,4.34597405164381,0.));
#2534=CARTESIAN_POINT('',(-6.13493505522481,4.3571331326552,0.));
#2535=CARTESIAN_POINT('',(-6.13147327435883,4.37954444888497,0.));
#2536=CARTESIAN_POINT('',(-6.13023605057583,4.39088587809356,0.));
#2537=CARTESIAN_POINT('',(-6.12877688213386,4.41358209673962,0.));
#2538=CARTESIAN_POINT('',(-6.12855385373145,4.42502732718649,0.));
#2539=CARTESIAN_POINT('',(-6.12912549315928,4.44785454447284,0.));
#2540=CARTESIAN_POINT('',(-6.12992907050372,4.4593274797183,0.));
#2541=CARTESIAN_POINT('',(-6.13255320326804,4.48213923302979,0.));
#2542=CARTESIAN_POINT('',(-6.13439374002858,4.49356864159482,0.));
#2543=CARTESIAN_POINT('',(-6.13909115190282,4.51623231630022,0.));
#2544=CARTESIAN_POINT('',(-6.14198084019361,4.52755567332887,0.));
#2545=CARTESIAN_POINT('',(-6.14878242234773,4.54996350963851,0.));
#2546=CARTESIAN_POINT('',(-6.15274309533739,4.5611337916191,0.));
#2547=CARTESIAN_POINT('',(-6.16171297476826,4.58322413050175,0.));
#2548=CARTESIAN_POINT('',(-6.16679304206994,4.59422327832619,0.));
#2549=CARTESIAN_POINT('',(-6.17808239799259,4.61602724524671,0.));
#2550=CARTESIAN_POINT('',(-6.18439796515969,4.62689641420722,0.));
#2551=CARTESIAN_POINT('',(-6.19838939862964,4.64865776339899,0.));
#2552=CARTESIAN_POINT('',(-6.20617581788587,4.65954516003608,0.));
#2553=CARTESIAN_POINT('',(-6.21451804394462,4.67007393746679,0.));
#2554=ORIENTED_EDGE('',*,*,#4067,.T.);
#2555=ORIENTED_EDGE('',*,*,#4135,.T.);
#2556=ORIENTED_EDGE('',*,*,#3964,.T.);
#2557=ORIENTED_EDGE('',*,*,#4134,.F.);
#2558=ORIENTED_EDGE('',*,*,#4066,.T.);
#2559=ORIENTED_EDGE('',*,*,#4136,.T.);
#2560=ORIENTED_EDGE('',*,*,#3965,.T.);
#2561=ORIENTED_EDGE('',*,*,#4135,.F.);
#2562=CARTESIAN_POINT('',(-6.69277882169147,3.95430610143397,0.));
#2563=CARTESIAN_POINT('',(-6.67985906801914,3.95062807820851,0.));
#2564=CARTESIAN_POINT('',(-6.66682069145699,3.94760079114072,0.));
#2565=CARTESIAN_POINT('',(-6.6413615365549,3.94300209992895,0.));
#2566=CARTESIAN_POINT('',(-6.62890287089604,3.94132672757182,0.));
#2567=CARTESIAN_POINT('',(-6.60443838265694,3.93924073959998,0.));
#2568=CARTESIAN_POINT('',(-6.59233243751523,3.93875656103872,0.));
#2569=CARTESIAN_POINT('',(-6.56849100130681,3.93892307972916,0.));
#2570=CARTESIAN_POINT('',(-6.5566553224784,3.93953857686787,0.));
#2571=CARTESIAN_POINT('',(-6.53335032833981,3.94182984203782,0.));
#2572=CARTESIAN_POINT('',(-6.52178307470813,3.94349337930424,0.));
#2573=CARTESIAN_POINT('',(-6.49904694781705,3.94782654944413,0.));
#2574=CARTESIAN_POINT('',(-6.48778320825019,3.9504999605018,0.));
#2575=CARTESIAN_POINT('',(-6.46570368413179,3.95680525800576,0.));
#2576=CARTESIAN_POINT('',(-6.45479655834434,3.96045335158348,0.));
#2577=CARTESIAN_POINT('',(-6.43348820257096,3.96866082347861,0.));
#2578=CARTESIAN_POINT('',(-6.42299953769079,3.97324677492639,0.));
#2579=CARTESIAN_POINT('',(-6.40258936540606,3.98328033763759,0.));
#2580=CARTESIAN_POINT('',(-6.3925847161347,3.98876356042531,0.));
#2581=CARTESIAN_POINT('',(-6.37320412595726,4.00053826833206,0.));
#2582=CARTESIAN_POINT('',(-6.36374974183026,4.00687344989183,0.));
#2583=CARTESIAN_POINT('',(-6.34552954914464,4.02029434891067,0.));
#2584=CARTESIAN_POINT('',(-6.33669041594375,4.02743108871163,0.));
#2585=CARTESIAN_POINT('',(-6.31975753559911,4.04239292863755,0.));
#2586=CARTESIAN_POINT('',(-6.31159600800698,4.05027571801692,0.));
#2587=CARTESIAN_POINT('',(-6.29607108646116,4.06666317663849,0.));
#2588=CARTESIAN_POINT('',(-6.28864587939946,4.07523159150639,0.));
#2589=CARTESIAN_POINT('',(-6.27464152127498,4.09291983472882,0.));
#2590=CARTESIAN_POINT('',(-6.2680329320118,4.10207292565194,0.));
#2591=CARTESIAN_POINT('',(-6.26181664103977,4.11153661712959,0.));
#2592=ORIENTED_EDGE('',*,*,#4065,.T.);
#2593=ORIENTED_EDGE('',*,*,#4137,.F.);
#2594=ORIENTED_EDGE('',*,*,#3966,.T.);
#2595=ORIENTED_EDGE('',*,*,#4136,.F.);
#2596=CARTESIAN_POINT('',(-8.46086596273616,3.95710593876544,0.));
#2597=CARTESIAN_POINT('',(-8.41568383644684,3.96618154548627,0.));
#2598=CARTESIAN_POINT('',(-8.37039959935179,3.9746710349284,0.));
#2599=CARTESIAN_POINT('',(-8.28017405502022,3.99038250078723,0.));
#2600=CARTESIAN_POINT('',(-8.23522350438807,3.99764269828112,0.));
#2601=CARTESIAN_POINT('',(-8.14571928615638,4.01084123087212,0.));
#2602=CARTESIAN_POINT('',(-8.10114335373855,4.01684392820582,0.));
#2603=CARTESIAN_POINT('',(-8.01242206417124,4.02751652594762,0.));
#2604=CARTESIAN_POINT('',(-7.96825188832063,4.03225464847564,0.));
#2605=CARTESIAN_POINT('',(-7.88037753342501,4.04038422898219,0.));
#2606=CARTESIAN_POINT('',(-7.83664553764688,4.04384851435422,0.));
#2607=CARTESIAN_POINT('',(-7.74968517751038,4.04941279459922,0.));
#2608=CARTESIAN_POINT('',(-7.70642541792128,4.05159119607456,0.));
#2609=CARTESIAN_POINT('',(-7.62045004017761,4.05456120048245,0.));
#2610=CARTESIAN_POINT('',(-7.57769867107319,4.05543809317511,0.));
#2611=CARTESIAN_POINT('',(-7.49278439145906,4.05577611550537,0.));
#2612=CARTESIAN_POINT('',(-7.45058030282414,4.05533121579609,0.));
#2613=CARTESIAN_POINT('',(-7.36681006335882,4.05298794999628,0.));
#2614=CARTESIAN_POINT('',(-7.32519577635507,4.05119480475378,0.));
#2615=CARTESIAN_POINT('',(-7.24266183429694,4.04610515513676,0.));
#2616=CARTESIAN_POINT('',(-7.2016847971099,4.04292896379435,0.));
#2617=CARTESIAN_POINT('',(-7.1204925407818,4.03500563909945,0.));
#2618=CARTESIAN_POINT('',(-7.08020706848814,4.03040000406539,0.));
#2619=CARTESIAN_POINT('',(-7.00048122121293,4.0195231227311,0.));
#2620=CARTESIAN_POINT('',(-6.96095150372213,4.01342502812672,0.));
#2621=CARTESIAN_POINT('',(-6.88284705211436,3.99942383214878,0.));
#2622=CARTESIAN_POINT('',(-6.84415191372605,3.99174574448261,0.));
#2623=CARTESIAN_POINT('',(-6.76787574798981,3.97436241871385,0.));
#2624=CARTESIAN_POINT('',(-6.73022114690008,3.96480036125239,0.));
#2625=CARTESIAN_POINT('',(-6.69277882169147,3.95430610143397,0.));
#2626=ORIENTED_EDGE('',*,*,#4064,.T.);
#2627=ORIENTED_EDGE('',*,*,#4138,.T.);
#2628=ORIENTED_EDGE('',*,*,#3967,.T.);
#2629=ORIENTED_EDGE('',*,*,#4137,.T.);
#2630=ORIENTED_EDGE('',*,*,#4063,.T.);
#2631=ORIENTED_EDGE('',*,*,#4139,.T.);
#2632=ORIENTED_EDGE('',*,*,#3968,.T.);
#2633=ORIENTED_EDGE('',*,*,#4138,.F.);
#2634=CARTESIAN_POINT('',(-7.52862594901105,1.93639263058846,0.));
#2635=CARTESIAN_POINT('',(-7.56252223335059,1.95544779036571,0.));
#2636=CARTESIAN_POINT('',(-7.5959094527971,1.97531221846604,0.));
#2637=CARTESIAN_POINT('',(-7.66213671436277,2.01695574497038,0.));
#2638=CARTESIAN_POINT('',(-7.6949275369714,2.03888811186841,0.));
#2639=CARTESIAN_POINT('',(-7.76005606496482,2.0842159586204,0.));
#2640=CARTESIAN_POINT('',(-7.79231980030803,2.10785568586946,0.));
#2641=CARTESIAN_POINT('',(-7.85638560410182,2.15653925656397,0.));
#2642=CARTESIAN_POINT('',(-7.88812841050822,2.18176871144186,0.));
#2643=CARTESIAN_POINT('',(-7.95114264215897,2.23357766984999,0.));
#2644=CARTESIAN_POINT('',(-7.98236368946342,2.26030690428132,0.));
#2645=CARTESIAN_POINT('',(-8.04432292532884,2.31506828863062,0.));
#2646=CARTESIAN_POINT('',(-8.07501661502405,2.3432260880046,0.));
#2647=CARTESIAN_POINT('',(-8.13590805854877,2.40080365325498,0.));
#2648=CARTESIAN_POINT('',(-8.1660654474177,2.43033185892115,0.));
#2649=CARTESIAN_POINT('',(-8.2258698924705,2.49061433973779,0.));
#2650=CARTESIAN_POINT('',(-8.25547961869989,2.52146417950588,0.));
#2651=CARTESIAN_POINT('',(-8.31417328106055,2.58435806238048,0.));
#2652=CARTESIAN_POINT('',(-8.34322218796314,2.61648769419379,0.));
#2653=CARTESIAN_POINT('',(-8.40077790801642,2.6819124948344,0.));
#2654=CARTESIAN_POINT('',(-8.42925147910743,2.71528530528246,0.));
#2655=CARTESIAN_POINT('',(-8.48563954984213,2.78317033902593,0.));
#2656=CARTESIAN_POINT('',(-8.51352222214265,2.81775372846576,0.));
#2657=CARTESIAN_POINT('',(-8.5687109813952,2.88803582019052,0.));
#2658=CARTESIAN_POINT('',(-8.59598637749549,2.92380031227095,0.));
#2659=CARTESIAN_POINT('',(-8.64994264525511,2.99642212382418,0.));
#2660=CARTESIAN_POINT('',(-8.6765937495445,3.03334069787493,0.));
#2661=CARTESIAN_POINT('',(-8.72928315972643,3.10824947615919,0.));
#2662=CARTESIAN_POINT('',(-8.75530097530386,3.14627324284331,0.));
#2663=CARTESIAN_POINT('',(-8.78083214013578,3.18463925378659,0.));
#2664=ORIENTED_EDGE('',*,*,#4062,.T.);
#2665=ORIENTED_EDGE('',*,*,#4140,.T.);
#2666=ORIENTED_EDGE('',*,*,#3969,.T.);
#2667=ORIENTED_EDGE('',*,*,#4139,.F.);
#2668=CARTESIAN_POINT('',(-7.33506843249512,1.52047758635687,0.));
#2669=CARTESIAN_POINT('',(-7.33277217357636,1.53156500827592,0.));
#2670=CARTESIAN_POINT('',(-7.33097293919788,1.54271019921854,0.));
#2671=CARTESIAN_POINT('',(-7.32836803906401,1.56512025254439,0.));
#2672=CARTESIAN_POINT('',(-7.32755966907194,1.57642945106654,0.));
#2673=CARTESIAN_POINT('',(-7.32694976325666,1.5989949114867,0.));
#2674=CARTESIAN_POINT('',(-7.32714686093707,1.61033995681676,0.));
#2675=CARTESIAN_POINT('',(-7.32854059698314,1.63289292980412,0.));
#2676=CARTESIAN_POINT('',(-7.32974437090048,1.6441895779391,0.));
#2677=CARTESIAN_POINT('',(-7.33313798399716,1.66656320844747,0.));
#2678=CARTESIAN_POINT('',(-7.33534359328435,1.67772811741658,0.));
#2679=CARTESIAN_POINT('',(-7.34072176421487,1.6997582399618,0.));
#2680=CARTESIAN_POINT('',(-7.34391889554208,1.71070981932092,0.));
#2681=CARTESIAN_POINT('',(-7.35125626653725,1.73223679078119,0.));
#2682=CARTESIAN_POINT('',(-7.3554301152327,1.74289615421047,0.));
#2683=CARTESIAN_POINT('',(-7.36469383906254,1.7637669961072,0.));
#2684=CARTESIAN_POINT('',(-7.36982674996289,1.77405909042197,0.));
#2685=CARTESIAN_POINT('',(-7.38098081256994,1.79413019027392,0.));
#2686=CARTESIAN_POINT('',(-7.3870550921114,1.80398524399094,0.));
#2687=CARTESIAN_POINT('',(-7.40006794762406,1.82312612748349,0.));
#2688=CARTESIAN_POINT('',(-7.40707093262488,1.832481709448,0.));
#2689=CARTESIAN_POINT('',(-7.42192988287662,1.85058099797808,0.));
#2690=CARTESIAN_POINT('',(-7.42986374943555,1.85938530893817,0.));
#2691=CARTESIAN_POINT('',(-7.44660444415654,1.87636149664958,0.));
#2692=CARTESIAN_POINT('',(-7.45550700600289,1.88457932660799,0.));
#2693=CARTESIAN_POINT('',(-7.47428102777538,1.90040331589975,0.));
#2694=CARTESIAN_POINT('',(-7.48427530190204,1.90802825571693,0.));
#2695=CARTESIAN_POINT('',(-7.50552940871701,1.92277883105105,0.));
#2696=CARTESIAN_POINT('',(-7.516889548414,1.92985774031958,0.));
#2697=CARTESIAN_POINT('',(-7.52862594901105,1.93639263058846,0.));
#2698=ORIENTED_EDGE('',*,*,#4061,.T.);
#2699=ORIENTED_EDGE('',*,*,#4141,.T.);
#2700=ORIENTED_EDGE('',*,*,#3970,.T.);
#2701=ORIENTED_EDGE('',*,*,#4140,.F.);
#2702=ORIENTED_EDGE('',*,*,#4060,.T.);
#2703=ORIENTED_EDGE('',*,*,#4142,.T.);
#2704=ORIENTED_EDGE('',*,*,#3971,.T.);
#2705=ORIENTED_EDGE('',*,*,#4141,.F.);
#2706=CARTESIAN_POINT('',(-7.69656880050473,1.09208690085407,0.));
#2707=CARTESIAN_POINT('',(-7.68322498596954,1.0936330261566,0.));
#2708=CARTESIAN_POINT('',(-7.67002060412074,1.09582574829091,0.));
#2709=CARTESIAN_POINT('',(-7.64473956905435,1.10131990838706,0.));
#2710=CARTESIAN_POINT('',(-7.63258812560561,1.104539791094,0.));
#2711=CARTESIAN_POINT('',(-7.60918761261121,1.11197474383214,0.));
#2712=CARTESIAN_POINT('',(-7.59781789055938,1.11616016580817,0.));
#2713=CARTESIAN_POINT('',(-7.57585499956475,1.1254377316588,0.));
#2714=CARTESIAN_POINT('',(-7.56515579869946,1.13053569506599,0.));
#2715=CARTESIAN_POINT('',(-7.54450162082922,1.14157098320828,0.));
#2716=CARTESIAN_POINT('',(-7.53445148010253,1.1475344875631,0.));
#2717=CARTESIAN_POINT('',(-7.51510427024143,1.1602385538436,0.));
#2718=CARTESIAN_POINT('',(-7.50572100191575,1.16701891012048,0.));
#2719=CARTESIAN_POINT('',(-7.48773511438606,1.18129371350541,0.));
#2720=CARTESIAN_POINT('',(-7.47905430908442,1.18883808882813,0.));
#2721=CARTESIAN_POINT('',(-7.4625088188298,1.20457515885111,0.));
#2722=CARTESIAN_POINT('',(-7.45457352366433,1.21282586380808,0.));
#2723=CARTESIAN_POINT('',(-7.43955666145261,1.22990630182021,0.));
#2724=CARTESIAN_POINT('',(-7.43241190927768,1.23880075264875,0.));
#2725=CARTESIAN_POINT('',(-7.4190125643216,1.25709579505546,0.));
#2726=CARTESIAN_POINT('',(-7.41270222135811,1.26656677580189,0.));
#2727=CARTESIAN_POINT('',(-7.40100491395942,1.28593863558859,0.));
#2728=CARTESIAN_POINT('',(-7.3955697317929,1.295914713252,0.));
#2729=CARTESIAN_POINT('',(-7.38565143847337,1.31621758369838,0.));
#2730=CARTESIAN_POINT('',(-7.38112778307329,1.32662361285738,0.));
#2731=CARTESIAN_POINT('',(-7.3730558347263,1.34770478073208,0.));
#2732=CARTESIAN_POINT('',(-7.36947482830892,1.35846246757899,0.));
#2733=CARTESIAN_POINT('',(-7.36330548610062,1.38016350929342,0.));
#2734=CARTESIAN_POINT('',(-7.3607026819928,1.39114886027883,0.));
#2735=CARTESIAN_POINT('',(-7.35858117593312,1.40227104270278,0.));
#2736=ORIENTED_EDGE('',*,*,#4059,.T.);
#2737=ORIENTED_EDGE('',*,*,#4143,.F.);
#2738=ORIENTED_EDGE('',*,*,#3972,.T.);
#2739=ORIENTED_EDGE('',*,*,#4142,.F.);
#2740=CARTESIAN_POINT('',(-9.33113977317238,0.418055957403414,0.));
#2741=CARTESIAN_POINT('',(-9.29287001578906,0.443731175867861,0.));
#2742=CARTESIAN_POINT('',(-9.2542816229503,0.468903968688486,0.));
#2743=CARTESIAN_POINT('',(-9.17693660691502,0.517947291413023,0.));
#2744=CARTESIAN_POINT('',(-9.13818607050747,0.541856670282236,0.));
#2745=CARTESIAN_POINT('',(-9.0605458149639,0.588302305846293,0.));
#2746=CARTESIAN_POINT('',(-9.02166015617957,0.610906545871293,0.));
#2747=CARTESIAN_POINT('',(-8.94377659898641,0.65471890809914,0.));
#2748=CARTESIAN_POINT('',(-8.90478187856259,0.675999557027994,0.));
#2749=CARTESIAN_POINT('',(-8.82670761641383,0.71713836981422,0.));
#2750=CARTESIAN_POINT('',(-8.7876302452154,0.737074462412765,0.));
#2751=CARTESIAN_POINT('',(-8.70941870620828,0.77549347614102,0.));
#2752=CARTESIAN_POINT('',(-8.67028553789621,0.794060849960525,0.));
#2753=CARTESIAN_POINT('',(-8.59199121757985,0.829706128898275,0.));
#2754=CARTESIAN_POINT('',(-8.55282967498288,0.846876512776414,0.));
#2755=CARTESIAN_POINT('',(-8.47450846557501,0.879684092668416,0.));
#2756=CARTESIAN_POINT('',(-8.43534671614911,0.895423864431644,0.));
#2757=CARTESIAN_POINT('',(-8.35705637747432,0.9253164518886,0.));
#2758=CARTESIAN_POINT('',(-8.31792358247537,0.939584899886261,0.));
#2759=CARTESIAN_POINT('',(-8.23972443808542,0.966467049010863,0.));
#2760=CARTESIAN_POINT('',(-8.20065111632059,0.979213864077164,0.));
#2761=CARTESIAN_POINT('',(-8.12260712741066,1.00296459789521,0.));
#2762=CARTESIAN_POINT('',(-8.08362570387795,1.01412612876481,0.));
#2763=CARTESIAN_POINT('',(-8.00580622308582,1.034586961606,0.));
#2764=CARTESIAN_POINT('',(-7.96695188639603,1.0440804247835,0.));
#2765=CARTESIAN_POINT('',(-7.88943475642354,1.06103428601305,0.));
#2766=CARTESIAN_POINT('',(-7.8507468331168,1.06874864634373,0.));
#2767=CARTESIAN_POINT('',(-7.77362453400354,1.08187817237059,0.));
#2768=CARTESIAN_POINT('',(-7.73517697778204,1.08745377518261,0.));
#2769=CARTESIAN_POINT('',(-7.69656880050473,1.09208690085407,0.));
#2770=ORIENTED_EDGE('',*,*,#4058,.T.);
#2771=ORIENTED_EDGE('',*,*,#4144,.T.);
#2772=ORIENTED_EDGE('',*,*,#3973,.T.);
#2773=ORIENTED_EDGE('',*,*,#4143,.T.);
#2774=ORIENTED_EDGE('',*,*,#4057,.T.);
#2775=ORIENTED_EDGE('',*,*,#4145,.T.);
#2776=ORIENTED_EDGE('',*,*,#3974,.T.);
#2777=ORIENTED_EDGE('',*,*,#4144,.F.);
#2778=CARTESIAN_POINT('',(-7.69656880050472,-1.09208690085407,0.));
#2779=CARTESIAN_POINT('',(-7.73517697778203,-1.0874537751826,0.));
#2780=CARTESIAN_POINT('',(-7.77362453400354,-1.08187817237058,0.));
#2781=CARTESIAN_POINT('',(-7.8507468331168,-1.06874864634373,0.));
#2782=CARTESIAN_POINT('',(-7.88943475642354,-1.06103428601305,0.));
#2783=CARTESIAN_POINT('',(-7.96695188639602,-1.04408042478349,0.));
#2784=CARTESIAN_POINT('',(-8.00580622308582,-1.034586961606,0.));
#2785=CARTESIAN_POINT('',(-8.08362570387795,-1.01412612876481,0.));
#2786=CARTESIAN_POINT('',(-8.12260712741066,-1.00296459789521,0.));
#2787=CARTESIAN_POINT('',(-8.20065111632059,-0.979213864077161,0.));
#2788=CARTESIAN_POINT('',(-8.23972443808542,-0.966467049010859,0.));
#2789=CARTESIAN_POINT('',(-8.31792358247537,-0.939584899886258,0.));
#2790=CARTESIAN_POINT('',(-8.35705637747431,-0.925316451888597,0.));
#2791=CARTESIAN_POINT('',(-8.43534671614911,-0.89542386443164,0.));
#2792=CARTESIAN_POINT('',(-8.47450846557501,-0.879684092668412,0.));
#2793=CARTESIAN_POINT('',(-8.55282967498288,-0.846876512776411,0.));
#2794=CARTESIAN_POINT('',(-8.59199121757984,-0.829706128898272,0.));
#2795=CARTESIAN_POINT('',(-8.6702855378962,-0.794060849960521,0.));
#2796=CARTESIAN_POINT('',(-8.70941870620828,-0.775493476141017,0.));
#2797=CARTESIAN_POINT('',(-8.7876302452154,-0.737074462412761,0.));
#2798=CARTESIAN_POINT('',(-8.82670761641383,-0.717138369814217,0.));
#2799=CARTESIAN_POINT('',(-8.90478187856259,-0.67599955702799,0.));
#2800=CARTESIAN_POINT('',(-8.9437765989864,-0.654718908099137,0.));
#2801=CARTESIAN_POINT('',(-9.02166015617956,-0.610906545871289,0.));
#2802=CARTESIAN_POINT('',(-9.06054581496389,-0.588302305846289,0.));
#2803=CARTESIAN_POINT('',(-9.13818607050746,-0.541856670282232,0.));
#2804=CARTESIAN_POINT('',(-9.17693660691502,-0.51794729141302,0.));
#2805=CARTESIAN_POINT('',(-9.2542816229503,-0.468903968688483,0.));
#2806=CARTESIAN_POINT('',(-9.29287001578906,-0.443731175867857,0.));
#2807=CARTESIAN_POINT('',(-9.33113977317238,-0.418055957403411,0.));
#2808=ORIENTED_EDGE('',*,*,#4056,.T.);
#2809=ORIENTED_EDGE('',*,*,#4146,.T.);
#2810=ORIENTED_EDGE('',*,*,#3975,.T.);
#2811=ORIENTED_EDGE('',*,*,#4145,.F.);
#2812=CARTESIAN_POINT('',(-7.35858117593312,-1.40227104270278,0.));
#2813=CARTESIAN_POINT('',(-7.3607026819928,-1.39114886027882,0.));
#2814=CARTESIAN_POINT('',(-7.36330548610062,-1.38016350929341,0.));
#2815=CARTESIAN_POINT('',(-7.36947482830892,-1.35846246757898,0.));
#2816=CARTESIAN_POINT('',(-7.3730558347263,-1.34770478073207,0.));
#2817=CARTESIAN_POINT('',(-7.38112778307329,-1.32662361285738,0.));
#2818=CARTESIAN_POINT('',(-7.38565143847337,-1.31621758369838,0.));
#2819=CARTESIAN_POINT('',(-7.3955697317929,-1.295914713252,0.));
#2820=CARTESIAN_POINT('',(-7.40100491395942,-1.28593863558858,0.));
#2821=CARTESIAN_POINT('',(-7.41270222135811,-1.26656677580189,0.));
#2822=CARTESIAN_POINT('',(-7.4190125643216,-1.25709579505545,0.));
#2823=CARTESIAN_POINT('',(-7.43241190927768,-1.23880075264875,0.));
#2824=CARTESIAN_POINT('',(-7.43955666145261,-1.2299063018202,0.));
#2825=CARTESIAN_POINT('',(-7.45457352366433,-1.21282586380807,0.));
#2826=CARTESIAN_POINT('',(-7.4625088188298,-1.20457515885111,0.));
#2827=CARTESIAN_POINT('',(-7.47905430908442,-1.18883808882812,0.));
#2828=CARTESIAN_POINT('',(-7.48773511438606,-1.1812937135054,0.));
#2829=CARTESIAN_POINT('',(-7.50572100191574,-1.16701891012048,0.));
#2830=CARTESIAN_POINT('',(-7.51510427024143,-1.16023855384359,0.));
#2831=CARTESIAN_POINT('',(-7.53445148010253,-1.1475344875631,0.));
#2832=CARTESIAN_POINT('',(-7.54450162082922,-1.14157098320828,0.));
#2833=CARTESIAN_POINT('',(-7.56515579869946,-1.13053569506599,0.));
#2834=CARTESIAN_POINT('',(-7.57585499956475,-1.1254377316588,0.));
#2835=CARTESIAN_POINT('',(-7.59781789055937,-1.11616016580817,0.));
#2836=CARTESIAN_POINT('',(-7.60918761261121,-1.11197474383214,0.));
#2837=CARTESIAN_POINT('',(-7.63258812560561,-1.104539791094,0.));
#2838=CARTESIAN_POINT('',(-7.64473956905435,-1.10131990838706,0.));
#2839=CARTESIAN_POINT('',(-7.67002060412074,-1.09582574829091,0.));
#2840=CARTESIAN_POINT('',(-7.68322498596954,-1.0936330261566,0.));
#2841=CARTESIAN_POINT('',(-7.69656880050472,-1.09208690085407,0.));
#2842=ORIENTED_EDGE('',*,*,#4055,.T.);
#2843=ORIENTED_EDGE('',*,*,#4147,.T.);
#2844=ORIENTED_EDGE('',*,*,#3976,.T.);
#2845=ORIENTED_EDGE('',*,*,#4146,.F.);
#2846=ORIENTED_EDGE('',*,*,#4054,.T.);
#2847=ORIENTED_EDGE('',*,*,#4148,.T.);
#2848=ORIENTED_EDGE('',*,*,#3977,.T.);
#2849=ORIENTED_EDGE('',*,*,#4147,.F.);
#2850=CARTESIAN_POINT('',(-7.52862594901105,-1.93639263058845,0.));
#2851=CARTESIAN_POINT('',(-7.516889548414,-1.92985774031958,0.));
#2852=CARTESIAN_POINT('',(-7.50552940871701,-1.92277883105104,0.));
#2853=CARTESIAN_POINT('',(-7.48427530190203,-1.90802825571692,0.));
#2854=CARTESIAN_POINT('',(-7.47428102777538,-1.90040331589974,0.));
#2855=CARTESIAN_POINT('',(-7.45550700600289,-1.88457932660799,0.));
#2856=CARTESIAN_POINT('',(-7.44660444415654,-1.87636149664958,0.));
#2857=CARTESIAN_POINT('',(-7.42986374943555,-1.85938530893817,0.));
#2858=CARTESIAN_POINT('',(-7.42192988287662,-1.85058099797808,0.));
#2859=CARTESIAN_POINT('',(-7.40707093262488,-1.83248170944799,0.));
#2860=CARTESIAN_POINT('',(-7.40006794762406,-1.82312612748349,0.));
#2861=CARTESIAN_POINT('',(-7.3870550921114,-1.80398524399094,0.));
#2862=CARTESIAN_POINT('',(-7.38098081256994,-1.79413019027392,0.));
#2863=CARTESIAN_POINT('',(-7.36982674996289,-1.77405909042197,0.));
#2864=CARTESIAN_POINT('',(-7.36469383906254,-1.7637669961072,0.));
#2865=CARTESIAN_POINT('',(-7.3554301152327,-1.74289615421047,0.));
#2866=CARTESIAN_POINT('',(-7.35125626653724,-1.73223679078118,0.));
#2867=CARTESIAN_POINT('',(-7.34391889554208,-1.71070981932092,0.));
#2868=CARTESIAN_POINT('',(-7.34072176421486,-1.69975823996179,0.));
#2869=CARTESIAN_POINT('',(-7.33534359328435,-1.67772811741658,0.));
#2870=CARTESIAN_POINT('',(-7.33313798399716,-1.66656320844747,0.));
#2871=CARTESIAN_POINT('',(-7.32974437090048,-1.6441895779391,0.));
#2872=CARTESIAN_POINT('',(-7.32854059698314,-1.63289292980412,0.));
#2873=CARTESIAN_POINT('',(-7.32714686093707,-1.61033995681675,0.));
#2874=CARTESIAN_POINT('',(-7.32694976325666,-1.5989949114867,0.));
#2875=CARTESIAN_POINT('',(-7.32755966907194,-1.57642945106654,0.));
#2876=CARTESIAN_POINT('',(-7.32836803906401,-1.56512025254438,0.));
#2877=CARTESIAN_POINT('',(-7.33097293919788,-1.54271019921854,0.));
#2878=CARTESIAN_POINT('',(-7.33277217357636,-1.53156500827592,0.));
#2879=CARTESIAN_POINT('',(-7.33506843249512,-1.52047758635686,0.));
#2880=ORIENTED_EDGE('',*,*,#4053,.T.);
#2881=ORIENTED_EDGE('',*,*,#4149,.F.);
#2882=ORIENTED_EDGE('',*,*,#3978,.T.);
#2883=ORIENTED_EDGE('',*,*,#4148,.F.);
#2884=CARTESIAN_POINT('',(-8.78083214013578,-3.18463925378659,0.));
#2885=CARTESIAN_POINT('',(-8.75530097530386,-3.1462732428433,0.));
#2886=CARTESIAN_POINT('',(-8.72928315972643,-3.10824947615919,0.));
#2887=CARTESIAN_POINT('',(-8.6765937495445,-3.03334069787493,0.));
#2888=CARTESIAN_POINT('',(-8.64994264525511,-2.99642212382417,0.));
#2889=CARTESIAN_POINT('',(-8.59598637749549,-2.92380031227095,0.));
#2890=CARTESIAN_POINT('',(-8.5687109813952,-2.88803582019051,0.));
#2891=CARTESIAN_POINT('',(-8.51352222214265,-2.81775372846575,0.));
#2892=CARTESIAN_POINT('',(-8.48563954984213,-2.78317033902592,0.));
#2893=CARTESIAN_POINT('',(-8.42925147910743,-2.71528530528246,0.));
#2894=CARTESIAN_POINT('',(-8.40077790801642,-2.68191249483439,0.));
#2895=CARTESIAN_POINT('',(-8.34322218796314,-2.61648769419378,0.));
#2896=CARTESIAN_POINT('',(-8.31417328106055,-2.58435806238047,0.));
#2897=CARTESIAN_POINT('',(-8.25547961869989,-2.52146417950587,0.));
#2898=CARTESIAN_POINT('',(-8.2258698924705,-2.49061433973778,0.));
#2899=CARTESIAN_POINT('',(-8.1660654474177,-2.43033185892114,0.));
#2900=CARTESIAN_POINT('',(-8.13590805854877,-2.40080365325497,0.));
#2901=CARTESIAN_POINT('',(-8.07501661502405,-2.34322608800459,0.));
#2902=CARTESIAN_POINT('',(-8.04432292532884,-2.31506828863062,0.));
#2903=CARTESIAN_POINT('',(-7.98236368946341,-2.26030690428132,0.));
#2904=CARTESIAN_POINT('',(-7.95114264215896,-2.23357766984999,0.));
#2905=CARTESIAN_POINT('',(-7.88812841050822,-2.18176871144186,0.));
#2906=CARTESIAN_POINT('',(-7.85638560410182,-2.15653925656396,0.));
#2907=CARTESIAN_POINT('',(-7.79231980030803,-2.10785568586945,0.));
#2908=CARTESIAN_POINT('',(-7.76005606496482,-2.0842159586204,0.));
#2909=CARTESIAN_POINT('',(-7.6949275369714,-2.03888811186841,0.));
#2910=CARTESIAN_POINT('',(-7.66213671436277,-2.01695574497038,0.));
#2911=CARTESIAN_POINT('',(-7.5959094527971,-1.97531221846604,0.));
#2912=CARTESIAN_POINT('',(-7.56252223335059,-1.95544779036571,0.));
#2913=CARTESIAN_POINT('',(-7.52862594901105,-1.93639263058845,0.));
#2914=ORIENTED_EDGE('',*,*,#4052,.T.);
#2915=ORIENTED_EDGE('',*,*,#4150,.T.);
#2916=ORIENTED_EDGE('',*,*,#3979,.T.);
#2917=ORIENTED_EDGE('',*,*,#4149,.T.);
#2918=ORIENTED_EDGE('',*,*,#4051,.T.);
#2919=ORIENTED_EDGE('',*,*,#4151,.T.);
#2920=ORIENTED_EDGE('',*,*,#3980,.T.);
#2921=ORIENTED_EDGE('',*,*,#4150,.F.);
#2922=CARTESIAN_POINT('',(-6.69277882169147,-3.95430610143396,0.));
#2923=CARTESIAN_POINT('',(-6.73022114690008,-3.96480036125239,0.));
#2924=CARTESIAN_POINT('',(-6.76787574798981,-3.97436241871385,0.));
#2925=CARTESIAN_POINT('',(-6.84415191372605,-3.99174574448261,0.));
#2926=CARTESIAN_POINT('',(-6.88284705211436,-3.99942383214878,0.));
#2927=CARTESIAN_POINT('',(-6.96095150372213,-4.01342502812672,0.));
#2928=CARTESIAN_POINT('',(-7.00048122121293,-4.0195231227311,0.));
#2929=CARTESIAN_POINT('',(-7.08020706848814,-4.03040000406539,0.));
#2930=CARTESIAN_POINT('',(-7.1204925407818,-4.03500563909945,0.));
#2931=CARTESIAN_POINT('',(-7.2016847971099,-4.04292896379435,0.));
#2932=CARTESIAN_POINT('',(-7.24266183429694,-4.04610515513675,0.));
#2933=CARTESIAN_POINT('',(-7.32519577635507,-4.05119480475378,0.));
#2934=CARTESIAN_POINT('',(-7.36681006335882,-4.05298794999627,0.));
#2935=CARTESIAN_POINT('',(-7.45058030282415,-4.05533121579608,0.));
#2936=CARTESIAN_POINT('',(-7.49278439145906,-4.05577611550536,0.));
#2937=CARTESIAN_POINT('',(-7.57769867107319,-4.0554380931751,0.));
#2938=CARTESIAN_POINT('',(-7.62045004017761,-4.05456120048245,0.));
#2939=CARTESIAN_POINT('',(-7.70642541792128,-4.05159119607456,0.));
#2940=CARTESIAN_POINT('',(-7.74968517751038,-4.04941279459922,0.));
#2941=CARTESIAN_POINT('',(-7.83664553764688,-4.04384851435421,0.));
#2942=CARTESIAN_POINT('',(-7.88037753342501,-4.04038422898219,0.));
#2943=CARTESIAN_POINT('',(-7.96825188832063,-4.03225464847564,0.));
#2944=CARTESIAN_POINT('',(-8.01242206417124,-4.02751652594762,0.));
#2945=CARTESIAN_POINT('',(-8.10114335373855,-4.01684392820582,0.));
#2946=CARTESIAN_POINT('',(-8.14571928615638,-4.01084123087212,0.));
#2947=CARTESIAN_POINT('',(-8.23522350438807,-3.99764269828112,0.));
#2948=CARTESIAN_POINT('',(-8.28017405502023,-3.99038250078723,0.));
#2949=CARTESIAN_POINT('',(-8.37039959935179,-3.9746710349284,0.));
#2950=CARTESIAN_POINT('',(-8.41568383644685,-3.96618154548626,0.));
#2951=CARTESIAN_POINT('',(-8.46086596273616,-3.95710593876543,0.));
#2952=ORIENTED_EDGE('',*,*,#4050,.T.);
#2953=ORIENTED_EDGE('',*,*,#4152,.T.);
#2954=ORIENTED_EDGE('',*,*,#3981,.T.);
#2955=ORIENTED_EDGE('',*,*,#4151,.F.);
#2956=CARTESIAN_POINT('',(-6.26181664103977,-4.11153661712958,0.));
#2957=CARTESIAN_POINT('',(-6.2680329320118,-4.10207292565193,0.));
#2958=CARTESIAN_POINT('',(-6.27464152127498,-4.09291983472882,0.));
#2959=CARTESIAN_POINT('',(-6.28864587939946,-4.07523159150639,0.));
#2960=CARTESIAN_POINT('',(-6.29607108646116,-4.06666317663849,0.));
#2961=CARTESIAN_POINT('',(-6.31159600800698,-4.05027571801692,0.));
#2962=CARTESIAN_POINT('',(-6.31975753559911,-4.04239292863755,0.));
#2963=CARTESIAN_POINT('',(-6.33669041594375,-4.02743108871163,0.));
#2964=CARTESIAN_POINT('',(-6.34552954914464,-4.02029434891067,0.));
#2965=CARTESIAN_POINT('',(-6.36374974183026,-4.00687344989182,0.));
#2966=CARTESIAN_POINT('',(-6.37320412595726,-4.00053826833205,0.));
#2967=CARTESIAN_POINT('',(-6.3925847161347,-3.98876356042531,0.));
#2968=CARTESIAN_POINT('',(-6.40258936540606,-3.98328033763759,0.));
#2969=CARTESIAN_POINT('',(-6.42299953769079,-3.97324677492639,0.));
#2970=CARTESIAN_POINT('',(-6.43348820257097,-3.96866082347861,0.));
#2971=CARTESIAN_POINT('',(-6.45479655834434,-3.96045335158348,0.));
#2972=CARTESIAN_POINT('',(-6.46570368413179,-3.95680525800576,0.));
#2973=CARTESIAN_POINT('',(-6.48778320825019,-3.9504999605018,0.));
#2974=CARTESIAN_POINT('',(-6.49904694781705,-3.94782654944412,0.));
#2975=CARTESIAN_POINT('',(-6.52178307470813,-3.94349337930424,0.));
#2976=CARTESIAN_POINT('',(-6.53335032833981,-3.94182984203782,0.));
#2977=CARTESIAN_POINT('',(-6.5566553224784,-3.93953857686786,0.));
#2978=CARTESIAN_POINT('',(-6.56849100130681,-3.93892307972916,0.));
#2979=CARTESIAN_POINT('',(-6.59233243751523,-3.93875656103872,0.));
#2980=CARTESIAN_POINT('',(-6.60443838265695,-3.93924073959997,0.));
#2981=CARTESIAN_POINT('',(-6.62890287089604,-3.94132672757182,0.));
#2982=CARTESIAN_POINT('',(-6.6413615365549,-3.94300209992895,0.));
#2983=CARTESIAN_POINT('',(-6.666820691457,-3.94760079114072,0.));
#2984=CARTESIAN_POINT('',(-6.67985906801915,-3.9506280782085,0.));
#2985=CARTESIAN_POINT('',(-6.69277882169147,-3.95430610143396,0.));
#2986=ORIENTED_EDGE('',*,*,#4049,.T.);
#2987=ORIENTED_EDGE('',*,*,#4153,.T.);
#2988=ORIENTED_EDGE('',*,*,#3982,.T.);
#2989=ORIENTED_EDGE('',*,*,#4152,.F.);
#2990=ORIENTED_EDGE('',*,*,#4048,.T.);
#2991=ORIENTED_EDGE('',*,*,#4154,.T.);
#2992=ORIENTED_EDGE('',*,*,#3983,.T.);
#2993=ORIENTED_EDGE('',*,*,#4153,.F.);
#2994=CARTESIAN_POINT('',(-6.21451804394462,-4.67007393746679,0.));
#2995=CARTESIAN_POINT('',(-6.20617581788587,-4.65954516003608,0.));
#2996=CARTESIAN_POINT('',(-6.19838939862964,-4.64865776339898,0.));
#2997=CARTESIAN_POINT('',(-6.18439796515969,-4.62689641420722,0.));
#2998=CARTESIAN_POINT('',(-6.17808239799259,-4.61602724524671,0.));
#2999=CARTESIAN_POINT('',(-6.16679304206994,-4.59422327832618,0.));
#3000=CARTESIAN_POINT('',(-6.16171297476826,-4.58322413050175,0.));
#3001=CARTESIAN_POINT('',(-6.15274309533739,-4.5611337916191,0.));
#3002=CARTESIAN_POINT('',(-6.14878242234773,-4.54996350963851,0.));
#3003=CARTESIAN_POINT('',(-6.14198084019361,-4.52755567332887,0.));
#3004=CARTESIAN_POINT('',(-6.13909115190282,-4.51623231630022,0.));
#3005=CARTESIAN_POINT('',(-6.13439374002858,-4.49356864159482,0.));
#3006=CARTESIAN_POINT('',(-6.13255320326804,-4.48213923302978,0.));
#3007=CARTESIAN_POINT('',(-6.12992907050372,-4.4593274797183,0.));
#3008=CARTESIAN_POINT('',(-6.12912549315928,-4.44785454447284,0.));
#3009=CARTESIAN_POINT('',(-6.12855385373145,-4.42502732718648,0.));
#3010=CARTESIAN_POINT('',(-6.12877688213387,-4.41358209673962,0.));
#3011=CARTESIAN_POINT('',(-6.13023605057583,-4.39088587809356,0.));
#3012=CARTESIAN_POINT('',(-6.13147327435884,-4.37954444888497,0.));
#3013=CARTESIAN_POINT('',(-6.13493505522481,-4.3571331326552,0.));
#3014=CARTESIAN_POINT('',(-6.137169963634,-4.34597405164381,0.));
#3015=CARTESIAN_POINT('',(-6.14259669167013,-4.3240048328412,0.));
#3016=CARTESIAN_POINT('',(-6.14580758966865,-4.31310742650883,0.));
#3017=CARTESIAN_POINT('',(-6.1531505945748,-4.2917378366746,0.));
#3018=CARTESIAN_POINT('',(-6.1573100609492,-4.2811809554819,0.));
#3019=CARTESIAN_POINT('',(-6.16650896829518,-4.26056658930882,0.));
#3020=CARTESIAN_POINT('',(-6.17158364769331,-4.25042760206829,0.));
#3021=CARTESIAN_POINT('',(-6.18256621773745,-4.23072026460226,0.));
#3022=CARTESIAN_POINT('',(-6.18849357347821,-4.22111198799202,0.));
#3023=CARTESIAN_POINT('',(-6.19485801277066,-4.21174728605732,0.));
#3024=ORIENTED_EDGE('',*,*,#4047,.T.);
#3025=ORIENTED_EDGE('',*,*,#4155,.F.);
#3026=ORIENTED_EDGE('',*,*,#3984,.T.);
#3027=ORIENTED_EDGE('',*,*,#4154,.F.);
#3028=CARTESIAN_POINT('',(-6.89372241220508,-6.3025020074143,0.));
#3029=CARTESIAN_POINT('',(-6.88481672832963,-6.25728608136954,0.));
#3030=CARTESIAN_POINT('',(-6.87533046658312,-6.21220011461329,0.));
#3031=CARTESIAN_POINT('',(-6.85531814732403,-6.12283006321332,0.));
#3032=CARTESIAN_POINT('',(-6.84482386418801,-6.07852281221255,0.));
#3033=CARTESIAN_POINT('',(-6.82276593686396,-5.99078083716077,0.));
#3034=CARTESIAN_POINT('',(-6.8112532352519,-5.94730091273822,0.));
#3035=CARTESIAN_POINT('',(-6.7871612622488,-5.86124890287289,0.));
#3036=CARTESIAN_POINT('',(-6.77463552217229,-5.81862778046509,0.));
#3037=CARTESIAN_POINT('',(-6.74851821546187,-5.73433140677246,0.));
#3038=CARTESIAN_POINT('',(-6.73498328756331,-5.69260258634032,0.));
#3039=CARTESIAN_POINT('',(-6.70684572309808,-5.6101323316076,0.));
#3040=CARTESIAN_POINT('',(-6.6923035103519,-5.56933188698822,0.));
#3041=CARTESIAN_POINT('',(-6.66214608398198,-5.48876442370996,0.));
#3042=CARTESIAN_POINT('',(-6.64659598652575,-5.44893173650211,0.));
#3043=CARTESIAN_POINT('',(-6.61441299045867,-5.37035181600312,0.));
#3044=CARTESIAN_POINT('',(-6.59785115122459,-5.33153057807283,0.));
#3045=CARTESIAN_POINT('',(-6.56362877314428,-5.25503369739647,0.));
#3046=CARTESIAN_POINT('',(-6.5460470247699,-5.21727331634978,0.));
#3047=CARTESIAN_POINT('',(-6.50976042942764,-5.14296962112978,0.));
#3048=CARTESIAN_POINT('',(-6.49114477801617,-5.10632725097448,0.));
#3049=CARTESIAN_POINT('',(-6.452753649168,-5.03434751224452,0.));
#3050=CARTESIAN_POINT('',(-6.43308201441403,-4.99889108915791,0.));
#3051=CARTESIAN_POINT('',(-6.39252332548823,-4.92939641293066,0.));
#3052=CARTESIAN_POINT('',(-6.37176205272613,-4.89520935578904,0.));
#3053=CARTESIAN_POINT('',(-6.32893735470718,-4.82840827728467,0.));
#3054=CARTESIAN_POINT('',(-6.30703573828929,-4.7955969078621,0.));
#3055=CARTESIAN_POINT('',(-6.26178601449297,-4.73177923029107,0.));
#3056=CARTESIAN_POINT('',(-6.23854203332627,-4.70065015600921,0.));
#3057=CARTESIAN_POINT('',(-6.21451804394462,-4.67007393746679,0.));
#3058=ORIENTED_EDGE('',*,*,#4046,.T.);
#3059=ORIENTED_EDGE('',*,*,#4156,.T.);
#3060=ORIENTED_EDGE('',*,*,#3985,.T.);
#3061=ORIENTED_EDGE('',*,*,#4155,.T.);
#3062=ORIENTED_EDGE('',*,*,#4045,.T.);
#3063=ORIENTED_EDGE('',*,*,#4157,.T.);
#3064=ORIENTED_EDGE('',*,*,#3986,.T.);
#3065=ORIENTED_EDGE('',*,*,#4156,.F.);
#3066=CARTESIAN_POINT('',(-4.67007393746679,-6.21451804394462,0.));
#3067=CARTESIAN_POINT('',(-4.70065015600921,-6.23854203332627,0.));
#3068=CARTESIAN_POINT('',(-4.73177923029107,-6.26178601449297,0.));
#3069=CARTESIAN_POINT('',(-4.79559690786211,-6.30703573828929,0.));
#3070=CARTESIAN_POINT('',(-4.82840827728467,-6.32893735470718,0.));
#3071=CARTESIAN_POINT('',(-4.89520935578905,-6.37176205272613,0.));
#3072=CARTESIAN_POINT('',(-4.92939641293066,-6.39252332548823,0.));
#3073=CARTESIAN_POINT('',(-4.99889108915792,-6.43308201441403,0.));
#3074=CARTESIAN_POINT('',(-5.03434751224452,-6.452753649168,0.));
#3075=CARTESIAN_POINT('',(-5.10632725097448,-6.49114477801617,0.));
#3076=CARTESIAN_POINT('',(-5.14296962112978,-6.50976042942764,0.));
#3077=CARTESIAN_POINT('',(-5.21727331634978,-6.54604702476989,0.));
#3078=CARTESIAN_POINT('',(-5.25503369739647,-6.56362877314427,0.));
#3079=CARTESIAN_POINT('',(-5.33153057807283,-6.59785115122459,0.));
#3080=CARTESIAN_POINT('',(-5.37035181600312,-6.61441299045866,0.));
#3081=CARTESIAN_POINT('',(-5.44893173650211,-6.64659598652575,0.));
#3082=CARTESIAN_POINT('',(-5.48876442370996,-6.66214608398198,0.));
#3083=CARTESIAN_POINT('',(-5.56933188698822,-6.6923035103519,0.));
#3084=CARTESIAN_POINT('',(-5.6101323316076,-6.70684572309808,0.));
#3085=CARTESIAN_POINT('',(-5.69260258634032,-6.7349832875633,0.));
#3086=CARTESIAN_POINT('',(-5.73433140677246,-6.74851821546186,0.));
#3087=CARTESIAN_POINT('',(-5.8186277804651,-6.77463552217228,0.));
#3088=CARTESIAN_POINT('',(-5.86124890287289,-6.7871612622488,0.));
#3089=CARTESIAN_POINT('',(-5.94730091273822,-6.8112532352519,0.));
#3090=CARTESIAN_POINT('',(-5.99078083716077,-6.82276593686396,0.));
#3091=CARTESIAN_POINT('',(-6.07852281221255,-6.84482386418801,0.));
#3092=CARTESIAN_POINT('',(-6.12283006321332,-6.85531814732403,0.));
#3093=CARTESIAN_POINT('',(-6.21220011461329,-6.87533046658311,0.));
#3094=CARTESIAN_POINT('',(-6.25728608136954,-6.88481672832963,0.));
#3095=CARTESIAN_POINT('',(-6.30250200741431,-6.89372241220508,0.));
#3096=ORIENTED_EDGE('',*,*,#4044,.T.);
#3097=ORIENTED_EDGE('',*,*,#4158,.T.);
#3098=ORIENTED_EDGE('',*,*,#3987,.T.);
#3099=ORIENTED_EDGE('',*,*,#4157,.F.);
#3100=CARTESIAN_POINT('',(-4.21174728605732,-6.19485801277066,0.));
#3101=CARTESIAN_POINT('',(-4.22111198799202,-6.18849357347821,0.));
#3102=CARTESIAN_POINT('',(-4.23072026460226,-6.18256621773745,0.));
#3103=CARTESIAN_POINT('',(-4.25042760206829,-6.17158364769331,0.));
#3104=CARTESIAN_POINT('',(-4.26056658930883,-6.16650896829518,0.));
#3105=CARTESIAN_POINT('',(-4.2811809554819,-6.1573100609492,0.));
#3106=CARTESIAN_POINT('',(-4.2917378366746,-6.1531505945748,0.));
#3107=CARTESIAN_POINT('',(-4.31310742650883,-6.14580758966864,0.));
#3108=CARTESIAN_POINT('',(-4.3240048328412,-6.14259669167013,0.));
#3109=CARTESIAN_POINT('',(-4.34597405164381,-6.137169963634,0.));
#3110=CARTESIAN_POINT('',(-4.3571331326552,-6.13493505522481,0.));
#3111=CARTESIAN_POINT('',(-4.37954444888497,-6.13147327435883,0.));
#3112=CARTESIAN_POINT('',(-4.39088587809356,-6.13023605057583,0.));
#3113=CARTESIAN_POINT('',(-4.41358209673962,-6.12877688213386,0.));
#3114=CARTESIAN_POINT('',(-4.42502732718648,-6.12855385373145,0.));
#3115=CARTESIAN_POINT('',(-4.44785454447284,-6.12912549315928,0.));
#3116=CARTESIAN_POINT('',(-4.4593274797183,-6.12992907050372,0.));
#3117=CARTESIAN_POINT('',(-4.48213923302979,-6.13255320326804,0.));
#3118=CARTESIAN_POINT('',(-4.49356864159482,-6.13439374002858,0.));
#3119=CARTESIAN_POINT('',(-4.51623231630022,-6.13909115190282,0.));
#3120=CARTESIAN_POINT('',(-4.52755567332887,-6.14198084019361,0.));
#3121=CARTESIAN_POINT('',(-4.54996350963851,-6.14878242234773,0.));
#3122=CARTESIAN_POINT('',(-4.5611337916191,-6.15274309533739,0.));
#3123=CARTESIAN_POINT('',(-4.58322413050175,-6.16171297476826,0.));
#3124=CARTESIAN_POINT('',(-4.59422327832619,-6.16679304206994,0.));
#3125=CARTESIAN_POINT('',(-4.61602724524671,-6.17808239799259,0.));
#3126=CARTESIAN_POINT('',(-4.62689641420722,-6.18439796515969,0.));
#3127=CARTESIAN_POINT('',(-4.64865776339899,-6.19838939862964,0.));
#3128=CARTESIAN_POINT('',(-4.65954516003608,-6.20617581788587,0.));
#3129=CARTESIAN_POINT('',(-4.67007393746679,-6.21451804394462,0.));
#3130=ORIENTED_EDGE('',*,*,#4043,.T.);
#3131=ORIENTED_EDGE('',*,*,#4159,.T.);
#3132=ORIENTED_EDGE('',*,*,#3988,.T.);
#3133=ORIENTED_EDGE('',*,*,#4158,.F.);
#3134=ORIENTED_EDGE('',*,*,#4042,.T.);
#3135=ORIENTED_EDGE('',*,*,#4160,.T.);
#3136=ORIENTED_EDGE('',*,*,#3989,.T.);
#3137=ORIENTED_EDGE('',*,*,#4159,.F.);
#3138=CARTESIAN_POINT('',(-3.95430610143397,-6.69277882169147,0.));
#3139=CARTESIAN_POINT('',(-3.95062807820851,-6.67985906801914,0.));
#3140=CARTESIAN_POINT('',(-3.94760079114072,-6.66682069145699,0.));
#3141=CARTESIAN_POINT('',(-3.94300209992895,-6.6413615365549,0.));
#3142=CARTESIAN_POINT('',(-3.94132672757182,-6.62890287089604,0.));
#3143=CARTESIAN_POINT('',(-3.93924073959998,-6.60443838265694,0.));
#3144=CARTESIAN_POINT('',(-3.93875656103872,-6.59233243751523,0.));
#3145=CARTESIAN_POINT('',(-3.93892307972916,-6.56849100130681,0.));
#3146=CARTESIAN_POINT('',(-3.93953857686787,-6.5566553224784,0.));
#3147=CARTESIAN_POINT('',(-3.94182984203782,-6.53335032833981,0.));
#3148=CARTESIAN_POINT('',(-3.94349337930424,-6.52178307470813,0.));
#3149=CARTESIAN_POINT('',(-3.94782654944413,-6.49904694781705,0.));
#3150=CARTESIAN_POINT('',(-3.9504999605018,-6.48778320825019,0.));
#3151=CARTESIAN_POINT('',(-3.95680525800576,-6.46570368413179,0.));
#3152=CARTESIAN_POINT('',(-3.96045335158348,-6.45479655834434,0.));
#3153=CARTESIAN_POINT('',(-3.96866082347861,-6.43348820257096,0.));
#3154=CARTESIAN_POINT('',(-3.97324677492639,-6.42299953769079,0.));
#3155=CARTESIAN_POINT('',(-3.98328033763759,-6.40258936540606,0.));
#3156=CARTESIAN_POINT('',(-3.98876356042531,-6.3925847161347,0.));
#3157=CARTESIAN_POINT('',(-4.00053826833206,-6.37320412595726,0.));
#3158=CARTESIAN_POINT('',(-4.00687344989183,-6.36374974183026,0.));
#3159=CARTESIAN_POINT('',(-4.02029434891067,-6.34552954914464,0.));
#3160=CARTESIAN_POINT('',(-4.02743108871163,-6.33669041594375,0.));
#3161=CARTESIAN_POINT('',(-4.04239292863755,-6.31975753559911,0.));
#3162=CARTESIAN_POINT('',(-4.05027571801692,-6.31159600800698,0.));
#3163=CARTESIAN_POINT('',(-4.06666317663849,-6.29607108646115,0.));
#3164=CARTESIAN_POINT('',(-4.07523159150639,-6.28864587939946,0.));
#3165=CARTESIAN_POINT('',(-4.09291983472882,-6.27464152127498,0.));
#3166=CARTESIAN_POINT('',(-4.10207292565194,-6.2680329320118,0.));
#3167=CARTESIAN_POINT('',(-4.11153661712959,-6.26181664103977,0.));
#3168=ORIENTED_EDGE('',*,*,#4041,.T.);
#3169=ORIENTED_EDGE('',*,*,#4161,.F.);
#3170=ORIENTED_EDGE('',*,*,#3990,.T.);
#3171=ORIENTED_EDGE('',*,*,#4160,.F.);
#3172=CARTESIAN_POINT('',(-3.95710593876543,-8.46086596273616,0.));
#3173=CARTESIAN_POINT('',(-3.96618154548627,-8.41568383644684,0.));
#3174=CARTESIAN_POINT('',(-3.9746710349284,-8.37039959935179,0.));
#3175=CARTESIAN_POINT('',(-3.99038250078723,-8.28017405502022,0.));
#3176=CARTESIAN_POINT('',(-3.99764269828112,-8.23522350438807,0.));
#3177=CARTESIAN_POINT('',(-4.01084123087212,-8.14571928615638,0.));
#3178=CARTESIAN_POINT('',(-4.01684392820582,-8.10114335373855,0.));
#3179=CARTESIAN_POINT('',(-4.02751652594762,-8.01242206417124,0.));
#3180=CARTESIAN_POINT('',(-4.03225464847564,-7.96825188832063,0.));
#3181=CARTESIAN_POINT('',(-4.04038422898219,-7.88037753342501,0.));
#3182=CARTESIAN_POINT('',(-4.04384851435422,-7.83664553764688,0.));
#3183=CARTESIAN_POINT('',(-4.04941279459922,-7.74968517751038,0.));
#3184=CARTESIAN_POINT('',(-4.05159119607456,-7.70642541792128,0.));
#3185=CARTESIAN_POINT('',(-4.05456120048245,-7.62045004017761,0.));
#3186=CARTESIAN_POINT('',(-4.05543809317511,-7.57769867107319,0.));
#3187=CARTESIAN_POINT('',(-4.05577611550537,-7.49278439145906,0.));
#3188=CARTESIAN_POINT('',(-4.05533121579609,-7.45058030282414,0.));
#3189=CARTESIAN_POINT('',(-4.05298794999628,-7.36681006335882,0.));
#3190=CARTESIAN_POINT('',(-4.05119480475378,-7.32519577635507,0.));
#3191=CARTESIAN_POINT('',(-4.04610515513676,-7.24266183429694,0.));
#3192=CARTESIAN_POINT('',(-4.04292896379435,-7.2016847971099,0.));
#3193=CARTESIAN_POINT('',(-4.03500563909945,-7.1204925407818,0.));
#3194=CARTESIAN_POINT('',(-4.03040000406539,-7.08020706848814,0.));
#3195=CARTESIAN_POINT('',(-4.0195231227311,-7.00048122121293,0.));
#3196=CARTESIAN_POINT('',(-4.01342502812672,-6.96095150372213,0.));
#3197=CARTESIAN_POINT('',(-3.99942383214878,-6.88284705211436,0.));
#3198=CARTESIAN_POINT('',(-3.99174574448261,-6.84415191372605,0.));
#3199=CARTESIAN_POINT('',(-3.97436241871385,-6.76787574798981,0.));
#3200=CARTESIAN_POINT('',(-3.96480036125239,-6.73022114690008,0.));
#3201=CARTESIAN_POINT('',(-3.95430610143397,-6.69277882169147,0.));
#3202=ORIENTED_EDGE('',*,*,#4040,.T.);
#3203=ORIENTED_EDGE('',*,*,#4162,.T.);
#3204=ORIENTED_EDGE('',*,*,#3991,.T.);
#3205=ORIENTED_EDGE('',*,*,#4161,.T.);
#3206=ORIENTED_EDGE('',*,*,#4039,.T.);
#3207=ORIENTED_EDGE('',*,*,#4163,.T.);
#3208=ORIENTED_EDGE('',*,*,#3992,.T.);
#3209=ORIENTED_EDGE('',*,*,#4162,.F.);
#3210=CARTESIAN_POINT('',(-1.93639263058845,-7.52862594901105,0.));
#3211=CARTESIAN_POINT('',(-1.95544779036571,-7.56252223335059,0.));
#3212=CARTESIAN_POINT('',(-1.97531221846604,-7.5959094527971,0.));
#3213=CARTESIAN_POINT('',(-2.01695574497038,-7.66213671436277,0.));
#3214=CARTESIAN_POINT('',(-2.03888811186841,-7.6949275369714,0.));
#3215=CARTESIAN_POINT('',(-2.0842159586204,-7.76005606496482,0.));
#3216=CARTESIAN_POINT('',(-2.10785568586946,-7.79231980030803,0.));
#3217=CARTESIAN_POINT('',(-2.15653925656396,-7.85638560410182,0.));
#3218=CARTESIAN_POINT('',(-2.18176871144186,-7.88812841050822,0.));
#3219=CARTESIAN_POINT('',(-2.23357766984999,-7.95114264215896,0.));
#3220=CARTESIAN_POINT('',(-2.26030690428132,-7.98236368946341,0.));
#3221=CARTESIAN_POINT('',(-2.31506828863062,-8.04432292532884,0.));
#3222=CARTESIAN_POINT('',(-2.34322608800459,-8.07501661502405,0.));
#3223=CARTESIAN_POINT('',(-2.40080365325498,-8.13590805854877,0.));
#3224=CARTESIAN_POINT('',(-2.43033185892115,-8.1660654474177,0.));
#3225=CARTESIAN_POINT('',(-2.49061433973778,-8.2258698924705,0.));
#3226=CARTESIAN_POINT('',(-2.52146417950588,-8.25547961869989,0.));
#3227=CARTESIAN_POINT('',(-2.58435806238048,-8.31417328106055,0.));
#3228=CARTESIAN_POINT('',(-2.61648769419379,-8.34322218796314,0.));
#3229=CARTESIAN_POINT('',(-2.68191249483439,-8.40077790801642,0.));
#3230=CARTESIAN_POINT('',(-2.71528530528246,-8.42925147910743,0.));
#3231=CARTESIAN_POINT('',(-2.78317033902593,-8.48563954984213,0.));
#3232=CARTESIAN_POINT('',(-2.81775372846575,-8.51352222214265,0.));
#3233=CARTESIAN_POINT('',(-2.88803582019052,-8.5687109813952,0.));
#3234=CARTESIAN_POINT('',(-2.92380031227095,-8.59598637749549,0.));
#3235=CARTESIAN_POINT('',(-2.99642212382418,-8.64994264525511,0.));
#3236=CARTESIAN_POINT('',(-3.03334069787493,-8.6765937495445,0.));
#3237=CARTESIAN_POINT('',(-3.10824947615919,-8.72928315972643,0.));
#3238=CARTESIAN_POINT('',(-3.1462732428433,-8.75530097530386,0.));
#3239=CARTESIAN_POINT('',(-3.18463925378659,-8.78083214013578,0.));
#3240=ORIENTED_EDGE('',*,*,#4038,.T.);
#3241=ORIENTED_EDGE('',*,*,#4164,.T.);
#3242=ORIENTED_EDGE('',*,*,#3993,.T.);
#3243=ORIENTED_EDGE('',*,*,#4163,.F.);
#3244=CARTESIAN_POINT('',(-1.52047758635686,-7.33506843249512,0.));
#3245=CARTESIAN_POINT('',(-1.53156500827592,-7.33277217357636,0.));
#3246=CARTESIAN_POINT('',(-1.54271019921854,-7.33097293919788,0.));
#3247=CARTESIAN_POINT('',(-1.56512025254439,-7.32836803906401,0.));
#3248=CARTESIAN_POINT('',(-1.57642945106654,-7.32755966907194,0.));
#3249=CARTESIAN_POINT('',(-1.5989949114867,-7.32694976325666,0.));
#3250=CARTESIAN_POINT('',(-1.61033995681676,-7.32714686093707,0.));
#3251=CARTESIAN_POINT('',(-1.63289292980412,-7.32854059698314,0.));
#3252=CARTESIAN_POINT('',(-1.6441895779391,-7.32974437090048,0.));
#3253=CARTESIAN_POINT('',(-1.66656320844747,-7.33313798399716,0.));
#3254=CARTESIAN_POINT('',(-1.67772811741658,-7.33534359328435,0.));
#3255=CARTESIAN_POINT('',(-1.69975823996179,-7.34072176421486,0.));
#3256=CARTESIAN_POINT('',(-1.71070981932092,-7.34391889554208,0.));
#3257=CARTESIAN_POINT('',(-1.73223679078119,-7.35125626653724,0.));
#3258=CARTESIAN_POINT('',(-1.74289615421047,-7.3554301152327,0.));
#3259=CARTESIAN_POINT('',(-1.7637669961072,-7.36469383906254,0.));
#3260=CARTESIAN_POINT('',(-1.77405909042197,-7.36982674996289,0.));
#3261=CARTESIAN_POINT('',(-1.79413019027392,-7.38098081256994,0.));
#3262=CARTESIAN_POINT('',(-1.80398524399094,-7.3870550921114,0.));
#3263=CARTESIAN_POINT('',(-1.82312612748349,-7.40006794762406,0.));
#3264=CARTESIAN_POINT('',(-1.832481709448,-7.40707093262488,0.));
#3265=CARTESIAN_POINT('',(-1.85058099797808,-7.42192988287662,0.));
#3266=CARTESIAN_POINT('',(-1.85938530893817,-7.42986374943555,0.));
#3267=CARTESIAN_POINT('',(-1.87636149664958,-7.44660444415654,0.));
#3268=CARTESIAN_POINT('',(-1.88457932660799,-7.45550700600289,0.));
#3269=CARTESIAN_POINT('',(-1.90040331589975,-7.47428102777538,0.));
#3270=CARTESIAN_POINT('',(-1.90802825571692,-7.48427530190203,0.));
#3271=CARTESIAN_POINT('',(-1.92277883105105,-7.50552940871701,0.));
#3272=CARTESIAN_POINT('',(-1.92985774031958,-7.516889548414,0.));
#3273=CARTESIAN_POINT('',(-1.93639263058845,-7.52862594901105,0.));
#3274=ORIENTED_EDGE('',*,*,#4037,.T.);
#3275=ORIENTED_EDGE('',*,*,#4165,.T.);
#3276=ORIENTED_EDGE('',*,*,#3994,.T.);
#3277=ORIENTED_EDGE('',*,*,#4164,.F.);
#3278=ORIENTED_EDGE('',*,*,#4036,.T.);
#3279=ORIENTED_EDGE('',*,*,#4166,.T.);
#3280=ORIENTED_EDGE('',*,*,#3995,.T.);
#3281=ORIENTED_EDGE('',*,*,#4165,.F.);
#3282=CARTESIAN_POINT('',(-1.09208690085407,-7.69656880050472,0.));
#3283=CARTESIAN_POINT('',(-1.0936330261566,-7.68322498596954,0.));
#3284=CARTESIAN_POINT('',(-1.09582574829091,-7.67002060412074,0.));
#3285=CARTESIAN_POINT('',(-1.10131990838706,-7.64473956905435,0.));
#3286=CARTESIAN_POINT('',(-1.104539791094,-7.63258812560561,0.));
#3287=CARTESIAN_POINT('',(-1.11197474383214,-7.60918761261121,0.));
#3288=CARTESIAN_POINT('',(-1.11616016580817,-7.59781789055938,0.));
#3289=CARTESIAN_POINT('',(-1.1254377316588,-7.57585499956475,0.));
#3290=CARTESIAN_POINT('',(-1.13053569506599,-7.56515579869946,0.));
#3291=CARTESIAN_POINT('',(-1.14157098320828,-7.54450162082922,0.));
#3292=CARTESIAN_POINT('',(-1.1475344875631,-7.53445148010253,0.));
#3293=CARTESIAN_POINT('',(-1.1602385538436,-7.51510427024143,0.));
#3294=CARTESIAN_POINT('',(-1.16701891012048,-7.50572100191574,0.));
#3295=CARTESIAN_POINT('',(-1.1812937135054,-7.48773511438606,0.));
#3296=CARTESIAN_POINT('',(-1.18883808882812,-7.47905430908442,0.));
#3297=CARTESIAN_POINT('',(-1.20457515885111,-7.4625088188298,0.));
#3298=CARTESIAN_POINT('',(-1.21282586380807,-7.45457352366433,0.));
#3299=CARTESIAN_POINT('',(-1.22990630182021,-7.43955666145261,0.));
#3300=CARTESIAN_POINT('',(-1.23880075264875,-7.43241190927768,0.));
#3301=CARTESIAN_POINT('',(-1.25709579505546,-7.4190125643216,0.));
#3302=CARTESIAN_POINT('',(-1.26656677580189,-7.41270222135811,0.));
#3303=CARTESIAN_POINT('',(-1.28593863558859,-7.40100491395942,0.));
#3304=CARTESIAN_POINT('',(-1.295914713252,-7.3955697317929,0.));
#3305=CARTESIAN_POINT('',(-1.31621758369838,-7.38565143847337,0.));
#3306=CARTESIAN_POINT('',(-1.32662361285738,-7.38112778307329,0.));
#3307=CARTESIAN_POINT('',(-1.34770478073207,-7.3730558347263,0.));
#3308=CARTESIAN_POINT('',(-1.35846246757899,-7.36947482830892,0.));
#3309=CARTESIAN_POINT('',(-1.38016350929342,-7.36330548610062,0.));
#3310=CARTESIAN_POINT('',(-1.39114886027882,-7.3607026819928,0.));
#3311=CARTESIAN_POINT('',(-1.40227104270278,-7.35858117593312,0.));
#3312=ORIENTED_EDGE('',*,*,#4035,.T.);
#3313=ORIENTED_EDGE('',*,*,#4167,.F.);
#3314=ORIENTED_EDGE('',*,*,#3996,.T.);
#3315=ORIENTED_EDGE('',*,*,#4166,.F.);
#3316=CARTESIAN_POINT('',(-0.418055957403413,-9.33113977317238,0.));
#3317=CARTESIAN_POINT('',(-0.443731175867859,-9.29287001578906,0.));
#3318=CARTESIAN_POINT('',(-0.468903968688485,-9.2542816229503,0.));
#3319=CARTESIAN_POINT('',(-0.517947291413022,-9.17693660691502,0.));
#3320=CARTESIAN_POINT('',(-0.541856670282234,-9.13818607050746,0.));
#3321=CARTESIAN_POINT('',(-0.588302305846292,-9.06054581496389,0.));
#3322=CARTESIAN_POINT('',(-0.610906545871291,-9.02166015617956,0.));
#3323=CARTESIAN_POINT('',(-0.654718908099139,-8.9437765989864,0.));
#3324=CARTESIAN_POINT('',(-0.675999557027992,-8.90478187856259,0.));
#3325=CARTESIAN_POINT('',(-0.717138369814219,-8.82670761641383,0.));
#3326=CARTESIAN_POINT('',(-0.737074462412763,-8.7876302452154,0.));
#3327=CARTESIAN_POINT('',(-0.775493476141019,-8.70941870620828,0.));
#3328=CARTESIAN_POINT('',(-0.794060849960523,-8.6702855378962,0.));
#3329=CARTESIAN_POINT('',(-0.829706128898274,-8.59199121757984,0.));
#3330=CARTESIAN_POINT('',(-0.846876512776413,-8.55282967498288,0.));
#3331=CARTESIAN_POINT('',(-0.879684092668414,-8.47450846557501,0.));
#3332=CARTESIAN_POINT('',(-0.895423864431642,-8.43534671614911,0.));
#3333=CARTESIAN_POINT('',(-0.925316451888598,-8.35705637747431,0.));
#3334=CARTESIAN_POINT('',(-0.93958489988626,-8.31792358247537,0.));
#3335=CARTESIAN_POINT('',(-0.966467049010861,-8.23972443808542,0.));
#3336=CARTESIAN_POINT('',(-0.979213864077163,-8.20065111632059,0.));
#3337=CARTESIAN_POINT('',(-1.00296459789521,-8.12260712741066,0.));
#3338=CARTESIAN_POINT('',(-1.01412612876481,-8.08362570387795,0.));
#3339=CARTESIAN_POINT('',(-1.034586961606,-8.00580622308582,0.));
#3340=CARTESIAN_POINT('',(-1.0440804247835,-7.96695188639602,0.));
#3341=CARTESIAN_POINT('',(-1.06103428601305,-7.88943475642354,0.));
#3342=CARTESIAN_POINT('',(-1.06874864634373,-7.8507468331168,0.));
#3343=CARTESIAN_POINT('',(-1.08187817237059,-7.77362453400354,0.));
#3344=CARTESIAN_POINT('',(-1.08745377518261,-7.73517697778203,0.));
#3345=CARTESIAN_POINT('',(-1.09208690085407,-7.69656880050472,0.));
#3346=ORIENTED_EDGE('',*,*,#4034,.T.);
#3347=ORIENTED_EDGE('',*,*,#4168,.T.);
#3348=ORIENTED_EDGE('',*,*,#3997,.T.);
#3349=ORIENTED_EDGE('',*,*,#4167,.T.);
#3350=ORIENTED_EDGE('',*,*,#4033,.T.);
#3351=ORIENTED_EDGE('',*,*,#4169,.T.);
#3352=ORIENTED_EDGE('',*,*,#3998,.T.);
#3353=ORIENTED_EDGE('',*,*,#4168,.F.);
#3354=CARTESIAN_POINT('',(1.09208690085407,-7.69656880050472,0.));
#3355=CARTESIAN_POINT('',(1.0874537751826,-7.73517697778203,0.));
#3356=CARTESIAN_POINT('',(1.08187817237059,-7.77362453400354,0.));
#3357=CARTESIAN_POINT('',(1.06874864634373,-7.8507468331168,0.));
#3358=CARTESIAN_POINT('',(1.06103428601305,-7.88943475642354,0.));
#3359=CARTESIAN_POINT('',(1.04408042478349,-7.96695188639602,0.));
#3360=CARTESIAN_POINT('',(1.034586961606,-8.00580622308582,0.));
#3361=CARTESIAN_POINT('',(1.01412612876481,-8.08362570387795,0.));
#3362=CARTESIAN_POINT('',(1.00296459789521,-8.12260712741066,0.));
#3363=CARTESIAN_POINT('',(0.979213864077162,-8.20065111632059,0.));
#3364=CARTESIAN_POINT('',(0.96646704901086,-8.23972443808542,0.));
#3365=CARTESIAN_POINT('',(0.939584899886259,-8.31792358247537,0.));
#3366=CARTESIAN_POINT('',(0.925316451888598,-8.35705637747431,0.));
#3367=CARTESIAN_POINT('',(0.895423864431642,-8.43534671614911,0.));
#3368=CARTESIAN_POINT('',(0.879684092668414,-8.47450846557501,0.));
#3369=CARTESIAN_POINT('',(0.846876512776412,-8.55282967498288,0.));
#3370=CARTESIAN_POINT('',(0.829706128898273,-8.59199121757984,0.));
#3371=CARTESIAN_POINT('',(0.794060849960522,-8.6702855378962,0.));
#3372=CARTESIAN_POINT('',(0.775493476141018,-8.70941870620828,0.));
#3373=CARTESIAN_POINT('',(0.737074462412762,-8.7876302452154,0.));
#3374=CARTESIAN_POINT('',(0.717138369814218,-8.82670761641383,0.));
#3375=CARTESIAN_POINT('',(0.675999557027991,-8.90478187856259,0.));
#3376=CARTESIAN_POINT('',(0.654718908099138,-8.9437765989864,0.));
#3377=CARTESIAN_POINT('',(0.61090654587129,-9.02166015617956,0.));
#3378=CARTESIAN_POINT('',(0.588302305846291,-9.06054581496389,0.));
#3379=CARTESIAN_POINT('',(0.541856670282233,-9.13818607050746,0.));
#3380=CARTESIAN_POINT('',(0.517947291413021,-9.17693660691502,0.));
#3381=CARTESIAN_POINT('',(0.468903968688484,-9.2542816229503,0.));
#3382=CARTESIAN_POINT('',(0.443731175867858,-9.29287001578906,0.));
#3383=CARTESIAN_POINT('',(0.418055957403412,-9.33113977317238,0.));
#3384=ORIENTED_EDGE('',*,*,#4032,.T.);
#3385=ORIENTED_EDGE('',*,*,#4123,.T.);
#3386=ORIENTED_EDGE('',*,*,#3999,.T.);
#3387=ORIENTED_EDGE('',*,*,#4169,.F.);
#3388=CARTESIAN_POINT('',(1.40227104270278,-7.35858117593312,0.));
#3389=CARTESIAN_POINT('',(1.39114886027882,-7.3607026819928,0.));
#3390=CARTESIAN_POINT('',(1.38016350929341,-7.36330548610062,0.));
#3391=CARTESIAN_POINT('',(1.35846246757898,-7.36947482830892,0.));
#3392=CARTESIAN_POINT('',(1.34770478073207,-7.3730558347263,0.));
#3393=CARTESIAN_POINT('',(1.32662361285738,-7.38112778307329,0.));
#3394=CARTESIAN_POINT('',(1.31621758369838,-7.38565143847337,0.));
#3395=CARTESIAN_POINT('',(1.295914713252,-7.3955697317929,0.));
#3396=CARTESIAN_POINT('',(1.28593863558859,-7.40100491395942,0.));
#3397=CARTESIAN_POINT('',(1.26656677580189,-7.41270222135811,0.));
#3398=CARTESIAN_POINT('',(1.25709579505545,-7.4190125643216,0.));
#3399=CARTESIAN_POINT('',(1.23880075264875,-7.43241190927768,0.));
#3400=CARTESIAN_POINT('',(1.2299063018202,-7.43955666145261,0.));
#3401=CARTESIAN_POINT('',(1.21282586380807,-7.45457352366433,0.));
#3402=CARTESIAN_POINT('',(1.20457515885111,-7.4625088188298,0.));
#3403=CARTESIAN_POINT('',(1.18883808882812,-7.47905430908442,0.));
#3404=CARTESIAN_POINT('',(1.1812937135054,-7.48773511438606,0.));
#3405=CARTESIAN_POINT('',(1.16701891012048,-7.50572100191574,0.));
#3406=CARTESIAN_POINT('',(1.16023855384359,-7.51510427024143,0.));
#3407=CARTESIAN_POINT('',(1.1475344875631,-7.53445148010253,0.));
#3408=CARTESIAN_POINT('',(1.14157098320828,-7.54450162082922,0.));
#3409=CARTESIAN_POINT('',(1.13053569506599,-7.56515579869946,0.));
#3410=CARTESIAN_POINT('',(1.1254377316588,-7.57585499956475,0.));
#3411=CARTESIAN_POINT('',(1.11616016580817,-7.59781789055937,0.));
#3412=CARTESIAN_POINT('',(1.11197474383214,-7.60918761261121,0.));
#3413=CARTESIAN_POINT('',(1.104539791094,-7.63258812560561,0.));
#3414=CARTESIAN_POINT('',(1.10131990838706,-7.64473956905435,0.));
#3415=CARTESIAN_POINT('',(1.09582574829091,-7.67002060412074,0.));
#3416=CARTESIAN_POINT('',(1.0936330261566,-7.68322498596954,0.));
#3417=CARTESIAN_POINT('',(1.09208690085407,-7.69656880050472,0.));
#3418=ORIENTED_EDGE('',*,*,#4015,.F.);
#3419=ORIENTED_EDGE('',*,*,#4170,.T.);
#3420=ORIENTED_EDGE('',*,*,#4080,.F.);
#3421=ORIENTED_EDGE('',*,*,#4171,.F.);
#3422=ORIENTED_EDGE('',*,*,#4172,.F.);
#3423=ORIENTED_EDGE('',*,*,#4173,.T.);
#3424=ORIENTED_EDGE('',*,*,#4081,.F.);
#3425=ORIENTED_EDGE('',*,*,#4173,.F.);
#3426=ORIENTED_EDGE('',*,*,#4174,.F.);
#3427=ORIENTED_EDGE('',*,*,#4175,.T.);
#3428=ORIENTED_EDGE('',*,*,#4082,.F.);
#3429=ORIENTED_EDGE('',*,*,#4175,.F.);
#3430=ORIENTED_EDGE('',*,*,#4176,.F.);
#3431=ORIENTED_EDGE('',*,*,#4177,.T.);
#3432=ORIENTED_EDGE('',*,*,#4083,.F.);
#3433=ORIENTED_EDGE('',*,*,#4177,.F.);
#3434=ORIENTED_EDGE('',*,*,#4178,.F.);
#3435=ORIENTED_EDGE('',*,*,#4179,.T.);
#3436=ORIENTED_EDGE('',*,*,#4084,.F.);
#3437=ORIENTED_EDGE('',*,*,#4179,.F.);
#3438=ORIENTED_EDGE('',*,*,#4180,.F.);
#3439=ORIENTED_EDGE('',*,*,#4181,.T.);
#3440=ORIENTED_EDGE('',*,*,#4085,.F.);
#3441=ORIENTED_EDGE('',*,*,#4181,.F.);
#3442=ORIENTED_EDGE('',*,*,#4182,.F.);
#3443=ORIENTED_EDGE('',*,*,#4183,.T.);
#3444=ORIENTED_EDGE('',*,*,#4086,.F.);
#3445=ORIENTED_EDGE('',*,*,#4183,.F.);
#3446=ORIENTED_EDGE('',*,*,#4184,.F.);
#3447=ORIENTED_EDGE('',*,*,#4185,.T.);
#3448=ORIENTED_EDGE('',*,*,#4087,.F.);
#3449=ORIENTED_EDGE('',*,*,#4185,.F.);
#3450=ORIENTED_EDGE('',*,*,#4186,.F.);
#3451=ORIENTED_EDGE('',*,*,#4187,.T.);
#3452=ORIENTED_EDGE('',*,*,#4088,.F.);
#3453=ORIENTED_EDGE('',*,*,#4187,.F.);
#3454=ORIENTED_EDGE('',*,*,#4188,.F.);
#3455=ORIENTED_EDGE('',*,*,#4189,.T.);
#3456=ORIENTED_EDGE('',*,*,#4089,.F.);
#3457=ORIENTED_EDGE('',*,*,#4189,.F.);
#3458=ORIENTED_EDGE('',*,*,#4190,.F.);
#3459=ORIENTED_EDGE('',*,*,#4191,.T.);
#3460=ORIENTED_EDGE('',*,*,#4090,.F.);
#3461=ORIENTED_EDGE('',*,*,#4191,.F.);
#3462=ORIENTED_EDGE('',*,*,#4192,.F.);
#3463=ORIENTED_EDGE('',*,*,#4193,.T.);
#3464=ORIENTED_EDGE('',*,*,#4091,.F.);
#3465=ORIENTED_EDGE('',*,*,#4193,.F.);
#3466=ORIENTED_EDGE('',*,*,#4194,.F.);
#3467=ORIENTED_EDGE('',*,*,#4195,.T.);
#3468=ORIENTED_EDGE('',*,*,#4092,.F.);
#3469=ORIENTED_EDGE('',*,*,#4195,.F.);
#3470=ORIENTED_EDGE('',*,*,#4196,.F.);
#3471=ORIENTED_EDGE('',*,*,#4197,.T.);
#3472=ORIENTED_EDGE('',*,*,#4093,.F.);
#3473=ORIENTED_EDGE('',*,*,#4197,.F.);
#3474=ORIENTED_EDGE('',*,*,#4198,.F.);
#3475=ORIENTED_EDGE('',*,*,#4199,.T.);
#3476=ORIENTED_EDGE('',*,*,#4094,.F.);
#3477=ORIENTED_EDGE('',*,*,#4199,.F.);
#3478=ORIENTED_EDGE('',*,*,#4200,.F.);
#3479=ORIENTED_EDGE('',*,*,#4201,.T.);
#3480=ORIENTED_EDGE('',*,*,#4095,.F.);
#3481=ORIENTED_EDGE('',*,*,#4201,.F.);
#3482=ORIENTED_EDGE('',*,*,#4202,.F.);
#3483=ORIENTED_EDGE('',*,*,#4203,.T.);
#3484=ORIENTED_EDGE('',*,*,#4096,.F.);
#3485=ORIENTED_EDGE('',*,*,#4203,.F.);
#3486=ORIENTED_EDGE('',*,*,#4204,.F.);
#3487=ORIENTED_EDGE('',*,*,#4205,.T.);
#3488=ORIENTED_EDGE('',*,*,#4097,.F.);
#3489=ORIENTED_EDGE('',*,*,#4205,.F.);
#3490=ORIENTED_EDGE('',*,*,#4206,.F.);
#3491=ORIENTED_EDGE('',*,*,#4207,.T.);
#3492=ORIENTED_EDGE('',*,*,#4098,.F.);
#3493=ORIENTED_EDGE('',*,*,#4207,.F.);
#3494=ORIENTED_EDGE('',*,*,#4208,.F.);
#3495=ORIENTED_EDGE('',*,*,#4209,.T.);
#3496=ORIENTED_EDGE('',*,*,#4099,.F.);
#3497=ORIENTED_EDGE('',*,*,#4209,.F.);
#3498=ORIENTED_EDGE('',*,*,#4210,.F.);
#3499=ORIENTED_EDGE('',*,*,#4211,.T.);
#3500=ORIENTED_EDGE('',*,*,#4100,.F.);
#3501=ORIENTED_EDGE('',*,*,#4211,.F.);
#3502=ORIENTED_EDGE('',*,*,#4212,.F.);
#3503=ORIENTED_EDGE('',*,*,#4213,.T.);
#3504=ORIENTED_EDGE('',*,*,#4101,.F.);
#3505=ORIENTED_EDGE('',*,*,#4213,.F.);
#3506=ORIENTED_EDGE('',*,*,#4214,.F.);
#3507=ORIENTED_EDGE('',*,*,#4215,.T.);
#3508=ORIENTED_EDGE('',*,*,#4102,.F.);
#3509=ORIENTED_EDGE('',*,*,#4215,.F.);
#3510=ORIENTED_EDGE('',*,*,#4216,.F.);
#3511=ORIENTED_EDGE('',*,*,#4217,.T.);
#3512=ORIENTED_EDGE('',*,*,#4103,.F.);
#3513=ORIENTED_EDGE('',*,*,#4217,.F.);
#3514=ORIENTED_EDGE('',*,*,#4218,.F.);
#3515=ORIENTED_EDGE('',*,*,#4219,.T.);
#3516=ORIENTED_EDGE('',*,*,#4104,.F.);
#3517=ORIENTED_EDGE('',*,*,#4219,.F.);
#3518=ORIENTED_EDGE('',*,*,#4220,.F.);
#3519=ORIENTED_EDGE('',*,*,#4221,.T.);
#3520=ORIENTED_EDGE('',*,*,#4105,.F.);
#3521=ORIENTED_EDGE('',*,*,#4221,.F.);
#3522=ORIENTED_EDGE('',*,*,#4222,.F.);
#3523=ORIENTED_EDGE('',*,*,#4223,.T.);
#3524=ORIENTED_EDGE('',*,*,#4106,.F.);
#3525=ORIENTED_EDGE('',*,*,#4223,.F.);
#3526=ORIENTED_EDGE('',*,*,#4224,.F.);
#3527=ORIENTED_EDGE('',*,*,#4225,.T.);
#3528=ORIENTED_EDGE('',*,*,#4107,.F.);
#3529=ORIENTED_EDGE('',*,*,#4225,.F.);
#3530=ORIENTED_EDGE('',*,*,#4226,.F.);
#3531=ORIENTED_EDGE('',*,*,#4227,.T.);
#3532=ORIENTED_EDGE('',*,*,#4108,.F.);
#3533=ORIENTED_EDGE('',*,*,#4227,.F.);
#3534=ORIENTED_EDGE('',*,*,#4228,.F.);
#3535=ORIENTED_EDGE('',*,*,#4229,.T.);
#3536=ORIENTED_EDGE('',*,*,#4109,.F.);
#3537=ORIENTED_EDGE('',*,*,#4229,.F.);
#3538=ORIENTED_EDGE('',*,*,#4230,.F.);
#3539=ORIENTED_EDGE('',*,*,#4231,.T.);
#3540=ORIENTED_EDGE('',*,*,#4110,.F.);
#3541=ORIENTED_EDGE('',*,*,#4231,.F.);
#3542=ORIENTED_EDGE('',*,*,#4232,.F.);
#3543=ORIENTED_EDGE('',*,*,#4233,.T.);
#3544=ORIENTED_EDGE('',*,*,#4111,.F.);
#3545=ORIENTED_EDGE('',*,*,#4233,.F.);
#3546=ORIENTED_EDGE('',*,*,#4234,.F.);
#3547=ORIENTED_EDGE('',*,*,#4235,.T.);
#3548=ORIENTED_EDGE('',*,*,#4112,.F.);
#3549=ORIENTED_EDGE('',*,*,#4235,.F.);
#3550=ORIENTED_EDGE('',*,*,#4236,.F.);
#3551=ORIENTED_EDGE('',*,*,#4237,.T.);
#3552=ORIENTED_EDGE('',*,*,#4113,.F.);
#3553=ORIENTED_EDGE('',*,*,#4237,.F.);
#3554=ORIENTED_EDGE('',*,*,#4238,.F.);
#3555=ORIENTED_EDGE('',*,*,#4239,.T.);
#3556=ORIENTED_EDGE('',*,*,#4114,.F.);
#3557=ORIENTED_EDGE('',*,*,#4239,.F.);
#3558=ORIENTED_EDGE('',*,*,#4240,.F.);
#3559=ORIENTED_EDGE('',*,*,#4241,.T.);
#3560=ORIENTED_EDGE('',*,*,#4115,.F.);
#3561=ORIENTED_EDGE('',*,*,#4241,.F.);
#3562=ORIENTED_EDGE('',*,*,#4242,.F.);
#3563=ORIENTED_EDGE('',*,*,#4243,.T.);
#3564=ORIENTED_EDGE('',*,*,#4116,.F.);
#3565=ORIENTED_EDGE('',*,*,#4243,.F.);
#3566=ORIENTED_EDGE('',*,*,#4244,.F.);
#3567=ORIENTED_EDGE('',*,*,#4245,.T.);
#3568=ORIENTED_EDGE('',*,*,#4117,.F.);
#3569=ORIENTED_EDGE('',*,*,#4245,.F.);
#3570=ORIENTED_EDGE('',*,*,#4246,.F.);
#3571=ORIENTED_EDGE('',*,*,#4247,.T.);
#3572=ORIENTED_EDGE('',*,*,#4118,.F.);
#3573=ORIENTED_EDGE('',*,*,#4247,.F.);
#3574=ORIENTED_EDGE('',*,*,#4248,.F.);
#3575=ORIENTED_EDGE('',*,*,#4249,.T.);
#3576=ORIENTED_EDGE('',*,*,#4119,.F.);
#3577=ORIENTED_EDGE('',*,*,#4249,.F.);
#3578=ORIENTED_EDGE('',*,*,#4250,.F.);
#3579=ORIENTED_EDGE('',*,*,#4251,.T.);
#3580=ORIENTED_EDGE('',*,*,#4120,.F.);
#3581=ORIENTED_EDGE('',*,*,#4251,.F.);
#3582=ORIENTED_EDGE('',*,*,#4252,.F.);
#3583=ORIENTED_EDGE('',*,*,#4253,.T.);
#3584=ORIENTED_EDGE('',*,*,#4121,.F.);
#3585=ORIENTED_EDGE('',*,*,#4253,.F.);
#3586=ORIENTED_EDGE('',*,*,#4254,.F.);
#3587=ORIENTED_EDGE('',*,*,#4171,.T.);
#3588=ORIENTED_EDGE('',*,*,#4172,.T.);
#3589=ORIENTED_EDGE('',*,*,#4254,.T.);
#3590=ORIENTED_EDGE('',*,*,#4252,.T.);
#3591=ORIENTED_EDGE('',*,*,#4250,.T.);
#3592=ORIENTED_EDGE('',*,*,#4248,.T.);
#3593=ORIENTED_EDGE('',*,*,#4246,.T.);
#3594=ORIENTED_EDGE('',*,*,#4244,.T.);
#3595=ORIENTED_EDGE('',*,*,#4242,.T.);
#3596=ORIENTED_EDGE('',*,*,#4240,.T.);
#3597=ORIENTED_EDGE('',*,*,#4238,.T.);
#3598=ORIENTED_EDGE('',*,*,#4236,.T.);
#3599=ORIENTED_EDGE('',*,*,#4234,.T.);
#3600=ORIENTED_EDGE('',*,*,#4232,.T.);
#3601=ORIENTED_EDGE('',*,*,#4230,.T.);
#3602=ORIENTED_EDGE('',*,*,#4228,.T.);
#3603=ORIENTED_EDGE('',*,*,#4226,.T.);
#3604=ORIENTED_EDGE('',*,*,#4224,.T.);
#3605=ORIENTED_EDGE('',*,*,#4222,.T.);
#3606=ORIENTED_EDGE('',*,*,#4220,.T.);
#3607=ORIENTED_EDGE('',*,*,#4218,.T.);
#3608=ORIENTED_EDGE('',*,*,#4216,.T.);
#3609=ORIENTED_EDGE('',*,*,#4214,.T.);
#3610=ORIENTED_EDGE('',*,*,#4212,.T.);
#3611=ORIENTED_EDGE('',*,*,#4210,.T.);
#3612=ORIENTED_EDGE('',*,*,#4208,.T.);
#3613=ORIENTED_EDGE('',*,*,#4206,.T.);
#3614=ORIENTED_EDGE('',*,*,#4204,.T.);
#3615=ORIENTED_EDGE('',*,*,#4202,.T.);
#3616=ORIENTED_EDGE('',*,*,#4200,.T.);
#3617=ORIENTED_EDGE('',*,*,#4198,.T.);
#3618=ORIENTED_EDGE('',*,*,#4196,.T.);
#3619=ORIENTED_EDGE('',*,*,#4194,.T.);
#3620=ORIENTED_EDGE('',*,*,#4192,.T.);
#3621=ORIENTED_EDGE('',*,*,#4190,.T.);
#3622=ORIENTED_EDGE('',*,*,#4188,.T.);
#3623=ORIENTED_EDGE('',*,*,#4186,.T.);
#3624=ORIENTED_EDGE('',*,*,#4184,.T.);
#3625=ORIENTED_EDGE('',*,*,#4182,.T.);
#3626=ORIENTED_EDGE('',*,*,#4180,.T.);
#3627=ORIENTED_EDGE('',*,*,#4178,.T.);
#3628=ORIENTED_EDGE('',*,*,#4176,.T.);
#3629=ORIENTED_EDGE('',*,*,#4174,.T.);
#3630=ORIENTED_EDGE('',*,*,#4170,.F.);
#3631=ORIENTED_EDGE('',*,*,#4255,.F.);
#3632=ORIENTED_EDGE('',*,*,#4256,.F.);
#3633=ORIENTED_EDGE('',*,*,#4257,.T.);
#3634=ORIENTED_EDGE('',*,*,#4258,.T.);
#3635=ORIENTED_EDGE('',*,*,#4259,.F.);
#3636=ORIENTED_EDGE('',*,*,#4258,.F.);
#3637=ORIENTED_EDGE('',*,*,#4260,.T.);
#3638=ORIENTED_EDGE('',*,*,#4261,.T.);
#3639=ORIENTED_EDGE('',*,*,#4262,.F.);
#3640=ORIENTED_EDGE('',*,*,#4261,.F.);
#3641=ORIENTED_EDGE('',*,*,#4263,.T.);
#3642=ORIENTED_EDGE('',*,*,#4264,.T.);
#3643=ORIENTED_EDGE('',*,*,#4265,.F.);
#3644=ORIENTED_EDGE('',*,*,#4264,.F.);
#3645=ORIENTED_EDGE('',*,*,#4266,.T.);
#3646=ORIENTED_EDGE('',*,*,#4267,.T.);
#3647=ORIENTED_EDGE('',*,*,#4268,.F.);
#3648=ORIENTED_EDGE('',*,*,#4267,.F.);
#3649=ORIENTED_EDGE('',*,*,#4269,.T.);
#3650=ORIENTED_EDGE('',*,*,#4270,.T.);
#3651=ORIENTED_EDGE('',*,*,#4271,.F.);
#3652=ORIENTED_EDGE('',*,*,#4270,.F.);
#3653=ORIENTED_EDGE('',*,*,#4272,.T.);
#3654=ORIENTED_EDGE('',*,*,#4273,.T.);
#3655=ORIENTED_EDGE('',*,*,#4274,.F.);
#3656=ORIENTED_EDGE('',*,*,#4273,.F.);
#3657=ORIENTED_EDGE('',*,*,#4275,.T.);
#3658=ORIENTED_EDGE('',*,*,#4276,.T.);
#3659=ORIENTED_EDGE('',*,*,#4277,.F.);
#3660=ORIENTED_EDGE('',*,*,#4276,.F.);
#3661=ORIENTED_EDGE('',*,*,#4278,.T.);
#3662=ORIENTED_EDGE('',*,*,#4279,.T.);
#3663=ORIENTED_EDGE('',*,*,#4280,.F.);
#3664=ORIENTED_EDGE('',*,*,#4279,.F.);
#3665=ORIENTED_EDGE('',*,*,#4281,.T.);
#3666=ORIENTED_EDGE('',*,*,#4282,.T.);
#3667=ORIENTED_EDGE('',*,*,#4283,.F.);
#3668=ORIENTED_EDGE('',*,*,#4282,.F.);
#3669=ORIENTED_EDGE('',*,*,#4284,.T.);
#3670=ORIENTED_EDGE('',*,*,#4285,.T.);
#3671=ORIENTED_EDGE('',*,*,#4286,.F.);
#3672=ORIENTED_EDGE('',*,*,#4285,.F.);
#3673=ORIENTED_EDGE('',*,*,#4287,.T.);
#3674=ORIENTED_EDGE('',*,*,#4288,.T.);
#3675=ORIENTED_EDGE('',*,*,#4289,.F.);
#3676=ORIENTED_EDGE('',*,*,#4288,.F.);
#3677=ORIENTED_EDGE('',*,*,#4290,.T.);
#3678=ORIENTED_EDGE('',*,*,#4291,.T.);
#3679=ORIENTED_EDGE('',*,*,#4292,.F.);
#3680=ORIENTED_EDGE('',*,*,#4291,.F.);
#3681=ORIENTED_EDGE('',*,*,#4293,.T.);
#3682=ORIENTED_EDGE('',*,*,#4294,.T.);
#3683=ORIENTED_EDGE('',*,*,#4295,.F.);
#3684=ORIENTED_EDGE('',*,*,#4294,.F.);
#3685=ORIENTED_EDGE('',*,*,#4296,.T.);
#3686=ORIENTED_EDGE('',*,*,#4297,.T.);
#3687=ORIENTED_EDGE('',*,*,#4298,.F.);
#3688=ORIENTED_EDGE('',*,*,#4297,.F.);
#3689=ORIENTED_EDGE('',*,*,#4299,.T.);
#3690=ORIENTED_EDGE('',*,*,#4300,.T.);
#3691=ORIENTED_EDGE('',*,*,#4301,.F.);
#3692=ORIENTED_EDGE('',*,*,#4300,.F.);
#3693=ORIENTED_EDGE('',*,*,#4302,.T.);
#3694=ORIENTED_EDGE('',*,*,#4303,.T.);
#3695=ORIENTED_EDGE('',*,*,#4304,.F.);
#3696=ORIENTED_EDGE('',*,*,#4303,.F.);
#3697=ORIENTED_EDGE('',*,*,#4305,.T.);
#3698=ORIENTED_EDGE('',*,*,#4306,.T.);
#3699=ORIENTED_EDGE('',*,*,#4307,.F.);
#3700=ORIENTED_EDGE('',*,*,#4306,.F.);
#3701=ORIENTED_EDGE('',*,*,#4308,.T.);
#3702=ORIENTED_EDGE('',*,*,#4309,.T.);
#3703=ORIENTED_EDGE('',*,*,#4310,.F.);
#3704=ORIENTED_EDGE('',*,*,#4309,.F.);
#3705=ORIENTED_EDGE('',*,*,#4311,.T.);
#3706=ORIENTED_EDGE('',*,*,#4312,.T.);
#3707=ORIENTED_EDGE('',*,*,#4313,.F.);
#3708=ORIENTED_EDGE('',*,*,#4312,.F.);
#3709=ORIENTED_EDGE('',*,*,#4314,.T.);
#3710=ORIENTED_EDGE('',*,*,#4315,.T.);
#3711=ORIENTED_EDGE('',*,*,#4316,.F.);
#3712=ORIENTED_EDGE('',*,*,#4315,.F.);
#3713=ORIENTED_EDGE('',*,*,#4317,.T.);
#3714=ORIENTED_EDGE('',*,*,#4318,.T.);
#3715=ORIENTED_EDGE('',*,*,#4319,.F.);
#3716=ORIENTED_EDGE('',*,*,#4318,.F.);
#3717=ORIENTED_EDGE('',*,*,#4320,.T.);
#3718=ORIENTED_EDGE('',*,*,#4321,.T.);
#3719=ORIENTED_EDGE('',*,*,#4322,.F.);
#3720=ORIENTED_EDGE('',*,*,#4321,.F.);
#3721=ORIENTED_EDGE('',*,*,#4323,.T.);
#3722=ORIENTED_EDGE('',*,*,#4324,.T.);
#3723=ORIENTED_EDGE('',*,*,#4325,.F.);
#3724=ORIENTED_EDGE('',*,*,#4324,.F.);
#3725=ORIENTED_EDGE('',*,*,#4326,.T.);
#3726=ORIENTED_EDGE('',*,*,#4327,.T.);
#3727=ORIENTED_EDGE('',*,*,#4328,.F.);
#3728=ORIENTED_EDGE('',*,*,#4327,.F.);
#3729=ORIENTED_EDGE('',*,*,#4329,.T.);
#3730=ORIENTED_EDGE('',*,*,#4330,.T.);
#3731=ORIENTED_EDGE('',*,*,#4331,.F.);
#3732=ORIENTED_EDGE('',*,*,#4330,.F.);
#3733=ORIENTED_EDGE('',*,*,#4332,.T.);
#3734=ORIENTED_EDGE('',*,*,#4333,.T.);
#3735=ORIENTED_EDGE('',*,*,#4334,.F.);
#3736=ORIENTED_EDGE('',*,*,#4333,.F.);
#3737=ORIENTED_EDGE('',*,*,#4335,.T.);
#3738=ORIENTED_EDGE('',*,*,#4336,.T.);
#3739=ORIENTED_EDGE('',*,*,#4337,.F.);
#3740=ORIENTED_EDGE('',*,*,#4336,.F.);
#3741=ORIENTED_EDGE('',*,*,#4338,.T.);
#3742=ORIENTED_EDGE('',*,*,#4339,.T.);
#3743=ORIENTED_EDGE('',*,*,#4340,.F.);
#3744=ORIENTED_EDGE('',*,*,#4339,.F.);
#3745=ORIENTED_EDGE('',*,*,#4341,.T.);
#3746=ORIENTED_EDGE('',*,*,#4342,.T.);
#3747=ORIENTED_EDGE('',*,*,#4343,.F.);
#3748=ORIENTED_EDGE('',*,*,#4342,.F.);
#3749=ORIENTED_EDGE('',*,*,#4344,.T.);
#3750=ORIENTED_EDGE('',*,*,#4345,.T.);
#3751=ORIENTED_EDGE('',*,*,#4346,.F.);
#3752=ORIENTED_EDGE('',*,*,#4345,.F.);
#3753=ORIENTED_EDGE('',*,*,#4347,.T.);
#3754=ORIENTED_EDGE('',*,*,#4348,.T.);
#3755=ORIENTED_EDGE('',*,*,#4349,.F.);
#3756=ORIENTED_EDGE('',*,*,#4348,.F.);
#3757=ORIENTED_EDGE('',*,*,#4350,.T.);
#3758=ORIENTED_EDGE('',*,*,#4351,.T.);
#3759=ORIENTED_EDGE('',*,*,#4352,.F.);
#3760=ORIENTED_EDGE('',*,*,#4351,.F.);
#3761=ORIENTED_EDGE('',*,*,#4353,.T.);
#3762=ORIENTED_EDGE('',*,*,#4354,.T.);
#3763=ORIENTED_EDGE('',*,*,#4355,.F.);
#3764=ORIENTED_EDGE('',*,*,#4354,.F.);
#3765=ORIENTED_EDGE('',*,*,#4356,.T.);
#3766=ORIENTED_EDGE('',*,*,#4357,.T.);
#3767=ORIENTED_EDGE('',*,*,#4358,.F.);
#3768=ORIENTED_EDGE('',*,*,#4357,.F.);
#3769=ORIENTED_EDGE('',*,*,#4359,.T.);
#3770=ORIENTED_EDGE('',*,*,#4360,.T.);
#3771=ORIENTED_EDGE('',*,*,#4361,.F.);
#3772=ORIENTED_EDGE('',*,*,#4360,.F.);
#3773=ORIENTED_EDGE('',*,*,#4362,.T.);
#3774=ORIENTED_EDGE('',*,*,#4363,.T.);
#3775=ORIENTED_EDGE('',*,*,#4364,.F.);
#3776=ORIENTED_EDGE('',*,*,#4363,.F.);
#3777=ORIENTED_EDGE('',*,*,#4365,.T.);
#3778=ORIENTED_EDGE('',*,*,#4366,.T.);
#3779=ORIENTED_EDGE('',*,*,#4367,.F.);
#3780=ORIENTED_EDGE('',*,*,#4366,.F.);
#3781=ORIENTED_EDGE('',*,*,#4368,.T.);
#3782=ORIENTED_EDGE('',*,*,#4369,.T.);
#3783=ORIENTED_EDGE('',*,*,#4370,.F.);
#3784=ORIENTED_EDGE('',*,*,#4369,.F.);
#3785=ORIENTED_EDGE('',*,*,#4371,.T.);
#3786=ORIENTED_EDGE('',*,*,#4372,.T.);
#3787=ORIENTED_EDGE('',*,*,#4373,.F.);
#3788=ORIENTED_EDGE('',*,*,#4372,.F.);
#3789=ORIENTED_EDGE('',*,*,#4374,.T.);
#3790=ORIENTED_EDGE('',*,*,#4375,.T.);
#3791=ORIENTED_EDGE('',*,*,#4376,.F.);
#3792=ORIENTED_EDGE('',*,*,#4375,.F.);
#3793=ORIENTED_EDGE('',*,*,#4377,.T.);
#3794=ORIENTED_EDGE('',*,*,#4378,.T.);
#3795=ORIENTED_EDGE('',*,*,#4379,.F.);
#3796=ORIENTED_EDGE('',*,*,#4378,.F.);
#3797=ORIENTED_EDGE('',*,*,#4380,.T.);
#3798=ORIENTED_EDGE('',*,*,#4256,.T.);
#3799=ORIENTED_EDGE('',*,*,#4381,.F.);
#3800=ORIENTED_EDGE('',*,*,#4255,.T.);
#3801=ORIENTED_EDGE('',*,*,#4259,.T.);
#3802=ORIENTED_EDGE('',*,*,#4262,.T.);
#3803=ORIENTED_EDGE('',*,*,#4265,.T.);
#3804=ORIENTED_EDGE('',*,*,#4268,.T.);
#3805=ORIENTED_EDGE('',*,*,#4271,.T.);
#3806=ORIENTED_EDGE('',*,*,#4274,.T.);
#3807=ORIENTED_EDGE('',*,*,#4277,.T.);
#3808=ORIENTED_EDGE('',*,*,#4280,.T.);
#3809=ORIENTED_EDGE('',*,*,#4283,.T.);
#3810=ORIENTED_EDGE('',*,*,#4286,.T.);
#3811=ORIENTED_EDGE('',*,*,#4289,.T.);
#3812=ORIENTED_EDGE('',*,*,#4292,.T.);
#3813=ORIENTED_EDGE('',*,*,#4295,.T.);
#3814=ORIENTED_EDGE('',*,*,#4298,.T.);
#3815=ORIENTED_EDGE('',*,*,#4301,.T.);
#3816=ORIENTED_EDGE('',*,*,#4304,.T.);
#3817=ORIENTED_EDGE('',*,*,#4307,.T.);
#3818=ORIENTED_EDGE('',*,*,#4310,.T.);
#3819=ORIENTED_EDGE('',*,*,#4313,.T.);
#3820=ORIENTED_EDGE('',*,*,#4316,.T.);
#3821=ORIENTED_EDGE('',*,*,#4319,.T.);
#3822=ORIENTED_EDGE('',*,*,#4322,.T.);
#3823=ORIENTED_EDGE('',*,*,#4325,.T.);
#3824=ORIENTED_EDGE('',*,*,#4328,.T.);
#3825=ORIENTED_EDGE('',*,*,#4331,.T.);
#3826=ORIENTED_EDGE('',*,*,#4334,.T.);
#3827=ORIENTED_EDGE('',*,*,#4337,.T.);
#3828=ORIENTED_EDGE('',*,*,#4340,.T.);
#3829=ORIENTED_EDGE('',*,*,#4343,.T.);
#3830=ORIENTED_EDGE('',*,*,#4346,.T.);
#3831=ORIENTED_EDGE('',*,*,#4349,.T.);
#3832=ORIENTED_EDGE('',*,*,#4352,.T.);
#3833=ORIENTED_EDGE('',*,*,#4355,.T.);
#3834=ORIENTED_EDGE('',*,*,#4358,.T.);
#3835=ORIENTED_EDGE('',*,*,#4361,.T.);
#3836=ORIENTED_EDGE('',*,*,#4364,.T.);
#3837=ORIENTED_EDGE('',*,*,#4367,.T.);
#3838=ORIENTED_EDGE('',*,*,#4370,.T.);
#3839=ORIENTED_EDGE('',*,*,#4373,.T.);
#3840=ORIENTED_EDGE('',*,*,#4376,.T.);
#3841=ORIENTED_EDGE('',*,*,#4379,.T.);
#3842=ORIENTED_EDGE('',*,*,#4382,.T.);
#3843=ORIENTED_EDGE('',*,*,#4260,.F.);
#3844=ORIENTED_EDGE('',*,*,#4257,.F.);
#3845=ORIENTED_EDGE('',*,*,#4380,.F.);
#3846=ORIENTED_EDGE('',*,*,#4377,.F.);
#3847=ORIENTED_EDGE('',*,*,#4374,.F.);
#3848=ORIENTED_EDGE('',*,*,#4371,.F.);
#3849=ORIENTED_EDGE('',*,*,#4368,.F.);
#3850=ORIENTED_EDGE('',*,*,#4365,.F.);
#3851=ORIENTED_EDGE('',*,*,#4362,.F.);
#3852=ORIENTED_EDGE('',*,*,#4359,.F.);
#3853=ORIENTED_EDGE('',*,*,#4356,.F.);
#3854=ORIENTED_EDGE('',*,*,#4353,.F.);
#3855=ORIENTED_EDGE('',*,*,#4350,.F.);
#3856=ORIENTED_EDGE('',*,*,#4347,.F.);
#3857=ORIENTED_EDGE('',*,*,#4344,.F.);
#3858=ORIENTED_EDGE('',*,*,#4341,.F.);
#3859=ORIENTED_EDGE('',*,*,#4338,.F.);
#3860=ORIENTED_EDGE('',*,*,#4335,.F.);
#3861=ORIENTED_EDGE('',*,*,#4332,.F.);
#3862=ORIENTED_EDGE('',*,*,#4329,.F.);
#3863=ORIENTED_EDGE('',*,*,#4326,.F.);
#3864=ORIENTED_EDGE('',*,*,#4323,.F.);
#3865=ORIENTED_EDGE('',*,*,#4320,.F.);
#3866=ORIENTED_EDGE('',*,*,#4317,.F.);
#3867=ORIENTED_EDGE('',*,*,#4314,.F.);
#3868=ORIENTED_EDGE('',*,*,#4311,.F.);
#3869=ORIENTED_EDGE('',*,*,#4308,.F.);
#3870=ORIENTED_EDGE('',*,*,#4305,.F.);
#3871=ORIENTED_EDGE('',*,*,#4302,.F.);
#3872=ORIENTED_EDGE('',*,*,#4299,.F.);
#3873=ORIENTED_EDGE('',*,*,#4296,.F.);
#3874=ORIENTED_EDGE('',*,*,#4293,.F.);
#3875=ORIENTED_EDGE('',*,*,#4290,.F.);
#3876=ORIENTED_EDGE('',*,*,#4287,.F.);
#3877=ORIENTED_EDGE('',*,*,#4284,.F.);
#3878=ORIENTED_EDGE('',*,*,#4281,.F.);
#3879=ORIENTED_EDGE('',*,*,#4278,.F.);
#3880=ORIENTED_EDGE('',*,*,#4275,.F.);
#3881=ORIENTED_EDGE('',*,*,#4272,.F.);
#3882=ORIENTED_EDGE('',*,*,#4269,.F.);
#3883=ORIENTED_EDGE('',*,*,#4266,.F.);
#3884=ORIENTED_EDGE('',*,*,#4263,.F.);
#3885=ORIENTED_EDGE('',*,*,#4382,.F.);
#3886=ORIENTED_EDGE('',*,*,#4381,.T.);
#3887=EDGE_CURVE('',#4383,#4384,#4385,.F.);
#3888=EDGE_CURVE('',#4384,#4386,#4387,.F.);
#3889=EDGE_CURVE('',#4386,#4388,#4389,.T.);
#3890=EDGE_CURVE('',#4388,#4383,#4390,.T.);
#3891=EDGE_CURVE('',#4391,#4392,#4393,.T.);
#3892=EDGE_CURVE('',#4392,#4394,#4395,.T.);
#3893=EDGE_CURVE('',#4396,#4394,#4397,.T.);
#3894=EDGE_CURVE('',#4396,#4391,#4398,.F.);
#3895=EDGE_CURVE('',#4399,#4400,#4401,.F.);
#3896=EDGE_CURVE('',#4400,#4402,#4403,.F.);
#3897=EDGE_CURVE('',#4402,#4404,#4405,.T.);
#3898=EDGE_CURVE('',#4404,#4399,#4406,.T.);
#3899=EDGE_CURVE('',#4407,#4408,#4409,.T.);
#3900=EDGE_CURVE('',#4408,#4410,#4411,.T.);
#3901=EDGE_CURVE('',#4412,#4410,#4413,.T.);
#3902=EDGE_CURVE('',#4412,#4407,#4414,.F.);
#3903=EDGE_CURVE('',#4415,#4416,#4417,.F.);
#3904=EDGE_CURVE('',#4416,#4418,#4419,.F.);
#3905=EDGE_CURVE('',#4418,#4420,#4421,.T.);
#3906=EDGE_CURVE('',#4420,#4415,#4422,.T.);
#3907=EDGE_CURVE('',#4423,#4424,#4425,.T.);
#3908=EDGE_CURVE('',#4424,#4426,#4427,.T.);
#3909=EDGE_CURVE('',#4428,#4426,#4429,.T.);
#3910=EDGE_CURVE('',#4428,#4423,#4430,.F.);
#3911=EDGE_CURVE('',#4431,#4432,#4433,.F.);
#3912=EDGE_CURVE('',#4432,#4434,#4435,.F.);
#3913=EDGE_CURVE('',#4434,#4436,#4437,.T.);
#3914=EDGE_CURVE('',#4436,#4431,#4438,.T.);
#3915=EDGE_CURVE('',#4439,#4440,#4441,.T.);
#3916=EDGE_CURVE('',#4440,#4442,#4443,.T.);
#3917=EDGE_CURVE('',#4444,#4442,#4445,.T.);
#3918=EDGE_CURVE('',#4444,#4439,#4446,.F.);
#3919=EDGE_CURVE('',#4447,#4448,#4449,.F.);
#3920=EDGE_CURVE('',#4448,#4450,#4451,.F.);
#3921=EDGE_CURVE('',#4450,#4452,#4453,.T.);
#3922=EDGE_CURVE('',#4452,#4447,#4454,.T.);
#3923=EDGE_CURVE('',#4455,#4456,#4457,.T.);
#3924=EDGE_CURVE('',#4456,#4458,#4459,.T.);
#3925=EDGE_CURVE('',#4460,#4458,#4461,.T.);
#3926=EDGE_CURVE('',#4460,#4455,#4462,.F.);
#3927=EDGE_CURVE('',#4463,#4464,#4465,.F.);
#3928=EDGE_CURVE('',#4464,#4466,#4467,.F.);
#3929=EDGE_CURVE('',#4466,#4468,#4469,.T.);
#3930=EDGE_CURVE('',#4468,#4463,#4470,.T.);
#3931=EDGE_CURVE('',#4471,#4472,#4473,.T.);
#3932=EDGE_CURVE('',#4472,#4474,#4475,.T.);
#3933=EDGE_CURVE('',#4476,#4474,#4477,.T.);
#3934=EDGE_CURVE('',#4476,#4471,#4478,.F.);
#3935=EDGE_CURVE('',#4479,#4480,#4481,.F.);
#3936=EDGE_CURVE('',#4480,#4482,#4483,.F.);
#3937=EDGE_CURVE('',#4482,#4484,#4485,.T.);
#3938=EDGE_CURVE('',#4484,#4479,#4486,.T.);
#3939=EDGE_CURVE('',#4487,#4488,#4489,.T.);
#3940=EDGE_CURVE('',#4488,#4490,#4491,.T.);
#3941=EDGE_CURVE('',#4492,#4490,#4493,.T.);
#3942=EDGE_CURVE('',#4492,#4487,#4494,.F.);
#3943=EDGE_CURVE('',#4495,#4496,#4497,.F.);
#3944=EDGE_CURVE('',#4496,#4498,#4499,.F.);
#3945=EDGE_CURVE('',#4498,#4500,#4501,.T.);
#3946=EDGE_CURVE('',#4500,#4495,#4502,.T.);
#3947=EDGE_CURVE('',#4503,#4504,#4505,.T.);
#3948=EDGE_CURVE('',#4504,#4506,#4507,.T.);
#3949=EDGE_CURVE('',#4508,#4506,#4509,.T.);
#3950=EDGE_CURVE('',#4508,#4503,#4510,.F.);
#3951=EDGE_CURVE('',#4456,#4463,#4511,.F.);
#3952=EDGE_CURVE('',#4512,#4468,#4513,.T.);
#3953=EDGE_CURVE('',#4514,#4512,#4515,.T.);
#3954=EDGE_CURVE('',#4516,#4514,#4517,.T.);
#3955=EDGE_CURVE('',#4518,#4516,#4519,.F.);
#3956=EDGE_CURVE('',#4520,#4518,#4521,.T.);
#3957=EDGE_CURVE('',#4522,#4520,#4523,.T.);
#3958=EDGE_CURVE('',#4524,#4522,#4525,.T.);
#3959=EDGE_CURVE('',#4526,#4524,#4527,.T.);
#3960=EDGE_CURVE('',#4528,#4526,#4529,.T.);
#3961=EDGE_CURVE('',#4530,#4528,#4531,.F.);
#3962=EDGE_CURVE('',#4532,#4530,#4533,.T.);
#3963=EDGE_CURVE('',#4534,#4532,#4535,.T.);
#3964=EDGE_CURVE('',#4536,#4534,#4537,.T.);
#3965=EDGE_CURVE('',#4538,#4536,#4539,.T.);
#3966=EDGE_CURVE('',#4540,#4538,#4541,.T.);
#3967=EDGE_CURVE('',#4542,#4540,#4543,.F.);
#3968=EDGE_CURVE('',#4544,#4542,#4545,.T.);
#3969=EDGE_CURVE('',#4546,#4544,#4547,.T.);
#3970=EDGE_CURVE('',#4548,#4546,#4549,.T.);
#3971=EDGE_CURVE('',#4550,#4548,#4551,.T.);
#3972=EDGE_CURVE('',#4552,#4550,#4553,.T.);
#3973=EDGE_CURVE('',#4554,#4552,#4555,.F.);
#3974=EDGE_CURVE('',#4556,#4554,#4557,.T.);
#3975=EDGE_CURVE('',#4558,#4556,#4559,.T.);
#3976=EDGE_CURVE('',#4560,#4558,#4561,.T.);
#3977=EDGE_CURVE('',#4562,#4560,#4563,.T.);
#3978=EDGE_CURVE('',#4564,#4562,#4565,.T.);
#3979=EDGE_CURVE('',#4566,#4564,#4567,.F.);
#3980=EDGE_CURVE('',#4568,#4566,#4569,.T.);
#3981=EDGE_CURVE('',#4570,#4568,#4571,.T.);
#3982=EDGE_CURVE('',#4572,#4570,#4573,.T.);
#3983=EDGE_CURVE('',#4574,#4572,#4575,.T.);
#3984=EDGE_CURVE('',#4576,#4574,#4577,.T.);
#3985=EDGE_CURVE('',#4578,#4576,#4579,.F.);
#3986=EDGE_CURVE('',#4580,#4578,#4581,.T.);
#3987=EDGE_CURVE('',#4582,#4580,#4583,.T.);
#3988=EDGE_CURVE('',#4584,#4582,#4585,.T.);
#3989=EDGE_CURVE('',#4586,#4584,#4587,.T.);
#3990=EDGE_CURVE('',#4588,#4586,#4589,.T.);
#3991=EDGE_CURVE('',#4590,#4588,#4591,.F.);
#3992=EDGE_CURVE('',#4592,#4590,#4593,.T.);
#3993=EDGE_CURVE('',#4594,#4592,#4595,.T.);
#3994=EDGE_CURVE('',#4596,#4594,#4597,.T.);
#3995=EDGE_CURVE('',#4598,#4596,#4599,.T.);
#3996=EDGE_CURVE('',#4600,#4598,#4601,.T.);
#3997=EDGE_CURVE('',#4602,#4600,#4603,.F.);
#3998=EDGE_CURVE('',#4604,#4602,#4605,.T.);
#3999=EDGE_CURVE('',#4606,#4604,#4607,.T.);
#4000=EDGE_CURVE('',#4474,#4606,#4608,.T.);
#4001=EDGE_CURVE('',#4472,#4479,#4609,.F.);
#4002=EDGE_CURVE('',#4490,#4484,#4610,.T.);
#4003=EDGE_CURVE('',#4488,#4495,#4611,.F.);
#4004=EDGE_CURVE('',#4506,#4500,#4612,.T.);
#4005=EDGE_CURVE('',#4504,#4383,#4613,.F.);
#4006=EDGE_CURVE('',#4394,#4388,#4614,.T.);
#4007=EDGE_CURVE('',#4392,#4399,#4615,.F.);
#4008=EDGE_CURVE('',#4410,#4404,#4616,.T.);
#4009=EDGE_CURVE('',#4408,#4415,#4617,.F.);
#4010=EDGE_CURVE('',#4426,#4420,#4618,.T.);
#4011=EDGE_CURVE('',#4424,#4431,#4619,.F.);
#4012=EDGE_CURVE('',#4442,#4436,#4620,.T.);
#4013=EDGE_CURVE('',#4440,#4447,#4621,.F.);
#4014=EDGE_CURVE('',#4458,#4452,#4622,.T.);
#4015=EDGE_CURVE('',#4623,#4623,#4624,.T.);
#4016=EDGE_CURVE('',#4464,#4455,#4625,.T.);
#4017=EDGE_CURVE('',#4450,#4460,#4626,.F.);
#4018=EDGE_CURVE('',#4448,#4439,#4627,.T.);
#4019=EDGE_CURVE('',#4434,#4444,#4628,.F.);
#4020=EDGE_CURVE('',#4432,#4423,#4629,.T.);
#4021=EDGE_CURVE('',#4418,#4428,#4630,.F.);
#4022=EDGE_CURVE('',#4416,#4407,#4631,.T.);
#4023=EDGE_CURVE('',#4402,#4412,#4632,.F.);
#4024=EDGE_CURVE('',#4400,#4391,#4633,.T.);
#4025=EDGE_CURVE('',#4386,#4396,#4634,.F.);
#4026=EDGE_CURVE('',#4384,#4503,#4635,.T.);
#4027=EDGE_CURVE('',#4498,#4508,#4636,.F.);
#4028=EDGE_CURVE('',#4496,#4487,#4637,.T.);
#4029=EDGE_CURVE('',#4482,#4492,#4638,.F.);
#4030=EDGE_CURVE('',#4480,#4471,#4639,.T.);
#4031=EDGE_CURVE('',#4640,#4476,#4641,.F.);
#4032=EDGE_CURVE('',#4642,#4640,#4643,.F.);
#4033=EDGE_CURVE('',#4644,#4642,#4645,.F.);
#4034=EDGE_CURVE('',#4646,#4644,#4647,.T.);
#4035=EDGE_CURVE('',#4648,#4646,#4649,.F.);
#4036=EDGE_CURVE('',#4650,#4648,#4651,.F.);
#4037=EDGE_CURVE('',#4652,#4650,#4653,.F.);
#4038=EDGE_CURVE('',#4654,#4652,#4655,.F.);
#4039=EDGE_CURVE('',#4656,#4654,#4657,.F.);
#4040=EDGE_CURVE('',#4658,#4656,#4659,.T.);
#4041=EDGE_CURVE('',#4660,#4658,#4661,.F.);
#4042=EDGE_CURVE('',#4662,#4660,#4663,.F.);
#4043=EDGE_CURVE('',#4664,#4662,#4665,.F.);
#4044=EDGE_CURVE('',#4666,#4664,#4667,.F.);
#4045=EDGE_CURVE('',#4668,#4666,#4669,.F.);
#4046=EDGE_CURVE('',#4670,#4668,#4671,.T.);
#4047=EDGE_CURVE('',#4672,#4670,#4673,.F.);
#4048=EDGE_CURVE('',#4674,#4672,#4675,.F.);
#4049=EDGE_CURVE('',#4676,#4674,#4677,.F.);
#4050=EDGE_CURVE('',#4678,#4676,#4679,.F.);
#4051=EDGE_CURVE('',#4680,#4678,#4681,.F.);
#4052=EDGE_CURVE('',#4682,#4680,#4683,.T.);
#4053=EDGE_CURVE('',#4684,#4682,#4685,.F.);
#4054=EDGE_CURVE('',#4686,#4684,#4687,.F.);
#4055=EDGE_CURVE('',#4688,#4686,#4689,.F.);
#4056=EDGE_CURVE('',#4690,#4688,#4691,.F.);
#4057=EDGE_CURVE('',#4692,#4690,#4693,.F.);
#4058=EDGE_CURVE('',#4694,#4692,#4695,.T.);
#4059=EDGE_CURVE('',#4696,#4694,#4697,.F.);
#4060=EDGE_CURVE('',#4698,#4696,#4699,.F.);
#4061=EDGE_CURVE('',#4700,#4698,#4701,.F.);
#4062=EDGE_CURVE('',#4702,#4700,#4703,.F.);
#4063=EDGE_CURVE('',#4704,#4702,#4705,.F.);
#4064=EDGE_CURVE('',#4706,#4704,#4707,.T.);
#4065=EDGE_CURVE('',#4708,#4706,#4709,.F.);
#4066=EDGE_CURVE('',#4710,#4708,#4711,.F.);
#4067=EDGE_CURVE('',#4712,#4710,#4713,.F.);
#4068=EDGE_CURVE('',#4714,#4712,#4715,.F.);
#4069=EDGE_CURVE('',#4716,#4714,#4717,.F.);
#4070=EDGE_CURVE('',#4718,#4716,#4719,.T.);
#4071=EDGE_CURVE('',#4720,#4718,#4721,.F.);
#4072=EDGE_CURVE('',#4722,#4720,#4723,.F.);
#4073=EDGE_CURVE('',#4724,#4722,#4725,.F.);
#4074=EDGE_CURVE('',#4726,#4724,#4727,.F.);
#4075=EDGE_CURVE('',#4728,#4726,#4729,.F.);
#4076=EDGE_CURVE('',#4730,#4728,#4731,.T.);
#4077=EDGE_CURVE('',#4732,#4730,#4733,.F.);
#4078=EDGE_CURVE('',#4734,#4732,#4735,.F.);
#4079=EDGE_CURVE('',#4466,#4734,#4736,.F.);
#4080=EDGE_CURVE('',#4737,#4738,#4739,.F.);
#4081=EDGE_CURVE('',#4738,#4740,#4741,.F.);
#4082=EDGE_CURVE('',#4740,#4742,#4743,.F.);
#4083=EDGE_CURVE('',#4742,#4744,#4745,.F.);
#4084=EDGE_CURVE('',#4744,#4746,#4747,.F.);
#4085=EDGE_CURVE('',#4746,#4748,#4749,.F.);
#4086=EDGE_CURVE('',#4748,#4750,#4751,.F.);
#4087=EDGE_CURVE('',#4750,#4752,#4753,.F.);
#4088=EDGE_CURVE('',#4752,#4754,#4755,.F.);
#4089=EDGE_CURVE('',#4754,#4756,#4757,.F.);
#4090=EDGE_CURVE('',#4756,#4758,#4759,.F.);
#4091=EDGE_CURVE('',#4758,#4760,#4761,.F.);
#4092=EDGE_CURVE('',#4760,#4762,#4763,.F.);
#4093=EDGE_CURVE('',#4762,#4764,#4765,.F.);
#4094=EDGE_CURVE('',#4764,#4766,#4767,.F.);
#4095=EDGE_CURVE('',#4766,#4768,#4769,.F.);
#4096=EDGE_CURVE('',#4768,#4770,#4771,.F.);
#4097=EDGE_CURVE('',#4770,#4772,#4773,.F.);
#4098=EDGE_CURVE('',#4772,#4774,#4775,.F.);
#4099=EDGE_CURVE('',#4774,#4776,#4777,.F.);
#4100=EDGE_CURVE('',#4776,#4778,#4779,.F.);
#4101=EDGE_CURVE('',#4778,#4780,#4781,.F.);
#4102=EDGE_CURVE('',#4780,#4782,#4783,.F.);
#4103=EDGE_CURVE('',#4782,#4784,#4785,.F.);
#4104=EDGE_CURVE('',#4784,#4786,#4787,.F.);
#4105=EDGE_CURVE('',#4786,#4788,#4789,.F.);
#4106=EDGE_CURVE('',#4788,#4790,#4791,.F.);
#4107=EDGE_CURVE('',#4790,#4792,#4793,.F.);
#4108=EDGE_CURVE('',#4792,#4794,#4795,.F.);
#4109=EDGE_CURVE('',#4794,#4796,#4797,.F.);
#4110=EDGE_CURVE('',#4796,#4798,#4799,.F.);
#4111=EDGE_CURVE('',#4798,#4800,#4801,.F.);
#4112=EDGE_CURVE('',#4800,#4802,#4803,.F.);
#4113=EDGE_CURVE('',#4802,#4804,#4805,.F.);
#4114=EDGE_CURVE('',#4804,#4806,#4807,.F.);
#4115=EDGE_CURVE('',#4806,#4808,#4809,.F.);
#4116=EDGE_CURVE('',#4808,#4810,#4811,.F.);
#4117=EDGE_CURVE('',#4810,#4812,#4813,.F.);
#4118=EDGE_CURVE('',#4812,#4814,#4815,.F.);
#4119=EDGE_CURVE('',#4814,#4816,#4817,.F.);
#4120=EDGE_CURVE('',#4816,#4818,#4819,.F.);
#4121=EDGE_CURVE('',#4818,#4737,#4820,.F.);
#4122=EDGE_CURVE('',#4734,#4512,#4821,.T.);
#4123=EDGE_CURVE('',#4640,#4606,#4822,.T.);
#4124=EDGE_CURVE('',#4732,#4514,#4823,.T.);
#4125=EDGE_CURVE('',#4516,#4730,#4824,.F.);
#4126=EDGE_CURVE('',#4728,#4518,#4825,.T.);
#4127=EDGE_CURVE('',#4726,#4520,#4826,.T.);
#4128=EDGE_CURVE('',#4724,#4522,#4827,.T.);
#4129=EDGE_CURVE('',#4722,#4524,#4828,.T.);
#4130=EDGE_CURVE('',#4720,#4526,#4829,.T.);
#4131=EDGE_CURVE('',#4528,#4718,#4830,.F.);
#4132=EDGE_CURVE('',#4716,#4530,#4831,.T.);
#4133=EDGE_CURVE('',#4714,#4532,#4832,.T.);
#4134=EDGE_CURVE('',#4712,#4534,#4833,.T.);
#4135=EDGE_CURVE('',#4710,#4536,#4834,.T.);
#4136=EDGE_CURVE('',#4708,#4538,#4835,.T.);
#4137=EDGE_CURVE('',#4540,#4706,#4836,.F.);
#4138=EDGE_CURVE('',#4704,#4542,#4837,.T.);
#4139=EDGE_CURVE('',#4702,#4544,#4838,.T.);
#4140=EDGE_CURVE('',#4700,#4546,#4839,.T.);
#4141=EDGE_CURVE('',#4698,#4548,#4840,.T.);
#4142=EDGE_CURVE('',#4696,#4550,#4841,.T.);
#4143=EDGE_CURVE('',#4552,#4694,#4842,.F.);
#4144=EDGE_CURVE('',#4692,#4554,#4843,.T.);
#4145=EDGE_CURVE('',#4690,#4556,#4844,.T.);
#4146=EDGE_CURVE('',#4688,#4558,#4845,.T.);
#4147=EDGE_CURVE('',#4686,#4560,#4846,.T.);
#4148=EDGE_CURVE('',#4684,#4562,#4847,.T.);
#4149=EDGE_CURVE('',#4564,#4682,#4848,.F.);
#4150=EDGE_CURVE('',#4680,#4566,#4849,.T.);
#4151=EDGE_CURVE('',#4678,#4568,#4850,.T.);
#4152=EDGE_CURVE('',#4676,#4570,#4851,.T.);
#4153=EDGE_CURVE('',#4674,#4572,#4852,.T.);
#4154=EDGE_CURVE('',#4672,#4574,#4853,.T.);
#4155=EDGE_CURVE('',#4576,#4670,#4854,.F.);
#4156=EDGE_CURVE('',#4668,#4578,#4855,.T.);
#4157=EDGE_CURVE('',#4666,#4580,#4856,.T.);
#4158=EDGE_CURVE('',#4664,#4582,#4857,.T.);
#4159=EDGE_CURVE('',#4662,#4584,#4858,.T.);
#4160=EDGE_CURVE('',#4660,#4586,#4859,.T.);
#4161=EDGE_CURVE('',#4588,#4658,#4860,.F.);
#4162=EDGE_CURVE('',#4656,#4590,#4861,.T.);
#4163=EDGE_CURVE('',#4654,#4592,#4862,.T.);
#4164=EDGE_CURVE('',#4652,#4594,#4863,.T.);
#4165=EDGE_CURVE('',#4650,#4596,#4864,.T.);
#4166=EDGE_CURVE('',#4648,#4598,#4865,.T.);
#4167=EDGE_CURVE('',#4600,#4646,#4866,.F.);
#4168=EDGE_CURVE('',#4644,#4602,#4867,.T.);
#4169=EDGE_CURVE('',#4642,#4604,#4868,.T.);
#4170=EDGE_CURVE('',#4869,#4869,#4870,.T.);
#4171=EDGE_CURVE('',#4871,#4737,#4872,.T.);
#4172=EDGE_CURVE('',#4873,#4871,#4874,.T.);
#4173=EDGE_CURVE('',#4873,#4738,#4875,.T.);
#4174=EDGE_CURVE('',#4876,#4873,#4877,.T.);
#4175=EDGE_CURVE('',#4876,#4740,#4878,.T.);
#4176=EDGE_CURVE('',#4879,#4876,#4880,.T.);
#4177=EDGE_CURVE('',#4879,#4742,#4881,.T.);
#4178=EDGE_CURVE('',#4882,#4879,#4883,.T.);
#4179=EDGE_CURVE('',#4882,#4744,#4884,.T.);
#4180=EDGE_CURVE('',#4885,#4882,#4886,.T.);
#4181=EDGE_CURVE('',#4885,#4746,#4887,.T.);
#4182=EDGE_CURVE('',#4888,#4885,#4889,.T.);
#4183=EDGE_CURVE('',#4888,#4748,#4890,.T.);
#4184=EDGE_CURVE('',#4891,#4888,#4892,.T.);
#4185=EDGE_CURVE('',#4891,#4750,#4893,.T.);
#4186=EDGE_CURVE('',#4894,#4891,#4895,.T.);
#4187=EDGE_CURVE('',#4894,#4752,#4896,.T.);
#4188=EDGE_CURVE('',#4897,#4894,#4898,.T.);
#4189=EDGE_CURVE('',#4897,#4754,#4899,.T.);
#4190=EDGE_CURVE('',#4900,#4897,#4901,.T.);
#4191=EDGE_CURVE('',#4900,#4756,#4902,.T.);
#4192=EDGE_CURVE('',#4903,#4900,#4904,.T.);
#4193=EDGE_CURVE('',#4903,#4758,#4905,.T.);
#4194=EDGE_CURVE('',#4906,#4903,#4907,.T.);
#4195=EDGE_CURVE('',#4906,#4760,#4908,.T.);
#4196=EDGE_CURVE('',#4909,#4906,#4910,.T.);
#4197=EDGE_CURVE('',#4909,#4762,#4911,.T.);
#4198=EDGE_CURVE('',#4912,#4909,#4913,.T.);
#4199=EDGE_CURVE('',#4912,#4764,#4914,.T.);
#4200=EDGE_CURVE('',#4915,#4912,#4916,.T.);
#4201=EDGE_CURVE('',#4915,#4766,#4917,.T.);
#4202=EDGE_CURVE('',#4918,#4915,#4919,.T.);
#4203=EDGE_CURVE('',#4918,#4768,#4920,.T.);
#4204=EDGE_CURVE('',#4921,#4918,#4922,.T.);
#4205=EDGE_CURVE('',#4921,#4770,#4923,.T.);
#4206=EDGE_CURVE('',#4924,#4921,#4925,.T.);
#4207=EDGE_CURVE('',#4924,#4772,#4926,.T.);
#4208=EDGE_CURVE('',#4927,#4924,#4928,.T.);
#4209=EDGE_CURVE('',#4927,#4774,#4929,.T.);
#4210=EDGE_CURVE('',#4930,#4927,#4931,.T.);
#4211=EDGE_CURVE('',#4930,#4776,#4932,.T.);
#4212=EDGE_CURVE('',#4933,#4930,#4934,.T.);
#4213=EDGE_CURVE('',#4933,#4778,#4935,.T.);
#4214=EDGE_CURVE('',#4936,#4933,#4937,.T.);
#4215=EDGE_CURVE('',#4936,#4780,#4938,.T.);
#4216=EDGE_CURVE('',#4939,#4936,#4940,.T.);
#4217=EDGE_CURVE('',#4939,#4782,#4941,.T.);
#4218=EDGE_CURVE('',#4942,#4939,#4943,.T.);
#4219=EDGE_CURVE('',#4942,#4784,#4944,.T.);
#4220=EDGE_CURVE('',#4945,#4942,#4946,.T.);
#4221=EDGE_CURVE('',#4945,#4786,#4947,.T.);
#4222=EDGE_CURVE('',#4948,#4945,#4949,.T.);
#4223=EDGE_CURVE('',#4948,#4788,#4950,.T.);
#4224=EDGE_CURVE('',#4951,#4948,#4952,.T.);
#4225=EDGE_CURVE('',#4951,#4790,#4953,.T.);
#4226=EDGE_CURVE('',#4954,#4951,#4955,.T.);
#4227=EDGE_CURVE('',#4954,#4792,#4956,.T.);
#4228=EDGE_CURVE('',#4957,#4954,#4958,.T.);
#4229=EDGE_CURVE('',#4957,#4794,#4959,.T.);
#4230=EDGE_CURVE('',#4960,#4957,#4961,.T.);
#4231=EDGE_CURVE('',#4960,#4796,#4962,.T.);
#4232=EDGE_CURVE('',#4963,#4960,#4964,.T.);
#4233=EDGE_CURVE('',#4963,#4798,#4965,.T.);
#4234=EDGE_CURVE('',#4966,#4963,#4967,.T.);
#4235=EDGE_CURVE('',#4966,#4800,#4968,.T.);
#4236=EDGE_CURVE('',#4969,#4966,#4970,.T.);
#4237=EDGE_CURVE('',#4969,#4802,#4971,.T.);
#4238=EDGE_CURVE('',#4972,#4969,#4973,.T.);
#4239=EDGE_CURVE('',#4972,#4804,#4974,.T.);
#4240=EDGE_CURVE('',#4975,#4972,#4976,.T.);
#4241=EDGE_CURVE('',#4975,#4806,#4977,.T.);
#4242=EDGE_CURVE('',#4978,#4975,#4979,.T.);
#4243=EDGE_CURVE('',#4978,#4808,#4980,.T.);
#4244=EDGE_CURVE('',#4981,#4978,#4982,.T.);
#4245=EDGE_CURVE('',#4981,#4810,#4983,.T.);
#4246=EDGE_CURVE('',#4984,#4981,#4985,.T.);
#4247=EDGE_CURVE('',#4984,#4812,#4986,.T.);
#4248=EDGE_CURVE('',#4987,#4984,#4988,.T.);
#4249=EDGE_CURVE('',#4987,#4814,#4989,.T.);
#4250=EDGE_CURVE('',#4990,#4987,#4991,.T.);
#4251=EDGE_CURVE('',#4990,#4816,#4992,.T.);
#4252=EDGE_CURVE('',#4993,#4990,#4994,.T.);
#4253=EDGE_CURVE('',#4993,#4818,#4995,.T.);
#4254=EDGE_CURVE('',#4871,#4993,#4996,.T.);
#4255=EDGE_CURVE('',#4997,#4998,#4999,.T.);
#4256=EDGE_CURVE('',#5000,#4997,#5001,.T.);
#4257=EDGE_CURVE('',#5000,#5002,#5003,.T.);
#4258=EDGE_CURVE('',#5002,#4998,#5004,.T.);
#4259=EDGE_CURVE('',#4998,#5005,#5006,.T.);
#4260=EDGE_CURVE('',#5002,#5007,#5008,.T.);
#4261=EDGE_CURVE('',#5007,#5005,#5009,.T.);
#4262=EDGE_CURVE('',#5005,#5010,#5011,.T.);
#4263=EDGE_CURVE('',#5007,#5012,#5013,.T.);
#4264=EDGE_CURVE('',#5012,#5010,#5014,.T.);
#4265=EDGE_CURVE('',#5010,#5015,#5016,.T.);
#4266=EDGE_CURVE('',#5012,#5017,#5018,.T.);
#4267=EDGE_CURVE('',#5017,#5015,#5019,.T.);
#4268=EDGE_CURVE('',#5015,#5020,#5021,.T.);
#4269=EDGE_CURVE('',#5017,#5022,#5023,.T.);
#4270=EDGE_CURVE('',#5022,#5020,#5024,.T.);
#4271=EDGE_CURVE('',#5020,#5025,#5026,.T.);
#4272=EDGE_CURVE('',#5022,#5027,#5028,.T.);
#4273=EDGE_CURVE('',#5027,#5025,#5029,.T.);
#4274=EDGE_CURVE('',#5025,#5030,#5031,.T.);
#4275=EDGE_CURVE('',#5027,#5032,#5033,.T.);
#4276=EDGE_CURVE('',#5032,#5030,#5034,.T.);
#4277=EDGE_CURVE('',#5030,#5035,#5036,.T.);
#4278=EDGE_CURVE('',#5032,#5037,#5038,.T.);
#4279=EDGE_CURVE('',#5037,#5035,#5039,.T.);
#4280=EDGE_CURVE('',#5035,#5040,#5041,.T.);
#4281=EDGE_CURVE('',#5037,#5042,#5043,.T.);
#4282=EDGE_CURVE('',#5042,#5040,#5044,.T.);
#4283=EDGE_CURVE('',#5040,#5045,#5046,.T.);
#4284=EDGE_CURVE('',#5042,#5047,#5048,.T.);
#4285=EDGE_CURVE('',#5047,#5045,#5049,.T.);
#4286=EDGE_CURVE('',#5045,#5050,#5051,.T.);
#4287=EDGE_CURVE('',#5047,#5052,#5053,.T.);
#4288=EDGE_CURVE('',#5052,#5050,#5054,.T.);
#4289=EDGE_CURVE('',#5050,#5055,#5056,.T.);
#4290=EDGE_CURVE('',#5052,#5057,#5058,.T.);
#4291=EDGE_CURVE('',#5057,#5055,#5059,.T.);
#4292=EDGE_CURVE('',#5055,#5060,#5061,.T.);
#4293=EDGE_CURVE('',#5057,#5062,#5063,.T.);
#4294=EDGE_CURVE('',#5062,#5060,#5064,.T.);
#4295=EDGE_CURVE('',#5060,#5065,#5066,.T.);
#4296=EDGE_CURVE('',#5062,#5067,#5068,.T.);
#4297=EDGE_CURVE('',#5067,#5065,#5069,.T.);
#4298=EDGE_CURVE('',#5065,#5070,#5071,.T.);
#4299=EDGE_CURVE('',#5067,#5072,#5073,.T.);
#4300=EDGE_CURVE('',#5072,#5070,#5074,.T.);
#4301=EDGE_CURVE('',#5070,#5075,#5076,.T.);
#4302=EDGE_CURVE('',#5072,#5077,#5078,.T.);
#4303=EDGE_CURVE('',#5077,#5075,#5079,.T.);
#4304=EDGE_CURVE('',#5075,#5080,#5081,.T.);
#4305=EDGE_CURVE('',#5077,#5082,#5083,.T.);
#4306=EDGE_CURVE('',#5082,#5080,#5084,.T.);
#4307=EDGE_CURVE('',#5080,#5085,#5086,.T.);
#4308=EDGE_CURVE('',#5082,#5087,#5088,.T.);
#4309=EDGE_CURVE('',#5087,#5085,#5089,.T.);
#4310=EDGE_CURVE('',#5085,#5090,#5091,.T.);
#4311=EDGE_CURVE('',#5087,#5092,#5093,.T.);
#4312=EDGE_CURVE('',#5092,#5090,#5094,.T.);
#4313=EDGE_CURVE('',#5090,#5095,#5096,.T.);
#4314=EDGE_CURVE('',#5092,#5097,#5098,.T.);
#4315=EDGE_CURVE('',#5097,#5095,#5099,.T.);
#4316=EDGE_CURVE('',#5095,#5100,#5101,.T.);
#4317=EDGE_CURVE('',#5097,#5102,#5103,.T.);
#4318=EDGE_CURVE('',#5102,#5100,#5104,.T.);
#4319=EDGE_CURVE('',#5100,#5105,#5106,.T.);
#4320=EDGE_CURVE('',#5102,#5107,#5108,.T.);
#4321=EDGE_CURVE('',#5107,#5105,#5109,.T.);
#4322=EDGE_CURVE('',#5105,#5110,#5111,.T.);
#4323=EDGE_CURVE('',#5107,#5112,#5113,.T.);
#4324=EDGE_CURVE('',#5112,#5110,#5114,.T.);
#4325=EDGE_CURVE('',#5110,#5115,#5116,.T.);
#4326=EDGE_CURVE('',#5112,#5117,#5118,.T.);
#4327=EDGE_CURVE('',#5117,#5115,#5119,.T.);
#4328=EDGE_CURVE('',#5115,#5120,#5121,.T.);
#4329=EDGE_CURVE('',#5117,#5122,#5123,.T.);
#4330=EDGE_CURVE('',#5122,#5120,#5124,.T.);
#4331=EDGE_CURVE('',#5120,#5125,#5126,.T.);
#4332=EDGE_CURVE('',#5122,#5127,#5128,.T.);
#4333=EDGE_CURVE('',#5127,#5125,#5129,.T.);
#4334=EDGE_CURVE('',#5125,#5130,#5131,.T.);
#4335=EDGE_CURVE('',#5127,#5132,#5133,.T.);
#4336=EDGE_CURVE('',#5132,#5130,#5134,.T.);
#4337=EDGE_CURVE('',#5130,#5135,#5136,.T.);
#4338=EDGE_CURVE('',#5132,#5137,#5138,.T.);
#4339=EDGE_CURVE('',#5137,#5135,#5139,.T.);
#4340=EDGE_CURVE('',#5135,#5140,#5141,.T.);
#4341=EDGE_CURVE('',#5137,#5142,#5143,.T.);
#4342=EDGE_CURVE('',#5142,#5140,#5144,.T.);
#4343=EDGE_CURVE('',#5140,#5145,#5146,.T.);
#4344=EDGE_CURVE('',#5142,#5147,#5148,.T.);
#4345=EDGE_CURVE('',#5147,#5145,#5149,.T.);
#4346=EDGE_CURVE('',#5145,#5150,#5151,.T.);
#4347=EDGE_CURVE('',#5147,#5152,#5153,.T.);
#4348=EDGE_CURVE('',#5152,#5150,#5154,.T.);
#4349=EDGE_CURVE('',#5150,#5155,#5156,.T.);
#4350=EDGE_CURVE('',#5152,#5157,#5158,.T.);
#4351=EDGE_CURVE('',#5157,#5155,#5159,.T.);
#4352=EDGE_CURVE('',#5155,#5160,#5161,.T.);
#4353=EDGE_CURVE('',#5157,#5162,#5163,.T.);
#4354=EDGE_CURVE('',#5162,#5160,#5164,.T.);
#4355=EDGE_CURVE('',#5160,#5165,#5166,.T.);
#4356=EDGE_CURVE('',#5162,#5167,#5168,.T.);
#4357=EDGE_CURVE('',#5167,#5165,#5169,.T.);
#4358=EDGE_CURVE('',#5165,#5170,#5171,.T.);
#4359=EDGE_CURVE('',#5167,#5172,#5173,.T.);
#4360=EDGE_CURVE('',#5172,#5170,#5174,.T.);
#4361=EDGE_CURVE('',#5170,#5175,#5176,.T.);
#4362=EDGE_CURVE('',#5172,#5177,#5178,.T.);
#4363=EDGE_CURVE('',#5177,#5175,#5179,.T.);
#4364=EDGE_CURVE('',#5175,#5180,#5181,.T.);
#4365=EDGE_CURVE('',#5177,#5182,#5183,.T.);
#4366=EDGE_CURVE('',#5182,#5180,#5184,.T.);
#4367=EDGE_CURVE('',#5180,#5185,#5186,.T.);
#4368=EDGE_CURVE('',#5182,#5187,#5188,.T.);
#4369=EDGE_CURVE('',#5187,#5185,#5189,.T.);
#4370=EDGE_CURVE('',#5185,#5190,#5191,.T.);
#4371=EDGE_CURVE('',#5187,#5192,#5193,.T.);
#4372=EDGE_CURVE('',#5192,#5190,#5194,.T.);
#4373=EDGE_CURVE('',#5190,#5195,#5196,.T.);
#4374=EDGE_CURVE('',#5192,#5197,#5198,.T.);
#4375=EDGE_CURVE('',#5197,#5195,#5199,.T.);
#4376=EDGE_CURVE('',#5195,#5200,#5201,.T.);
#4377=EDGE_CURVE('',#5197,#5202,#5203,.T.);
#4378=EDGE_CURVE('',#5202,#5200,#5204,.T.);
#4379=EDGE_CURVE('',#5200,#4997,#5205,.T.);
#4380=EDGE_CURVE('',#5202,#5000,#5206,.T.);
#4381=EDGE_CURVE('',#5207,#5207,#5208,.T.);
#4382=EDGE_CURVE('',#5209,#5209,#5210,.T.);
#4383=VERTEX_POINT('',#5211);
#4384=VERTEX_POINT('',#5212);
#4385=LINE('',#5213,#5214);
#4386=VERTEX_POINT('',#5216);
#4387=B_SPLINE_CURVE_WITH_KNOTS('',3,
(#5217,#5218,#5219,#5220,#5221,#5222,#5223,#5224),
.UNSPECIFIED.,.F.,.F.,
(4,2,2,4),
(0.,0.417913965393632,0.835982122434078,1.),
.UNSPECIFIED.);
#4388=VERTEX_POINT('',#5225);
#4389=LINE('',#5226,#5227);
#4390=B_SPLINE_CURVE_WITH_KNOTS('',3,
(#5229,#5230,#5231,#5232,#5233,#5234,#5235,#5236),
.UNSPECIFIED.,.F.,.F.,
(4,2,2,4),
(0.,0.417913965393671,0.835982122434156,1.),
.UNSPECIFIED.);
#4391=VERTEX_POINT('',#5237);
#4392=VERTEX_POINT('',#5238);
#4393=LINE('',#5239,#5240);
#4394=VERTEX_POINT('',#5242);
#4395=B_SPLINE_CURVE_WITH_KNOTS('',3,
(#5243,#5244,#5245,#5246,#5247,#5248,#5249,#5250),
.UNSPECIFIED.,.F.,.F.,
(4,2,2,4),
(0.,0.164017958786835,0.582086075209323,1.),
.UNSPECIFIED.);
#4396=VERTEX_POINT('',#5251);
#4397=LINE('',#5252,#5253);
#4398=B_SPLINE_CURVE_WITH_KNOTS('',3,
(#5255,#5256,#5257,#5258,#5259,#5260,#5261,#5262),
.UNSPECIFIED.,.F.,.F.,
(4,2,2,4),
(0.,0.164017958786531,0.582086075209171,1.),
.UNSPECIFIED.);
#4399=VERTEX_POINT('',#5263);
#4400=VERTEX_POINT('',#5264);
#4401=LINE('',#5265,#5266);
#4402=VERTEX_POINT('',#5268);
#4403=B_SPLINE_CURVE_WITH_KNOTS('',3,
(#5269,#5270,#5271,#5272,#5273,#5274,#5275,#5276),
.UNSPECIFIED.,.F.,.F.,
(4,2,2,4),
(0.,0.417913967087577,0.835982125822593,1.),
.UNSPECIFIED.);
#4404=VERTEX_POINT('',#5277);
#4405=LINE('',#5278,#5279);
#4406=B_SPLINE_CURVE_WITH_KNOTS('',3,
(#5281,#5282,#5283,#5284,#5285,#5286,#5287,#5288),
.UNSPECIFIED.,.F.,.F.,
(4,2,2,4),
(0.,0.417913967087647,0.835982125822733,1.),
.UNSPECIFIED.);
#4407=VERTEX_POINT('',#5289);
#4408=VERTEX_POINT('',#5290);
#4409=LINE('',#5291,#5292);
#4410=VERTEX_POINT('',#5294);
#4411=B_SPLINE_CURVE_WITH_KNOTS('',3,
(#5295,#5296,#5297,#5298,#5299,#5300,#5301,#5302),
.UNSPECIFIED.,.F.,.F.,
(4,2,2,4),
(0.,0.164017874199012,0.582086032923213,1.),
.UNSPECIFIED.);
#4412=VERTEX_POINT('',#5303);
#4413=LINE('',#5304,#5305);
#4414=B_SPLINE_CURVE_WITH_KNOTS('',3,
(#5307,#5308,#5309,#5310,#5311,#5312,#5313,#5314),
.UNSPECIFIED.,.F.,.F.,
(4,2,2,4),
(0.,0.164017874199396,0.582086032923405,1.),
.UNSPECIFIED.);
#4415=VERTEX_POINT('',#5315);
#4416=VERTEX_POINT('',#5316);
#4417=LINE('',#5317,#5318);
#4418=VERTEX_POINT('',#5320);
#4419=B_SPLINE_CURVE_WITH_KNOTS('',3,
(#5321,#5322,#5323,#5324,#5325,#5326,#5327,#5328),
.UNSPECIFIED.,.F.,.F.,
(4,2,2,4),
(0.,0.417913966887446,0.835982125422257,1.),
.UNSPECIFIED.);
#4420=VERTEX_POINT('',#5329);
#4421=LINE('',#5330,#5331);
#4422=B_SPLINE_CURVE_WITH_KNOTS('',3,
(#5333,#5334,#5335,#5336,#5337,#5338,#5339,#5340),
.UNSPECIFIED.,.F.,.F.,
(4,2,2,4),
(0.,0.417913966887513,0.835982125422391,1.),
.UNSPECIFIED.);
#4423=VERTEX_POINT('',#5341);
#4424=VERTEX_POINT('',#5342);
#4425=LINE('',#5343,#5344);
#4426=VERTEX_POINT('',#5346);
#4427=B_SPLINE_CURVE_WITH_KNOTS('',3,
(#5347,#5348,#5349,#5350,#5351,#5352,#5353,#5354),
.UNSPECIFIED.,.F.,.F.,
(4,2,2,4),
(0.,0.164017874152602,0.582086032900012,1.),
.UNSPECIFIED.);
#4428=VERTEX_POINT('',#5355);
#4429=LINE('',#5356,#5357);
#4430=B_SPLINE_CURVE_WITH_KNOTS('',3,
(#5359,#5360,#5361,#5362,#5363,#5364,#5365,#5366),
.UNSPECIFIED.,.F.,.F.,
(4,2,2,4),
(0.,0.164017874153132,0.582086032900277,1.),
.UNSPECIFIED.);
#4431=VERTEX_POINT('',#5367);
#4432=VERTEX_POINT('',#5368);
#4433=LINE('',#5369,#5370);
#4434=VERTEX_POINT('',#5372);
#4435=B_SPLINE_CURVE_WITH_KNOTS('',3,
(#5373,#5374,#5375,#5376,#5377,#5378,#5379,#5380),
.UNSPECIFIED.,.F.,.F.,
(4,2,2,4),
(0.,0.417913967098987,0.835982125845418,1.),
.UNSPECIFIED.);
#4436=VERTEX_POINT('',#5381);
#4437=LINE('',#5382,#5383);
#4438=B_SPLINE_CURVE_WITH_KNOTS('',3,
(#5385,#5386,#5387,#5388,#5389,#5390,#5391,#5392),
.UNSPECIFIED.,.F.,.F.,
(4,2,2,4),
(0.,0.417913967098969,0.835982125845381,1.),
.UNSPECIFIED.);
#4439=VERTEX_POINT('',#5393);
#4440=VERTEX_POINT('',#5394);
#4441=LINE('',#5395,#5396);
#4442=VERTEX_POINT('',#5398);
#4443=B_SPLINE_CURVE_WITH_KNOTS('',3,
(#5399,#5400,#5401,#5402,#5403,#5404,#5405,#5406),
.UNSPECIFIED.,.F.,.F.,
(4,2,2,4),
(0.,0.164017874692676,0.582086033169999,1.),
.UNSPECIFIED.);
#4444=VERTEX_POINT('',#5407);
#4445=LINE('',#5408,#5409);
#4446=B_SPLINE_CURVE_WITH_KNOTS('',3,
(#5411,#5412,#5413,#5414,#5415,#5416,#5417,#5418),
.UNSPECIFIED.,.F.,.F.,
(4,2,2,4),
(0.,0.164017874693242,0.582086033170282,1.),
.UNSPECIFIED.);
#4447=VERTEX_POINT('',#5419);
#4448=VERTEX_POINT('',#5420);
#4449=LINE('',#5421,#5422);
#4450=VERTEX_POINT('',#5424);
#4451=B_SPLINE_CURVE_WITH_KNOTS('',3,
(#5425,#5426,#5427,#5428,#5429,#5430,#5431,#5432),
.UNSPECIFIED.,.F.,.F.,
(4,2,2,4),
(0.,0.417913965393749,0.835982122434311,1.),
.UNSPECIFIED.);
#4452=VERTEX_POINT('',#5433);
#4453=LINE('',#5434,#5435);
#4454=B_SPLINE_CURVE_WITH_KNOTS('',3,
(#5437,#5438,#5439,#5440,#5441,#5442,#5443,#5444),
.UNSPECIFIED.,.F.,.F.,
(4,2,2,4),
(0.,0.417913965393674,0.835982122434163,1.),
.UNSPECIFIED.);
#4455=VERTEX_POINT('',#5445);
#4456=VERTEX_POINT('',#5446);
#4457=LINE('',#5447,#5448);
#4458=VERTEX_POINT('',#5450);
#4459=B_SPLINE_CURVE_WITH_KNOTS('',3,
(#5451,#5452,#5453,#5454,#5455,#5456,#5457,#5458),
.UNSPECIFIED.,.F.,.F.,
(4,2,2,4),
(0.,0.164017874174876,0.582086032911147,1.),
.UNSPECIFIED.);
#4460=VERTEX_POINT('',#5459);
#4461=LINE('',#5460,#5461);
#4462=B_SPLINE_CURVE_WITH_KNOTS('',3,
(#5463,#5464,#5465,#5466,#5467,#5468,#5469,#5470),
.UNSPECIFIED.,.F.,.F.,
(4,2,2,4),
(0.,0.164017874175719,0.582086032911569,1.),
.UNSPECIFIED.);
#4463=VERTEX_POINT('',#5471);
#4464=VERTEX_POINT('',#5472);
#4465=LINE('',#5473,#5474);
#4466=VERTEX_POINT('',#5476);
#4467=B_SPLINE_CURVE_WITH_KNOTS('',3,
(#5477,#5478,#5479,#5480,#5481,#5482,#5483,#5484),
.UNSPECIFIED.,.F.,.F.,
(4,2,2,4),
(0.,0.417913967099689,0.835982125846821,1.),
.UNSPECIFIED.);
#4468=VERTEX_POINT('',#5485);
#4469=LINE('',#5486,#5487);
#4470=B_SPLINE_CURVE_WITH_KNOTS('',3,
(#5489,#5490,#5491,#5492,#5493,#5494,#5495,#5496),
.UNSPECIFIED.,.F.,.F.,
(4,2,2,4),
(0.,0.41791396709948,0.835982125846404,1.),
.UNSPECIFIED.);
#4471=VERTEX_POINT('',#5497);
#4472=VERTEX_POINT('',#5498);
#4473=LINE('',#5499,#5500);
#4474=VERTEX_POINT('',#5502);
#4475=B_SPLINE_CURVE_WITH_KNOTS('',3,
(#5503,#5504,#5505,#5506,#5507,#5508,#5509,#5510),
.UNSPECIFIED.,.F.,.F.,
(4,2,2,4),
(0.,0.164017874153295,0.582086032900358,1.),
.UNSPECIFIED.);
#4476=VERTEX_POINT('',#5511);
#4477=LINE('',#5512,#5513);
#4478=B_SPLINE_CURVE_WITH_KNOTS('',3,
(#5515,#5516,#5517,#5518,#5519,#5520,#5521,#5522),
.UNSPECIFIED.,.F.,.F.,
(4,2,2,4),
(0.,0.164017874152759,0.582086032900091,1.),
.UNSPECIFIED.);
#4479=VERTEX_POINT('',#5523);
#4480=VERTEX_POINT('',#5524);
#4481=LINE('',#5525,#5526);
#4482=VERTEX_POINT('',#5528);
#4483=B_SPLINE_CURVE_WITH_KNOTS('',3,
(#5529,#5530,#5531,#5532,#5533,#5534,#5535,#5536),
.UNSPECIFIED.,.F.,.F.,
(4,2,2,4),
(0.,0.417913966887659,0.835982125422684,1.),
.UNSPECIFIED.);
#4484=VERTEX_POINT('',#5537);
#4485=LINE('',#5538,#5539);
#4486=B_SPLINE_CURVE_WITH_KNOTS('',3,
(#5541,#5542,#5543,#5544,#5545,#5546,#5547,#5548),
.UNSPECIFIED.,.F.,.F.,
(4,2,2,4),
(0.,0.417913966887535,0.835982125422435,1.),
.UNSPECIFIED.);
#4487=VERTEX_POINT('',#5549);
#4488=VERTEX_POINT('',#5550);
#4489=LINE('',#5551,#5552);
#4490=VERTEX_POINT('',#5554);
#4491=B_SPLINE_CURVE_WITH_KNOTS('',3,
(#5555,#5556,#5557,#5558,#5559,#5560,#5561,#5562),
.UNSPECIFIED.,.F.,.F.,
(4,2,2,4),
(0.,0.164017875177322,0.582086033412278,1.),
.UNSPECIFIED.);
#4492=VERTEX_POINT('',#5563);
#4493=LINE('',#5564,#5565);
#4494=B_SPLINE_CURVE_WITH_KNOTS('',3,
(#5567,#5568,#5569,#5570,#5571,#5572,#5573,#5574),
.UNSPECIFIED.,.F.,.F.,
(4,2,2,4),
(0.,0.164017875177174,0.582086033412203,1.),
.UNSPECIFIED.);
#4495=VERTEX_POINT('',#5575);
#4496=VERTEX_POINT('',#5576);
#4497=LINE('',#5577,#5578);
#4498=VERTEX_POINT('',#5580);
#4499=B_SPLINE_CURVE_WITH_KNOTS('',3,
(#5581,#5582,#5583,#5584,#5585,#5586,#5587,#5588),
.UNSPECIFIED.,.F.,.F.,
(4,2,2,4),
(0.,0.417913967098921,0.835982125845286,1.),
.UNSPECIFIED.);
#4500=VERTEX_POINT('',#5589);
#4501=LINE('',#5590,#5591);
#4502=B_SPLINE_CURVE_WITH_KNOTS('',3,
(#5593,#5594,#5595,#5596,#5597,#5598,#5599,#5600),
.UNSPECIFIED.,.F.,.F.,
(4,2,2,4),
(0.,0.417913967099098,0.835982125845639,1.),
.UNSPECIFIED.);
#4503=VERTEX_POINT('',#5601);
#4504=VERTEX_POINT('',#5602);
#4505=LINE('',#5603,#5604);
#4506=VERTEX_POINT('',#5606);
#4507=B_SPLINE_CURVE_WITH_KNOTS('',3,
(#5607,#5608,#5609,#5610,#5611,#5612,#5613,#5614),
.UNSPECIFIED.,.F.,.F.,
(4,2,2,4),
(0.,0.164017874169714,0.582086032908566,1.),
.UNSPECIFIED.);
#4508=VERTEX_POINT('',#5615);
#4509=LINE('',#5616,#5617);
#4510=B_SPLINE_CURVE_WITH_KNOTS('',3,
(#5619,#5620,#5621,#5622,#5623,#5624,#5625,#5626),
.UNSPECIFIED.,.F.,.F.,
(4,2,2,4),
(0.,0.164017874169407,0.582086032908413,1.),
.UNSPECIFIED.);
#4511=CIRCLE('',#5627,7.5);
#4512=VERTEX_POINT('',#5631);
#4513=CIRCLE('',#5632,7.491);
#4514=VERTEX_POINT('',#5636);
#4515=B_SPLINE_CURVE_WITH_KNOTS('',3,
(#5637,#5638,#5639,#5640,#5641,#5642,#5643,#5644,#5645,#5646,#5647,#5648,#5649,#5650,
#5651,#5652,#5653,#5654,#5655,#5656,#5657,#5658,#5659,#5660,#5661,#5662,#5663,#5664,
#5665,#5666),
.UNSPECIFIED.,.F.,.F.,
(4,2,2,2,2,2,2,2,2,2,2,2,2,2,4),
(0.,0.0817692370895371,0.158225717108787,0.231925998257898,0.304027940648968,0.375128270615856,
0.445564929637937,0.515543771055042,0.585197857557676,0.654617709874452,0.723867859300235,
0.79299647004733,0.862041257745113,0.931033351683898,1.),
.UNSPECIFIED.);
#4516=VERTEX_POINT('',#5667);
#4517=B_SPLINE_CURVE_WITH_KNOTS('',3,
(#5668,#5669,#5670,#5671,#5672,#5673,#5674,#5675,#5676,#5677,#5678,#5679,#5680,#5681,
#5682,#5683,#5684,#5685,#5686,#5687,#5688,#5689,#5690,#5691,#5692,#5693,#5694,#5695,
#5696,#5697),
.UNSPECIFIED.,.F.,.F.,
(4,2,2,2,2,2,2,2,2,2,2,2,2,2,4),
(0.,0.0775026447804577,0.154070962654626,0.22970494150535,0.304404566372813,0.378169818488798,
0.451000673862543,0.522897101142736,0.593859058259931,0.663886486906516,0.732979302934043,
0.801137378410198,0.868360504795832,0.934648306960802,1.),
.UNSPECIFIED.);
#4518=VERTEX_POINT('',#5698);
#4519=CIRCLE('',#5699,9.3405);
#4520=VERTEX_POINT('',#5703);
#4521=B_SPLINE_CURVE_WITH_KNOTS('',3,
(#5704,#5705,#5706,#5707,#5708,#5709,#5710,#5711,#5712,#5713,#5714,#5715,#5716,#5717,
#5718,#5719,#5720,#5721,#5722,#5723,#5724,#5725,#5726,#5727,#5728,#5729,#5730,#5731,
#5732,#5733),
.UNSPECIFIED.,.F.,.F.,
(4,2,2,2,2,2,2,2,2,2,2,2,2,2,4),
(0.,0.0653516930392022,0.131639495204173,0.198862621589809,0.267020697065968,0.336113513093497,
0.406140941740082,0.477102898857278,0.548999326137471,0.621830181511213,0.695595433627197,
0.770295058494657,0.845929037345378,0.922497355219545,1.),
.UNSPECIFIED.);
#4522=VERTEX_POINT('',#5734);
#4523=B_SPLINE_CURVE_WITH_KNOTS('',3,
(#5735,#5736,#5737,#5738,#5739,#5740,#5741,#5742,#5743,#5744,#5745,#5746,#5747,#5748,
#5749,#5750,#5751,#5752,#5753,#5754,#5755,#5756,#5757,#5758,#5759,#5760,#5761,#5762,
#5763,#5764),
.UNSPECIFIED.,.F.,.F.,
(4,2,2,2,2,2,2,2,2,2,2,2,2,2,4),
(0.,0.0689666483161028,0.137958742254893,0.207003529952678,0.276132140699774,0.34538229012556,
0.414802142442343,0.484456228944987,0.5544350703621,0.62487172938418,0.695972059351063,
0.768074001742131,0.841774282891237,0.918230762910479,1.),
.UNSPECIFIED.);
#4524=VERTEX_POINT('',#5765);
#4525=CIRCLE('',#5766,7.491);
#4526=VERTEX_POINT('',#5770);
#4527=B_SPLINE_CURVE_WITH_KNOTS('',3,
(#5771,#5772,#5773,#5774,#5775,#5776,#5777,#5778,#5779,#5780,#5781,#5782,#5783,#5784,
#5785,#5786,#5787,#5788,#5789,#5790,#5791,#5792,#5793,#5794,#5795,#5796,#5797,#5798,
#5799,#5800),
.UNSPECIFIED.,.F.,.F.,
(4,2,2,2,2,2,2,2,2,2,2,2,2,2,4),
(0.,0.0817692370895371,0.158225717108787,0.231925998257898,0.304027940648968,0.375128270615856,
0.445564929637937,0.515543771055042,0.585197857557676,0.654617709874452,0.723867859300235,
0.79299647004733,0.862041257745113,0.931033351683898,1.),
.UNSPECIFIED.);
#4528=VERTEX_POINT('',#5801);
#4529=B_SPLINE_CURVE_WITH_KNOTS('',3,
(#5802,#5803,#5804,#5805,#5806,#5807,#5808,#5809,#5810,#5811,#5812,#5813,#5814,#5815,
#5816,#5817,#5818,#5819,#5820,#5821,#5822,#5823,#5824,#5825,#5826,#5827,#5828,#5829,
#5830,#5831),
.UNSPECIFIED.,.F.,.F.,
(4,2,2,2,2,2,2,2,2,2,2,2,2,2,4),
(0.,0.0775026447804577,0.154070962654626,0.22970494150535,0.304404566372813,0.378169818488798,
0.451000673862543,0.522897101142736,0.593859058259931,0.663886486906516,0.732979302934043,
0.801137378410198,0.868360504795832,0.934648306960802,1.),
.UNSPECIFIED.);
#4530=VERTEX_POINT('',#5832);
#4531=CIRCLE('',#5833,9.3405);
#4532=VERTEX_POINT('',#5837);
#4533=B_SPLINE_CURVE_WITH_KNOTS('',3,
(#5838,#5839,#5840,#5841,#5842,#5843,#5844,#5845,#5846,#5847,#5848,#5849,#5850,#5851,
#5852,#5853,#5854,#5855,#5856,#5857,#5858,#5859,#5860,#5861,#5862,#5863,#5864,#5865,
#5866,#5867),
.UNSPECIFIED.,.F.,.F.,
(4,2,2,2,2,2,2,2,2,2,2,2,2,2,4),
(0.,0.0653516930392022,0.131639495204173,0.198862621589809,0.267020697065968,0.336113513093497,
0.406140941740082,0.477102898857278,0.548999326137471,0.621830181511213,0.695595433627197,
0.770295058494657,0.845929037345378,0.922497355219545,1.),
.UNSPECIFIED.);
#4534=VERTEX_POINT('',#5868);
#4535=B_SPLINE_CURVE_WITH_KNOTS('',3,
(#5869,#5870,#5871,#5872,#5873,#5874,#5875,#5876,#5877,#5878,#5879,#5880,#5881,#5882,
#5883,#5884,#5885,#5886,#5887,#5888,#5889,#5890,#5891,#5892,#5893,#5894,#5895,#5896,
#5897,#5898),
.UNSPECIFIED.,.F.,.F.,
(4,2,2,2,2,2,2,2,2,2,2,2,2,2,4),
(0.,0.0689666483161028,0.137958742254893,0.207003529952678,0.276132140699774,0.34538229012556,
0.414802142442343,0.484456228944987,0.5544350703621,0.62487172938418,0.695972059351063,
0.768074001742131,0.841774282891237,0.918230762910479,1.),
.UNSPECIFIED.);
#4536=VERTEX_POINT('',#5899);
#4537=CIRCLE('',#5900,7.491);
#4538=VERTEX_POINT('',#5904);
#4539=B_SPLINE_CURVE_WITH_KNOTS('',3,
(#5905,#5906,#5907,#5908,#5909,#5910,#5911,#5912,#5913,#5914,#5915,#5916,#5917,#5918,
#5919,#5920,#5921,#5922,#5923,#5924,#5925,#5926,#5927,#5928,#5929,#5930,#5931,#5932,
#5933,#5934),
.UNSPECIFIED.,.F.,.F.,
(4,2,2,2,2,2,2,2,2,2,2,2,2,2,4),
(0.,0.0817692370895371,0.158225717108787,0.231925998257898,0.304027940648968,0.375128270615856,
0.445564929637937,0.515543771055042,0.585197857557676,0.654617709874452,0.723867859300235,
0.79299647004733,0.862041257745113,0.931033351683898,1.),
.UNSPECIFIED.);
#4540=VERTEX_POINT('',#5935);
#4541=B_SPLINE_CURVE_WITH_KNOTS('',3,
(#5936,#5937,#5938,#5939,#5940,#5941,#5942,#5943,#5944,#5945,#5946,#5947,#5948,#5949,
#5950,#5951,#5952,#5953,#5954,#5955,#5956,#5957,#5958,#5959,#5960,#5961,#5962,#5963,
#5964,#5965),
.UNSPECIFIED.,.F.,.F.,
(4,2,2,2,2,2,2,2,2,2,2,2,2,2,4),
(0.,0.0775026447804577,0.154070962654626,0.22970494150535,0.304404566372813,0.378169818488798,
0.451000673862543,0.522897101142736,0.593859058259931,0.663886486906516,0.732979302934043,
0.801137378410198,0.868360504795832,0.934648306960802,1.),
.UNSPECIFIED.);
#4542=VERTEX_POINT('',#5966);
#4543=CIRCLE('',#5967,9.3405);
#4544=VERTEX_POINT('',#5971);
#4545=B_SPLINE_CURVE_WITH_KNOTS('',3,
(#5972,#5973,#5974,#5975,#5976,#5977,#5978,#5979,#5980,#5981,#5982,#5983,#5984,#5985,
#5986,#5987,#5988,#5989,#5990,#5991,#5992,#5993,#5994,#5995,#5996,#5997,#5998,#5999,
#6000,#6001),
.UNSPECIFIED.,.F.,.F.,
(4,2,2,2,2,2,2,2,2,2,2,2,2,2,4),
(0.,0.0653516930392022,0.131639495204173,0.198862621589809,0.267020697065968,0.336113513093497,
0.406140941740082,0.477102898857278,0.548999326137471,0.621830181511213,0.695595433627197,
0.770295058494657,0.845929037345378,0.922497355219545,1.),
.UNSPECIFIED.);
#4546=VERTEX_POINT('',#6002);
#4547=B_SPLINE_CURVE_WITH_KNOTS('',3,
(#6003,#6004,#6005,#6006,#6007,#6008,#6009,#6010,#6011,#6012,#6013,#6014,#6015,#6016,
#6017,#6018,#6019,#6020,#6021,#6022,#6023,#6024,#6025,#6026,#6027,#6028,#6029,#6030,
#6031,#6032),
.UNSPECIFIED.,.F.,.F.,
(4,2,2,2,2,2,2,2,2,2,2,2,2,2,4),
(0.,0.0689666483161028,0.137958742254893,0.207003529952678,0.276132140699774,0.34538229012556,
0.414802142442343,0.484456228944987,0.5544350703621,0.62487172938418,0.695972059351063,
0.768074001742131,0.841774282891237,0.918230762910479,1.),
.UNSPECIFIED.);
#4548=VERTEX_POINT('',#6033);
#4549=CIRCLE('',#6034,7.491);
#4550=VERTEX_POINT('',#6038);
#4551=B_SPLINE_CURVE_WITH_KNOTS('',3,
(#6039,#6040,#6041,#6042,#6043,#6044,#6045,#6046,#6047,#6048,#6049,#6050,#6051,#6052,
#6053,#6054,#6055,#6056,#6057,#6058,#6059,#6060,#6061,#6062,#6063,#6064,#6065,#6066,
#6067,#6068),
.UNSPECIFIED.,.F.,.F.,
(4,2,2,2,2,2,2,2,2,2,2,2,2,2,4),
(0.,0.0817692370895371,0.158225717108787,0.231925998257898,0.304027940648968,0.375128270615856,
0.445564929637937,0.515543771055042,0.585197857557676,0.654617709874452,0.723867859300235,
0.79299647004733,0.862041257745113,0.931033351683898,1.),
.UNSPECIFIED.);
#4552=VERTEX_POINT('',#6069);
#4553=B_SPLINE_CURVE_WITH_KNOTS('',3,
(#6070,#6071,#6072,#6073,#6074,#6075,#6076,#6077,#6078,#6079,#6080,#6081,#6082,#6083,
#6084,#6085,#6086,#6087,#6088,#6089,#6090,#6091,#6092,#6093,#6094,#6095,#6096,#6097,
#6098,#6099),
.UNSPECIFIED.,.F.,.F.,
(4,2,2,2,2,2,2,2,2,2,2,2,2,2,4),
(0.,0.0775026447804577,0.154070962654626,0.22970494150535,0.304404566372813,0.378169818488798,
0.451000673862543,0.522897101142736,0.593859058259931,0.663886486906516,0.732979302934043,
0.801137378410198,0.868360504795832,0.934648306960802,1.),
.UNSPECIFIED.);
#4554=VERTEX_POINT('',#6100);
#4555=CIRCLE('',#6101,9.3405);
#4556=VERTEX_POINT('',#6105);
#4557=B_SPLINE_CURVE_WITH_KNOTS('',3,
(#6106,#6107,#6108,#6109,#6110,#6111,#6112,#6113,#6114,#6115,#6116,#6117,#6118,#6119,
#6120,#6121,#6122,#6123,#6124,#6125,#6126,#6127,#6128,#6129,#6130,#6131,#6132,#6133,
#6134,#6135),
.UNSPECIFIED.,.F.,.F.,
(4,2,2,2,2,2,2,2,2,2,2,2,2,2,4),
(0.,0.0653516930392022,0.131639495204173,0.198862621589809,0.267020697065968,0.336113513093497,
0.406140941740082,0.477102898857278,0.548999326137471,0.621830181511213,0.695595433627197,
0.770295058494657,0.845929037345378,0.922497355219545,1.),
.UNSPECIFIED.);
#4558=VERTEX_POINT('',#6136);
#4559=B_SPLINE_CURVE_WITH_KNOTS('',3,
(#6137,#6138,#6139,#6140,#6141,#6142,#6143,#6144,#6145,#6146,#6147,#6148,#6149,#6150,
#6151,#6152,#6153,#6154,#6155,#6156,#6157,#6158,#6159,#6160,#6161,#6162,#6163,#6164,
#6165,#6166),
.UNSPECIFIED.,.F.,.F.,
(4,2,2,2,2,2,2,2,2,2,2,2,2,2,4),
(0.,0.0689666483161028,0.137958742254893,0.207003529952678,0.276132140699774,0.34538229012556,
0.414802142442343,0.484456228944987,0.5544350703621,0.62487172938418,0.695972059351063,
0.768074001742131,0.841774282891237,0.918230762910479,1.),
.UNSPECIFIED.);
#4560=VERTEX_POINT('',#6167);
#4561=CIRCLE('',#6168,7.491);
#4562=VERTEX_POINT('',#6172);
#4563=B_SPLINE_CURVE_WITH_KNOTS('',3,
(#6173,#6174,#6175,#6176,#6177,#6178,#6179,#6180,#6181,#6182,#6183,#6184,#6185,#6186,
#6187,#6188,#6189,#6190,#6191,#6192,#6193,#6194,#6195,#6196,#6197,#6198,#6199,#6200,
#6201,#6202),
.UNSPECIFIED.,.F.,.F.,
(4,2,2,2,2,2,2,2,2,2,2,2,2,2,4),
(0.,0.0817692370895371,0.158225717108787,0.231925998257898,0.304027940648968,0.375128270615856,
0.445564929637937,0.515543771055042,0.585197857557676,0.654617709874452,0.723867859300235,
0.79299647004733,0.862041257745113,0.931033351683898,1.),
.UNSPECIFIED.);
#4564=VERTEX_POINT('',#6203);
#4565=B_SPLINE_CURVE_WITH_KNOTS('',3,
(#6204,#6205,#6206,#6207,#6208,#6209,#6210,#6211,#6212,#6213,#6214,#6215,#6216,#6217,
#6218,#6219,#6220,#6221,#6222,#6223,#6224,#6225,#6226,#6227,#6228,#6229,#6230,#6231,
#6232,#6233),
.UNSPECIFIED.,.F.,.F.,
(4,2,2,2,2,2,2,2,2,2,2,2,2,2,4),
(0.,0.0775026447804577,0.154070962654626,0.22970494150535,0.304404566372813,0.378169818488798,
0.451000673862543,0.522897101142736,0.593859058259931,0.663886486906516,0.732979302934043,
0.801137378410198,0.868360504795832,0.934648306960802,1.),
.UNSPECIFIED.);
#4566=VERTEX_POINT('',#6234);
#4567=CIRCLE('',#6235,9.3405);
#4568=VERTEX_POINT('',#6239);
#4569=B_SPLINE_CURVE_WITH_KNOTS('',3,
(#6240,#6241,#6242,#6243,#6244,#6245,#6246,#6247,#6248,#6249,#6250,#6251,#6252,#6253,
#6254,#6255,#6256,#6257,#6258,#6259,#6260,#6261,#6262,#6263,#6264,#6265,#6266,#6267,
#6268,#6269),
.UNSPECIFIED.,.F.,.F.,
(4,2,2,2,2,2,2,2,2,2,2,2,2,2,4),
(0.,0.0653516930392022,0.131639495204173,0.198862621589809,0.267020697065968,0.336113513093497,
0.406140941740082,0.477102898857278,0.548999326137471,0.621830181511213,0.695595433627197,
0.770295058494657,0.845929037345378,0.922497355219545,1.),
.UNSPECIFIED.);
#4570=VERTEX_POINT('',#6270);
#4571=B_SPLINE_CURVE_WITH_KNOTS('',3,
(#6271,#6272,#6273,#6274,#6275,#6276,#6277,#6278,#6279,#6280,#6281,#6282,#6283,#6284,
#6285,#6286,#6287,#6288,#6289,#6290,#6291,#6292,#6293,#6294,#6295,#6296,#6297,#6298,
#6299,#6300),
.UNSPECIFIED.,.F.,.F.,
(4,2,2,2,2,2,2,2,2,2,2,2,2,2,4),
(0.,0.0689666483161028,0.137958742254893,0.207003529952678,0.276132140699774,0.34538229012556,
0.414802142442343,0.484456228944987,0.5544350703621,0.62487172938418,0.695972059351063,
0.768074001742131,0.841774282891237,0.918230762910479,1.),
.UNSPECIFIED.);
#4572=VERTEX_POINT('',#6301);
#4573=CIRCLE('',#6302,7.491);
#4574=VERTEX_POINT('',#6306);
#4575=B_SPLINE_CURVE_WITH_KNOTS('',3,
(#6307,#6308,#6309,#6310,#6311,#6312,#6313,#6314,#6315,#6316,#6317,#6318,#6319,#6320,
#6321,#6322,#6323,#6324,#6325,#6326,#6327,#6328,#6329,#6330,#6331,#6332,#6333,#6334,
#6335,#6336),
.UNSPECIFIED.,.F.,.F.,
(4,2,2,2,2,2,2,2,2,2,2,2,2,2,4),
(0.,0.0817692370895371,0.158225717108787,0.231925998257898,0.304027940648968,0.375128270615856,
0.445564929637937,0.515543771055042,0.585197857557676,0.654617709874452,0.723867859300235,
0.79299647004733,0.862041257745113,0.931033351683898,1.),
.UNSPECIFIED.);
#4576=VERTEX_POINT('',#6337);
#4577=B_SPLINE_CURVE_WITH_KNOTS('',3,
(#6338,#6339,#6340,#6341,#6342,#6343,#6344,#6345,#6346,#6347,#6348,#6349,#6350,#6351,
#6352,#6353,#6354,#6355,#6356,#6357,#6358,#6359,#6360,#6361,#6362,#6363,#6364,#6365,
#6366,#6367),
.UNSPECIFIED.,.F.,.F.,
(4,2,2,2,2,2,2,2,2,2,2,2,2,2,4),
(0.,0.0775026447804577,0.154070962654626,0.22970494150535,0.304404566372813,0.378169818488798,
0.451000673862543,0.522897101142736,0.593859058259931,0.663886486906516,0.732979302934043,
0.801137378410198,0.868360504795832,0.934648306960802,1.),
.UNSPECIFIED.);
#4578=VERTEX_POINT('',#6368);
#4579=CIRCLE('',#6369,9.3405);
#4580=VERTEX_POINT('',#6373);
#4581=B_SPLINE_CURVE_WITH_KNOTS('',3,
(#6374,#6375,#6376,#6377,#6378,#6379,#6380,#6381,#6382,#6383,#6384,#6385,#6386,#6387,
#6388,#6389,#6390,#6391,#6392,#6393,#6394,#6395,#6396,#6397,#6398,#6399,#6400,#6401,
#6402,#6403),
.UNSPECIFIED.,.F.,.F.,
(4,2,2,2,2,2,2,2,2,2,2,2,2,2,4),
(0.,0.0653516930392022,0.131639495204173,0.198862621589809,0.267020697065968,0.336113513093497,
0.406140941740082,0.477102898857278,0.548999326137471,0.621830181511213,0.695595433627197,
0.770295058494657,0.845929037345378,0.922497355219545,1.),
.UNSPECIFIED.);
#4582=VERTEX_POINT('',#6404);
#4583=B_SPLINE_CURVE_WITH_KNOTS('',3,
(#6405,#6406,#6407,#6408,#6409,#6410,#6411,#6412,#6413,#6414,#6415,#6416,#6417,#6418,
#6419,#6420,#6421,#6422,#6423,#6424,#6425,#6426,#6427,#6428,#6429,#6430,#6431,#6432,
#6433,#6434),
.UNSPECIFIED.,.F.,.F.,
(4,2,2,2,2,2,2,2,2,2,2,2,2,2,4),
(0.,0.0689666483161028,0.137958742254893,0.207003529952678,0.276132140699774,0.34538229012556,
0.414802142442343,0.484456228944987,0.5544350703621,0.62487172938418,0.695972059351063,
0.768074001742131,0.841774282891237,0.918230762910479,1.),
.UNSPECIFIED.);
#4584=VERTEX_POINT('',#6435);
#4585=CIRCLE('',#6436,7.491);
#4586=VERTEX_POINT('',#6440);
#4587=B_SPLINE_CURVE_WITH_KNOTS('',3,
(#6441,#6442,#6443,#6444,#6445,#6446,#6447,#6448,#6449,#6450,#6451,#6452,#6453,#6454,
#6455,#6456,#6457,#6458,#6459,#6460,#6461,#6462,#6463,#6464,#6465,#6466,#6467,#6468,
#6469,#6470),
.UNSPECIFIED.,.F.,.F.,
(4,2,2,2,2,2,2,2,2,2,2,2,2,2,4),
(0.,0.0817692370895371,0.158225717108787,0.231925998257898,0.304027940648968,0.375128270615856,
0.445564929637937,0.515543771055042,0.585197857557676,0.654617709874452,0.723867859300235,
0.79299647004733,0.862041257745113,0.931033351683898,1.),
.UNSPECIFIED.);
#4588=VERTEX_POINT('',#6471);
#4589=B_SPLINE_CURVE_WITH_KNOTS('',3,
(#6472,#6473,#6474,#6475,#6476,#6477,#6478,#6479,#6480,#6481,#6482,#6483,#6484,#6485,
#6486,#6487,#6488,#6489,#6490,#6491,#6492,#6493,#6494,#6495,#6496,#6497,#6498,#6499,
#6500,#6501),
.UNSPECIFIED.,.F.,.F.,
(4,2,2,2,2,2,2,2,2,2,2,2,2,2,4),
(0.,0.0775026447804577,0.154070962654626,0.22970494150535,0.304404566372813,0.378169818488798,
0.451000673862543,0.522897101142736,0.593859058259931,0.663886486906516,0.732979302934043,
0.801137378410198,0.868360504795832,0.934648306960802,1.),
.UNSPECIFIED.);
#4590=VERTEX_POINT('',#6502);
#4591=CIRCLE('',#6503,9.3405);
#4592=VERTEX_POINT('',#6507);
#4593=B_SPLINE_CURVE_WITH_KNOTS('',3,
(#6508,#6509,#6510,#6511,#6512,#6513,#6514,#6515,#6516,#6517,#6518,#6519,#6520,#6521,
#6522,#6523,#6524,#6525,#6526,#6527,#6528,#6529,#6530,#6531,#6532,#6533,#6534,#6535,
#6536,#6537),
.UNSPECIFIED.,.F.,.F.,
(4,2,2,2,2,2,2,2,2,2,2,2,2,2,4),
(0.,0.0653516930392022,0.131639495204173,0.198862621589809,0.267020697065968,0.336113513093497,
0.406140941740082,0.477102898857278,0.548999326137471,0.621830181511213,0.695595433627197,
0.770295058494657,0.845929037345378,0.922497355219545,1.),
.UNSPECIFIED.);
#4594=VERTEX_POINT('',#6538);
#4595=B_SPLINE_CURVE_WITH_KNOTS('',3,
(#6539,#6540,#6541,#6542,#6543,#6544,#6545,#6546,#6547,#6548,#6549,#6550,#6551,#6552,
#6553,#6554,#6555,#6556,#6557,#6558,#6559,#6560,#6561,#6562,#6563,#6564,#6565,#6566,
#6567,#6568),
.UNSPECIFIED.,.F.,.F.,
(4,2,2,2,2,2,2,2,2,2,2,2,2,2,4),
(0.,0.0689666483161028,0.137958742254893,0.207003529952678,0.276132140699774,0.34538229012556,
0.414802142442343,0.484456228944987,0.5544350703621,0.62487172938418,0.695972059351063,
0.768074001742131,0.841774282891237,0.918230762910479,1.),
.UNSPECIFIED.);
#4596=VERTEX_POINT('',#6569);
#4597=CIRCLE('',#6570,7.491);
#4598=VERTEX_POINT('',#6574);
#4599=B_SPLINE_CURVE_WITH_KNOTS('',3,
(#6575,#6576,#6577,#6578,#6579,#6580,#6581,#6582,#6583,#6584,#6585,#6586,#6587,#6588,
#6589,#6590,#6591,#6592,#6593,#6594,#6595,#6596,#6597,#6598,#6599,#6600,#6601,#6602,
#6603,#6604),
.UNSPECIFIED.,.F.,.F.,
(4,2,2,2,2,2,2,2,2,2,2,2,2,2,4),
(0.,0.0817692370895371,0.158225717108787,0.231925998257898,0.304027940648968,0.375128270615856,
0.445564929637937,0.515543771055042,0.585197857557676,0.654617709874452,0.723867859300235,
0.79299647004733,0.862041257745113,0.931033351683898,1.),
.UNSPECIFIED.);
#4600=VERTEX_POINT('',#6605);
#4601=B_SPLINE_CURVE_WITH_KNOTS('',3,
(#6606,#6607,#6608,#6609,#6610,#6611,#6612,#6613,#6614,#6615,#6616,#6617,#6618,#6619,
#6620,#6621,#6622,#6623,#6624,#6625,#6626,#6627,#6628,#6629,#6630,#6631,#6632,#6633,
#6634,#6635),
.UNSPECIFIED.,.F.,.F.,
(4,2,2,2,2,2,2,2,2,2,2,2,2,2,4),
(0.,0.0775026447804577,0.154070962654626,0.22970494150535,0.304404566372813,0.378169818488798,
0.451000673862543,0.522897101142736,0.593859058259931,0.663886486906516,0.732979302934043,
0.801137378410198,0.868360504795832,0.934648306960802,1.),
.UNSPECIFIED.);
#4602=VERTEX_POINT('',#6636);
#4603=CIRCLE('',#6637,9.3405);
#4604=VERTEX_POINT('',#6641);
#4605=B_SPLINE_CURVE_WITH_KNOTS('',3,
(#6642,#6643,#6644,#6645,#6646,#6647,#6648,#6649,#6650,#6651,#6652,#6653,#6654,#6655,
#6656,#6657,#6658,#6659,#6660,#6661,#6662,#6663,#6664,#6665,#6666,#6667,#6668,#6669,
#6670,#6671),
.UNSPECIFIED.,.F.,.F.,
(4,2,2,2,2,2,2,2,2,2,2,2,2,2,4),
(0.,0.0653516930392022,0.131639495204173,0.198862621589809,0.267020697065968,0.336113513093497,
0.406140941740082,0.477102898857278,0.548999326137471,0.621830181511213,0.695595433627197,
0.770295058494657,0.845929037345378,0.922497355219545,1.),
.UNSPECIFIED.);
#4606=VERTEX_POINT('',#6672);
#4607=B_SPLINE_CURVE_WITH_KNOTS('',3,
(#6673,#6674,#6675,#6676,#6677,#6678,#6679,#6680,#6681,#6682,#6683,#6684,#6685,#6686,
#6687,#6688,#6689,#6690,#6691,#6692,#6693,#6694,#6695,#6696,#6697,#6698,#6699,#6700,
#6701,#6702),
.UNSPECIFIED.,.F.,.F.,
(4,2,2,2,2,2,2,2,2,2,2,2,2,2,4),
(0.,0.0689666483161028,0.137958742254893,0.207003529952678,0.276132140699774,0.34538229012556,
0.414802142442343,0.484456228944987,0.5544350703621,0.62487172938418,0.695972059351063,
0.768074001742131,0.841774282891237,0.918230762910479,1.),
.UNSPECIFIED.);
#4608=CIRCLE('',#6703,7.491);
#4609=CIRCLE('',#6707,7.5);
#4610=CIRCLE('',#6711,7.491);
#4611=CIRCLE('',#6715,7.5);
#4612=CIRCLE('',#6719,7.491);
#4613=CIRCLE('',#6723,7.5);
#4614=CIRCLE('',#6727,7.491);
#4615=CIRCLE('',#6731,7.5);
#4616=CIRCLE('',#6735,7.491);
#4617=CIRCLE('',#6739,7.5);
#4618=CIRCLE('',#6743,7.491);
#4619=CIRCLE('',#6747,7.5);
#4620=(BOUNDED_CURVE()B_SPLINE_CURVE(3,
(#6751,#6752,#6753,#6754),
.UNSPECIFIED.,.F.,.F.)B_SPLINE_CURVE_WITH_KNOTS((4,4),
(0.,1.),
.UNSPECIFIED.)CURVE()GEOMETRIC_REPRESENTATION_ITEM()RATIONAL_B_SPLINE_CURVE((1.,
0.999978428450343,0.999978428450343,1.))REPRESENTATION_ITEM(''));
#4621=CIRCLE('',#6755,7.5);
#4622=CIRCLE('',#6759,7.491);
#4623=VERTEX_POINT('',#6763);
#4624=CIRCLE('',#6764,1.);
#4625=CIRCLE('',#6768,7.5);
#4626=CIRCLE('',#6772,7.491);
#4627=CIRCLE('',#6776,7.5);
#4628=CIRCLE('',#6780,7.491);
#4629=CIRCLE('',#6784,7.5);
#4630=CIRCLE('',#6788,7.491);
#4631=CIRCLE('',#6792,7.5);
#4632=CIRCLE('',#6796,7.491);
#4633=CIRCLE('',#6800,7.5);
#4634=CIRCLE('',#6804,7.491);
#4635=CIRCLE('',#6808,7.5);
#4636=CIRCLE('',#6812,7.491);
#4637=CIRCLE('',#6816,7.5);
#4638=CIRCLE('',#6820,7.491);
#4639=CIRCLE('',#6824,7.5);
#4640=VERTEX_POINT('',#6828);
#4641=CIRCLE('',#6829,7.491);
#4642=VERTEX_POINT('',#6833);
#4643=B_SPLINE_CURVE_WITH_KNOTS('',3,
(#6834,#6835,#6836,#6837,#6838,#6839,#6840,#6841,#6842,#6843,#6844,#6845,#6846,#6847,
#6848,#6849,#6850,#6851,#6852,#6853,#6854,#6855,#6856,#6857,#6858,#6859,#6860,#6861,
#6862,#6863),
.UNSPECIFIED.,.F.,.F.,
(4,2,2,2,2,2,2,2,2,2,2,2,2,2,4),
(0.,0.0689666483161028,0.137958742254893,0.207003529952678,0.276132140699774,0.34538229012556,
0.414802142442343,0.484456228944987,0.5544350703621,0.62487172938418,0.695972059351063,
0.768074001742131,0.841774282891237,0.918230762910479,1.),
.UNSPECIFIED.);
#4644=VERTEX_POINT('',#6864);
#4645=B_SPLINE_CURVE_WITH_KNOTS('',3,
(#6865,#6866,#6867,#6868,#6869,#6870,#6871,#6872,#6873,#6874,#6875,#6876,#6877,#6878,
#6879,#6880,#6881,#6882,#6883,#6884,#6885,#6886,#6887,#6888,#6889,#6890,#6891,#6892,
#6893,#6894),
.UNSPECIFIED.,.F.,.F.,
(4,2,2,2,2,2,2,2,2,2,2,2,2,2,4),
(0.,0.0653516930392022,0.131639495204173,0.198862621589809,0.267020697065968,0.336113513093497,
0.406140941740082,0.477102898857278,0.548999326137471,0.621830181511213,0.695595433627197,
0.770295058494657,0.845929037345378,0.922497355219545,1.),
.UNSPECIFIED.);
#4646=VERTEX_POINT('',#6895);
#4647=CIRCLE('',#6896,9.3405);
#4648=VERTEX_POINT('',#6900);
#4649=B_SPLINE_CURVE_WITH_KNOTS('',3,
(#6901,#6902,#6903,#6904,#6905,#6906,#6907,#6908,#6909,#6910,#6911,#6912,#6913,#6914,
#6915,#6916,#6917,#6918,#6919,#6920,#6921,#6922,#6923,#6924,#6925,#6926,#6927,#6928,
#6929,#6930),
.UNSPECIFIED.,.F.,.F.,
(4,2,2,2,2,2,2,2,2,2,2,2,2,2,4),
(0.,0.0775026447804577,0.154070962654626,0.22970494150535,0.304404566372813,0.378169818488798,
0.451000673862543,0.522897101142736,0.593859058259931,0.663886486906516,0.732979302934043,
0.801137378410198,0.868360504795832,0.934648306960802,1.),
.UNSPECIFIED.);
#4650=VERTEX_POINT('',#6931);
#4651=B_SPLINE_CURVE_WITH_KNOTS('',3,
(#6932,#6933,#6934,#6935,#6936,#6937,#6938,#6939,#6940,#6941,#6942,#6943,#6944,#6945,
#6946,#6947,#6948,#6949,#6950,#6951,#6952,#6953,#6954,#6955,#6956,#6957,#6958,#6959,
#6960,#6961),
.UNSPECIFIED.,.F.,.F.,
(4,2,2,2,2,2,2,2,2,2,2,2,2,2,4),
(0.,0.0817692370895371,0.158225717108787,0.231925998257898,0.304027940648968,0.375128270615856,
0.445564929637937,0.515543771055042,0.585197857557676,0.654617709874452,0.723867859300235,
0.79299647004733,0.862041257745113,0.931033351683898,1.),
.UNSPECIFIED.);
#4652=VERTEX_POINT('',#6962);
#4653=CIRCLE('',#6963,7.491);
#4654=VERTEX_POINT('',#6967);
#4655=B_SPLINE_CURVE_WITH_KNOTS('',3,
(#6968,#6969,#6970,#6971,#6972,#6973,#6974,#6975,#6976,#6977,#6978,#6979,#6980,#6981,
#6982,#6983,#6984,#6985,#6986,#6987,#6988,#6989,#6990,#6991,#6992,#6993,#6994,#6995,
#6996,#6997),
.UNSPECIFIED.,.F.,.F.,
(4,2,2,2,2,2,2,2,2,2,2,2,2,2,4),
(0.,0.0689666483161028,0.137958742254893,0.207003529952678,0.276132140699774,0.34538229012556,
0.414802142442343,0.484456228944987,0.5544350703621,0.62487172938418,0.695972059351063,
0.768074001742131,0.841774282891237,0.918230762910479,1.),
.UNSPECIFIED.);
#4656=VERTEX_POINT('',#6998);
#4657=B_SPLINE_CURVE_WITH_KNOTS('',3,
(#6999,#7000,#7001,#7002,#7003,#7004,#7005,#7006,#7007,#7008,#7009,#7010,#7011,#7012,
#7013,#7014,#7015,#7016,#7017,#7018,#7019,#7020,#7021,#7022,#7023,#7024,#7025,#7026,
#7027,#7028),
.UNSPECIFIED.,.F.,.F.,
(4,2,2,2,2,2,2,2,2,2,2,2,2,2,4),
(0.,0.0653516930392022,0.131639495204173,0.198862621589809,0.267020697065968,0.336113513093497,
0.406140941740082,0.477102898857278,0.548999326137471,0.621830181511213,0.695595433627197,
0.770295058494657,0.845929037345378,0.922497355219545,1.),
.UNSPECIFIED.);
#4658=VERTEX_POINT('',#7029);
#4659=CIRCLE('',#7030,9.3405);
#4660=VERTEX_POINT('',#7034);
#4661=B_SPLINE_CURVE_WITH_KNOTS('',3,
(#7035,#7036,#7037,#7038,#7039,#7040,#7041,#7042,#7043,#7044,#7045,#7046,#7047,#7048,
#7049,#7050,#7051,#7052,#7053,#7054,#7055,#7056,#7057,#7058,#7059,#7060,#7061,#7062,
#7063,#7064),
.UNSPECIFIED.,.F.,.F.,
(4,2,2,2,2,2,2,2,2,2,2,2,2,2,4),
(0.,0.0775026447804577,0.154070962654626,0.22970494150535,0.304404566372813,0.378169818488798,
0.451000673862543,0.522897101142736,0.593859058259931,0.663886486906516,0.732979302934043,
0.801137378410198,0.868360504795832,0.934648306960802,1.),
.UNSPECIFIED.);
#4662=VERTEX_POINT('',#7065);
#4663=B_SPLINE_CURVE_WITH_KNOTS('',3,
(#7066,#7067,#7068,#7069,#7070,#7071,#7072,#7073,#7074,#7075,#7076,#7077,#7078,#7079,
#7080,#7081,#7082,#7083,#7084,#7085,#7086,#7087,#7088,#7089,#7090,#7091,#7092,#7093,
#7094,#7095),
.UNSPECIFIED.,.F.,.F.,
(4,2,2,2,2,2,2,2,2,2,2,2,2,2,4),
(0.,0.0817692370895371,0.158225717108787,0.231925998257898,0.304027940648968,0.375128270615856,
0.445564929637937,0.515543771055042,0.585197857557676,0.654617709874452,0.723867859300235,
0.79299647004733,0.862041257745113,0.931033351683898,1.),
.UNSPECIFIED.);
#4664=VERTEX_POINT('',#7096);
#4665=CIRCLE('',#7097,7.491);
#4666=VERTEX_POINT('',#7101);
#4667=B_SPLINE_CURVE_WITH_KNOTS('',3,
(#7102,#7103,#7104,#7105,#7106,#7107,#7108,#7109,#7110,#7111,#7112,#7113,#7114,#7115,
#7116,#7117,#7118,#7119,#7120,#7121,#7122,#7123,#7124,#7125,#7126,#7127,#7128,#7129,
#7130,#7131),
.UNSPECIFIED.,.F.,.F.,
(4,2,2,2,2,2,2,2,2,2,2,2,2,2,4),
(0.,0.0689666483161028,0.137958742254893,0.207003529952678,0.276132140699774,0.34538229012556,
0.414802142442343,0.484456228944987,0.5544350703621,0.62487172938418,0.695972059351063,
0.768074001742131,0.841774282891237,0.918230762910479,1.),
.UNSPECIFIED.);
#4668=VERTEX_POINT('',#7132);
#4669=B_SPLINE_CURVE_WITH_KNOTS('',3,
(#7133,#7134,#7135,#7136,#7137,#7138,#7139,#7140,#7141,#7142,#7143,#7144,#7145,#7146,
#7147,#7148,#7149,#7150,#7151,#7152,#7153,#7154,#7155,#7156,#7157,#7158,#7159,#7160,
#7161,#7162),
.UNSPECIFIED.,.F.,.F.,
(4,2,2,2,2,2,2,2,2,2,2,2,2,2,4),
(0.,0.0653516930392022,0.131639495204173,0.198862621589809,0.267020697065968,0.336113513093497,
0.406140941740082,0.477102898857278,0.548999326137471,0.621830181511213,0.695595433627197,
0.770295058494657,0.845929037345378,0.922497355219545,1.),
.UNSPECIFIED.);
#4670=VERTEX_POINT('',#7163);
#4671=CIRCLE('',#7164,9.3405);
#4672=VERTEX_POINT('',#7168);
#4673=B_SPLINE_CURVE_WITH_KNOTS('',3,
(#7169,#7170,#7171,#7172,#7173,#7174,#7175,#7176,#7177,#7178,#7179,#7180,#7181,#7182,
#7183,#7184,#7185,#7186,#7187,#7188,#7189,#7190,#7191,#7192,#7193,#7194,#7195,#7196,
#7197,#7198),
.UNSPECIFIED.,.F.,.F.,
(4,2,2,2,2,2,2,2,2,2,2,2,2,2,4),
(0.,0.0775026447804577,0.154070962654626,0.22970494150535,0.304404566372813,0.378169818488798,
0.451000673862543,0.522897101142736,0.593859058259931,0.663886486906516,0.732979302934043,
0.801137378410198,0.868360504795832,0.934648306960802,1.),
.UNSPECIFIED.);
#4674=VERTEX_POINT('',#7199);
#4675=B_SPLINE_CURVE_WITH_KNOTS('',3,
(#7200,#7201,#7202,#7203,#7204,#7205,#7206,#7207,#7208,#7209,#7210,#7211,#7212,#7213,
#7214,#7215,#7216,#7217,#7218,#7219,#7220,#7221,#7222,#7223,#7224,#7225,#7226,#7227,
#7228,#7229),
.UNSPECIFIED.,.F.,.F.,
(4,2,2,2,2,2,2,2,2,2,2,2,2,2,4),
(0.,0.0817692370895371,0.158225717108787,0.231925998257898,0.304027940648968,0.375128270615856,
0.445564929637937,0.515543771055042,0.585197857557676,0.654617709874452,0.723867859300235,
0.79299647004733,0.862041257745113,0.931033351683898,1.),
.UNSPECIFIED.);
#4676=VERTEX_POINT('',#7230);
#4677=CIRCLE('',#7231,7.491);
#4678=VERTEX_POINT('',#7235);
#4679=B_SPLINE_CURVE_WITH_KNOTS('',3,
(#7236,#7237,#7238,#7239,#7240,#7241,#7242,#7243,#7244,#7245,#7246,#7247,#7248,#7249,
#7250,#7251,#7252,#7253,#7254,#7255,#7256,#7257,#7258,#7259,#7260,#7261,#7262,#7263,
#7264,#7265),
.UNSPECIFIED.,.F.,.F.,
(4,2,2,2,2,2,2,2,2,2,2,2,2,2,4),
(0.,0.0689666483161028,0.137958742254893,0.207003529952678,0.276132140699774,0.34538229012556,
0.414802142442343,0.484456228944987,0.5544350703621,0.62487172938418,0.695972059351063,
0.768074001742131,0.841774282891237,0.918230762910479,1.),
.UNSPECIFIED.);
#4680=VERTEX_POINT('',#7266);
#4681=B_SPLINE_CURVE_WITH_KNOTS('',3,
(#7267,#7268,#7269,#7270,#7271,#7272,#7273,#7274,#7275,#7276,#7277,#7278,#7279,#7280,
#7281,#7282,#7283,#7284,#7285,#7286,#7287,#7288,#7289,#7290,#7291,#7292,#7293,#7294,
#7295,#7296),
.UNSPECIFIED.,.F.,.F.,
(4,2,2,2,2,2,2,2,2,2,2,2,2,2,4),
(0.,0.0653516930392022,0.131639495204173,0.198862621589809,0.267020697065968,0.336113513093497,
0.406140941740082,0.477102898857278,0.548999326137471,0.621830181511213,0.695595433627197,
0.770295058494657,0.845929037345378,0.922497355219545,1.),
.UNSPECIFIED.);
#4682=VERTEX_POINT('',#7297);
#4683=CIRCLE('',#7298,9.3405);
#4684=VERTEX_POINT('',#7302);
#4685=B_SPLINE_CURVE_WITH_KNOTS('',3,
(#7303,#7304,#7305,#7306,#7307,#7308,#7309,#7310,#7311,#7312,#7313,#7314,#7315,#7316,
#7317,#7318,#7319,#7320,#7321,#7322,#7323,#7324,#7325,#7326,#7327,#7328,#7329,#7330,
#7331,#7332),
.UNSPECIFIED.,.F.,.F.,
(4,2,2,2,2,2,2,2,2,2,2,2,2,2,4),
(0.,0.0775026447804577,0.154070962654626,0.22970494150535,0.304404566372813,0.378169818488798,
0.451000673862543,0.522897101142736,0.593859058259931,0.663886486906516,0.732979302934043,
0.801137378410198,0.868360504795832,0.934648306960802,1.),
.UNSPECIFIED.);
#4686=VERTEX_POINT('',#7333);
#4687=B_SPLINE_CURVE_WITH_KNOTS('',3,
(#7334,#7335,#7336,#7337,#7338,#7339,#7340,#7341,#7342,#7343,#7344,#7345,#7346,#7347,
#7348,#7349,#7350,#7351,#7352,#7353,#7354,#7355,#7356,#7357,#7358,#7359,#7360,#7361,
#7362,#7363),
.UNSPECIFIED.,.F.,.F.,
(4,2,2,2,2,2,2,2,2,2,2,2,2,2,4),
(0.,0.0817692370895371,0.158225717108787,0.231925998257898,0.304027940648968,0.375128270615856,
0.445564929637937,0.515543771055042,0.585197857557676,0.654617709874452,0.723867859300235,
0.79299647004733,0.862041257745113,0.931033351683898,1.),
.UNSPECIFIED.);
#4688=VERTEX_POINT('',#7364);
#4689=CIRCLE('',#7365,7.491);
#4690=VERTEX_POINT('',#7369);
#4691=B_SPLINE_CURVE_WITH_KNOTS('',3,
(#7370,#7371,#7372,#7373,#7374,#7375,#7376,#7377,#7378,#7379,#7380,#7381,#7382,#7383,
#7384,#7385,#7386,#7387,#7388,#7389,#7390,#7391,#7392,#7393,#7394,#7395,#7396,#7397,
#7398,#7399),
.UNSPECIFIED.,.F.,.F.,
(4,2,2,2,2,2,2,2,2,2,2,2,2,2,4),
(0.,0.0689666483161028,0.137958742254893,0.207003529952678,0.276132140699774,0.34538229012556,
0.414802142442343,0.484456228944987,0.5544350703621,0.62487172938418,0.695972059351063,
0.768074001742131,0.841774282891237,0.918230762910479,1.),
.UNSPECIFIED.);
#4692=VERTEX_POINT('',#7400);
#4693=B_SPLINE_CURVE_WITH_KNOTS('',3,
(#7401,#7402,#7403,#7404,#7405,#7406,#7407,#7408,#7409,#7410,#7411,#7412,#7413,#7414,
#7415,#7416,#7417,#7418,#7419,#7420,#7421,#7422,#7423,#7424,#7425,#7426,#7427,#7428,
#7429,#7430),
.UNSPECIFIED.,.F.,.F.,
(4,2,2,2,2,2,2,2,2,2,2,2,2,2,4),
(0.,0.0653516930392022,0.131639495204173,0.198862621589809,0.267020697065968,0.336113513093497,
0.406140941740082,0.477102898857278,0.548999326137471,0.621830181511213,0.695595433627197,
0.770295058494657,0.845929037345378,0.922497355219545,1.),
.UNSPECIFIED.);
#4694=VERTEX_POINT('',#7431);
#4695=CIRCLE('',#7432,9.3405);
#4696=VERTEX_POINT('',#7436);
#4697=B_SPLINE_CURVE_WITH_KNOTS('',3,
(#7437,#7438,#7439,#7440,#7441,#7442,#7443,#7444,#7445,#7446,#7447,#7448,#7449,#7450,
#7451,#7452,#7453,#7454,#7455,#7456,#7457,#7458,#7459,#7460,#7461,#7462,#7463,#7464,
#7465,#7466),
.UNSPECIFIED.,.F.,.F.,
(4,2,2,2,2,2,2,2,2,2,2,2,2,2,4),
(0.,0.0775026447804577,0.154070962654626,0.22970494150535,0.304404566372813,0.378169818488798,
0.451000673862543,0.522897101142736,0.593859058259931,0.663886486906516,0.732979302934043,
0.801137378410198,0.868360504795832,0.934648306960802,1.),
.UNSPECIFIED.);
#4698=VERTEX_POINT('',#7467);
#4699=B_SPLINE_CURVE_WITH_KNOTS('',3,
(#7468,#7469,#7470,#7471,#7472,#7473,#7474,#7475,#7476,#7477,#7478,#7479,#7480,#7481,
#7482,#7483,#7484,#7485,#7486,#7487,#7488,#7489,#7490,#7491,#7492,#7493,#7494,#7495,
#7496,#7497),
.UNSPECIFIED.,.F.,.F.,
(4,2,2,2,2,2,2,2,2,2,2,2,2,2,4),
(0.,0.0817692370895371,0.158225717108787,0.231925998257898,0.304027940648968,0.375128270615856,
0.445564929637937,0.515543771055042,0.585197857557676,0.654617709874452,0.723867859300235,
0.79299647004733,0.862041257745113,0.931033351683898,1.),
.UNSPECIFIED.);
#4700=VERTEX_POINT('',#7498);
#4701=CIRCLE('',#7499,7.491);
#4702=VERTEX_POINT('',#7503);
#4703=B_SPLINE_CURVE_WITH_KNOTS('',3,
(#7504,#7505,#7506,#7507,#7508,#7509,#7510,#7511,#7512,#7513,#7514,#7515,#7516,#7517,
#7518,#7519,#7520,#7521,#7522,#7523,#7524,#7525,#7526,#7527,#7528,#7529,#7530,#7531,
#7532,#7533),
.UNSPECIFIED.,.F.,.F.,
(4,2,2,2,2,2,2,2,2,2,2,2,2,2,4),
(0.,0.0689666483161028,0.137958742254893,0.207003529952678,0.276132140699774,0.34538229012556,
0.414802142442343,0.484456228944987,0.5544350703621,0.62487172938418,0.695972059351063,
0.768074001742131,0.841774282891237,0.918230762910479,1.),
.UNSPECIFIED.);
#4704=VERTEX_POINT('',#7534);
#4705=B_SPLINE_CURVE_WITH_KNOTS('',3,
(#7535,#7536,#7537,#7538,#7539,#7540,#7541,#7542,#7543,#7544,#7545,#7546,#7547,#7548,
#7549,#7550,#7551,#7552,#7553,#7554,#7555,#7556,#7557,#7558,#7559,#7560,#7561,#7562,
#7563,#7564),
.UNSPECIFIED.,.F.,.F.,
(4,2,2,2,2,2,2,2,2,2,2,2,2,2,4),
(0.,0.0653516930392022,0.131639495204173,0.198862621589809,0.267020697065968,0.336113513093497,
0.406140941740082,0.477102898857278,0.548999326137471,0.621830181511213,0.695595433627197,
0.770295058494657,0.845929037345378,0.922497355219545,1.),
.UNSPECIFIED.);
#4706=VERTEX_POINT('',#7565);
#4707=CIRCLE('',#7566,9.3405);
#4708=VERTEX_POINT('',#7570);
#4709=B_SPLINE_CURVE_WITH_KNOTS('',3,
(#7571,#7572,#7573,#7574,#7575,#7576,#7577,#7578,#7579,#7580,#7581,#7582,#7583,#7584,
#7585,#7586,#7587,#7588,#7589,#7590,#7591,#7592,#7593,#7594,#7595,#7596,#7597,#7598,
#7599,#7600),
.UNSPECIFIED.,.F.,.F.,
(4,2,2,2,2,2,2,2,2,2,2,2,2,2,4),
(0.,0.0775026447804577,0.154070962654626,0.22970494150535,0.304404566372813,0.378169818488798,
0.451000673862543,0.522897101142736,0.593859058259931,0.663886486906516,0.732979302934043,
0.801137378410198,0.868360504795832,0.934648306960802,1.),
.UNSPECIFIED.);
#4710=VERTEX_POINT('',#7601);
#4711=B_SPLINE_CURVE_WITH_KNOTS('',3,
(#7602,#7603,#7604,#7605,#7606,#7607,#7608,#7609,#7610,#7611,#7612,#7613,#7614,#7615,
#7616,#7617,#7618,#7619,#7620,#7621,#7622,#7623,#7624,#7625,#7626,#7627,#7628,#7629,
#7630,#7631),
.UNSPECIFIED.,.F.,.F.,
(4,2,2,2,2,2,2,2,2,2,2,2,2,2,4),
(0.,0.0817692370895371,0.158225717108787,0.231925998257898,0.304027940648968,0.375128270615856,
0.445564929637937,0.515543771055042,0.585197857557676,0.654617709874452,0.723867859300235,
0.79299647004733,0.862041257745113,0.931033351683898,1.),
.UNSPECIFIED.);
#4712=VERTEX_POINT('',#7632);
#4713=CIRCLE('',#7633,7.491);
#4714=VERTEX_POINT('',#7637);
#4715=B_SPLINE_CURVE_WITH_KNOTS('',3,
(#7638,#7639,#7640,#7641,#7642,#7643,#7644,#7645,#7646,#7647,#7648,#7649,#7650,#7651,
#7652,#7653,#7654,#7655,#7656,#7657,#7658,#7659,#7660,#7661,#7662,#7663,#7664,#7665,
#7666,#7667),
.UNSPECIFIED.,.F.,.F.,
(4,2,2,2,2,2,2,2,2,2,2,2,2,2,4),
(0.,0.0689666483161028,0.137958742254893,0.207003529952678,0.276132140699774,0.34538229012556,
0.414802142442343,0.484456228944987,0.5544350703621,0.62487172938418,0.695972059351063,
0.768074001742131,0.841774282891237,0.918230762910479,1.),
.UNSPECIFIED.);
#4716=VERTEX_POINT('',#7668);
#4717=B_SPLINE_CURVE_WITH_KNOTS('',3,
(#7669,#7670,#7671,#7672,#7673,#7674,#7675,#7676,#7677,#7678,#7679,#7680,#7681,#7682,
#7683,#7684,#7685,#7686,#7687,#7688,#7689,#7690,#7691,#7692,#7693,#7694,#7695,#7696,
#7697,#7698),
.UNSPECIFIED.,.F.,.F.,
(4,2,2,2,2,2,2,2,2,2,2,2,2,2,4),
(0.,0.0653516930392022,0.131639495204173,0.198862621589809,0.267020697065968,0.336113513093497,
0.406140941740082,0.477102898857278,0.548999326137471,0.621830181511213,0.695595433627197,
0.770295058494657,0.845929037345378,0.922497355219545,1.),
.UNSPECIFIED.);
#4718=VERTEX_POINT('',#7699);
#4719=CIRCLE('',#7700,9.3405);
#4720=VERTEX_POINT('',#7704);
#4721=B_SPLINE_CURVE_WITH_KNOTS('',3,
(#7705,#7706,#7707,#7708,#7709,#7710,#7711,#7712,#7713,#7714,#7715,#7716,#7717,#7718,
#7719,#7720,#7721,#7722,#7723,#7724,#7725,#7726,#7727,#7728,#7729,#7730,#7731,#7732,
#7733,#7734),
.UNSPECIFIED.,.F.,.F.,
(4,2,2,2,2,2,2,2,2,2,2,2,2,2,4),
(0.,0.0775026447804577,0.154070962654626,0.22970494150535,0.304404566372813,0.378169818488798,
0.451000673862543,0.522897101142736,0.593859058259931,0.663886486906516,0.732979302934043,
0.801137378410198,0.868360504795832,0.934648306960802,1.),
.UNSPECIFIED.);
#4722=VERTEX_POINT('',#7735);
#4723=B_SPLINE_CURVE_WITH_KNOTS('',3,
(#7736,#7737,#7738,#7739,#7740,#7741,#7742,#7743,#7744,#7745,#7746,#7747,#7748,#7749,
#7750,#7751,#7752,#7753,#7754,#7755,#7756,#7757,#7758,#7759,#7760,#7761,#7762,#7763,
#7764,#7765),
.UNSPECIFIED.,.F.,.F.,
(4,2,2,2,2,2,2,2,2,2,2,2,2,2,4),
(0.,0.0817692370895371,0.158225717108787,0.231925998257898,0.304027940648968,0.375128270615856,
0.445564929637937,0.515543771055042,0.585197857557676,0.654617709874452,0.723867859300235,
0.79299647004733,0.862041257745113,0.931033351683898,1.),
.UNSPECIFIED.);
#4724=VERTEX_POINT('',#7766);
#4725=CIRCLE('',#7767,7.491);
#4726=VERTEX_POINT('',#7771);
#4727=B_SPLINE_CURVE_WITH_KNOTS('',3,
(#7772,#7773,#7774,#7775,#7776,#7777,#7778,#7779,#7780,#7781,#7782,#7783,#7784,#7785,
#7786,#7787,#7788,#7789,#7790,#7791,#7792,#7793,#7794,#7795,#7796,#7797,#7798,#7799,
#7800,#7801),
.UNSPECIFIED.,.F.,.F.,
(4,2,2,2,2,2,2,2,2,2,2,2,2,2,4),
(0.,0.0689666483161028,0.137958742254893,0.207003529952678,0.276132140699774,0.34538229012556,
0.414802142442343,0.484456228944987,0.5544350703621,0.62487172938418,0.695972059351063,
0.768074001742131,0.841774282891237,0.918230762910479,1.),
.UNSPECIFIED.);
#4728=VERTEX_POINT('',#7802);
#4729=B_SPLINE_CURVE_WITH_KNOTS('',3,
(#7803,#7804,#7805,#7806,#7807,#7808,#7809,#7810,#7811,#7812,#7813,#7814,#7815,#7816,
#7817,#7818,#7819,#7820,#7821,#7822,#7823,#7824,#7825,#7826,#7827,#7828,#7829,#7830,
#7831,#7832),
.UNSPECIFIED.,.F.,.F.,
(4,2,2,2,2,2,2,2,2,2,2,2,2,2,4),
(0.,0.0653516930392022,0.131639495204173,0.198862621589809,0.267020697065968,0.336113513093497,
0.406140941740082,0.477102898857278,0.548999326137471,0.621830181511213,0.695595433627197,
0.770295058494657,0.845929037345378,0.922497355219545,1.),
.UNSPECIFIED.);
#4730=VERTEX_POINT('',#7833);
#4731=CIRCLE('',#7834,9.3405);
#4732=VERTEX_POINT('',#7838);
#4733=B_SPLINE_CURVE_WITH_KNOTS('',3,
(#7839,#7840,#7841,#7842,#7843,#7844,#7845,#7846,#7847,#7848,#7849,#7850,#7851,#7852,
#7853,#7854,#7855,#7856,#7857,#7858,#7859,#7860,#7861,#7862,#7863,#7864,#7865,#7866,
#7867,#7868),
.UNSPECIFIED.,.F.,.F.,
(4,2,2,2,2,2,2,2,2,2,2,2,2,2,4),
(0.,0.0775026447804577,0.154070962654626,0.22970494150535,0.304404566372813,0.378169818488798,
0.451000673862543,0.522897101142736,0.593859058259931,0.663886486906516,0.732979302934043,
0.801137378410198,0.868360504795832,0.934648306960802,1.),
.UNSPECIFIED.);
#4734=VERTEX_POINT('',#7869);
#4735=B_SPLINE_CURVE_WITH_KNOTS('',3,
(#7870,#7871,#7872,#7873,#7874,#7875,#7876,#7877,#7878,#7879,#7880,#7881,#7882,#7883,
#7884,#7885,#7886,#7887,#7888,#7889,#7890,#7891,#7892,#7893,#7894,#7895,#7896,#7897,
#7898,#7899),
.UNSPECIFIED.,.F.,.F.,
(4,2,2,2,2,2,2,2,2,2,2,2,2,2,4),
(0.,0.0817692370895371,0.158225717108787,0.231925998257898,0.304027940648968,0.375128270615856,
0.445564929637937,0.515543771055042,0.585197857557676,0.654617709874452,0.723867859300235,
0.79299647004733,0.862041257745113,0.931033351683898,1.),
.UNSPECIFIED.);
#4736=CIRCLE('',#7900,7.491);
#4737=VERTEX_POINT('',#7904);
#4738=VERTEX_POINT('',#7905);
#4739=CIRCLE('',#7906,0.213767043184509);
#4740=VERTEX_POINT('',#7910);
#4741=CIRCLE('',#7911,0.2137670431845);
#4742=VERTEX_POINT('',#7915);
#4743=CIRCLE('',#7916,0.213767043184509);
#4744=VERTEX_POINT('',#7920);
#4745=CIRCLE('',#7921,0.213767043184499);
#4746=VERTEX_POINT('',#7925);
#4747=CIRCLE('',#7926,0.213767043184509);
#4748=VERTEX_POINT('',#7930);
#4749=CIRCLE('',#7931,0.213767043184499);
#4750=VERTEX_POINT('',#7935);
#4751=CIRCLE('',#7936,0.213767043184509);
#4752=VERTEX_POINT('',#7940);
#4753=CIRCLE('',#7941,0.213767043184499);
#4754=VERTEX_POINT('',#7945);
#4755=CIRCLE('',#7946,0.213767043184509);
#4756=VERTEX_POINT('',#7950);
#4757=CIRCLE('',#7951,0.213767043184499);
#4758=VERTEX_POINT('',#7955);
#4759=CIRCLE('',#7956,0.213767043184509);
#4760=VERTEX_POINT('',#7960);
#4761=CIRCLE('',#7961,0.213767043184463);
#4762=VERTEX_POINT('',#7965);
#4763=CIRCLE('',#7966,0.213767043184518);
#4764=VERTEX_POINT('',#7970);
#4765=CIRCLE('',#7971,0.213767043184508);
#4766=VERTEX_POINT('',#7975);
#4767=CIRCLE('',#7976,0.213767043184509);
#4768=VERTEX_POINT('',#7980);
#4769=CIRCLE('',#7981,0.213767043184509);
#4770=VERTEX_POINT('',#7985);
#4771=CIRCLE('',#7986,0.213767043184509);
#4772=VERTEX_POINT('',#7990);
#4773=CIRCLE('',#7991,0.213767043184508);
#4774=VERTEX_POINT('',#7995);
#4775=CIRCLE('',#7996,0.213767043184509);
#4776=VERTEX_POINT('',#8000);
#4777=CIRCLE('',#8001,0.213767043184509);
#4778=VERTEX_POINT('',#8005);
#4779=CIRCLE('',#8006,0.213767043184509);
#4780=VERTEX_POINT('',#8010);
#4781=CIRCLE('',#8011,0.213767043184508);
#4782=VERTEX_POINT('',#8015);
#4783=CIRCLE('',#8016,0.213767043184509);
#4784=VERTEX_POINT('',#8020);
#4785=CIRCLE('',#8021,0.213767043184508);
#4786=VERTEX_POINT('',#8025);
#4787=CIRCLE('',#8026,0.213767043184509);
#4788=VERTEX_POINT('',#8030);
#4789=CIRCLE('',#8031,0.213767043184498);
#4790=VERTEX_POINT('',#8035);
#4791=CIRCLE('',#8036,0.213767043184509);
#4792=VERTEX_POINT('',#8040);
#4793=CIRCLE('',#8041,0.213767043184499);
#4794=VERTEX_POINT('',#8045);
#4795=CIRCLE('',#8046,0.213767043184508);
#4796=VERTEX_POINT('',#8050);
#4797=CIRCLE('',#8051,0.213767043184499);
#4798=VERTEX_POINT('',#8055);
#4799=CIRCLE('',#8056,0.213767043184509);
#4800=VERTEX_POINT('',#8060);
#4801=CIRCLE('',#8061,0.2137670431845);
#4802=VERTEX_POINT('',#8065);
#4803=CIRCLE('',#8066,0.213767043184509);
#4804=VERTEX_POINT('',#8070);
#4805=CIRCLE('',#8071,0.2137670431845);
#4806=VERTEX_POINT('',#8075);
#4807=CIRCLE('',#8076,0.213767043184509);
#4808=VERTEX_POINT('',#8080);
#4809=CIRCLE('',#8081,0.2137670431845);
#4810=VERTEX_POINT('',#8085);
#4811=CIRCLE('',#8086,0.213767043184509);
#4812=VERTEX_POINT('',#8090);
#4813=CIRCLE('',#8091,0.2137670431845);
#4814=VERTEX_POINT('',#8095);
#4815=CIRCLE('',#8096,0.213767043184509);
#4816=VERTEX_POINT('',#8100);
#4817=CIRCLE('',#8101,0.2137670431845);
#4818=VERTEX_POINT('',#8105);
#4819=CIRCLE('',#8106,0.213767043184509);
#4820=CIRCLE('',#8110,0.213767043184499);
#4821=LINE('',#8114,#8115);
#4822=LINE('',#8117,#8118);
#4823=LINE('',#8120,#8121);
#4824=LINE('',#8123,#8124);
#4825=LINE('',#8126,#8127);
#4826=LINE('',#8129,#8130);
#4827=LINE('',#8132,#8133);
#4828=LINE('',#8135,#8136);
#4829=LINE('',#8138,#8139);
#4830=LINE('',#8141,#8142);
#4831=LINE('',#8144,#8145);
#4832=LINE('',#8147,#8148);
#4833=LINE('',#8150,#8151);
#4834=LINE('',#8153,#8154);
#4835=LINE('',#8156,#8157);
#4836=LINE('',#8159,#8160);
#4837=LINE('',#8162,#8163);
#4838=LINE('',#8165,#8166);
#4839=LINE('',#8168,#8169);
#4840=LINE('',#8171,#8172);
#4841=LINE('',#8174,#8175);
#4842=LINE('',#8177,#8178);
#4843=LINE('',#8180,#8181);
#4844=LINE('',#8183,#8184);
#4845=LINE('',#8186,#8187);
#4846=LINE('',#8189,#8190);
#4847=LINE('',#8192,#8193);
#4848=LINE('',#8195,#8196);
#4849=LINE('',#8198,#8199);
#4850=LINE('',#8201,#8202);
#4851=LINE('',#8204,#8205);
#4852=LINE('',#8207,#8208);
#4853=LINE('',#8210,#8211);
#4854=LINE('',#8213,#8214);
#4855=LINE('',#8216,#8217);
#4856=LINE('',#8219,#8220);
#4857=LINE('',#8222,#8223);
#4858=LINE('',#8225,#8226);
#4859=LINE('',#8228,#8229);
#4860=LINE('',#8231,#8232);
#4861=LINE('',#8234,#8235);
#4862=LINE('',#8237,#8238);
#4863=LINE('',#8240,#8241);
#4864=LINE('',#8243,#8244);
#4865=LINE('',#8246,#8247);
#4866=LINE('',#8249,#8250);
#4867=LINE('',#8252,#8253);
#4868=LINE('',#8255,#8256);
#4869=VERTEX_POINT('',#8258);
#4870=CIRCLE('',#8259,1.);
#4871=VERTEX_POINT('',#8263);
#4872=LINE('',#8264,#8265);
#4873=VERTEX_POINT('',#8267);
#4874=CIRCLE('',#8268,0.213767043184509);
#4875=LINE('',#8272,#8273);
#4876=VERTEX_POINT('',#8275);
#4877=CIRCLE('',#8276,0.2137670431845);
#4878=LINE('',#8280,#8281);
#4879=VERTEX_POINT('',#8283);
#4880=CIRCLE('',#8284,0.213767043184509);
#4881=LINE('',#8288,#8289);
#4882=VERTEX_POINT('',#8291);
#4883=CIRCLE('',#8292,0.213767043184499);
#4884=LINE('',#8296,#8297);
#4885=VERTEX_POINT('',#8299);
#4886=CIRCLE('',#8300,0.213767043184509);
#4887=LINE('',#8304,#8305);
#4888=VERTEX_POINT('',#8307);
#4889=CIRCLE('',#8308,0.213767043184499);
#4890=LINE('',#8312,#8313);
#4891=VERTEX_POINT('',#8315);
#4892=CIRCLE('',#8316,0.213767043184509);
#4893=LINE('',#8320,#8321);
#4894=VERTEX_POINT('',#8323);
#4895=CIRCLE('',#8324,0.213767043184499);
#4896=LINE('',#8328,#8329);
#4897=VERTEX_POINT('',#8331);
#4898=CIRCLE('',#8332,0.213767043184509);
#4899=LINE('',#8336,#8337);
#4900=VERTEX_POINT('',#8339);
#4901=CIRCLE('',#8340,0.213767043184499);
#4902=LINE('',#8344,#8345);
#4903=VERTEX_POINT('',#8347);
#4904=CIRCLE('',#8348,0.213767043184509);
#4905=LINE('',#8352,#8353);
#4906=VERTEX_POINT('',#8355);
#4907=CIRCLE('',#8356,0.213767043184463);
#4908=LINE('',#8360,#8361);
#4909=VERTEX_POINT('',#8363);
#4910=CIRCLE('',#8364,0.213767043184518);
#4911=LINE('',#8368,#8369);
#4912=VERTEX_POINT('',#8371);
#4913=CIRCLE('',#8372,0.213767043184508);
#4914=LINE('',#8376,#8377);
#4915=VERTEX_POINT('',#8379);
#4916=CIRCLE('',#8380,0.213767043184509);
#4917=LINE('',#8384,#8385);
#4918=VERTEX_POINT('',#8387);
#4919=CIRCLE('',#8388,0.213767043184509);
#4920=LINE('',#8392,#8393);
#4921=VERTEX_POINT('',#8395);
#4922=CIRCLE('',#8396,0.213767043184509);
#4923=LINE('',#8400,#8401);
#4924=VERTEX_POINT('',#8403);
#4925=CIRCLE('',#8404,0.213767043184508);
#4926=LINE('',#8408,#8409);
#4927=VERTEX_POINT('',#8411);
#4928=CIRCLE('',#8412,0.213767043184509);
#4929=LINE('',#8416,#8417);
#4930=VERTEX_POINT('',#8419);
#4931=CIRCLE('',#8420,0.213767043184509);
#4932=LINE('',#8424,#8425);
#4933=VERTEX_POINT('',#8427);
#4934=CIRCLE('',#8428,0.213767043184509);
#4935=LINE('',#8432,#8433);
#4936=VERTEX_POINT('',#8435);
#4937=CIRCLE('',#8436,0.213767043184508);
#4938=LINE('',#8440,#8441);
#4939=VERTEX_POINT('',#8443);
#4940=CIRCLE('',#8444,0.213767043184509);
#4941=LINE('',#8448,#8449);
#4942=VERTEX_POINT('',#8451);
#4943=CIRCLE('',#8452,0.213767043184508);
#4944=LINE('',#8456,#8457);
#4945=VERTEX_POINT('',#8459);
#4946=CIRCLE('',#8460,0.213767043184509);
#4947=LINE('',#8464,#8465);
#4948=VERTEX_POINT('',#8467);
#4949=CIRCLE('',#8468,0.213767043184498);
#4950=LINE('',#8472,#8473);
#4951=VERTEX_POINT('',#8475);
#4952=CIRCLE('',#8476,0.213767043184509);
#4953=LINE('',#8480,#8481);
#4954=VERTEX_POINT('',#8483);
#4955=CIRCLE('',#8484,0.213767043184499);
#4956=LINE('',#8488,#8489);
#4957=VERTEX_POINT('',#8491);
#4958=CIRCLE('',#8492,0.213767043184508);
#4959=LINE('',#8496,#8497);
#4960=VERTEX_POINT('',#8499);
#4961=CIRCLE('',#8500,0.213767043184499);
#4962=LINE('',#8504,#8505);
#4963=VERTEX_POINT('',#8507);
#4964=CIRCLE('',#8508,0.213767043184509);
#4965=LINE('',#8512,#8513);
#4966=VERTEX_POINT('',#8515);
#4967=CIRCLE('',#8516,0.2137670431845);
#4968=LINE('',#8520,#8521);
#4969=VERTEX_POINT('',#8523);
#4970=CIRCLE('',#8524,0.213767043184509);
#4971=LINE('',#8528,#8529);
#4972=VERTEX_POINT('',#8531);
#4973=CIRCLE('',#8532,0.2137670431845);
#4974=LINE('',#8536,#8537);
#4975=VERTEX_POINT('',#8539);
#4976=CIRCLE('',#8540,0.213767043184509);
#4977=LINE('',#8544,#8545);
#4978=VERTEX_POINT('',#8547);
#4979=CIRCLE('',#8548,0.2137670431845);
#4980=LINE('',#8552,#8553);
#4981=VERTEX_POINT('',#8555);
#4982=CIRCLE('',#8556,0.213767043184509);
#4983=LINE('',#8560,#8561);
#4984=VERTEX_POINT('',#8563);
#4985=CIRCLE('',#8564,0.2137670431845);
#4986=LINE('',#8568,#8569);
#4987=VERTEX_POINT('',#8571);
#4988=CIRCLE('',#8572,0.213767043184509);
#4989=LINE('',#8576,#8577);
#4990=VERTEX_POINT('',#8579);
#4991=CIRCLE('',#8580,0.2137670431845);
#4992=LINE('',#8584,#8585);
#4993=VERTEX_POINT('',#8587);
#4994=CIRCLE('',#8588,0.213767043184509);
#4995=LINE('',#8592,#8593);
#4996=CIRCLE('',#8595,0.213767043184499);
#4997=VERTEX_POINT('',#8599);
#4998=VERTEX_POINT('',#8600);
#4999=CIRCLE('',#8601,0.213767043184508);
#5000=VERTEX_POINT('',#8605);
#5001=LINE('',#8606,#8607);
#5002=VERTEX_POINT('',#8609);
#5003=CIRCLE('',#8610,0.213767043184509);
#5004=LINE('',#8614,#8615);
#5005=VERTEX_POINT('',#8617);
#5006=CIRCLE('',#8618,0.213767043184509);
#5007=VERTEX_POINT('',#8622);
#5008=CIRCLE('',#8623,0.213767043184509);
#5009=LINE('',#8627,#8628);
#5010=VERTEX_POINT('',#8630);
#5011=CIRCLE('',#8631,0.213767043184507);
#5012=VERTEX_POINT('',#8635);
#5013=CIRCLE('',#8636,0.213767043184508);
#5014=LINE('',#8640,#8641);
#5015=VERTEX_POINT('',#8643);
#5016=CIRCLE('',#8644,0.213767043184509);
#5017=VERTEX_POINT('',#8648);
#5018=CIRCLE('',#8649,0.213767043184509);
#5019=LINE('',#8653,#8654);
#5020=VERTEX_POINT('',#8656);
#5021=CIRCLE('',#8657,0.213767043184508);
#5022=VERTEX_POINT('',#8661);
#5023=CIRCLE('',#8662,0.213767043184509);
#5024=LINE('',#8666,#8667);
#5025=VERTEX_POINT('',#8669);
#5026=CIRCLE('',#8670,0.213767043184509);
#5027=VERTEX_POINT('',#8674);
#5028=CIRCLE('',#8675,0.213767043184509);
#5029=LINE('',#8679,#8680);
#5030=VERTEX_POINT('',#8682);
#5031=CIRCLE('',#8683,0.213767043184508);
#5032=VERTEX_POINT('',#8687);
#5033=CIRCLE('',#8688,0.213767043184508);
#5034=LINE('',#8692,#8693);
#5035=VERTEX_POINT('',#8695);
#5036=CIRCLE('',#8696,0.213767043184518);
#5037=VERTEX_POINT('',#8700);
#5038=CIRCLE('',#8701,0.213767043184518);
#5039=LINE('',#8705,#8706);
#5040=VERTEX_POINT('',#8708);
#5041=CIRCLE('',#8709,0.213767043184508);
#5042=VERTEX_POINT('',#8713);
#5043=CIRCLE('',#8714,0.213767043184463);
#5044=LINE('',#8718,#8719);
#5045=VERTEX_POINT('',#8721);
#5046=CIRCLE('',#8722,0.213767043184509);
#5047=VERTEX_POINT('',#8726);
#5048=CIRCLE('',#8727,0.213767043184509);
#5049=LINE('',#8731,#8732);
#5050=VERTEX_POINT('',#8734);
#5051=CIRCLE('',#8735,0.213767043184508);
#5052=VERTEX_POINT('',#8739);
#5053=CIRCLE('',#8740,0.213767043184499);
#5054=LINE('',#8744,#8745);
#5055=VERTEX_POINT('',#8747);
#5056=CIRCLE('',#8748,0.213767043184509);
#5057=VERTEX_POINT('',#8752);
#5058=CIRCLE('',#8753,0.213767043184509);
#5059=LINE('',#8757,#8758);
#5060=VERTEX_POINT('',#8760);
#5061=CIRCLE('',#8761,0.213767043184508);
#5062=VERTEX_POINT('',#8765);
#5063=CIRCLE('',#8766,0.213767043184499);
#5064=LINE('',#8770,#8771);
#5065=VERTEX_POINT('',#8773);
#5066=CIRCLE('',#8774,0.213767043184509);
#5067=VERTEX_POINT('',#8778);
#5068=CIRCLE('',#8779,0.213767043184509);
#5069=LINE('',#8783,#8784);
#5070=VERTEX_POINT('',#8786);
#5071=CIRCLE('',#8787,0.213767043184508);
#5072=VERTEX_POINT('',#8791);
#5073=CIRCLE('',#8792,0.213767043184499);
#5074=LINE('',#8796,#8797);
#5075=VERTEX_POINT('',#8799);
#5076=CIRCLE('',#8800,0.213767043184509);
#5077=VERTEX_POINT('',#8804);
#5078=CIRCLE('',#8805,0.213767043184509);
#5079=LINE('',#8809,#8810);
#5080=VERTEX_POINT('',#8812);
#5081=CIRCLE('',#8813,0.213767043184508);
#5082=VERTEX_POINT('',#8817);
#5083=CIRCLE('',#8818,0.213767043184499);
#5084=LINE('',#8822,#8823);
#5085=VERTEX_POINT('',#8825);
#5086=CIRCLE('',#8826,0.213767043184509);
#5087=VERTEX_POINT('',#8830);
#5088=CIRCLE('',#8831,0.213767043184509);
#5089=LINE('',#8835,#8836);
#5090=VERTEX_POINT('',#8838);
#5091=CIRCLE('',#8839,0.213767043184508);
#5092=VERTEX_POINT('',#8843);
#5093=CIRCLE('',#8844,0.2137670431845);
#5094=LINE('',#8848,#8849);
#5095=VERTEX_POINT('',#8851);
#5096=CIRCLE('',#8852,0.213767043184509);
#5097=VERTEX_POINT('',#8856);
#5098=CIRCLE('',#8857,0.213767043184509);
#5099=LINE('',#8861,#8862);
#5100=VERTEX_POINT('',#8864);
#5101=CIRCLE('',#8865,0.213767043184508);
#5102=VERTEX_POINT('',#8869);
#5103=CIRCLE('',#8870,0.213767043184499);
#5104=LINE('',#8874,#8875);
#5105=VERTEX_POINT('',#8877);
#5106=CIRCLE('',#8878,0.213767043184509);
#5107=VERTEX_POINT('',#8882);
#5108=CIRCLE('',#8883,0.213767043184509);
#5109=LINE('',#8887,#8888);
#5110=VERTEX_POINT('',#8890);
#5111=CIRCLE('',#8891,0.213767043184508);
#5112=VERTEX_POINT('',#8895);
#5113=CIRCLE('',#8896,0.2137670431845);
#5114=LINE('',#8900,#8901);
#5115=VERTEX_POINT('',#8903);
#5116=CIRCLE('',#8904,0.213767043184509);
#5117=VERTEX_POINT('',#8908);
#5118=CIRCLE('',#8909,0.213767043184509);
#5119=LINE('',#8913,#8914);
#5120=VERTEX_POINT('',#8916);
#5121=CIRCLE('',#8917,0.213767043184508);
#5122=VERTEX_POINT('',#8921);
#5123=CIRCLE('',#8922,0.2137670431845);
#5124=LINE('',#8926,#8927);
#5125=VERTEX_POINT('',#8929);
#5126=CIRCLE('',#8930,0.213767043184509);
#5127=VERTEX_POINT('',#8934);
#5128=CIRCLE('',#8935,0.213767043184509);
#5129=LINE('',#8939,#8940);
#5130=VERTEX_POINT('',#8942);
#5131=CIRCLE('',#8943,0.213767043184508);
#5132=VERTEX_POINT('',#8947);
#5133=CIRCLE('',#8948,0.2137670431845);
#5134=LINE('',#8952,#8953);
#5135=VERTEX_POINT('',#8955);
#5136=CIRCLE('',#8956,0.213767043184509);
#5137=VERTEX_POINT('',#8960);
#5138=CIRCLE('',#8961,0.213767043184509);
#5139=LINE('',#8965,#8966);
#5140=VERTEX_POINT('',#8968);
#5141=CIRCLE('',#8969,0.213767043184508);
#5142=VERTEX_POINT('',#8973);
#5143=CIRCLE('',#8974,0.2137670431845);
#5144=LINE('',#8978,#8979);
#5145=VERTEX_POINT('',#8981);
#5146=CIRCLE('',#8982,0.213767043184509);
#5147=VERTEX_POINT('',#8986);
#5148=CIRCLE('',#8987,0.213767043184509);
#5149=LINE('',#8991,#8992);
#5150=VERTEX_POINT('',#8994);
#5151=CIRCLE('',#8995,0.213767043184508);
#5152=VERTEX_POINT('',#8999);
#5153=CIRCLE('',#9000,0.2137670431845);
#5154=LINE('',#9004,#9005);
#5155=VERTEX_POINT('',#9007);
#5156=CIRCLE('',#9008,0.213767043184509);
#5157=VERTEX_POINT('',#9012);
#5158=CIRCLE('',#9013,0.213767043184509);
#5159=LINE('',#9017,#9018);
#5160=VERTEX_POINT('',#9020);
#5161=CIRCLE('',#9021,0.213767043184508);
#5162=VERTEX_POINT('',#9025);
#5163=CIRCLE('',#9026,0.213767043184499);
#5164=LINE('',#9030,#9031);
#5165=VERTEX_POINT('',#9033);
#5166=CIRCLE('',#9034,0.213767043184508);
#5167=VERTEX_POINT('',#9038);
#5168=CIRCLE('',#9039,0.213767043184508);
#5169=LINE('',#9043,#9044);
#5170=VERTEX_POINT('',#9046);
#5171=CIRCLE('',#9047,0.213767043184508);
#5172=VERTEX_POINT('',#9051);
#5173=CIRCLE('',#9052,0.213767043184499);
#5174=LINE('',#9056,#9057);
#5175=VERTEX_POINT('',#9059);
#5176=CIRCLE('',#9060,0.213767043184509);
#5177=VERTEX_POINT('',#9064);
#5178=CIRCLE('',#9065,0.213767043184509);
#5179=LINE('',#9069,#9070);
#5180=VERTEX_POINT('',#9072);
#5181=CIRCLE('',#9073,0.213767043184508);
#5182=VERTEX_POINT('',#9077);
#5183=CIRCLE('',#9078,0.213767043184498);
#5184=LINE('',#9082,#9083);
#5185=VERTEX_POINT('',#9085);
#5186=CIRCLE('',#9086,0.213767043184509);
#5187=VERTEX_POINT('',#9090);
#5188=CIRCLE('',#9091,0.213767043184509);
#5189=LINE('',#9095,#9096);
#5190=VERTEX_POINT('',#9098);
#5191=CIRCLE('',#9099,0.213767043184508);
#5192=VERTEX_POINT('',#9103);
#5193=CIRCLE('',#9104,0.213767043184508);
#5194=LINE('',#9108,#9109);
#5195=VERTEX_POINT('',#9111);
#5196=CIRCLE('',#9112,0.213767043184509);
#5197=VERTEX_POINT('',#9116);
#5198=CIRCLE('',#9117,0.213767043184509);
#5199=LINE('',#9121,#9122);
#5200=VERTEX_POINT('',#9124);
#5201=CIRCLE('',#9125,0.213767043184508);
#5202=VERTEX_POINT('',#9129);
#5203=CIRCLE('',#9130,0.213767043184508);
#5204=LINE('',#9134,#9135);
#5205=CIRCLE('',#9137,0.213767043184509);
#5206=CIRCLE('',#9141,0.213767043184509);
#5207=VERTEX_POINT('',#9145);
#5208=CIRCLE('',#9146,3.95);
#5209=VERTEX_POINT('',#9150);
#5210=CIRCLE('',#9151,3.95);
#5211=CARTESIAN_POINT('',(7.32712740251493,-1.60100094578768,15.0382388068448));
#5212=CARTESIAN_POINT('',(7.32712740251493,-1.60100094578768,7.03823880684482));
#5213=CARTESIAN_POINT('',(7.32712740251234,-1.60100094545654,7.03823880684482));
#5214=VECTOR('',#5215,1.);
#5215=DIRECTION('',(0.,0.,1.));
#5216=CARTESIAN_POINT('',(7.33506843249512,-1.52047758635687,7.03823880684483));
#5217=CARTESIAN_POINT('',(7.33506843249512,-1.52047758635686,7.03823880684482));
#5218=CARTESIAN_POINT('',(7.33277217357636,-1.53156500827592,7.03823880684482));
#5219=CARTESIAN_POINT('',(7.33097293919788,-1.54271019921854,7.03823880684482));
#5220=CARTESIAN_POINT('',(7.32836803906401,-1.56512025254438,7.03823880684482));
#5221=CARTESIAN_POINT('',(7.32755966907194,-1.57642945106654,7.03823880684482));
#5222=CARTESIAN_POINT('',(7.32713523811706,-1.59213266240407,7.03823880684482));
#5223=CARTESIAN_POINT('',(7.32709281805069,-1.59656636540574,7.03823880684482));
#5224=CARTESIAN_POINT('',(7.32712740251493,-1.60100094578768,7.03823880684482));
#5225=CARTESIAN_POINT('',(7.34682480421021,-1.46137431454866,15.0382388068448));
#5226=CARTESIAN_POINT('',(7.33506843249512,-1.52047758635686,7.03823880684482));
#5227=VECTOR('',#5228,1.);
#5228=DIRECTION('',(0.,0.,1.));
#5229=CARTESIAN_POINT('',(7.33506843249512,-1.52047758635686,15.0382388068448));
#5230=CARTESIAN_POINT('',(7.33277217357636,-1.53156500827592,15.0382388068448));
#5231=CARTESIAN_POINT('',(7.33097293919788,-1.54271019921854,15.0382388068448));
#5232=CARTESIAN_POINT('',(7.32836803906401,-1.56512025254439,15.0382388068448));
#5233=CARTESIAN_POINT('',(7.32755966907193,-1.57642945106654,15.0382388068448));
#5234=CARTESIAN_POINT('',(7.32713523811706,-1.59213266240407,15.0382388068448));
#5235=CARTESIAN_POINT('',(7.32709281805069,-1.59656636540574,15.0382388068448));
#5236=CARTESIAN_POINT('',(7.32712740251493,-1.60100094578768,15.0382388068448));
#5237=CARTESIAN_POINT('',(7.38205957951242,-1.32483825116918,7.03823880684482));
#5238=CARTESIAN_POINT('',(7.38205957951243,-1.32483825116915,15.0382388068448));
#5239=CARTESIAN_POINT('',(7.3820595763108,-1.32483825873122,7.03823880684483));
#5240=VECTOR('',#5241,1.);
#5241=DIRECTION('',(0.,0.,1.));
#5242=CARTESIAN_POINT('',(7.35858117593312,-1.40227104270278,15.0382388068448));
#5243=CARTESIAN_POINT('',(7.38205957951243,-1.32483825116915,15.0382388068448));
#5244=CARTESIAN_POINT('',(7.38033058608327,-1.32892203670291,15.0382388068448));
#5245=CARTESIAN_POINT('',(7.3786730714055,-1.33303448003939,15.0382388068448));
#5246=CARTESIAN_POINT('',(7.3730558347263,-1.34770478073207,15.0382388068448));
#5247=CARTESIAN_POINT('',(7.36947482830892,-1.35846246757898,15.0382388068448));
#5248=CARTESIAN_POINT('',(7.36330548610062,-1.38016350929341,15.0382388068448));
#5249=CARTESIAN_POINT('',(7.3607026819928,-1.39114886027883,15.0382388068448));
#5250=CARTESIAN_POINT('',(7.35858117593312,-1.40227104270278,15.0382388068448));
#5251=CARTESIAN_POINT('',(7.35074359478719,-1.44167322392041,7.03823880684482));
#5252=CARTESIAN_POINT('',(7.35858117593311,-1.40227104270278,7.03823880684483));
#5253=VECTOR('',#5254,1.);
#5254=DIRECTION('',(0.,0.,1.));
#5255=CARTESIAN_POINT('',(7.38205957951242,-1.32483825116918,7.03823880684482));
#5256=CARTESIAN_POINT('',(7.38033058608326,-1.32892203670293,7.03823880684482));
#5257=CARTESIAN_POINT('',(7.3786730714055,-1.3330344800394,7.03823880684482));
#5258=CARTESIAN_POINT('',(7.3730558347263,-1.34770478073207,7.03823880684482));
#5259=CARTESIAN_POINT('',(7.36947482830892,-1.35846246757899,7.03823880684482));
#5260=CARTESIAN_POINT('',(7.36330548610062,-1.38016350929342,7.03823880684482));
#5261=CARTESIAN_POINT('',(7.3607026819928,-1.39114886027883,7.03823880684482));
#5262=CARTESIAN_POINT('',(7.35858117593312,-1.40227104270278,7.03823880684482));
#5263=CARTESIAN_POINT('',(7.38205957631172,1.32483825872903,15.0382388068448));
#5264=CARTESIAN_POINT('',(7.38205957631173,1.32483825872903,7.03823880684482));
#5265=CARTESIAN_POINT('',(7.38205957631081,1.32483825873121,7.03823880684483));
#5266=VECTOR('',#5267,1.);
#5267=DIRECTION('',(0.,0.,1.));
#5268=CARTESIAN_POINT('',(7.35858117593312,1.40227104270278,7.03823880684483));
#5269=CARTESIAN_POINT('',(7.35858117593312,1.40227104270278,7.03823880684482));
#5270=CARTESIAN_POINT('',(7.3607026819928,1.39114886027883,7.03823880684482));
#5271=CARTESIAN_POINT('',(7.36330548610062,1.38016350929342,7.03823880684482));
#5272=CARTESIAN_POINT('',(7.36947482830892,1.35846246757899,7.03823880684482));
#5273=CARTESIAN_POINT('',(7.3730558347263,1.34770478073207,7.03823880684482));
#5274=CARTESIAN_POINT('',(7.37867307042881,1.33303448259017,7.03823880684482));
#5275=CARTESIAN_POINT('',(7.38033058403768,1.3289220417782,7.03823880684482));
#5276=CARTESIAN_POINT('',(7.38205957631173,1.32483825872903,7.03823880684482));
#5277=CARTESIAN_POINT('',(7.35858117593312,1.40227104270278,15.0382388068448));
#5278=CARTESIAN_POINT('',(7.35858117593312,1.40227104270278,7.03823880684483));
#5279=VECTOR('',#5280,1.);
#5280=DIRECTION('',(0.,0.,1.));
#5281=CARTESIAN_POINT('',(7.35858117593312,1.40227104270278,15.0382388068448));
#5282=CARTESIAN_POINT('',(7.3607026819928,1.39114886027883,15.0382388068448));
#5283=CARTESIAN_POINT('',(7.36330548610062,1.38016350929342,15.0382388068448));
#5284=CARTESIAN_POINT('',(7.36947482830892,1.35846246757899,15.0382388068448));
#5285=CARTESIAN_POINT('',(7.3730558347263,1.34770478073207,15.0382388068448));
#5286=CARTESIAN_POINT('',(7.37867307042881,1.33303448259018,15.0382388068448));
#5287=CARTESIAN_POINT('',(7.38033058403768,1.32892204177821,15.0382388068448));
#5288=CARTESIAN_POINT('',(7.38205957631173,1.32483825872904,15.0382388068448));
#5289=CARTESIAN_POINT('',(7.32712740251238,1.60100094546105,7.03823880684482));
#5290=CARTESIAN_POINT('',(7.32712740251238,1.60100094546102,15.0382388068448));
#5291=CARTESIAN_POINT('',(7.32712740251234,1.60100094545653,7.03823880684483));
#5292=VECTOR('',#5293,1.);
#5293=DIRECTION('',(0.,0.,1.));
#5294=CARTESIAN_POINT('',(7.34682480421412,1.46137431452982,15.0382388068448));
#5295=CARTESIAN_POINT('',(7.32712740251238,1.60100094546101,15.0382388068448));
#5296=CARTESIAN_POINT('',(7.32709281805278,1.596566365188,15.0382388068448));
#5297=CARTESIAN_POINT('',(7.32713523812,1.59213266229542,15.0382388068448));
#5298=CARTESIAN_POINT('',(7.32755966907193,1.57642945106654,15.0382388068448));
#5299=CARTESIAN_POINT('',(7.32836803906401,1.56512025254438,15.0382388068448));
#5300=CARTESIAN_POINT('',(7.33097293919788,1.54271019921854,15.0382388068448));
#5301=CARTESIAN_POINT('',(7.33277217357636,1.53156500827592,15.0382388068448));
#5302=CARTESIAN_POINT('',(7.33506843249512,1.52047758635686,15.0382388068448));
#5303=CARTESIAN_POINT('',(7.33506843249511,1.52047758635687,7.03823880684482));
#5304=CARTESIAN_POINT('',(7.33506843249511,1.52047758635686,7.03823880684483));
#5305=VECTOR('',#5306,1.);
#5306=DIRECTION('',(0.,0.,1.));
#5307=CARTESIAN_POINT('',(7.32712740251238,1.60100094546105,7.03823880684482));
#5308=CARTESIAN_POINT('',(7.32709281805278,1.59656636518802,7.03823880684482));
#5309=CARTESIAN_POINT('',(7.32713523812,1.59213266229543,7.03823880684482));
#5310=CARTESIAN_POINT('',(7.32755966907194,1.57642945106654,7.03823880684482));
#5311=CARTESIAN_POINT('',(7.32836803906401,1.56512025254439,7.03823880684482));
#5312=CARTESIAN_POINT('',(7.33097293919788,1.54271019921854,7.03823880684482));
#5313=CARTESIAN_POINT('',(7.33277217357636,1.53156500827592,7.03823880684482));
#5314=CARTESIAN_POINT('',(7.33506843249512,1.52047758635686,7.03823880684482));
#5315=CARTESIAN_POINT('',(6.31314009818201,4.04898284768695,15.0382388068448));
#5316=CARTESIAN_POINT('',(6.31314009818202,4.04898284768694,7.03823880684482));
#5317=CARTESIAN_POINT('',(6.31314009815265,4.04898284771586,7.03823880684483));
#5318=VECTOR('',#5319,1.);
#5319=DIRECTION('',(0.,0.,1.));
#5320=CARTESIAN_POINT('',(6.26181664103977,4.11153661712958,7.03823880684482));
#5321=CARTESIAN_POINT('',(6.26181664103977,4.11153661712958,7.03823880684482));
#5322=CARTESIAN_POINT('',(6.2680329320118,4.10207292565193,7.03823880684482));
#5323=CARTESIAN_POINT('',(6.27464152127498,4.09291983472881,7.03823880684482));
#5324=CARTESIAN_POINT('',(6.28864587939946,4.07523159150639,7.03823880684482));
#5325=CARTESIAN_POINT('',(6.29607108646116,4.06666317663849,7.03823880684482));
#5326=CARTESIAN_POINT('',(6.30687481561165,4.055259211479,7.03823880684482));
#5327=CARTESIAN_POINT('',(6.30997992148431,4.05209411457209,7.03823880684482));
#5328=CARTESIAN_POINT('',(6.31314009818202,4.04898284768694,7.03823880684482));
#5329=CARTESIAN_POINT('',(6.22833732690597,4.1616419515923,15.0382388068448));
#5330=CARTESIAN_POINT('',(6.26181664103977,4.11153661712958,7.03823880684483));
#5331=VECTOR('',#5332,1.);
#5332=DIRECTION('',(0.,0.,1.));
#5333=CARTESIAN_POINT('',(6.26181664103977,4.11153661712959,15.0382388068448));
#5334=CARTESIAN_POINT('',(6.2680329320118,4.10207292565193,15.0382388068448));
#5335=CARTESIAN_POINT('',(6.27464152127498,4.09291983472882,15.0382388068448));
#5336=CARTESIAN_POINT('',(6.28864587939946,4.07523159150639,15.0382388068448));
#5337=CARTESIAN_POINT('',(6.29607108646116,4.06666317663849,15.0382388068448));
#5338=CARTESIAN_POINT('',(6.30687481561165,4.055259211479,15.0382388068448));
#5339=CARTESIAN_POINT('',(6.30997992148431,4.0520941145721,15.0382388068448));
#5340=CARTESIAN_POINT('',(6.31314009818201,4.04898284768695,15.0382388068448));
#5341=CARTESIAN_POINT('',(6.15670650225668,4.28310226880826,7.03823880684482));
#5342=CARTESIAN_POINT('',(6.1567065022567,4.28310226880822,15.0382388068448));
#5343=CARTESIAN_POINT('',(6.15670650225669,4.28310226880823,7.03823880684482));
#5344=VECTOR('',#5345,1.);
#5345=DIRECTION('',(0.,0.,1.));
#5346=CARTESIAN_POINT('',(6.19485801277065,4.21174728605732,15.0382388068448));
#5347=CARTESIAN_POINT('',(6.15670650225669,4.28310226880821,15.0382388068448));
#5348=CARTESIAN_POINT('',(6.15837159078178,4.27899201596041,15.0382388068448));
#5349=CARTESIAN_POINT('',(6.16010748645412,4.27491204206303,15.0382388068448));
#5350=CARTESIAN_POINT('',(6.16650896829519,4.26056658930882,15.0382388068448));
#5351=CARTESIAN_POINT('',(6.17158364769331,4.25042760206829,15.0382388068448));
#5352=CARTESIAN_POINT('',(6.18256621773745,4.23072026460225,15.0382388068448));
#5353=CARTESIAN_POINT('',(6.18849357347821,4.22111198799202,15.0382388068448));
#5354=CARTESIAN_POINT('',(6.19485801277066,4.21174728605732,15.0382388068448));
#5355=CARTESIAN_POINT('',(6.19485801277065,4.21174728605732,7.03823880684482));
#5356=CARTESIAN_POINT('',(6.19485801277065,4.21174728605731,7.03823880684482));
#5357=VECTOR('',#5358,1.);
#5358=DIRECTION('',(0.,0.,1.));
#5359=CARTESIAN_POINT('',(6.15670650225668,4.28310226880826,7.03823880684482));
#5360=CARTESIAN_POINT('',(6.15837159078177,4.27899201596043,7.03823880684482));
#5361=CARTESIAN_POINT('',(6.16010748645411,4.27491204206305,7.03823880684482));
#5362=CARTESIAN_POINT('',(6.16650896829518,4.26056658930882,7.03823880684482));
#5363=CARTESIAN_POINT('',(6.17158364769332,4.25042760206829,7.03823880684482));
#5364=CARTESIAN_POINT('',(6.18256621773745,4.23072026460225,7.03823880684482));
#5365=CARTESIAN_POINT('',(6.18849357347821,4.22111198799202,7.03823880684482));
#5366=CARTESIAN_POINT('',(6.19485801277066,4.21174728605732,7.03823880684482));
#5367=CARTESIAN_POINT('',(4.2831022688084,6.15670650225662,15.0382388068448));
#5368=CARTESIAN_POINT('',(4.28310226880839,6.15670650225662,7.03823880684482));
#5369=CARTESIAN_POINT('',(4.28310226880824,6.15670650225668,7.03823880684483));
#5370=VECTOR('',#5371,1.);
#5371=DIRECTION('',(0.,0.,1.));
#5372=CARTESIAN_POINT('',(4.21174728605732,6.19485801277065,7.03823880684482));
#5373=CARTESIAN_POINT('',(4.21174728605732,6.19485801277066,7.03823880684482));
#5374=CARTESIAN_POINT('',(4.22111198799202,6.1884935734782,7.03823880684482));
#5375=CARTESIAN_POINT('',(4.23072026460226,6.18256621773745,7.03823880684482));
#5376=CARTESIAN_POINT('',(4.25042760206829,6.17158364769331,7.03823880684482));
#5377=CARTESIAN_POINT('',(4.26056658930883,6.16650896829518,7.03823880684482));
#5378=CARTESIAN_POINT('',(4.27491204206309,6.16010748645409,7.03823880684482));
#5379=CARTESIAN_POINT('',(4.27899201596053,6.15837159078173,7.03823880684482));
#5380=CARTESIAN_POINT('',(4.2831022688084,6.15670650225662,7.03823880684482));
#5381=CARTESIAN_POINT('',(4.16164195242102,6.22833732634257,15.0382388068448));
#5382=CARTESIAN_POINT('',(4.21174728605732,6.19485801277065,7.03823880684483));
#5383=VECTOR('',#5384,1.);
#5384=DIRECTION('',(0.,0.,1.));
#5385=CARTESIAN_POINT('',(4.21174728605732,6.19485801277065,15.0382388068448));
#5386=CARTESIAN_POINT('',(4.22111198799202,6.1884935734782,15.0382388068448));
#5387=CARTESIAN_POINT('',(4.23072026460226,6.18256621773745,15.0382388068448));
#5388=CARTESIAN_POINT('',(4.25042760206829,6.17158364769331,15.0382388068448));
#5389=CARTESIAN_POINT('',(4.26056658930883,6.16650896829518,15.0382388068448));
#5390=CARTESIAN_POINT('',(4.27491204206309,6.16010748645409,15.0382388068448));
#5391=CARTESIAN_POINT('',(4.27899201596053,6.15837159078173,15.0382388068448));
#5392=CARTESIAN_POINT('',(4.2831022688084,6.15670650225662,15.0382388068448));
#5393=CARTESIAN_POINT('',(4.04898284767908,6.31314009819,7.03823880684482));
#5394=CARTESIAN_POINT('',(4.04898284767912,6.31314009818997,15.0382388068448));
#5395=CARTESIAN_POINT('',(4.04898284771588,6.31314009815263,7.03823880684483));
#5396=VECTOR('',#5397,1.);
#5397=DIRECTION('',(0.,0.,1.));
#5398=CARTESIAN_POINT('',(4.16164195159345,6.22833732690521,15.0382388068448));
#5399=CARTESIAN_POINT('',(4.04898284767912,6.31314009818996,15.0382388068448));
#5400=CARTESIAN_POINT('',(4.05209411456679,6.30997992148952,15.0382388068448));
#5401=CARTESIAN_POINT('',(4.05525921147631,6.3068748156142,15.0382388068448));
#5402=CARTESIAN_POINT('',(4.06666317663849,6.29607108646115,15.0382388068448));
#5403=CARTESIAN_POINT('',(4.07523159150639,6.28864587939946,15.0382388068448));
#5404=CARTESIAN_POINT('',(4.09291983472882,6.27464152127498,15.0382388068448));
#5405=CARTESIAN_POINT('',(4.10207292565194,6.2680329320118,15.0382388068448));
#5406=CARTESIAN_POINT('',(4.11153661712959,6.26181664103977,15.0382388068448));
#5407=CARTESIAN_POINT('',(4.11153661712958,6.26181664103977,7.03823880684482));
#5408=CARTESIAN_POINT('',(4.11153661712959,6.26181664103977,7.03823880684483));
#5409=VECTOR('',#5410,1.);
#5410=DIRECTION('',(0.,0.,1.));
#5411=CARTESIAN_POINT('',(4.04898284767908,6.31314009819,7.03823880684482));
#5412=CARTESIAN_POINT('',(4.05209411456676,6.30997992148954,7.03823880684482));
#5413=CARTESIAN_POINT('',(4.0552592114763,6.30687481561421,7.03823880684482));
#5414=CARTESIAN_POINT('',(4.06666317663849,6.29607108646115,7.03823880684482));
#5415=CARTESIAN_POINT('',(4.07523159150639,6.28864587939946,7.03823880684482));
#5416=CARTESIAN_POINT('',(4.09291983472882,6.27464152127498,7.03823880684482));
#5417=CARTESIAN_POINT('',(4.10207292565194,6.2680329320118,7.03823880684482));
#5418=CARTESIAN_POINT('',(4.11153661712959,6.26181664103977,7.03823880684482));
#5419=CARTESIAN_POINT('',(1.60100094578768,7.32712740251492,15.0382388068448));
#5420=CARTESIAN_POINT('',(1.60100094578766,7.32712740251493,7.03823880684482));
#5421=CARTESIAN_POINT('',(1.60100094545654,7.32712740251234,7.03823880684483));
#5422=VECTOR('',#5423,1.);
#5423=DIRECTION('',(0.,0.,1.));
#5424=CARTESIAN_POINT('',(1.52047758635687,7.33506843249512,7.03823880684483));
#5425=CARTESIAN_POINT('',(1.52047758635687,7.33506843249512,7.03823880684482));
#5426=CARTESIAN_POINT('',(1.53156500827592,7.33277217357636,7.03823880684482));
#5427=CARTESIAN_POINT('',(1.54271019921855,7.33097293919788,7.03823880684482));
#5428=CARTESIAN_POINT('',(1.56512025254439,7.32836803906401,7.03823880684482));
#5429=CARTESIAN_POINT('',(1.57642945106654,7.32755966907193,7.03823880684482));
#5430=CARTESIAN_POINT('',(1.59213266240406,7.32713523811706,7.03823880684482));
#5431=CARTESIAN_POINT('',(1.59656636540573,7.32709281805069,7.03823880684482));
#5432=CARTESIAN_POINT('',(1.60100094578767,7.32712740251493,7.03823880684482));
#5433=CARTESIAN_POINT('',(1.46137431454536,7.3468248042109,15.0382388068448));
#5434=CARTESIAN_POINT('',(1.52047758635687,7.33506843249512,7.03823880684483));
#5435=VECTOR('',#5436,1.);
#5436=DIRECTION('',(0.,0.,1.));
#5437=CARTESIAN_POINT('',(1.52047758635686,7.33506843249512,15.0382388068448));
#5438=CARTESIAN_POINT('',(1.53156500827592,7.33277217357636,15.0382388068448));
#5439=CARTESIAN_POINT('',(1.54271019921855,7.33097293919788,15.0382388068448));
#5440=CARTESIAN_POINT('',(1.56512025254439,7.32836803906401,15.0382388068448));
#5441=CARTESIAN_POINT('',(1.57642945106654,7.32755966907194,15.0382388068448));
#5442=CARTESIAN_POINT('',(1.59213266240407,7.32713523811706,15.0382388068448));
#5443=CARTESIAN_POINT('',(1.59656636540574,7.32709281805069,15.0382388068448));
#5444=CARTESIAN_POINT('',(1.60100094578768,7.32712740251493,15.0382388068448));
#5445=CARTESIAN_POINT('',(1.32483825872918,7.38205957631167,7.03823880684482));
#5446=CARTESIAN_POINT('',(1.32483825872925,7.38205957631164,15.0382388068448));
#5447=CARTESIAN_POINT('',(1.32483825873123,7.3820595763108,7.03823880684483));
#5448=VECTOR('',#5449,1.);
#5449=DIRECTION('',(0.,0.,1.));
#5450=CARTESIAN_POINT('',(1.40227104270278,7.35858117593312,15.0382388068448));
#5451=CARTESIAN_POINT('',(1.32483825872925,7.38205957631164,15.0382388068448));
#5452=CARTESIAN_POINT('',(1.32892204177835,7.38033058403762,15.0382388068448));
#5453=CARTESIAN_POINT('',(1.33303448259025,7.37867307042878,15.0382388068448));
#5454=CARTESIAN_POINT('',(1.34770478073208,7.37305583472629,15.0382388068448));
#5455=CARTESIAN_POINT('',(1.35846246757899,7.36947482830892,15.0382388068448));
#5456=CARTESIAN_POINT('',(1.38016350929342,7.36330548610061,15.0382388068448));
#5457=CARTESIAN_POINT('',(1.39114886027883,7.3607026819928,15.0382388068448));
#5458=CARTESIAN_POINT('',(1.40227104270278,7.35858117593312,15.0382388068448));
#5459=CARTESIAN_POINT('',(1.44167322392828,7.35074359478569,7.03823880684482));
#5460=CARTESIAN_POINT('',(1.40227104270278,7.35858117593311,7.03823880684483));
#5461=VECTOR('',#5462,1.);
#5462=DIRECTION('',(0.,0.,1.));
#5463=CARTESIAN_POINT('',(1.32483825872918,7.38205957631167,7.03823880684482));
#5464=CARTESIAN_POINT('',(1.3289220417783,7.38033058403764,7.03823880684482));
#5465=CARTESIAN_POINT('',(1.33303448259023,7.37867307042879,7.03823880684482));
#5466=CARTESIAN_POINT('',(1.34770478073208,7.37305583472629,7.03823880684482));
#5467=CARTESIAN_POINT('',(1.35846246757899,7.36947482830892,7.03823880684482));
#5468=CARTESIAN_POINT('',(1.38016350929342,7.36330548610061,7.03823880684482));
#5469=CARTESIAN_POINT('',(1.39114886027883,7.3607026819928,7.03823880684482));
#5470=CARTESIAN_POINT('',(1.40227104270278,7.35858117593312,7.03823880684482));
#5471=CARTESIAN_POINT('',(-1.32483825873115,7.38205957631083,15.0382388068448));
#5472=CARTESIAN_POINT('',(-1.32483825873119,7.38205957631081,7.03823880684482));
#5473=CARTESIAN_POINT('',(-1.32483825873121,7.38205957631081,7.03823880684483));
#5474=VECTOR('',#5475,1.);
#5475=DIRECTION('',(0.,0.,1.));
#5476=CARTESIAN_POINT('',(-1.40227104270278,7.35858117593312,7.03823880684483));
#5477=CARTESIAN_POINT('',(-1.40227104270278,7.35858117593312,7.03823880684482));
#5478=CARTESIAN_POINT('',(-1.39114886027882,7.3607026819928,7.03823880684482));
#5479=CARTESIAN_POINT('',(-1.38016350929342,7.36330548610062,7.03823880684482));
#5480=CARTESIAN_POINT('',(-1.35846246757898,7.36947482830892,7.03823880684482));
#5481=CARTESIAN_POINT('',(-1.34770478073207,7.37305583472629,7.03823880684482));
#5482=CARTESIAN_POINT('',(-1.3330344825909,7.37867307042853,7.03823880684482));
#5483=CARTESIAN_POINT('',(-1.32892204177965,7.3803305840371,7.03823880684482));
#5484=CARTESIAN_POINT('',(-1.32483825873119,7.38205957631081,7.03823880684482));
#5485=CARTESIAN_POINT('',(-1.40227104270278,7.35858117593312,15.0382388068448));
#5486=CARTESIAN_POINT('',(-1.40227104270278,7.35858117593312,7.03823880684483));
#5487=VECTOR('',#5488,1.);
#5488=DIRECTION('',(0.,0.,1.));
#5489=CARTESIAN_POINT('',(-1.40227104270278,7.35858117593312,15.0382388068448));
#5490=CARTESIAN_POINT('',(-1.39114886027882,7.3607026819928,15.0382388068448));
#5491=CARTESIAN_POINT('',(-1.38016350929341,7.36330548610061,15.0382388068448));
#5492=CARTESIAN_POINT('',(-1.35846246757898,7.36947482830892,15.0382388068448));
#5493=CARTESIAN_POINT('',(-1.34770478073207,7.37305583472629,15.0382388068448));
#5494=CARTESIAN_POINT('',(-1.33303448259089,7.37867307042854,15.0382388068448));
#5495=CARTESIAN_POINT('',(-1.32892204177963,7.38033058403711,15.0382388068448));
#5496=CARTESIAN_POINT('',(-1.32483825873115,7.38205957631083,15.0382388068448));
#5497=CARTESIAN_POINT('',(1.60100094545653,-7.32712740251235,7.03823880684482));
#5498=CARTESIAN_POINT('',(1.60100094545658,-7.32712740251234,15.0382388068448));
#5499=CARTESIAN_POINT('',(1.60100094545653,-7.32712740251235,7.03823880684483));
#5500=VECTOR('',#5501,1.);
#5501=DIRECTION('',(0.,0.,1.));
#5502=CARTESIAN_POINT('',(1.52047758635686,-7.33506843249512,15.0382388068448));
#5503=CARTESIAN_POINT('',(1.60100094545657,-7.32712740251234,15.0382388068448));
#5504=CARTESIAN_POINT('',(1.59656636518504,-7.3270928180528,15.0382388068448));
#5505=CARTESIAN_POINT('',(1.59213266229394,-7.32713523812004,15.0382388068448));
#5506=CARTESIAN_POINT('',(1.57642945106654,-7.32755966907194,15.0382388068448));
#5507=CARTESIAN_POINT('',(1.56512025254438,-7.32836803906401,15.0382388068448));
#5508=CARTESIAN_POINT('',(1.54271019921854,-7.33097293919788,15.0382388068448));
#5509=CARTESIAN_POINT('',(1.53156500827592,-7.33277217357636,15.0382388068448));
#5510=CARTESIAN_POINT('',(1.52047758635686,-7.33506843249512,15.0382388068448));
#5511=CARTESIAN_POINT('',(1.52047758719925,-7.3350684323205,7.03823880684483));
#5512=CARTESIAN_POINT('',(1.52047758635686,-7.33506843249511,7.03823880684483));
#5513=VECTOR('',#5514,1.);
#5514=DIRECTION('',(0.,0.,1.));
#5515=CARTESIAN_POINT('',(1.60100094545652,-7.32712740251234,7.03823880684482));
#5516=CARTESIAN_POINT('',(1.59656636518501,-7.3270928180528,7.03823880684482));
#5517=CARTESIAN_POINT('',(1.59213266229392,-7.32713523812004,7.03823880684482));
#5518=CARTESIAN_POINT('',(1.57642945106654,-7.32755966907194,7.03823880684482));
#5519=CARTESIAN_POINT('',(1.56512025254438,-7.32836803906401,7.03823880684482));
#5520=CARTESIAN_POINT('',(1.54271019921854,-7.33097293919788,7.03823880684482));
#5521=CARTESIAN_POINT('',(1.53156500827592,-7.33277217357637,7.03823880684482));
#5522=CARTESIAN_POINT('',(1.52047758635686,-7.33506843249512,7.03823880684482));
#5523=CARTESIAN_POINT('',(4.04898284768695,-6.31314009818201,15.0382388068448));
#5524=CARTESIAN_POINT('',(4.04898284768697,-6.31314009818199,7.03823880684482));
#5525=CARTESIAN_POINT('',(4.04898284771587,-6.31314009815264,7.03823880684482));
#5526=VECTOR('',#5527,1.);
#5527=DIRECTION('',(0.,0.,1.));
#5528=CARTESIAN_POINT('',(4.11153661712959,-6.26181664103977,7.03823880684482));
#5529=CARTESIAN_POINT('',(4.11153661712959,-6.26181664103977,7.03823880684482));
#5530=CARTESIAN_POINT('',(4.10207292565194,-6.2680329320118,7.03823880684482));
#5531=CARTESIAN_POINT('',(4.09291983472882,-6.27464152127498,7.03823880684482));
#5532=CARTESIAN_POINT('',(4.07523159150639,-6.28864587939946,7.03823880684482));
#5533=CARTESIAN_POINT('',(4.06666317663849,-6.29607108646115,7.03823880684482));
#5534=CARTESIAN_POINT('',(4.05525921147901,-6.30687481561164,7.03823880684482));
#5535=CARTESIAN_POINT('',(4.05209411457211,-6.3099799214843,7.03823880684482));
#5536=CARTESIAN_POINT('',(4.04898284768697,-6.31314009818199,7.03823880684482));
#5537=CARTESIAN_POINT('',(4.11153661712959,-6.26181664103977,15.0382388068448));
#5538=CARTESIAN_POINT('',(4.11153661712958,-6.26181664103977,7.03823880684482));
#5539=VECTOR('',#5540,1.);
#5540=DIRECTION('',(0.,0.,1.));
#5541=CARTESIAN_POINT('',(4.11153661712959,-6.26181664103977,15.0382388068448));
#5542=CARTESIAN_POINT('',(4.10207292565194,-6.2680329320118,15.0382388068448));
#5543=CARTESIAN_POINT('',(4.09291983472882,-6.27464152127498,15.0382388068448));
#5544=CARTESIAN_POINT('',(4.07523159150639,-6.28864587939946,15.0382388068448));
#5545=CARTESIAN_POINT('',(4.06666317663849,-6.29607108646115,15.0382388068448));
#5546=CARTESIAN_POINT('',(4.05525921147901,-6.30687481561165,15.0382388068448));
#5547=CARTESIAN_POINT('',(4.0520941145721,-6.30997992148431,15.0382388068448));
#5548=CARTESIAN_POINT('',(4.04898284768695,-6.313140098182,15.0382388068448));
#5549=CARTESIAN_POINT('',(4.28310226890036,-6.15670650221937,7.03823880684482));
#5550=CARTESIAN_POINT('',(4.28310226890037,-6.15670650221936,15.0382388068448));
#5551=CARTESIAN_POINT('',(4.28310226880823,-6.15670650225669,7.03823880684483));
#5552=VECTOR('',#5553,1.);
#5553=DIRECTION('',(0.,0.,1.));
#5554=CARTESIAN_POINT('',(4.21174728605732,-6.19485801277065,15.0382388068448));
#5555=CARTESIAN_POINT('',(4.28310226890037,-6.15670650221936,15.0382388068448));
#5556=CARTESIAN_POINT('',(4.27899201602139,-6.15837159075584,15.0382388068448));
#5557=CARTESIAN_POINT('',(4.27491204209324,-6.16010748644063,15.0382388068448));
#5558=CARTESIAN_POINT('',(4.26056658930883,-6.16650896829518,15.0382388068448));
#5559=CARTESIAN_POINT('',(4.25042760206829,-6.17158364769331,15.0382388068448));
#5560=CARTESIAN_POINT('',(4.23072026460226,-6.18256621773745,15.0382388068448));
#5561=CARTESIAN_POINT('',(4.22111198799202,-6.18849357347821,15.0382388068448));
#5562=CARTESIAN_POINT('',(4.21174728605732,-6.19485801277066,15.0382388068448));
#5563=CARTESIAN_POINT('',(4.21174728605732,-6.19485801277065,7.03823880684483));
#5564=CARTESIAN_POINT('',(4.21174728605732,-6.19485801277065,7.03823880684483));
#5565=VECTOR('',#5566,1.);
#5566=DIRECTION('',(0.,0.,1.));
#5567=CARTESIAN_POINT('',(4.28310226890035,-6.15670650221937,7.03823880684482));
#5568=CARTESIAN_POINT('',(4.27899201602138,-6.15837159075584,7.03823880684482));
#5569=CARTESIAN_POINT('',(4.27491204209324,-6.16010748644063,7.03823880684482));
#5570=CARTESIAN_POINT('',(4.26056658930883,-6.16650896829518,7.03823880684482));
#5571=CARTESIAN_POINT('',(4.25042760206829,-6.17158364769332,7.03823880684482));
#5572=CARTESIAN_POINT('',(4.23072026460226,-6.18256621773745,7.03823880684482));
#5573=CARTESIAN_POINT('',(4.22111198799202,-6.18849357347821,7.03823880684482));
#5574=CARTESIAN_POINT('',(4.21174728605732,-6.19485801277066,7.03823880684482));
#5575=CARTESIAN_POINT('',(6.15670650225663,-4.28310226880838,15.0382388068448));
#5576=CARTESIAN_POINT('',(6.15670650225661,-4.28310226880841,7.03823880684482));
#5577=CARTESIAN_POINT('',(6.15670650225668,-4.28310226880824,7.03823880684483));
#5578=VECTOR('',#5579,1.);
#5579=DIRECTION('',(0.,0.,1.));
#5580=CARTESIAN_POINT('',(6.19485801277066,-4.21174728605732,7.03823880684483));
#5581=CARTESIAN_POINT('',(6.19485801277065,-4.21174728605732,7.03823880684482));
#5582=CARTESIAN_POINT('',(6.18849357347821,-4.22111198799202,7.03823880684482));
#5583=CARTESIAN_POINT('',(6.18256621773745,-4.23072026460225,7.03823880684482));
#5584=CARTESIAN_POINT('',(6.17158364769331,-4.25042760206829,7.03823880684482));
#5585=CARTESIAN_POINT('',(6.16650896829518,-4.26056658930882,7.03823880684482));
#5586=CARTESIAN_POINT('',(6.16010748645409,-4.27491204206309,7.03823880684482));
#5587=CARTESIAN_POINT('',(6.15837159078173,-4.27899201596053,7.03823880684482));
#5588=CARTESIAN_POINT('',(6.15670650225662,-4.2831022688084,7.03823880684482));
#5589=CARTESIAN_POINT('',(6.19485801277066,-4.21174728605732,15.0382388068448));
#5590=CARTESIAN_POINT('',(6.19485801277065,-4.21174728605732,7.03823880684483));
#5591=VECTOR('',#5592,1.);
#5592=DIRECTION('',(0.,0.,1.));
#5593=CARTESIAN_POINT('',(6.19485801277066,-4.21174728605732,15.0382388068448));
#5594=CARTESIAN_POINT('',(6.18849357347821,-4.22111198799202,15.0382388068448));
#5595=CARTESIAN_POINT('',(6.18256621773745,-4.23072026460226,15.0382388068448));
#5596=CARTESIAN_POINT('',(6.17158364769331,-4.25042760206829,15.0382388068448));
#5597=CARTESIAN_POINT('',(6.16650896829518,-4.26056658930883,15.0382388068448));
#5598=CARTESIAN_POINT('',(6.16010748645409,-4.27491204206309,15.0382388068448));
#5599=CARTESIAN_POINT('',(6.15837159078174,-4.27899201596051,15.0382388068448));
#5600=CARTESIAN_POINT('',(6.15670650225663,-4.28310226880837,15.0382388068448));
#5601=CARTESIAN_POINT('',(6.31314009815379,-4.04898284771474,7.03823880684482));
#5602=CARTESIAN_POINT('',(6.31314009815381,-4.04898284771471,15.0382388068448));
#5603=CARTESIAN_POINT('',(6.31314009815263,-4.04898284771587,7.03823880684482));
#5604=VECTOR('',#5605,1.);
#5605=DIRECTION('',(0.,0.,1.));
#5606=CARTESIAN_POINT('',(6.26181664103977,-4.11153661712958,15.0382388068448));
#5607=CARTESIAN_POINT('',(6.31314009815381,-4.04898284771472,15.0382388068448));
#5608=CARTESIAN_POINT('',(6.30997992146583,-4.05209411459093,15.0382388068448));
#5609=CARTESIAN_POINT('',(6.30687481560259,-4.05525921148857,15.0382388068448));
#5610=CARTESIAN_POINT('',(6.29607108646115,-4.06666317663849,15.0382388068448));
#5611=CARTESIAN_POINT('',(6.28864587939946,-4.07523159150639,15.0382388068448));
#5612=CARTESIAN_POINT('',(6.27464152127498,-4.09291983472882,15.0382388068448));
#5613=CARTESIAN_POINT('',(6.2680329320118,-4.10207292565194,15.0382388068448));
#5614=CARTESIAN_POINT('',(6.26181664103977,-4.11153661712959,15.0382388068448));
#5615=CARTESIAN_POINT('',(6.26181664103977,-4.11153661712958,7.03823880684483));
#5616=CARTESIAN_POINT('',(6.26181664103977,-4.11153661712958,7.03823880684483));
#5617=VECTOR('',#5618,1.);
#5618=DIRECTION('',(0.,0.,1.));
#5619=CARTESIAN_POINT('',(6.31314009815378,-4.04898284771474,7.03823880684482));
#5620=CARTESIAN_POINT('',(6.30997992146582,-4.05209411459094,7.03823880684482));
#5621=CARTESIAN_POINT('',(6.30687481560258,-4.05525921148857,7.03823880684482));
#5622=CARTESIAN_POINT('',(6.29607108646116,-4.06666317663849,7.03823880684482));
#5623=CARTESIAN_POINT('',(6.28864587939946,-4.07523159150639,7.03823880684482));
#5624=CARTESIAN_POINT('',(6.27464152127498,-4.09291983472882,7.03823880684482));
#5625=CARTESIAN_POINT('',(6.2680329320118,-4.10207292565194,7.03823880684482));
#5626=CARTESIAN_POINT('',(6.26181664103977,-4.11153661712959,7.03823880684482));
#5627=AXIS2_PLACEMENT_3D('',#5628,#5629,#5630);
#5628=CARTESIAN_POINT('',(0.,0.,15.0382388068448));
#5629=DIRECTION('',(-1.77635683940025E-16,-6.16297582203915E-33,-1.));
#5630=DIRECTION('',(-0.176645101164153,0.984274610174775,3.13784733599493E-17));
#5631=CARTESIAN_POINT('',(-1.52047758635686,7.33506843249512,15.0382388068448));
#5632=AXIS2_PLACEMENT_3D('',#5633,#5634,#5635);
#5633=CARTESIAN_POINT('',(0.,0.,15.0382388068448));
#5634=DIRECTION('',(-1.77635683940025E-16,-6.16297582203916E-33,-1.));
#5635=DIRECTION('',(-0.202973913543834,0.979184145307051,3.60554099543425E-17));
#5636=CARTESIAN_POINT('',(-1.93639263058845,7.52862594901105,15.0382388068448));
#5637=CARTESIAN_POINT('',(-1.93639263058845,7.52862594901105,15.0382388068448));
#5638=CARTESIAN_POINT('',(-1.92985774031958,7.516889548414,15.0382388068448));
#5639=CARTESIAN_POINT('',(-1.92277883105104,7.50552940871701,15.0382388068448));
#5640=CARTESIAN_POINT('',(-1.90802825571692,7.48427530190203,15.0382388068448));
#5641=CARTESIAN_POINT('',(-1.90040331589975,7.47428102777538,15.0382388068448));
#5642=CARTESIAN_POINT('',(-1.88457932660799,7.45550700600289,15.0382388068448));
#5643=CARTESIAN_POINT('',(-1.87636149664958,7.44660444415654,15.0382388068448));
#5644=CARTESIAN_POINT('',(-1.85938530893817,7.42986374943555,15.0382388068448));
#5645=CARTESIAN_POINT('',(-1.85058099797808,7.42192988287662,15.0382388068448));
#5646=CARTESIAN_POINT('',(-1.832481709448,7.40707093262488,15.0382388068448));
#5647=CARTESIAN_POINT('',(-1.82312612748349,7.40006794762406,15.0382388068448));
#5648=CARTESIAN_POINT('',(-1.80398524399094,7.3870550921114,15.0382388068448));
#5649=CARTESIAN_POINT('',(-1.79413019027392,7.38098081256994,15.0382388068448));
#5650=CARTESIAN_POINT('',(-1.77405909042197,7.36982674996289,15.0382388068448));
#5651=CARTESIAN_POINT('',(-1.7637669961072,7.36469383906254,15.0382388068448));
#5652=CARTESIAN_POINT('',(-1.74289615421047,7.3554301152327,15.0382388068448));
#5653=CARTESIAN_POINT('',(-1.73223679078119,7.35125626653725,15.0382388068448));
#5654=CARTESIAN_POINT('',(-1.71070981932092,7.34391889554208,15.0382388068448));
#5655=CARTESIAN_POINT('',(-1.69975823996179,7.34072176421486,15.0382388068448));
#5656=CARTESIAN_POINT('',(-1.67772811741658,7.33534359328435,15.0382388068448));
#5657=CARTESIAN_POINT('',(-1.66656320844747,7.33313798399716,15.0382388068448));
#5658=CARTESIAN_POINT('',(-1.6441895779391,7.32974437090048,15.0382388068448));
#5659=CARTESIAN_POINT('',(-1.63289292980412,7.32854059698315,15.0382388068448));
#5660=CARTESIAN_POINT('',(-1.61033995681676,7.32714686093708,15.0382388068448));
#5661=CARTESIAN_POINT('',(-1.5989949114867,7.32694976325666,15.0382388068448));
#5662=CARTESIAN_POINT('',(-1.57642945106654,7.32755966907194,15.0382388068448));
#5663=CARTESIAN_POINT('',(-1.56512025254439,7.32836803906401,15.0382388068448));
#5664=CARTESIAN_POINT('',(-1.54271019921854,7.33097293919788,15.0382388068448));
#5665=CARTESIAN_POINT('',(-1.53156500827592,7.33277217357637,15.0382388068448));
#5666=CARTESIAN_POINT('',(-1.52047758635686,7.33506843249512,15.0382388068448));
#5667=CARTESIAN_POINT('',(-3.18463925552113,8.7808321395067,15.0382388068448));
#5668=CARTESIAN_POINT('',(-3.18463925378659,8.78083214013579,15.0382388068448));
#5669=CARTESIAN_POINT('',(-3.1462732428433,8.75530097530386,15.0382388068448));
#5670=CARTESIAN_POINT('',(-3.10824947615919,8.72928315972644,15.0382388068448));
#5671=CARTESIAN_POINT('',(-3.03334069787493,8.67659374954449,15.0382388068448));
#5672=CARTESIAN_POINT('',(-2.99642212382418,8.64994264525511,15.0382388068448));
#5673=CARTESIAN_POINT('',(-2.92380031227095,8.59598637749549,15.0382388068448));
#5674=CARTESIAN_POINT('',(-2.88803582019051,8.56871098139521,15.0382388068448));
#5675=CARTESIAN_POINT('',(-2.81775372846575,8.51352222214265,15.0382388068448));
#5676=CARTESIAN_POINT('',(-2.78317033902593,8.48563954984213,15.0382388068448));
#5677=CARTESIAN_POINT('',(-2.71528530528246,8.42925147910743,15.0382388068448));
#5678=CARTESIAN_POINT('',(-2.68191249483439,8.40077790801642,15.0382388068448));
#5679=CARTESIAN_POINT('',(-2.61648769419379,8.34322218796314,15.0382388068448));
#5680=CARTESIAN_POINT('',(-2.58435806238048,8.31417328106055,15.0382388068448));
#5681=CARTESIAN_POINT('',(-2.52146417950587,8.25547961869989,15.0382388068448));
#5682=CARTESIAN_POINT('',(-2.49061433973778,8.2258698924705,15.0382388068448));
#5683=CARTESIAN_POINT('',(-2.43033185892115,8.1660654474177,15.0382388068448));
#5684=CARTESIAN_POINT('',(-2.40080365325498,8.13590805854877,15.0382388068448));
#5685=CARTESIAN_POINT('',(-2.34322608800459,8.07501661502405,15.0382388068448));
#5686=CARTESIAN_POINT('',(-2.31506828863062,8.04432292532884,15.0382388068448));
#5687=CARTESIAN_POINT('',(-2.26030690428132,7.98236368946341,15.0382388068448));
#5688=CARTESIAN_POINT('',(-2.23357766984999,7.95114264215896,15.0382388068448));
#5689=CARTESIAN_POINT('',(-2.18176871144186,7.88812841050822,15.0382388068448));
#5690=CARTESIAN_POINT('',(-2.15653925656396,7.85638560410182,15.0382388068448));
#5691=CARTESIAN_POINT('',(-2.10785568586946,7.79231980030803,15.0382388068448));
#5692=CARTESIAN_POINT('',(-2.0842159586204,7.76005606496482,15.0382388068448));
#5693=CARTESIAN_POINT('',(-2.03888811186841,7.69492753697139,15.0382388068448));
#5694=CARTESIAN_POINT('',(-2.01695574497038,7.66213671436277,15.0382388068448));
#5695=CARTESIAN_POINT('',(-1.97531221846604,7.5959094527971,15.0382388068448));
#5696=CARTESIAN_POINT('',(-1.95544779036571,7.56252223335059,15.0382388068448));
#5697=CARTESIAN_POINT('',(-1.93639263058845,7.52862594901105,15.0382388068448));
#5698=CARTESIAN_POINT('',(-3.95710593876543,8.46086596273616,15.0382388068448));
#5699=AXIS2_PLACEMENT_3D('',#5700,#5701,#5702);
#5700=CARTESIAN_POINT('',(0.,0.,15.0382388068448));
#5701=DIRECTION('',(1.77635683940025E-16,0.,1.));
#5702=DIRECTION('',(-0.340949548445552,0.94008159508352,6.05648062271683E-17));
#5703=CARTESIAN_POINT('',(-3.95430610143396,6.69277882169147,15.0382388068448));
#5704=CARTESIAN_POINT('',(-3.95430610143396,6.69277882169148,15.0382388068448));
#5705=CARTESIAN_POINT('',(-3.96480036125239,6.73022114690008,15.0382388068448));
#5706=CARTESIAN_POINT('',(-3.97436241871385,6.76787574798981,15.0382388068448));
#5707=CARTESIAN_POINT('',(-3.99174574448261,6.84415191372605,15.0382388068448));
#5708=CARTESIAN_POINT('',(-3.99942383214878,6.88284705211436,15.0382388068448));
#5709=CARTESIAN_POINT('',(-4.01342502812672,6.96095150372213,15.0382388068448));
#5710=CARTESIAN_POINT('',(-4.0195231227311,7.00048122121293,15.0382388068448));
#5711=CARTESIAN_POINT('',(-4.03040000406539,7.08020706848814,15.0382388068448));
#5712=CARTESIAN_POINT('',(-4.03500563909945,7.1204925407818,15.0382388068448));
#5713=CARTESIAN_POINT('',(-4.04292896379435,7.20168479710991,15.0382388068448));
#5714=CARTESIAN_POINT('',(-4.04610515513675,7.24266183429695,15.0382388068448));
#5715=CARTESIAN_POINT('',(-4.05119480475378,7.32519577635507,15.0382388068448));
#5716=CARTESIAN_POINT('',(-4.05298794999627,7.36681006335883,15.0382388068448));
#5717=CARTESIAN_POINT('',(-4.05533121579608,7.45058030282415,15.0382388068448));
#5718=CARTESIAN_POINT('',(-4.05577611550536,7.49278439145907,15.0382388068448));
#5719=CARTESIAN_POINT('',(-4.0554380931751,7.57769867107319,15.0382388068448));
#5720=CARTESIAN_POINT('',(-4.05456120048245,7.62045004017761,15.0382388068448));
#5721=CARTESIAN_POINT('',(-4.05159119607456,7.70642541792128,15.0382388068448));
#5722=CARTESIAN_POINT('',(-4.04941279459922,7.74968517751038,15.0382388068448));
#5723=CARTESIAN_POINT('',(-4.04384851435421,7.83664553764688,15.0382388068448));
#5724=CARTESIAN_POINT('',(-4.04038422898219,7.88037753342501,15.0382388068448));
#5725=CARTESIAN_POINT('',(-4.03225464847564,7.96825188832063,15.0382388068448));
#5726=CARTESIAN_POINT('',(-4.02751652594762,8.01242206417125,15.0382388068448));
#5727=CARTESIAN_POINT('',(-4.01684392820582,8.10114335373855,15.0382388068448));
#5728=CARTESIAN_POINT('',(-4.01084123087211,8.14571928615639,15.0382388068448));
#5729=CARTESIAN_POINT('',(-3.99764269828112,8.23522350438807,15.0382388068448));
#5730=CARTESIAN_POINT('',(-3.99038250078723,8.28017405502023,15.0382388068448));
#5731=CARTESIAN_POINT('',(-3.9746710349284,8.37039959935179,15.0382388068448));
#5732=CARTESIAN_POINT('',(-3.96618154548626,8.41568383644685,15.0382388068448));
#5733=CARTESIAN_POINT('',(-3.95710593876543,8.46086596273616,15.0382388068448));
#5734=CARTESIAN_POINT('',(-4.11153661712958,6.26181664103977,15.0382388068448));
#5735=CARTESIAN_POINT('',(-4.11153661712958,6.26181664103977,15.0382388068448));
#5736=CARTESIAN_POINT('',(-4.10207292565193,6.2680329320118,15.0382388068448));
#5737=CARTESIAN_POINT('',(-4.09291983472882,6.27464152127498,15.0382388068448));
#5738=CARTESIAN_POINT('',(-4.07523159150639,6.28864587939946,15.0382388068448));
#5739=CARTESIAN_POINT('',(-4.06666317663848,6.29607108646115,15.0382388068448));
#5740=CARTESIAN_POINT('',(-4.05027571801692,6.31159600800699,15.0382388068448));
#5741=CARTESIAN_POINT('',(-4.04239292863755,6.31975753559911,15.0382388068448));
#5742=CARTESIAN_POINT('',(-4.02743108871163,6.33669041594375,15.0382388068448));
#5743=CARTESIAN_POINT('',(-4.02029434891067,6.34552954914464,15.0382388068448));
#5744=CARTESIAN_POINT('',(-4.00687344989182,6.36374974183026,15.0382388068448));
#5745=CARTESIAN_POINT('',(-4.00053826833205,6.37320412595727,15.0382388068448));
#5746=CARTESIAN_POINT('',(-3.98876356042531,6.39258471613471,15.0382388068448));
#5747=CARTESIAN_POINT('',(-3.98328033763759,6.40258936540606,15.0382388068448));
#5748=CARTESIAN_POINT('',(-3.97324677492639,6.42299953769079,15.0382388068448));
#5749=CARTESIAN_POINT('',(-3.96866082347861,6.43348820257097,15.0382388068448));
#5750=CARTESIAN_POINT('',(-3.96045335158348,6.45479655834434,15.0382388068448));
#5751=CARTESIAN_POINT('',(-3.95680525800576,6.46570368413179,15.0382388068448));
#5752=CARTESIAN_POINT('',(-3.9504999605018,6.48778320825019,15.0382388068448));
#5753=CARTESIAN_POINT('',(-3.94782654944412,6.49904694781706,15.0382388068448));
#5754=CARTESIAN_POINT('',(-3.94349337930424,6.52178307470814,15.0382388068448));
#5755=CARTESIAN_POINT('',(-3.94182984203782,6.53335032833981,15.0382388068448));
#5756=CARTESIAN_POINT('',(-3.93953857686786,6.55665532247841,15.0382388068448));
#5757=CARTESIAN_POINT('',(-3.93892307972916,6.56849100130681,15.0382388068448));
#5758=CARTESIAN_POINT('',(-3.93875656103872,6.59233243751523,15.0382388068448));
#5759=CARTESIAN_POINT('',(-3.93924073959997,6.60443838265694,15.0382388068448));
#5760=CARTESIAN_POINT('',(-3.94132672757182,6.62890287089604,15.0382388068448));
#5761=CARTESIAN_POINT('',(-3.94300209992895,6.6413615365549,15.0382388068448));
#5762=CARTESIAN_POINT('',(-3.94760079114072,6.666820691457,15.0382388068448));
#5763=CARTESIAN_POINT('',(-3.9506280782085,6.67985906801915,15.0382388068448));
#5764=CARTESIAN_POINT('',(-3.95430610143396,6.69277882169148,15.0382388068448));
#5765=CARTESIAN_POINT('',(-4.21174728605732,6.19485801277066,15.0382388068448));
#5766=AXIS2_PLACEMENT_3D('',#5767,#5768,#5769);
#5767=CARTESIAN_POINT('',(0.,0.,15.0382388068448));
#5768=DIRECTION('',(-1.77635683940025E-16,0.,-1.));
#5769=DIRECTION('',(-0.562240994000443,0.826973436493213,9.98740635083882E-17));
#5770=CARTESIAN_POINT('',(-4.67007393746679,6.21451804394462,15.0382388068448));
#5771=CARTESIAN_POINT('',(-4.67007393746679,6.21451804394462,15.0382388068448));
#5772=CARTESIAN_POINT('',(-4.65954516003608,6.20617581788588,15.0382388068448));
#5773=CARTESIAN_POINT('',(-4.64865776339898,6.19838939862964,15.0382388068448));
#5774=CARTESIAN_POINT('',(-4.62689641420722,6.1843979651597,15.0382388068448));
#5775=CARTESIAN_POINT('',(-4.61602724524671,6.17808239799259,15.0382388068448));
#5776=CARTESIAN_POINT('',(-4.59422327832618,6.16679304206994,15.0382388068448));
#5777=CARTESIAN_POINT('',(-4.58322413050175,6.16171297476826,15.0382388068448));
#5778=CARTESIAN_POINT('',(-4.5611337916191,6.15274309533739,15.0382388068448));
#5779=CARTESIAN_POINT('',(-4.54996350963851,6.14878242234774,15.0382388068448));
#5780=CARTESIAN_POINT('',(-4.52755567332887,6.14198084019361,15.0382388068448));
#5781=CARTESIAN_POINT('',(-4.51623231630022,6.13909115190282,15.0382388068448));
#5782=CARTESIAN_POINT('',(-4.49356864159482,6.13439374002858,15.0382388068448));
#5783=CARTESIAN_POINT('',(-4.48213923302978,6.13255320326804,15.0382388068448));
#5784=CARTESIAN_POINT('',(-4.4593274797183,6.12992907050372,15.0382388068448));
#5785=CARTESIAN_POINT('',(-4.44785454447284,6.12912549315929,15.0382388068448));
#5786=CARTESIAN_POINT('',(-4.42502732718648,6.12855385373145,15.0382388068448));
#5787=CARTESIAN_POINT('',(-4.41358209673962,6.12877688213387,15.0382388068448));
#5788=CARTESIAN_POINT('',(-4.39088587809356,6.13023605057583,15.0382388068448));
#5789=CARTESIAN_POINT('',(-4.37954444888497,6.13147327435884,15.0382388068448));
#5790=CARTESIAN_POINT('',(-4.3571331326552,6.13493505522481,15.0382388068448));
#5791=CARTESIAN_POINT('',(-4.34597405164381,6.137169963634,15.0382388068448));
#5792=CARTESIAN_POINT('',(-4.3240048328412,6.14259669167013,15.0382388068448));
#5793=CARTESIAN_POINT('',(-4.31310742650883,6.14580758966865,15.0382388068448));
#5794=CARTESIAN_POINT('',(-4.2917378366746,6.1531505945748,15.0382388068448));
#5795=CARTESIAN_POINT('',(-4.2811809554819,6.1573100609492,15.0382388068448));
#5796=CARTESIAN_POINT('',(-4.26056658930882,6.16650896829518,15.0382388068448));
#5797=CARTESIAN_POINT('',(-4.25042760206829,6.17158364769332,15.0382388068448));
#5798=CARTESIAN_POINT('',(-4.23072026460226,6.18256621773745,15.0382388068448));
#5799=CARTESIAN_POINT('',(-4.22111198799202,6.18849357347821,15.0382388068448));
#5800=CARTESIAN_POINT('',(-4.21174728605732,6.19485801277066,15.0382388068448));
#5801=CARTESIAN_POINT('',(-6.30250200834163,6.89372241135728,15.0382388068448));
#5802=CARTESIAN_POINT('',(-6.3025020074143,6.89372241220508,15.0382388068448));
#5803=CARTESIAN_POINT('',(-6.25728608136954,6.88481672832963,15.0382388068448));
#5804=CARTESIAN_POINT('',(-6.21220011461329,6.87533046658312,15.0382388068448));
#5805=CARTESIAN_POINT('',(-6.12283006321332,6.85531814732403,15.0382388068448));
#5806=CARTESIAN_POINT('',(-6.07852281221255,6.84482386418802,15.0382388068448));
#5807=CARTESIAN_POINT('',(-5.99078083716077,6.82276593686396,15.0382388068448));
#5808=CARTESIAN_POINT('',(-5.94730091273822,6.8112532352519,15.0382388068448));
#5809=CARTESIAN_POINT('',(-5.86124890287289,6.7871612622488,15.0382388068448));
#5810=CARTESIAN_POINT('',(-5.81862778046509,6.77463552217229,15.0382388068448));
#5811=CARTESIAN_POINT('',(-5.73433140677246,6.74851821546186,15.0382388068448));
#5812=CARTESIAN_POINT('',(-5.69260258634032,6.73498328756331,15.0382388068448));
#5813=CARTESIAN_POINT('',(-5.6101323316076,6.70684572309808,15.0382388068448));
#5814=CARTESIAN_POINT('',(-5.56933188698822,6.6923035103519,15.0382388068448));
#5815=CARTESIAN_POINT('',(-5.48876442370996,6.66214608398198,15.0382388068448));
#5816=CARTESIAN_POINT('',(-5.44893173650211,6.64659598652575,15.0382388068448));
#5817=CARTESIAN_POINT('',(-5.37035181600312,6.61441299045867,15.0382388068448));
#5818=CARTESIAN_POINT('',(-5.33153057807283,6.59785115122459,15.0382388068448));
#5819=CARTESIAN_POINT('',(-5.25503369739647,6.56362877314427,15.0382388068448));
#5820=CARTESIAN_POINT('',(-5.21727331634978,6.5460470247699,15.0382388068448));
#5821=CARTESIAN_POINT('',(-5.14296962112978,6.50976042942764,15.0382388068448));
#5822=CARTESIAN_POINT('',(-5.10632725097448,6.49114477801617,15.0382388068448));
#5823=CARTESIAN_POINT('',(-5.03434751224452,6.452753649168,15.0382388068448));
#5824=CARTESIAN_POINT('',(-4.99889108915791,6.43308201441403,15.0382388068448));
#5825=CARTESIAN_POINT('',(-4.92939641293066,6.39252332548823,15.0382388068448));
#5826=CARTESIAN_POINT('',(-4.89520935578904,6.37176205272613,15.0382388068448));
#5827=CARTESIAN_POINT('',(-4.82840827728467,6.32893735470718,15.0382388068448));
#5828=CARTESIAN_POINT('',(-4.7955969078621,6.30703573828929,15.0382388068448));
#5829=CARTESIAN_POINT('',(-4.73177923029107,6.26178601449297,15.0382388068448));
#5830=CARTESIAN_POINT('',(-4.70065015600921,6.23854203332628,15.0382388068448));
#5831=CARTESIAN_POINT('',(-4.67007393746679,6.21451804394462,15.0382388068448));
#5832=CARTESIAN_POINT('',(-6.89372241220493,6.30250200741447,15.0382388068448));
#5833=AXIS2_PLACEMENT_3D('',#5834,#5835,#5836);
#5834=CARTESIAN_POINT('',(0.,0.,15.0382388068448));
#5835=DIRECTION('',(1.77635683940025E-16,0.,1.));
#5836=DIRECTION('',(-0.674749960844597,0.738046401210801,1.19859670783135E-16));
#5837=CARTESIAN_POINT('',(-6.21451804394462,4.67007393746679,15.0382388068448));
#5838=CARTESIAN_POINT('',(-6.21451804394462,4.6700739374668,15.0382388068448));
#5839=CARTESIAN_POINT('',(-6.23854203332627,4.70065015600921,15.0382388068448));
#5840=CARTESIAN_POINT('',(-6.26178601449297,4.73177923029107,15.0382388068448));
#5841=CARTESIAN_POINT('',(-6.30703573828929,4.79559690786211,15.0382388068448));
#5842=CARTESIAN_POINT('',(-6.32893735470718,4.82840827728467,15.0382388068448));
#5843=CARTESIAN_POINT('',(-6.37176205272613,4.89520935578905,15.0382388068448));
#5844=CARTESIAN_POINT('',(-6.39252332548823,4.92939641293066,15.0382388068448));
#5845=CARTESIAN_POINT('',(-6.43308201441403,4.99889108915792,15.0382388068448));
#5846=CARTESIAN_POINT('',(-6.452753649168,5.03434751224452,15.0382388068448));
#5847=CARTESIAN_POINT('',(-6.49114477801617,5.10632725097448,15.0382388068448));
#5848=CARTESIAN_POINT('',(-6.50976042942764,5.14296962112978,15.0382388068448));
#5849=CARTESIAN_POINT('',(-6.54604702476989,5.21727331634978,15.0382388068448));
#5850=CARTESIAN_POINT('',(-6.56362877314428,5.25503369739647,15.0382388068448));
#5851=CARTESIAN_POINT('',(-6.59785115122459,5.33153057807284,15.0382388068448));
#5852=CARTESIAN_POINT('',(-6.61441299045866,5.37035181600312,15.0382388068448));
#5853=CARTESIAN_POINT('',(-6.64659598652575,5.44893173650212,15.0382388068448));
#5854=CARTESIAN_POINT('',(-6.66214608398198,5.48876442370996,15.0382388068448));
#5855=CARTESIAN_POINT('',(-6.6923035103519,5.56933188698822,15.0382388068448));
#5856=CARTESIAN_POINT('',(-6.70684572309808,5.6101323316076,15.0382388068448));
#5857=CARTESIAN_POINT('',(-6.7349832875633,5.69260258634032,15.0382388068448));
#5858=CARTESIAN_POINT('',(-6.74851821546186,5.73433140677247,15.0382388068448));
#5859=CARTESIAN_POINT('',(-6.77463552217228,5.81862778046509,15.0382388068448));
#5860=CARTESIAN_POINT('',(-6.7871612622488,5.86124890287289,15.0382388068448));
#5861=CARTESIAN_POINT('',(-6.8112532352519,5.94730091273822,15.0382388068448));
#5862=CARTESIAN_POINT('',(-6.82276593686396,5.99078083716077,15.0382388068448));
#5863=CARTESIAN_POINT('',(-6.84482386418801,6.07852281221255,15.0382388068448));
#5864=CARTESIAN_POINT('',(-6.85531814732403,6.12283006321333,15.0382388068448));
#5865=CARTESIAN_POINT('',(-6.87533046658311,6.2122001146133,15.0382388068448));
#5866=CARTESIAN_POINT('',(-6.88481672832963,6.25728608136954,15.0382388068448));
#5867=CARTESIAN_POINT('',(-6.89372241220508,6.3025020074143,15.0382388068448));
#5868=CARTESIAN_POINT('',(-6.19485801277066,4.21174728605732,15.0382388068448));
#5869=CARTESIAN_POINT('',(-6.19485801277066,4.21174728605732,15.0382388068448));
#5870=CARTESIAN_POINT('',(-6.18849357347821,4.22111198799202,15.0382388068448));
#5871=CARTESIAN_POINT('',(-6.18256621773745,4.23072026460226,15.0382388068448));
#5872=CARTESIAN_POINT('',(-6.17158364769331,4.25042760206829,15.0382388068448));
#5873=CARTESIAN_POINT('',(-6.16650896829518,4.26056658930883,15.0382388068448));
#5874=CARTESIAN_POINT('',(-6.1573100609492,4.2811809554819,15.0382388068448));
#5875=CARTESIAN_POINT('',(-6.1531505945748,4.29173783667461,15.0382388068448));
#5876=CARTESIAN_POINT('',(-6.14580758966864,4.31310742650883,15.0382388068448));
#5877=CARTESIAN_POINT('',(-6.14259669167013,4.3240048328412,15.0382388068448));
#5878=CARTESIAN_POINT('',(-6.137169963634,4.34597405164381,15.0382388068448));
#5879=CARTESIAN_POINT('',(-6.13493505522481,4.3571331326552,15.0382388068448));
#5880=CARTESIAN_POINT('',(-6.13147327435883,4.37954444888497,15.0382388068448));
#5881=CARTESIAN_POINT('',(-6.13023605057583,4.39088587809356,15.0382388068448));
#5882=CARTESIAN_POINT('',(-6.12877688213386,4.41358209673962,15.0382388068448));
#5883=CARTESIAN_POINT('',(-6.12855385373145,4.42502732718648,15.0382388068448));
#5884=CARTESIAN_POINT('',(-6.12912549315928,4.44785454447284,15.0382388068448));
#5885=CARTESIAN_POINT('',(-6.12992907050372,4.4593274797183,15.0382388068448));
#5886=CARTESIAN_POINT('',(-6.13255320326804,4.48213923302978,15.0382388068448));
#5887=CARTESIAN_POINT('',(-6.13439374002858,4.49356864159482,15.0382388068448));
#5888=CARTESIAN_POINT('',(-6.13909115190282,4.51623231630022,15.0382388068448));
#5889=CARTESIAN_POINT('',(-6.14198084019361,4.52755567332888,15.0382388068448));
#5890=CARTESIAN_POINT('',(-6.14878242234773,4.54996350963852,15.0382388068448));
#5891=CARTESIAN_POINT('',(-6.15274309533739,4.5611337916191,15.0382388068448));
#5892=CARTESIAN_POINT('',(-6.16171297476826,4.58322413050175,15.0382388068448));
#5893=CARTESIAN_POINT('',(-6.16679304206994,4.59422327832618,15.0382388068448));
#5894=CARTESIAN_POINT('',(-6.17808239799259,4.61602724524671,15.0382388068448));
#5895=CARTESIAN_POINT('',(-6.18439796515969,4.62689641420722,15.0382388068448));
#5896=CARTESIAN_POINT('',(-6.19838939862964,4.64865776339899,15.0382388068448));
#5897=CARTESIAN_POINT('',(-6.20617581788587,4.65954516003608,15.0382388068448));
#5898=CARTESIAN_POINT('',(-6.21451804394462,4.6700739374668,15.0382388068448));
#5899=CARTESIAN_POINT('',(-6.26181664103977,4.11153661712959,15.0382388068448));
#5900=AXIS2_PLACEMENT_3D('',#5901,#5902,#5903);
#5901=CARTESIAN_POINT('',(0.,0.,15.0382388068448));
#5902=DIRECTION('',(-1.77635683940025E-16,0.,-1.));
#5903=DIRECTION('',(-0.835911979847786,0.548863518506152,1.48487796253922E-16));
#5904=CARTESIAN_POINT('',(-6.69277882169147,3.95430610143397,15.0382388068448));
#5905=CARTESIAN_POINT('',(-6.69277882169147,3.95430610143397,15.0382388068448));
#5906=CARTESIAN_POINT('',(-6.67985906801914,3.95062807820851,15.0382388068448));
#5907=CARTESIAN_POINT('',(-6.66682069145699,3.94760079114072,15.0382388068448));
#5908=CARTESIAN_POINT('',(-6.6413615365549,3.94300209992895,15.0382388068448));
#5909=CARTESIAN_POINT('',(-6.62890287089604,3.94132672757182,15.0382388068448));
#5910=CARTESIAN_POINT('',(-6.60443838265694,3.93924073959997,15.0382388068448));
#5911=CARTESIAN_POINT('',(-6.59233243751523,3.93875656103872,15.0382388068448));
#5912=CARTESIAN_POINT('',(-6.56849100130681,3.93892307972916,15.0382388068448));
#5913=CARTESIAN_POINT('',(-6.5566553224784,3.93953857686787,15.0382388068448));
#5914=CARTESIAN_POINT('',(-6.53335032833981,3.94182984203783,15.0382388068448));
#5915=CARTESIAN_POINT('',(-6.52178307470813,3.94349337930424,15.0382388068448));
#5916=CARTESIAN_POINT('',(-6.49904694781705,3.94782654944413,15.0382388068448));
#5917=CARTESIAN_POINT('',(-6.48778320825019,3.9504999605018,15.0382388068448));
#5918=CARTESIAN_POINT('',(-6.46570368413179,3.95680525800577,15.0382388068448));
#5919=CARTESIAN_POINT('',(-6.45479655834434,3.96045335158348,15.0382388068448));
#5920=CARTESIAN_POINT('',(-6.43348820257096,3.96866082347861,15.0382388068448));
#5921=CARTESIAN_POINT('',(-6.42299953769079,3.97324677492639,15.0382388068448));
#5922=CARTESIAN_POINT('',(-6.40258936540606,3.98328033763759,15.0382388068448));
#5923=CARTESIAN_POINT('',(-6.3925847161347,3.98876356042531,15.0382388068448));
#5924=CARTESIAN_POINT('',(-6.37320412595726,4.00053826833206,15.0382388068448));
#5925=CARTESIAN_POINT('',(-6.36374974183026,4.00687344989183,15.0382388068448));
#5926=CARTESIAN_POINT('',(-6.34552954914464,4.02029434891067,15.0382388068448));
#5927=CARTESIAN_POINT('',(-6.33669041594375,4.02743108871163,15.0382388068448));
#5928=CARTESIAN_POINT('',(-6.31975753559911,4.04239292863755,15.0382388068448));
#5929=CARTESIAN_POINT('',(-6.31159600800698,4.05027571801693,15.0382388068448));
#5930=CARTESIAN_POINT('',(-6.29607108646116,4.06666317663849,15.0382388068448));
#5931=CARTESIAN_POINT('',(-6.28864587939946,4.07523159150639,15.0382388068448));
#5932=CARTESIAN_POINT('',(-6.27464152127498,4.09291983472882,15.0382388068448));
#5933=CARTESIAN_POINT('',(-6.2680329320118,4.10207292565194,15.0382388068448));
#5934=CARTESIAN_POINT('',(-6.26181664103977,4.11153661712959,15.0382388068448));
#5935=CARTESIAN_POINT('',(-8.46086596293983,3.95710593832995,15.0382388068448));
#5936=CARTESIAN_POINT('',(-8.46086596273616,3.95710593876544,15.0382388068448));
#5937=CARTESIAN_POINT('',(-8.41568383644684,3.96618154548626,15.0382388068448));
#5938=CARTESIAN_POINT('',(-8.37039959935179,3.9746710349284,15.0382388068448));
#5939=CARTESIAN_POINT('',(-8.28017405502022,3.99038250078723,15.0382388068448));
#5940=CARTESIAN_POINT('',(-8.23522350438807,3.99764269828113,15.0382388068448));
#5941=CARTESIAN_POINT('',(-8.14571928615638,4.01084123087212,15.0382388068448));
#5942=CARTESIAN_POINT('',(-8.10114335373855,4.01684392820582,15.0382388068448));
#5943=CARTESIAN_POINT('',(-8.01242206417124,4.02751652594762,15.0382388068448));
#5944=CARTESIAN_POINT('',(-7.96825188832063,4.03225464847564,15.0382388068448));
#5945=CARTESIAN_POINT('',(-7.88037753342501,4.04038422898219,15.0382388068448));
#5946=CARTESIAN_POINT('',(-7.83664553764688,4.04384851435422,15.0382388068448));
#5947=CARTESIAN_POINT('',(-7.74968517751038,4.04941279459922,15.0382388068448));
#5948=CARTESIAN_POINT('',(-7.70642541792128,4.05159119607456,15.0382388068448));
#5949=CARTESIAN_POINT('',(-7.62045004017761,4.05456120048245,15.0382388068448));
#5950=CARTESIAN_POINT('',(-7.57769867107319,4.05543809317511,15.0382388068448));
#5951=CARTESIAN_POINT('',(-7.49278439145906,4.05577611550537,15.0382388068448));
#5952=CARTESIAN_POINT('',(-7.45058030282414,4.05533121579609,15.0382388068448));
#5953=CARTESIAN_POINT('',(-7.36681006335882,4.05298794999628,15.0382388068448));
#5954=CARTESIAN_POINT('',(-7.32519577635507,4.05119480475378,15.0382388068448));
#5955=CARTESIAN_POINT('',(-7.24266183429694,4.04610515513676,15.0382388068448));
#5956=CARTESIAN_POINT('',(-7.2016847971099,4.04292896379435,15.0382388068448));
#5957=CARTESIAN_POINT('',(-7.1204925407818,4.03500563909945,15.0382388068448));
#5958=CARTESIAN_POINT('',(-7.08020706848814,4.03040000406539,15.0382388068448));
#5959=CARTESIAN_POINT('',(-7.00048122121293,4.0195231227311,15.0382388068448));
#5960=CARTESIAN_POINT('',(-6.96095150372213,4.01342502812672,15.0382388068448));
#5961=CARTESIAN_POINT('',(-6.88284705211436,3.99942383214879,15.0382388068448));
#5962=CARTESIAN_POINT('',(-6.84415191372605,3.99174574448261,15.0382388068448));
#5963=CARTESIAN_POINT('',(-6.76787574798981,3.97436241871385,15.0382388068448));
#5964=CARTESIAN_POINT('',(-6.73022114690008,3.96480036125239,15.0382388068448));
#5965=CARTESIAN_POINT('',(-6.69277882169147,3.95430610143397,15.0382388068448));
#5966=CARTESIAN_POINT('',(-8.78083214013579,3.18463925378659,15.0382388068448));
#5967=AXIS2_PLACEMENT_3D('',#5968,#5969,#5970);
#5968=CARTESIAN_POINT('',(0.,0.,15.0382388068448));
#5969=DIRECTION('',(1.77635683940025E-16,0.,1.));
#5970=DIRECTION('',(-0.905825808376801,0.423650333268504,1.60906987001539E-16));
#5971=CARTESIAN_POINT('',(-7.52862594901105,1.93639263058846,15.0382388068448));
#5972=CARTESIAN_POINT('',(-7.52862594901105,1.93639263058846,15.0382388068448));
#5973=CARTESIAN_POINT('',(-7.56252223335059,1.95544779036572,15.0382388068448));
#5974=CARTESIAN_POINT('',(-7.5959094527971,1.97531221846604,15.0382388068448));
#5975=CARTESIAN_POINT('',(-7.66213671436277,2.01695574497038,15.0382388068448));
#5976=CARTESIAN_POINT('',(-7.6949275369714,2.03888811186842,15.0382388068448));
#5977=CARTESIAN_POINT('',(-7.76005606496482,2.0842159586204,15.0382388068448));
#5978=CARTESIAN_POINT('',(-7.79231980030803,2.10785568586946,15.0382388068448));
#5979=CARTESIAN_POINT('',(-7.85638560410182,2.15653925656397,15.0382388068448));
#5980=CARTESIAN_POINT('',(-7.88812841050822,2.18176871144186,15.0382388068448));
#5981=CARTESIAN_POINT('',(-7.95114264215897,2.23357766984999,15.0382388068448));
#5982=CARTESIAN_POINT('',(-7.98236368946342,2.26030690428132,15.0382388068448));
#5983=CARTESIAN_POINT('',(-8.04432292532884,2.31506828863062,15.0382388068448));
#5984=CARTESIAN_POINT('',(-8.07501661502405,2.3432260880046,15.0382388068448));
#5985=CARTESIAN_POINT('',(-8.13590805854877,2.40080365325498,15.0382388068448));
#5986=CARTESIAN_POINT('',(-8.1660654474177,2.43033185892115,15.0382388068448));
#5987=CARTESIAN_POINT('',(-8.2258698924705,2.49061433973779,15.0382388068448));
#5988=CARTESIAN_POINT('',(-8.25547961869989,2.52146417950588,15.0382388068448));
#5989=CARTESIAN_POINT('',(-8.31417328106055,2.58435806238047,15.0382388068448));
#5990=CARTESIAN_POINT('',(-8.34322218796314,2.61648769419379,15.0382388068448));
#5991=CARTESIAN_POINT('',(-8.40077790801642,2.68191249483439,15.0382388068448));
#5992=CARTESIAN_POINT('',(-8.42925147910743,2.71528530528246,15.0382388068448));
#5993=CARTESIAN_POINT('',(-8.48563954984213,2.78317033902593,15.0382388068448));
#5994=CARTESIAN_POINT('',(-8.51352222214265,2.81775372846575,15.0382388068448));
#5995=CARTESIAN_POINT('',(-8.5687109813952,2.88803582019052,15.0382388068448));
#5996=CARTESIAN_POINT('',(-8.59598637749549,2.92380031227096,15.0382388068448));
#5997=CARTESIAN_POINT('',(-8.64994264525511,2.99642212382418,15.0382388068448));
#5998=CARTESIAN_POINT('',(-8.6765937495445,3.03334069787493,15.0382388068448));
#5999=CARTESIAN_POINT('',(-8.72928315972643,3.10824947615919,15.0382388068448));
#6000=CARTESIAN_POINT('',(-8.75530097530386,3.14627324284331,15.0382388068448));
#6001=CARTESIAN_POINT('',(-8.78083214013578,3.18463925378659,15.0382388068448));
#6002=CARTESIAN_POINT('',(-7.33506843249512,1.52047758635687,15.0382388068448));
#6003=CARTESIAN_POINT('',(-7.33506843249512,1.52047758635687,15.0382388068448));
#6004=CARTESIAN_POINT('',(-7.33277217357636,1.53156500827592,15.0382388068448));
#6005=CARTESIAN_POINT('',(-7.33097293919788,1.54271019921855,15.0382388068448));
#6006=CARTESIAN_POINT('',(-7.32836803906401,1.56512025254439,15.0382388068448));
#6007=CARTESIAN_POINT('',(-7.32755966907194,1.57642945106654,15.0382388068448));
#6008=CARTESIAN_POINT('',(-7.32694976325666,1.59899491148671,15.0382388068448));
#6009=CARTESIAN_POINT('',(-7.32714686093707,1.61033995681676,15.0382388068448));
#6010=CARTESIAN_POINT('',(-7.32854059698314,1.63289292980412,15.0382388068448));
#6011=CARTESIAN_POINT('',(-7.32974437090048,1.6441895779391,15.0382388068448));
#6012=CARTESIAN_POINT('',(-7.33313798399716,1.66656320844747,15.0382388068448));
#6013=CARTESIAN_POINT('',(-7.33534359328435,1.67772811741659,15.0382388068448));
#6014=CARTESIAN_POINT('',(-7.34072176421487,1.6997582399618,15.0382388068448));
#6015=CARTESIAN_POINT('',(-7.34391889554208,1.71070981932092,15.0382388068448));
#6016=CARTESIAN_POINT('',(-7.35125626653725,1.73223679078119,15.0382388068448));
#6017=CARTESIAN_POINT('',(-7.3554301152327,1.74289615421047,15.0382388068448));
#6018=CARTESIAN_POINT('',(-7.36469383906254,1.7637669961072,15.0382388068448));
#6019=CARTESIAN_POINT('',(-7.36982674996289,1.77405909042197,15.0382388068448));
#6020=CARTESIAN_POINT('',(-7.38098081256994,1.79413019027392,15.0382388068448));
#6021=CARTESIAN_POINT('',(-7.3870550921114,1.80398524399094,15.0382388068448));
#6022=CARTESIAN_POINT('',(-7.40006794762406,1.82312612748349,15.0382388068448));
#6023=CARTESIAN_POINT('',(-7.40707093262488,1.832481709448,15.0382388068448));
#6024=CARTESIAN_POINT('',(-7.42192988287662,1.85058099797808,15.0382388068448));
#6025=CARTESIAN_POINT('',(-7.42986374943555,1.85938530893817,15.0382388068448));
#6026=CARTESIAN_POINT('',(-7.44660444415654,1.87636149664958,15.0382388068448));
#6027=CARTESIAN_POINT('',(-7.45550700600289,1.88457932660799,15.0382388068448));
#6028=CARTESIAN_POINT('',(-7.47428102777538,1.90040331589974,15.0382388068448));
#6029=CARTESIAN_POINT('',(-7.48427530190204,1.90802825571693,15.0382388068448));
#6030=CARTESIAN_POINT('',(-7.50552940871701,1.92277883105105,15.0382388068448));
#6031=CARTESIAN_POINT('',(-7.516889548414,1.92985774031958,15.0382388068448));
#6032=CARTESIAN_POINT('',(-7.52862594901105,1.93639263058846,15.0382388068448));
#6033=CARTESIAN_POINT('',(-7.35858117593312,1.40227104270278,15.0382388068448));
#6034=AXIS2_PLACEMENT_3D('',#6035,#6036,#6037);
#6035=CARTESIAN_POINT('',(0.,0.,15.0382388068448));
#6036=DIRECTION('',(-1.77635683940025E-16,0.,-1.));
#6037=DIRECTION('',(-0.982322944324272,0.187194105286715,1.74495608065021E-16));
#6038=CARTESIAN_POINT('',(-7.69656880050473,1.09208690085407,15.0382388068448));
#6039=CARTESIAN_POINT('',(-7.69656880050473,1.09208690085407,15.0382388068448));
#6040=CARTESIAN_POINT('',(-7.68322498596954,1.0936330261566,15.0382388068448));
#6041=CARTESIAN_POINT('',(-7.67002060412074,1.09582574829091,15.0382388068448));
#6042=CARTESIAN_POINT('',(-7.64473956905435,1.10131990838706,15.0382388068448));
#6043=CARTESIAN_POINT('',(-7.63258812560561,1.104539791094,15.0382388068448));
#6044=CARTESIAN_POINT('',(-7.60918761261121,1.11197474383214,15.0382388068448));
#6045=CARTESIAN_POINT('',(-7.59781789055938,1.11616016580817,15.0382388068448));
#6046=CARTESIAN_POINT('',(-7.57585499956475,1.12543773165881,15.0382388068448));
#6047=CARTESIAN_POINT('',(-7.56515579869946,1.13053569506599,15.0382388068448));
#6048=CARTESIAN_POINT('',(-7.54450162082922,1.14157098320828,15.0382388068448));
#6049=CARTESIAN_POINT('',(-7.53445148010253,1.1475344875631,15.0382388068448));
#6050=CARTESIAN_POINT('',(-7.51510427024143,1.1602385538436,15.0382388068448));
#6051=CARTESIAN_POINT('',(-7.50572100191575,1.16701891012048,15.0382388068448));
#6052=CARTESIAN_POINT('',(-7.48773511438606,1.1812937135054,15.0382388068448));
#6053=CARTESIAN_POINT('',(-7.47905430908442,1.18883808882813,15.0382388068448));
#6054=CARTESIAN_POINT('',(-7.4625088188298,1.20457515885111,15.0382388068448));
#6055=CARTESIAN_POINT('',(-7.45457352366433,1.21282586380808,15.0382388068448));
#6056=CARTESIAN_POINT('',(-7.43955666145261,1.22990630182021,15.0382388068448));
#6057=CARTESIAN_POINT('',(-7.43241190927768,1.23880075264876,15.0382388068448));
#6058=CARTESIAN_POINT('',(-7.4190125643216,1.25709579505546,15.0382388068448));
#6059=CARTESIAN_POINT('',(-7.41270222135811,1.26656677580189,15.0382388068448));
#6060=CARTESIAN_POINT('',(-7.40100491395942,1.28593863558859,15.0382388068448));
#6061=CARTESIAN_POINT('',(-7.3955697317929,1.295914713252,15.0382388068448));
#6062=CARTESIAN_POINT('',(-7.38565143847337,1.31621758369838,15.0382388068448));
#6063=CARTESIAN_POINT('',(-7.38112778307329,1.32662361285738,15.0382388068448));
#6064=CARTESIAN_POINT('',(-7.3730558347263,1.34770478073207,15.0382388068448));
#6065=CARTESIAN_POINT('',(-7.36947482830892,1.35846246757899,15.0382388068448));
#6066=CARTESIAN_POINT('',(-7.36330548610062,1.38016350929342,15.0382388068448));
#6067=CARTESIAN_POINT('',(-7.3607026819928,1.39114886027883,15.0382388068448));
#6068=CARTESIAN_POINT('',(-7.35858117593312,1.40227104270279,15.0382388068448));
#6069=CARTESIAN_POINT('',(-9.33113977317238,0.418055957403414,15.0382388068448));
#6070=CARTESIAN_POINT('',(-9.33113977317238,0.418055957403411,15.0382388068448));
#6071=CARTESIAN_POINT('',(-9.29287001578906,0.44373117586786,15.0382388068448));
#6072=CARTESIAN_POINT('',(-9.2542816229503,0.468903968688487,15.0382388068448));
#6073=CARTESIAN_POINT('',(-9.17693660691502,0.517947291413023,15.0382388068448));
#6074=CARTESIAN_POINT('',(-9.13818607050747,0.541856670282236,15.0382388068448));
#6075=CARTESIAN_POINT('',(-9.0605458149639,0.588302305846291,15.0382388068448));
#6076=CARTESIAN_POINT('',(-9.02166015617957,0.610906545871295,15.0382388068448));
#6077=CARTESIAN_POINT('',(-8.94377659898641,0.654718908099142,15.0382388068448));
#6078=CARTESIAN_POINT('',(-8.90478187856259,0.675999557027993,15.0382388068448));
#6079=CARTESIAN_POINT('',(-8.82670761641383,0.717138369814222,15.0382388068448));
#6080=CARTESIAN_POINT('',(-8.7876302452154,0.737074462412764,15.0382388068448));
#6081=CARTESIAN_POINT('',(-8.70941870620828,0.775493476141023,15.0382388068448));
#6082=CARTESIAN_POINT('',(-8.67028553789621,0.794060849960523,15.0382388068448));
#6083=CARTESIAN_POINT('',(-8.59199121757985,0.829706128898273,15.0382388068448));
#6084=CARTESIAN_POINT('',(-8.55282967498288,0.846876512776412,15.0382388068448));
#6085=CARTESIAN_POINT('',(-8.47450846557501,0.879684092668413,15.0382388068448));
#6086=CARTESIAN_POINT('',(-8.43534671614911,0.895423864431642,15.0382388068448));
#6087=CARTESIAN_POINT('',(-8.35705637747432,0.925316451888598,15.0382388068448));
#6088=CARTESIAN_POINT('',(-8.31792358247537,0.939584899886263,15.0382388068448));
#6089=CARTESIAN_POINT('',(-8.23972443808542,0.966467049010859,15.0382388068448));
#6090=CARTESIAN_POINT('',(-8.20065111632059,0.979213864077167,15.0382388068448));
#6091=CARTESIAN_POINT('',(-8.12260712741066,1.00296459789521,15.0382388068448));
#6092=CARTESIAN_POINT('',(-8.08362570387795,1.01412612876481,15.0382388068448));
#6093=CARTESIAN_POINT('',(-8.00580622308582,1.034586961606,15.0382388068448));
#6094=CARTESIAN_POINT('',(-7.96695188639603,1.04408042478349,15.0382388068448));
#6095=CARTESIAN_POINT('',(-7.88943475642354,1.06103428601305,15.0382388068448));
#6096=CARTESIAN_POINT('',(-7.8507468331168,1.06874864634373,15.0382388068448));
#6097=CARTESIAN_POINT('',(-7.77362453400354,1.08187817237059,15.0382388068448));
#6098=CARTESIAN_POINT('',(-7.73517697778204,1.08745377518261,15.0382388068448));
#6099=CARTESIAN_POINT('',(-7.69656880050473,1.09208690085407,15.0382388068448));
#6100=CARTESIAN_POINT('',(-9.33113977317494,-0.418055957346176,15.0382388068448));
#6101=AXIS2_PLACEMENT_3D('',#6102,#6103,#6104);
#6102=CARTESIAN_POINT('',(0.,0.,15.0382388068448));
#6103=DIRECTION('',(1.77635683940025E-16,0.,1.));
#6104=DIRECTION('',(-0.998997888033015,0.0447573424766781,1.77457673095385E-16));
#6105=CARTESIAN_POINT('',(-7.69656880050472,-1.09208690085407,15.0382388068448));
#6106=CARTESIAN_POINT('',(-7.69656880050472,-1.09208690085407,15.0382388068448));
#6107=CARTESIAN_POINT('',(-7.73517697778203,-1.0874537751826,15.0382388068448));
#6108=CARTESIAN_POINT('',(-7.77362453400354,-1.08187817237058,15.0382388068448));
#6109=CARTESIAN_POINT('',(-7.8507468331168,-1.06874864634373,15.0382388068448));
#6110=CARTESIAN_POINT('',(-7.88943475642354,-1.06103428601305,15.0382388068448));
#6111=CARTESIAN_POINT('',(-7.96695188639602,-1.04408042478349,15.0382388068448));
#6112=CARTESIAN_POINT('',(-8.00580622308582,-1.034586961606,15.0382388068448));
#6113=CARTESIAN_POINT('',(-8.08362570387795,-1.01412612876481,15.0382388068448));
#6114=CARTESIAN_POINT('',(-8.12260712741066,-1.0029645978952,15.0382388068448));
#6115=CARTESIAN_POINT('',(-8.20065111632059,-0.97921386407716,15.0382388068448));
#6116=CARTESIAN_POINT('',(-8.23972443808542,-0.966467049010859,15.0382388068448));
#6117=CARTESIAN_POINT('',(-8.31792358247537,-0.93958489988626,15.0382388068448));
#6118=CARTESIAN_POINT('',(-8.35705637747431,-0.925316451888598,15.0382388068448));
#6119=CARTESIAN_POINT('',(-8.43534671614911,-0.895423864431642,15.0382388068448));
#6120=CARTESIAN_POINT('',(-8.47450846557501,-0.879684092668413,15.0382388068448));
#6121=CARTESIAN_POINT('',(-8.55282967498288,-0.846876512776412,15.0382388068448));
#6122=CARTESIAN_POINT('',(-8.59199121757984,-0.829706128898273,15.0382388068448));
#6123=CARTESIAN_POINT('',(-8.6702855378962,-0.79406084996052,15.0382388068448));
#6124=CARTESIAN_POINT('',(-8.70941870620828,-0.775493476141015,15.0382388068448));
#6125=CARTESIAN_POINT('',(-8.7876302452154,-0.73707446241276,15.0382388068448));
#6126=CARTESIAN_POINT('',(-8.82670761641383,-0.717138369814219,15.0382388068448));
#6127=CARTESIAN_POINT('',(-8.90478187856259,-0.675999557027989,15.0382388068448));
#6128=CARTESIAN_POINT('',(-8.9437765989864,-0.654718908099138,15.0382388068448));
#6129=CARTESIAN_POINT('',(-9.02166015617956,-0.610906545871288,15.0382388068448));
#6130=CARTESIAN_POINT('',(-9.06054581496389,-0.588302305846291,15.0382388068448));
#6131=CARTESIAN_POINT('',(-9.13818607050746,-0.541856670282229,15.0382388068448));
#6132=CARTESIAN_POINT('',(-9.17693660691502,-0.517947291413023,15.0382388068448));
#6133=CARTESIAN_POINT('',(-9.2542816229503,-0.46890396868848,15.0382388068448));
#6134=CARTESIAN_POINT('',(-9.29287001578906,-0.44373117586786,15.0382388068448));
#6135=CARTESIAN_POINT('',(-9.33113977317238,-0.418055957403411,15.0382388068448));
#6136=CARTESIAN_POINT('',(-7.35858117593312,-1.40227104270278,15.0382388068448));
#6137=CARTESIAN_POINT('',(-7.35858117593312,-1.40227104270278,15.0382388068448));
#6138=CARTESIAN_POINT('',(-7.3607026819928,-1.39114886027882,15.0382388068448));
#6139=CARTESIAN_POINT('',(-7.36330548610062,-1.38016350929341,15.0382388068448));
#6140=CARTESIAN_POINT('',(-7.36947482830892,-1.35846246757898,15.0382388068448));
#6141=CARTESIAN_POINT('',(-7.3730558347263,-1.34770478073207,15.0382388068448));
#6142=CARTESIAN_POINT('',(-7.38112778307329,-1.32662361285738,15.0382388068448));
#6143=CARTESIAN_POINT('',(-7.38565143847337,-1.31621758369838,15.0382388068448));
#6144=CARTESIAN_POINT('',(-7.3955697317929,-1.295914713252,15.0382388068448));
#6145=CARTESIAN_POINT('',(-7.40100491395942,-1.28593863558859,15.0382388068448));
#6146=CARTESIAN_POINT('',(-7.41270222135811,-1.26656677580189,15.0382388068448));
#6147=CARTESIAN_POINT('',(-7.4190125643216,-1.25709579505545,15.0382388068448));
#6148=CARTESIAN_POINT('',(-7.43241190927768,-1.23880075264875,15.0382388068448));
#6149=CARTESIAN_POINT('',(-7.43955666145261,-1.2299063018202,15.0382388068448));
#6150=CARTESIAN_POINT('',(-7.45457352366433,-1.21282586380807,15.0382388068448));
#6151=CARTESIAN_POINT('',(-7.4625088188298,-1.20457515885111,15.0382388068448));
#6152=CARTESIAN_POINT('',(-7.47905430908442,-1.18883808882812,15.0382388068448));
#6153=CARTESIAN_POINT('',(-7.48773511438606,-1.1812937135054,15.0382388068448));
#6154=CARTESIAN_POINT('',(-7.50572100191574,-1.16701891012048,15.0382388068448));
#6155=CARTESIAN_POINT('',(-7.51510427024143,-1.16023855384359,15.0382388068448));
#6156=CARTESIAN_POINT('',(-7.53445148010253,-1.1475344875631,15.0382388068448));
#6157=CARTESIAN_POINT('',(-7.54450162082922,-1.14157098320828,15.0382388068448));
#6158=CARTESIAN_POINT('',(-7.56515579869946,-1.13053569506599,15.0382388068448));
#6159=CARTESIAN_POINT('',(-7.57585499956475,-1.1254377316588,15.0382388068448));
#6160=CARTESIAN_POINT('',(-7.59781789055937,-1.11616016580816,15.0382388068448));
#6161=CARTESIAN_POINT('',(-7.60918761261121,-1.11197474383214,15.0382388068448));
#6162=CARTESIAN_POINT('',(-7.63258812560561,-1.104539791094,15.0382388068448));
#6163=CARTESIAN_POINT('',(-7.64473956905435,-1.10131990838706,15.0382388068448));
#6164=CARTESIAN_POINT('',(-7.67002060412074,-1.09582574829091,15.0382388068448));
#6165=CARTESIAN_POINT('',(-7.68322498596954,-1.0936330261566,15.0382388068448));
#6166=CARTESIAN_POINT('',(-7.69656880050472,-1.09208690085407,15.0382388068448));
#6167=CARTESIAN_POINT('',(-7.33506843249512,-1.52047758635686,15.0382388068448));
#6168=AXIS2_PLACEMENT_3D('',#6169,#6170,#6171);
#6169=CARTESIAN_POINT('',(0.,0.,15.0382388068448));
#6170=DIRECTION('',(-1.77635683940025E-16,0.,-1.));
#6171=DIRECTION('',(-0.979184145307051,-0.202973913543834,1.73938045354847E-16));
#6172=CARTESIAN_POINT('',(-7.52862594901105,-1.93639263058845,15.0382388068448));
#6173=CARTESIAN_POINT('',(-7.52862594901105,-1.93639263058845,15.0382388068448));
#6174=CARTESIAN_POINT('',(-7.516889548414,-1.92985774031958,15.0382388068448));
#6175=CARTESIAN_POINT('',(-7.50552940871701,-1.92277883105104,15.0382388068448));
#6176=CARTESIAN_POINT('',(-7.48427530190203,-1.90802825571692,15.0382388068448));
#6177=CARTESIAN_POINT('',(-7.47428102777538,-1.90040331589974,15.0382388068448));
#6178=CARTESIAN_POINT('',(-7.45550700600289,-1.88457932660799,15.0382388068448));
#6179=CARTESIAN_POINT('',(-7.44660444415654,-1.87636149664958,15.0382388068448));
#6180=CARTESIAN_POINT('',(-7.42986374943555,-1.85938530893817,15.0382388068448));
#6181=CARTESIAN_POINT('',(-7.42192988287662,-1.85058099797808,15.0382388068448));
#6182=CARTESIAN_POINT('',(-7.40707093262488,-1.83248170944799,15.0382388068448));
#6183=CARTESIAN_POINT('',(-7.40006794762406,-1.82312612748349,15.0382388068448));
#6184=CARTESIAN_POINT('',(-7.3870550921114,-1.80398524399094,15.0382388068448));
#6185=CARTESIAN_POINT('',(-7.38098081256994,-1.79413019027391,15.0382388068448));
#6186=CARTESIAN_POINT('',(-7.36982674996289,-1.77405909042197,15.0382388068448));
#6187=CARTESIAN_POINT('',(-7.36469383906254,-1.7637669961072,15.0382388068448));
#6188=CARTESIAN_POINT('',(-7.3554301152327,-1.74289615421047,15.0382388068448));
#6189=CARTESIAN_POINT('',(-7.35125626653724,-1.73223679078119,15.0382388068448));
#6190=CARTESIAN_POINT('',(-7.34391889554208,-1.71070981932091,15.0382388068448));
#6191=CARTESIAN_POINT('',(-7.34072176421486,-1.69975823996179,15.0382388068448));
#6192=CARTESIAN_POINT('',(-7.33534359328435,-1.67772811741658,15.0382388068448));
#6193=CARTESIAN_POINT('',(-7.33313798399716,-1.66656320844747,15.0382388068448));
#6194=CARTESIAN_POINT('',(-7.32974437090048,-1.6441895779391,15.0382388068448));
#6195=CARTESIAN_POINT('',(-7.32854059698314,-1.63289292980411,15.0382388068448));
#6196=CARTESIAN_POINT('',(-7.32714686093707,-1.61033995681676,15.0382388068448));
#6197=CARTESIAN_POINT('',(-7.32694976325666,-1.5989949114867,15.0382388068448));
#6198=CARTESIAN_POINT('',(-7.32755966907194,-1.57642945106653,15.0382388068448));
#6199=CARTESIAN_POINT('',(-7.32836803906401,-1.56512025254438,15.0382388068448));
#6200=CARTESIAN_POINT('',(-7.33097293919788,-1.54271019921854,15.0382388068448));
#6201=CARTESIAN_POINT('',(-7.33277217357636,-1.53156500827592,15.0382388068448));
#6202=CARTESIAN_POINT('',(-7.33506843249512,-1.52047758635686,15.0382388068448));
#6203=CARTESIAN_POINT('',(-8.78083214011625,-3.18463925384045,15.0382388068448));
#6204=CARTESIAN_POINT('',(-8.78083214013578,-3.18463925378659,15.0382388068448));
#6205=CARTESIAN_POINT('',(-8.75530097530386,-3.1462732428433,15.0382388068448));
#6206=CARTESIAN_POINT('',(-8.72928315972643,-3.10824947615919,15.0382388068448));
#6207=CARTESIAN_POINT('',(-8.6765937495445,-3.03334069787493,15.0382388068448));
#6208=CARTESIAN_POINT('',(-8.64994264525511,-2.99642212382417,15.0382388068448));
#6209=CARTESIAN_POINT('',(-8.59598637749549,-2.92380031227095,15.0382388068448));
#6210=CARTESIAN_POINT('',(-8.5687109813952,-2.88803582019051,15.0382388068448));
#6211=CARTESIAN_POINT('',(-8.51352222214265,-2.81775372846575,15.0382388068448));
#6212=CARTESIAN_POINT('',(-8.48563954984213,-2.78317033902592,15.0382388068448));
#6213=CARTESIAN_POINT('',(-8.42925147910743,-2.71528530528246,15.0382388068448));
#6214=CARTESIAN_POINT('',(-8.40077790801642,-2.68191249483439,15.0382388068448));
#6215=CARTESIAN_POINT('',(-8.34322218796314,-2.61648769419379,15.0382388068448));
#6216=CARTESIAN_POINT('',(-8.31417328106055,-2.58435806238047,15.0382388068448));
#6217=CARTESIAN_POINT('',(-8.25547961869989,-2.52146417950587,15.0382388068448));
#6218=CARTESIAN_POINT('',(-8.2258698924705,-2.49061433973778,15.0382388068448));
#6219=CARTESIAN_POINT('',(-8.1660654474177,-2.43033185892114,15.0382388068448));
#6220=CARTESIAN_POINT('',(-8.13590805854877,-2.40080365325498,15.0382388068448));
#6221=CARTESIAN_POINT('',(-8.07501661502405,-2.34322608800459,15.0382388068448));
#6222=CARTESIAN_POINT('',(-8.04432292532884,-2.31506828863062,15.0382388068448));
#6223=CARTESIAN_POINT('',(-7.98236368946341,-2.26030690428132,15.0382388068448));
#6224=CARTESIAN_POINT('',(-7.95114264215896,-2.23357766984999,15.0382388068448));
#6225=CARTESIAN_POINT('',(-7.88812841050822,-2.18176871144186,15.0382388068448));
#6226=CARTESIAN_POINT('',(-7.85638560410182,-2.15653925656396,15.0382388068448));
#6227=CARTESIAN_POINT('',(-7.79231980030803,-2.10785568586945,15.0382388068448));
#6228=CARTESIAN_POINT('',(-7.76005606496482,-2.08421595862039,15.0382388068448));
#6229=CARTESIAN_POINT('',(-7.6949275369714,-2.03888811186841,15.0382388068448));
#6230=CARTESIAN_POINT('',(-7.66213671436277,-2.01695574497038,15.0382388068448));
#6231=CARTESIAN_POINT('',(-7.5959094527971,-1.97531221846604,15.0382388068448));
#6232=CARTESIAN_POINT('',(-7.56252223335059,-1.95544779036571,15.0382388068448));
#6233=CARTESIAN_POINT('',(-7.52862594901105,-1.93639263058845,15.0382388068448));
#6234=CARTESIAN_POINT('',(-8.46086596273616,-3.95710593876543,15.0382388068448));
#6235=AXIS2_PLACEMENT_3D('',#6236,#6237,#6238);
#6236=CARTESIAN_POINT('',(0.,0.,15.0382388068448));
#6237=DIRECTION('',(1.77635683940025E-16,0.,1.));
#6238=DIRECTION('',(-0.940081595214038,-0.340949548085681,1.66992037125275E-16));
#6239=CARTESIAN_POINT('',(-6.69277882169147,-3.95430610143396,15.0382388068448));
#6240=CARTESIAN_POINT('',(-6.69277882169147,-3.95430610143396,15.0382388068448));
#6241=CARTESIAN_POINT('',(-6.73022114690008,-3.96480036125239,15.0382388068448));
#6242=CARTESIAN_POINT('',(-6.76787574798981,-3.97436241871385,15.0382388068448));
#6243=CARTESIAN_POINT('',(-6.84415191372605,-3.99174574448261,15.0382388068448));
#6244=CARTESIAN_POINT('',(-6.88284705211436,-3.99942383214878,15.0382388068448));
#6245=CARTESIAN_POINT('',(-6.96095150372213,-4.01342502812672,15.0382388068448));
#6246=CARTESIAN_POINT('',(-7.00048122121293,-4.0195231227311,15.0382388068448));
#6247=CARTESIAN_POINT('',(-7.08020706848814,-4.03040000406539,15.0382388068448));
#6248=CARTESIAN_POINT('',(-7.1204925407818,-4.03500563909945,15.0382388068448));
#6249=CARTESIAN_POINT('',(-7.2016847971099,-4.04292896379435,15.0382388068448));
#6250=CARTESIAN_POINT('',(-7.24266183429694,-4.04610515513675,15.0382388068448));
#6251=CARTESIAN_POINT('',(-7.32519577635507,-4.05119480475378,15.0382388068448));
#6252=CARTESIAN_POINT('',(-7.36681006335882,-4.05298794999627,15.0382388068448));
#6253=CARTESIAN_POINT('',(-7.45058030282415,-4.05533121579608,15.0382388068448));
#6254=CARTESIAN_POINT('',(-7.49278439145906,-4.05577611550536,15.0382388068448));
#6255=CARTESIAN_POINT('',(-7.57769867107319,-4.0554380931751,15.0382388068448));
#6256=CARTESIAN_POINT('',(-7.62045004017761,-4.05456120048245,15.0382388068448));
#6257=CARTESIAN_POINT('',(-7.70642541792128,-4.05159119607456,15.0382388068448));
#6258=CARTESIAN_POINT('',(-7.74968517751038,-4.04941279459922,15.0382388068448));
#6259=CARTESIAN_POINT('',(-7.83664553764688,-4.04384851435421,15.0382388068448));
#6260=CARTESIAN_POINT('',(-7.88037753342501,-4.04038422898219,15.0382388068448));
#6261=CARTESIAN_POINT('',(-7.96825188832063,-4.03225464847564,15.0382388068448));
#6262=CARTESIAN_POINT('',(-8.01242206417124,-4.02751652594762,15.0382388068448));
#6263=CARTESIAN_POINT('',(-8.10114335373855,-4.01684392820582,15.0382388068448));
#6264=CARTESIAN_POINT('',(-8.14571928615638,-4.01084123087212,15.0382388068448));
#6265=CARTESIAN_POINT('',(-8.23522350438807,-3.99764269828112,15.0382388068448));
#6266=CARTESIAN_POINT('',(-8.28017405502023,-3.99038250078723,15.0382388068448));
#6267=CARTESIAN_POINT('',(-8.37039959935179,-3.9746710349284,15.0382388068448));
#6268=CARTESIAN_POINT('',(-8.41568383644685,-3.96618154548626,15.0382388068448));
#6269=CARTESIAN_POINT('',(-8.46086596273616,-3.95710593876543,15.0382388068448));
#6270=CARTESIAN_POINT('',(-6.26181664103977,-4.11153661712958,15.0382388068448));
#6271=CARTESIAN_POINT('',(-6.26181664103977,-4.11153661712958,15.0382388068448));
#6272=CARTESIAN_POINT('',(-6.2680329320118,-4.10207292565193,15.0382388068448));
#6273=CARTESIAN_POINT('',(-6.27464152127498,-4.09291983472882,15.0382388068448));
#6274=CARTESIAN_POINT('',(-6.28864587939946,-4.07523159150639,15.0382388068448));
#6275=CARTESIAN_POINT('',(-6.29607108646116,-4.06666317663849,15.0382388068448));
#6276=CARTESIAN_POINT('',(-6.31159600800698,-4.05027571801692,15.0382388068448));
#6277=CARTESIAN_POINT('',(-6.31975753559911,-4.04239292863755,15.0382388068448));
#6278=CARTESIAN_POINT('',(-6.33669041594375,-4.02743108871163,15.0382388068448));
#6279=CARTESIAN_POINT('',(-6.34552954914464,-4.02029434891067,15.0382388068448));
#6280=CARTESIAN_POINT('',(-6.36374974183026,-4.00687344989182,15.0382388068448));
#6281=CARTESIAN_POINT('',(-6.37320412595726,-4.00053826833205,15.0382388068448));
#6282=CARTESIAN_POINT('',(-6.3925847161347,-3.98876356042531,15.0382388068448));
#6283=CARTESIAN_POINT('',(-6.40258936540606,-3.98328033763759,15.0382388068448));
#6284=CARTESIAN_POINT('',(-6.42299953769079,-3.97324677492639,15.0382388068448));
#6285=CARTESIAN_POINT('',(-6.43348820257097,-3.96866082347861,15.0382388068448));
#6286=CARTESIAN_POINT('',(-6.45479655834434,-3.96045335158348,15.0382388068448));
#6287=CARTESIAN_POINT('',(-6.46570368413179,-3.95680525800576,15.0382388068448));
#6288=CARTESIAN_POINT('',(-6.48778320825019,-3.9504999605018,15.0382388068448));
#6289=CARTESIAN_POINT('',(-6.49904694781705,-3.94782654944412,15.0382388068448));
#6290=CARTESIAN_POINT('',(-6.52178307470813,-3.94349337930424,15.0382388068448));
#6291=CARTESIAN_POINT('',(-6.53335032833981,-3.94182984203782,15.0382388068448));
#6292=CARTESIAN_POINT('',(-6.5566553224784,-3.93953857686786,15.0382388068448));
#6293=CARTESIAN_POINT('',(-6.56849100130681,-3.93892307972916,15.0382388068448));
#6294=CARTESIAN_POINT('',(-6.59233243751523,-3.93875656103872,15.0382388068448));
#6295=CARTESIAN_POINT('',(-6.60443838265695,-3.93924073959997,15.0382388068448));
#6296=CARTESIAN_POINT('',(-6.62890287089604,-3.94132672757182,15.0382388068448));
#6297=CARTESIAN_POINT('',(-6.6413615365549,-3.94300209992895,15.0382388068448));
#6298=CARTESIAN_POINT('',(-6.666820691457,-3.94760079114072,15.0382388068448));
#6299=CARTESIAN_POINT('',(-6.67985906801915,-3.9506280782085,15.0382388068448));
#6300=CARTESIAN_POINT('',(-6.69277882169147,-3.95430610143396,15.0382388068448));
#6301=CARTESIAN_POINT('',(-6.19485801277065,-4.21174728605732,15.0382388068448));
#6302=AXIS2_PLACEMENT_3D('',#6303,#6304,#6305);
#6303=CARTESIAN_POINT('',(0.,0.,15.0382388068448));
#6304=DIRECTION('',(-1.77635683940025E-16,0.,-1.));
#6305=DIRECTION('',(-0.826973436493213,-0.562240994000443,1.46899991991705E-16));
#6306=CARTESIAN_POINT('',(-6.21451804394462,-4.67007393746679,15.0382388068448));
#6307=CARTESIAN_POINT('',(-6.21451804394462,-4.67007393746679,15.0382388068448));
#6308=CARTESIAN_POINT('',(-6.20617581788587,-4.65954516003608,15.0382388068448));
#6309=CARTESIAN_POINT('',(-6.19838939862964,-4.64865776339899,15.0382388068448));
#6310=CARTESIAN_POINT('',(-6.18439796515969,-4.62689641420722,15.0382388068448));
#6311=CARTESIAN_POINT('',(-6.17808239799259,-4.61602724524671,15.0382388068448));
#6312=CARTESIAN_POINT('',(-6.16679304206994,-4.59422327832618,15.0382388068448));
#6313=CARTESIAN_POINT('',(-6.16171297476826,-4.58322413050175,15.0382388068448));
#6314=CARTESIAN_POINT('',(-6.15274309533739,-4.5611337916191,15.0382388068448));
#6315=CARTESIAN_POINT('',(-6.14878242234773,-4.54996350963851,15.0382388068448));
#6316=CARTESIAN_POINT('',(-6.14198084019361,-4.52755567332887,15.0382388068448));
#6317=CARTESIAN_POINT('',(-6.13909115190282,-4.51623231630022,15.0382388068448));
#6318=CARTESIAN_POINT('',(-6.13439374002858,-4.49356864159482,15.0382388068448));
#6319=CARTESIAN_POINT('',(-6.13255320326804,-4.48213923302978,15.0382388068448));
#6320=CARTESIAN_POINT('',(-6.12992907050372,-4.4593274797183,15.0382388068448));
#6321=CARTESIAN_POINT('',(-6.12912549315928,-4.44785454447284,15.0382388068448));
#6322=CARTESIAN_POINT('',(-6.12855385373145,-4.42502732718648,15.0382388068448));
#6323=CARTESIAN_POINT('',(-6.12877688213387,-4.41358209673962,15.0382388068448));
#6324=CARTESIAN_POINT('',(-6.13023605057583,-4.39088587809356,15.0382388068448));
#6325=CARTESIAN_POINT('',(-6.13147327435884,-4.37954444888497,15.0382388068448));
#6326=CARTESIAN_POINT('',(-6.13493505522481,-4.3571331326552,15.0382388068448));
#6327=CARTESIAN_POINT('',(-6.137169963634,-4.34597405164381,15.0382388068448));
#6328=CARTESIAN_POINT('',(-6.14259669167013,-4.3240048328412,15.0382388068448));
#6329=CARTESIAN_POINT('',(-6.14580758966865,-4.31310742650883,15.0382388068448));
#6330=CARTESIAN_POINT('',(-6.1531505945748,-4.2917378366746,15.0382388068448));
#6331=CARTESIAN_POINT('',(-6.1573100609492,-4.2811809554819,15.0382388068448));
#6332=CARTESIAN_POINT('',(-6.16650896829518,-4.26056658930882,15.0382388068448));
#6333=CARTESIAN_POINT('',(-6.17158364769331,-4.25042760206829,15.0382388068448));
#6334=CARTESIAN_POINT('',(-6.18256621773745,-4.23072026460225,15.0382388068448));
#6335=CARTESIAN_POINT('',(-6.18849357347821,-4.22111198799202,15.0382388068448));
#6336=CARTESIAN_POINT('',(-6.19485801277066,-4.21174728605732,15.0382388068448));
#6337=CARTESIAN_POINT('',(-6.89372241220508,-6.30250200741431,15.0382388068448));
#6338=CARTESIAN_POINT('',(-6.89372241220508,-6.3025020074143,15.0382388068448));
#6339=CARTESIAN_POINT('',(-6.88481672832963,-6.25728608136954,15.0382388068448));
#6340=CARTESIAN_POINT('',(-6.87533046658312,-6.21220011461329,15.0382388068448));
#6341=CARTESIAN_POINT('',(-6.85531814732403,-6.12283006321332,15.0382388068448));
#6342=CARTESIAN_POINT('',(-6.84482386418801,-6.07852281221255,15.0382388068448));
#6343=CARTESIAN_POINT('',(-6.82276593686396,-5.99078083716077,15.0382388068448));
#6344=CARTESIAN_POINT('',(-6.8112532352519,-5.94730091273821,15.0382388068448));
#6345=CARTESIAN_POINT('',(-6.7871612622488,-5.86124890287289,15.0382388068448));
#6346=CARTESIAN_POINT('',(-6.77463552217229,-5.81862778046509,15.0382388068448));
#6347=CARTESIAN_POINT('',(-6.74851821546187,-5.73433140677246,15.0382388068448));
#6348=CARTESIAN_POINT('',(-6.73498328756331,-5.69260258634032,15.0382388068448));
#6349=CARTESIAN_POINT('',(-6.70684572309808,-5.61013233160759,15.0382388068448));
#6350=CARTESIAN_POINT('',(-6.6923035103519,-5.56933188698822,15.0382388068448));
#6351=CARTESIAN_POINT('',(-6.66214608398198,-5.48876442370996,15.0382388068448));
#6352=CARTESIAN_POINT('',(-6.64659598652575,-5.44893173650211,15.0382388068448));
#6353=CARTESIAN_POINT('',(-6.61441299045867,-5.37035181600312,15.0382388068448));
#6354=CARTESIAN_POINT('',(-6.59785115122459,-5.33153057807283,15.0382388068448));
#6355=CARTESIAN_POINT('',(-6.56362877314428,-5.25503369739647,15.0382388068448));
#6356=CARTESIAN_POINT('',(-6.5460470247699,-5.21727331634978,15.0382388068448));
#6357=CARTESIAN_POINT('',(-6.50976042942764,-5.14296962112978,15.0382388068448));
#6358=CARTESIAN_POINT('',(-6.49114477801617,-5.10632725097448,15.0382388068448));
#6359=CARTESIAN_POINT('',(-6.452753649168,-5.03434751224452,15.0382388068448));
#6360=CARTESIAN_POINT('',(-6.43308201441403,-4.99889108915792,15.0382388068448));
#6361=CARTESIAN_POINT('',(-6.39252332548823,-4.92939641293066,15.0382388068448));
#6362=CARTESIAN_POINT('',(-6.37176205272613,-4.89520935578905,15.0382388068448));
#6363=CARTESIAN_POINT('',(-6.32893735470718,-4.82840827728467,15.0382388068448));
#6364=CARTESIAN_POINT('',(-6.30703573828929,-4.79559690786211,15.0382388068448));
#6365=CARTESIAN_POINT('',(-6.26178601449297,-4.73177923029107,15.0382388068448));
#6366=CARTESIAN_POINT('',(-6.23854203332627,-4.70065015600921,15.0382388068448));
#6367=CARTESIAN_POINT('',(-6.21451804394462,-4.67007393746679,15.0382388068448));
#6368=CARTESIAN_POINT('',(-6.30250200776913,-6.89372241188068,15.0382388068448));
#6369=AXIS2_PLACEMENT_3D('',#6370,#6371,#6372);
#6370=CARTESIAN_POINT('',(0.,0.,15.0382388068448));
#6371=DIRECTION('',(1.77635683940025E-16,0.,1.));
#6372=DIRECTION('',(-0.738046401392332,-0.674749960646037,1.31103377290801E-16));
#6373=CARTESIAN_POINT('',(-4.67007393746679,-6.21451804394462,15.0382388068448));
#6374=CARTESIAN_POINT('',(-4.67007393746679,-6.21451804394462,15.0382388068448));
#6375=CARTESIAN_POINT('',(-4.70065015600921,-6.23854203332627,15.0382388068448));
#6376=CARTESIAN_POINT('',(-4.73177923029107,-6.26178601449297,15.0382388068448));
#6377=CARTESIAN_POINT('',(-4.79559690786211,-6.30703573828929,15.0382388068448));
#6378=CARTESIAN_POINT('',(-4.82840827728467,-6.32893735470718,15.0382388068448));
#6379=CARTESIAN_POINT('',(-4.89520935578905,-6.37176205272613,15.0382388068448));
#6380=CARTESIAN_POINT('',(-4.92939641293066,-6.39252332548823,15.0382388068448));
#6381=CARTESIAN_POINT('',(-4.99889108915792,-6.43308201441403,15.0382388068448));
#6382=CARTESIAN_POINT('',(-5.03434751224452,-6.452753649168,15.0382388068448));
#6383=CARTESIAN_POINT('',(-5.10632725097448,-6.49114477801617,15.0382388068448));
#6384=CARTESIAN_POINT('',(-5.14296962112978,-6.50976042942764,15.0382388068448));
#6385=CARTESIAN_POINT('',(-5.21727331634978,-6.54604702476989,15.0382388068448));
#6386=CARTESIAN_POINT('',(-5.25503369739647,-6.56362877314427,15.0382388068448));
#6387=CARTESIAN_POINT('',(-5.33153057807283,-6.59785115122459,15.0382388068448));
#6388=CARTESIAN_POINT('',(-5.37035181600312,-6.61441299045866,15.0382388068448));
#6389=CARTESIAN_POINT('',(-5.44893173650211,-6.64659598652575,15.0382388068448));
#6390=CARTESIAN_POINT('',(-5.48876442370996,-6.66214608398198,15.0382388068448));
#6391=CARTESIAN_POINT('',(-5.56933188698822,-6.6923035103519,15.0382388068448));
#6392=CARTESIAN_POINT('',(-5.6101323316076,-6.70684572309808,15.0382388068448));
#6393=CARTESIAN_POINT('',(-5.69260258634032,-6.7349832875633,15.0382388068448));
#6394=CARTESIAN_POINT('',(-5.73433140677246,-6.74851821546186,15.0382388068448));
#6395=CARTESIAN_POINT('',(-5.8186277804651,-6.77463552217229,15.0382388068448));
#6396=CARTESIAN_POINT('',(-5.86124890287289,-6.78716126224879,15.0382388068448));
#6397=CARTESIAN_POINT('',(-5.94730091273822,-6.8112532352519,15.0382388068448));
#6398=CARTESIAN_POINT('',(-5.99078083716077,-6.82276593686396,15.0382388068448));
#6399=CARTESIAN_POINT('',(-6.07852281221255,-6.84482386418801,15.0382388068448));
#6400=CARTESIAN_POINT('',(-6.12283006321332,-6.85531814732403,15.0382388068448));
#6401=CARTESIAN_POINT('',(-6.21220011461329,-6.87533046658312,15.0382388068448));
#6402=CARTESIAN_POINT('',(-6.25728608136954,-6.88481672832963,15.0382388068448));
#6403=CARTESIAN_POINT('',(-6.30250200741431,-6.89372241220508,15.0382388068448));
#6404=CARTESIAN_POINT('',(-4.21174728605732,-6.19485801277066,15.0382388068448));
#6405=CARTESIAN_POINT('',(-4.21174728605732,-6.19485801277066,15.0382388068448));
#6406=CARTESIAN_POINT('',(-4.22111198799202,-6.18849357347821,15.0382388068448));
#6407=CARTESIAN_POINT('',(-4.23072026460226,-6.18256621773745,15.0382388068448));
#6408=CARTESIAN_POINT('',(-4.25042760206829,-6.17158364769331,15.0382388068448));
#6409=CARTESIAN_POINT('',(-4.26056658930883,-6.16650896829518,15.0382388068448));
#6410=CARTESIAN_POINT('',(-4.2811809554819,-6.1573100609492,15.0382388068448));
#6411=CARTESIAN_POINT('',(-4.2917378366746,-6.1531505945748,15.0382388068448));
#6412=CARTESIAN_POINT('',(-4.31310742650883,-6.14580758966864,15.0382388068448));
#6413=CARTESIAN_POINT('',(-4.3240048328412,-6.14259669167013,15.0382388068448));
#6414=CARTESIAN_POINT('',(-4.34597405164381,-6.137169963634,15.0382388068448));
#6415=CARTESIAN_POINT('',(-4.3571331326552,-6.13493505522481,15.0382388068448));
#6416=CARTESIAN_POINT('',(-4.37954444888497,-6.13147327435883,15.0382388068448));
#6417=CARTESIAN_POINT('',(-4.39088587809356,-6.13023605057583,15.0382388068448));
#6418=CARTESIAN_POINT('',(-4.41358209673962,-6.12877688213386,15.0382388068448));
#6419=CARTESIAN_POINT('',(-4.42502732718648,-6.12855385373145,15.0382388068448));
#6420=CARTESIAN_POINT('',(-4.44785454447284,-6.12912549315928,15.0382388068448));
#6421=CARTESIAN_POINT('',(-4.4593274797183,-6.12992907050372,15.0382388068448));
#6422=CARTESIAN_POINT('',(-4.48213923302979,-6.13255320326804,15.0382388068448));
#6423=CARTESIAN_POINT('',(-4.49356864159482,-6.13439374002857,15.0382388068448));
#6424=CARTESIAN_POINT('',(-4.51623231630022,-6.13909115190282,15.0382388068448));
#6425=CARTESIAN_POINT('',(-4.52755567332887,-6.14198084019361,15.0382388068448));
#6426=CARTESIAN_POINT('',(-4.54996350963851,-6.14878242234773,15.0382388068448));
#6427=CARTESIAN_POINT('',(-4.5611337916191,-6.15274309533739,15.0382388068448));
#6428=CARTESIAN_POINT('',(-4.58322413050175,-6.16171297476826,15.0382388068448));
#6429=CARTESIAN_POINT('',(-4.59422327832619,-6.16679304206994,15.0382388068448));
#6430=CARTESIAN_POINT('',(-4.61602724524671,-6.17808239799259,15.0382388068448));
#6431=CARTESIAN_POINT('',(-4.62689641420722,-6.18439796515969,15.0382388068448));
#6432=CARTESIAN_POINT('',(-4.64865776339899,-6.19838939862964,15.0382388068448));
#6433=CARTESIAN_POINT('',(-4.65954516003608,-6.20617581788587,15.0382388068448));
#6434=CARTESIAN_POINT('',(-4.67007393746679,-6.21451804394462,15.0382388068448));
#6435=CARTESIAN_POINT('',(-4.11153661712958,-6.26181664103977,15.0382388068448));
#6436=AXIS2_PLACEMENT_3D('',#6437,#6438,#6439);
#6437=CARTESIAN_POINT('',(0.,0.,15.0382388068448));
#6438=DIRECTION('',(-1.77635683940025E-16,1.23259516440783E-32,-1.));
#6439=DIRECTION('',(-0.548863518506152,-0.835911979847787,9.7497746499569E-17));
#6440=CARTESIAN_POINT('',(-3.95430610143397,-6.69277882169147,15.0382388068448));
#6441=CARTESIAN_POINT('',(-3.95430610143397,-6.69277882169147,15.0382388068448));
#6442=CARTESIAN_POINT('',(-3.95062807820851,-6.67985906801914,15.0382388068448));
#6443=CARTESIAN_POINT('',(-3.94760079114072,-6.66682069145699,15.0382388068448));
#6444=CARTESIAN_POINT('',(-3.94300209992895,-6.6413615365549,15.0382388068448));
#6445=CARTESIAN_POINT('',(-3.94132672757182,-6.62890287089604,15.0382388068448));
#6446=CARTESIAN_POINT('',(-3.93924073959998,-6.60443838265694,15.0382388068448));
#6447=CARTESIAN_POINT('',(-3.93875656103872,-6.59233243751523,15.0382388068448));
#6448=CARTESIAN_POINT('',(-3.93892307972916,-6.5684910013068,15.0382388068448));
#6449=CARTESIAN_POINT('',(-3.93953857686787,-6.5566553224784,15.0382388068448));
#6450=CARTESIAN_POINT('',(-3.94182984203782,-6.53335032833981,15.0382388068448));
#6451=CARTESIAN_POINT('',(-3.94349337930424,-6.52178307470814,15.0382388068448));
#6452=CARTESIAN_POINT('',(-3.94782654944413,-6.49904694781705,15.0382388068448));
#6453=CARTESIAN_POINT('',(-3.9504999605018,-6.48778320825019,15.0382388068448));
#6454=CARTESIAN_POINT('',(-3.95680525800576,-6.46570368413179,15.0382388068448));
#6455=CARTESIAN_POINT('',(-3.96045335158348,-6.45479655834434,15.0382388068448));
#6456=CARTESIAN_POINT('',(-3.96866082347861,-6.43348820257096,15.0382388068448));
#6457=CARTESIAN_POINT('',(-3.97324677492639,-6.42299953769079,15.0382388068448));
#6458=CARTESIAN_POINT('',(-3.98328033763759,-6.40258936540606,15.0382388068448));
#6459=CARTESIAN_POINT('',(-3.98876356042531,-6.3925847161347,15.0382388068448));
#6460=CARTESIAN_POINT('',(-4.00053826833206,-6.37320412595726,15.0382388068448));
#6461=CARTESIAN_POINT('',(-4.00687344989183,-6.36374974183026,15.0382388068448));
#6462=CARTESIAN_POINT('',(-4.02029434891067,-6.34552954914464,15.0382388068448));
#6463=CARTESIAN_POINT('',(-4.02743108871163,-6.33669041594375,15.0382388068448));
#6464=CARTESIAN_POINT('',(-4.04239292863755,-6.31975753559911,15.0382388068448));
#6465=CARTESIAN_POINT('',(-4.05027571801692,-6.31159600800698,15.0382388068448));
#6466=CARTESIAN_POINT('',(-4.06666317663849,-6.29607108646115,15.0382388068448));
#6467=CARTESIAN_POINT('',(-4.07523159150639,-6.28864587939946,15.0382388068448));
#6468=CARTESIAN_POINT('',(-4.09291983472882,-6.27464152127498,15.0382388068448));
#6469=CARTESIAN_POINT('',(-4.10207292565194,-6.2680329320118,15.0382388068448));
#6470=CARTESIAN_POINT('',(-4.11153661712959,-6.26181664103977,15.0382388068448));
#6471=CARTESIAN_POINT('',(-3.95710593876524,-8.46086596273625,15.0382388068448));
#6472=CARTESIAN_POINT('',(-3.95710593876543,-8.46086596273616,15.0382388068448));
#6473=CARTESIAN_POINT('',(-3.96618154548627,-8.41568383644685,15.0382388068448));
#6474=CARTESIAN_POINT('',(-3.9746710349284,-8.37039959935179,15.0382388068448));
#6475=CARTESIAN_POINT('',(-3.99038250078723,-8.28017405502023,15.0382388068448));
#6476=CARTESIAN_POINT('',(-3.99764269828112,-8.23522350438807,15.0382388068448));
#6477=CARTESIAN_POINT('',(-4.01084123087212,-8.14571928615639,15.0382388068448));
#6478=CARTESIAN_POINT('',(-4.01684392820582,-8.10114335373855,15.0382388068448));
#6479=CARTESIAN_POINT('',(-4.02751652594762,-8.01242206417124,15.0382388068448));
#6480=CARTESIAN_POINT('',(-4.03225464847564,-7.96825188832063,15.0382388068448));
#6481=CARTESIAN_POINT('',(-4.04038422898219,-7.88037753342501,15.0382388068448));
#6482=CARTESIAN_POINT('',(-4.04384851435422,-7.83664553764688,15.0382388068448));
#6483=CARTESIAN_POINT('',(-4.04941279459922,-7.74968517751038,15.0382388068448));
#6484=CARTESIAN_POINT('',(-4.05159119607456,-7.70642541792128,15.0382388068448));
#6485=CARTESIAN_POINT('',(-4.05456120048245,-7.62045004017761,15.0382388068448));
#6486=CARTESIAN_POINT('',(-4.05543809317511,-7.57769867107319,15.0382388068448));
#6487=CARTESIAN_POINT('',(-4.05577611550537,-7.49278439145906,15.0382388068448));
#6488=CARTESIAN_POINT('',(-4.05533121579609,-7.45058030282414,15.0382388068448));
#6489=CARTESIAN_POINT('',(-4.05298794999628,-7.36681006335882,15.0382388068448));
#6490=CARTESIAN_POINT('',(-4.05119480475378,-7.32519577635507,15.0382388068448));
#6491=CARTESIAN_POINT('',(-4.04610515513676,-7.24266183429694,15.0382388068448));
#6492=CARTESIAN_POINT('',(-4.04292896379435,-7.2016847971099,15.0382388068448));
#6493=CARTESIAN_POINT('',(-4.03500563909945,-7.1204925407818,15.0382388068448));
#6494=CARTESIAN_POINT('',(-4.03040000406539,-7.08020706848814,15.0382388068448));
#6495=CARTESIAN_POINT('',(-4.0195231227311,-7.00048122121293,15.0382388068448));
#6496=CARTESIAN_POINT('',(-4.01342502812672,-6.96095150372213,15.0382388068448));
#6497=CARTESIAN_POINT('',(-3.99942383214878,-6.88284705211436,15.0382388068448));
#6498=CARTESIAN_POINT('',(-3.99174574448261,-6.84415191372605,15.0382388068448));
#6499=CARTESIAN_POINT('',(-3.97436241871385,-6.76787574798981,15.0382388068448));
#6500=CARTESIAN_POINT('',(-3.96480036125239,-6.73022114690008,15.0382388068448));
#6501=CARTESIAN_POINT('',(-3.95430610143397,-6.69277882169147,15.0382388068448));
#6502=CARTESIAN_POINT('',(-3.18463925496777,-8.78083213970739,15.0382388068448));
#6503=AXIS2_PLACEMENT_3D('',#6504,#6505,#6506);
#6504=CARTESIAN_POINT('',(0.,0.,15.0382388068448));
#6505=DIRECTION('',(1.77635683940025E-16,0.,1.));
#6506=DIRECTION('',(-0.423650333361709,-0.90582580833321,7.52554167181267E-17));
#6507=CARTESIAN_POINT('',(-1.93639263058845,-7.52862594901105,15.0382388068448));
#6508=CARTESIAN_POINT('',(-1.93639263058845,-7.52862594901105,15.0382388068448));
#6509=CARTESIAN_POINT('',(-1.95544779036571,-7.56252223335059,15.0382388068448));
#6510=CARTESIAN_POINT('',(-1.97531221846604,-7.5959094527971,15.0382388068448));
#6511=CARTESIAN_POINT('',(-2.01695574497038,-7.66213671436277,15.0382388068448));
#6512=CARTESIAN_POINT('',(-2.03888811186841,-7.6949275369714,15.0382388068448));
#6513=CARTESIAN_POINT('',(-2.0842159586204,-7.76005606496482,15.0382388068448));
#6514=CARTESIAN_POINT('',(-2.10785568586946,-7.79231980030803,15.0382388068448));
#6515=CARTESIAN_POINT('',(-2.15653925656396,-7.85638560410182,15.0382388068448));
#6516=CARTESIAN_POINT('',(-2.18176871144186,-7.88812841050822,15.0382388068448));
#6517=CARTESIAN_POINT('',(-2.23357766984999,-7.95114264215896,15.0382388068448));
#6518=CARTESIAN_POINT('',(-2.26030690428132,-7.98236368946342,15.0382388068448));
#6519=CARTESIAN_POINT('',(-2.31506828863062,-8.04432292532884,15.0382388068448));
#6520=CARTESIAN_POINT('',(-2.34322608800459,-8.07501661502405,15.0382388068448));
#6521=CARTESIAN_POINT('',(-2.40080365325498,-8.13590805854877,15.0382388068448));
#6522=CARTESIAN_POINT('',(-2.43033185892115,-8.1660654474177,15.0382388068448));
#6523=CARTESIAN_POINT('',(-2.49061433973778,-8.2258698924705,15.0382388068448));
#6524=CARTESIAN_POINT('',(-2.52146417950588,-8.25547961869989,15.0382388068448));
#6525=CARTESIAN_POINT('',(-2.58435806238048,-8.31417328106055,15.0382388068448));
#6526=CARTESIAN_POINT('',(-2.61648769419379,-8.34322218796314,15.0382388068448));
#6527=CARTESIAN_POINT('',(-2.68191249483439,-8.40077790801642,15.0382388068448));
#6528=CARTESIAN_POINT('',(-2.71528530528246,-8.42925147910743,15.0382388068448));
#6529=CARTESIAN_POINT('',(-2.78317033902593,-8.48563954984213,15.0382388068448));
#6530=CARTESIAN_POINT('',(-2.81775372846576,-8.51352222214265,15.0382388068448));
#6531=CARTESIAN_POINT('',(-2.88803582019051,-8.56871098139521,15.0382388068448));
#6532=CARTESIAN_POINT('',(-2.92380031227095,-8.59598637749549,15.0382388068448));
#6533=CARTESIAN_POINT('',(-2.99642212382418,-8.64994264525511,15.0382388068448));
#6534=CARTESIAN_POINT('',(-3.03334069787493,-8.67659374954449,15.0382388068448));
#6535=CARTESIAN_POINT('',(-3.10824947615919,-8.72928315972644,15.0382388068448));
#6536=CARTESIAN_POINT('',(-3.1462732428433,-8.75530097530386,15.0382388068448));
#6537=CARTESIAN_POINT('',(-3.18463925378659,-8.78083214013578,15.0382388068448));
#6538=CARTESIAN_POINT('',(-1.48228831704664,-7.34265427677225,15.0382388068448));
#6539=CARTESIAN_POINT('',(-1.52047758635686,-7.33506843249512,15.0382388068448));
#6540=CARTESIAN_POINT('',(-1.53156500827592,-7.33277217357636,15.0382388068448));
#6541=CARTESIAN_POINT('',(-1.54271019921854,-7.33097293919788,15.0382388068448));
#6542=CARTESIAN_POINT('',(-1.56512025254439,-7.32836803906401,15.0382388068448));
#6543=CARTESIAN_POINT('',(-1.57642945106654,-7.32755966907194,15.0382388068448));
#6544=CARTESIAN_POINT('',(-1.5989949114867,-7.32694976325666,15.0382388068448));
#6545=CARTESIAN_POINT('',(-1.61033995681676,-7.32714686093707,15.0382388068448));
#6546=CARTESIAN_POINT('',(-1.63289292980412,-7.32854059698314,15.0382388068448));
#6547=CARTESIAN_POINT('',(-1.6441895779391,-7.32974437090048,15.0382388068448));
#6548=CARTESIAN_POINT('',(-1.66656320844747,-7.33313798399716,15.0382388068448));
#6549=CARTESIAN_POINT('',(-1.67772811741658,-7.33534359328435,15.0382388068448));
#6550=CARTESIAN_POINT('',(-1.6997582399618,-7.34072176421487,15.0382388068448));
#6551=CARTESIAN_POINT('',(-1.71070981932092,-7.34391889554208,15.0382388068448));
#6552=CARTESIAN_POINT('',(-1.73223679078119,-7.35125626653724,15.0382388068448));
#6553=CARTESIAN_POINT('',(-1.74289615421047,-7.3554301152327,15.0382388068448));
#6554=CARTESIAN_POINT('',(-1.7637669961072,-7.36469383906254,15.0382388068448));
#6555=CARTESIAN_POINT('',(-1.77405909042197,-7.36982674996289,15.0382388068448));
#6556=CARTESIAN_POINT('',(-1.79413019027392,-7.38098081256994,15.0382388068448));
#6557=CARTESIAN_POINT('',(-1.80398524399094,-7.3870550921114,15.0382388068448));
#6558=CARTESIAN_POINT('',(-1.82312612748349,-7.40006794762406,15.0382388068448));
#6559=CARTESIAN_POINT('',(-1.832481709448,-7.40707093262488,15.0382388068448));
#6560=CARTESIAN_POINT('',(-1.85058099797808,-7.42192988287662,15.0382388068448));
#6561=CARTESIAN_POINT('',(-1.85938530893817,-7.42986374943555,15.0382388068448));
#6562=CARTESIAN_POINT('',(-1.87636149664958,-7.44660444415654,15.0382388068448));
#6563=CARTESIAN_POINT('',(-1.88457932660799,-7.45550700600289,15.0382388068448));
#6564=CARTESIAN_POINT('',(-1.90040331589975,-7.47428102777538,15.0382388068448));
#6565=CARTESIAN_POINT('',(-1.90802825571692,-7.48427530190203,15.0382388068448));
#6566=CARTESIAN_POINT('',(-1.92277883105105,-7.50552940871701,15.0382388068448));
#6567=CARTESIAN_POINT('',(-1.92985774031958,-7.516889548414,15.0382388068448));
#6568=CARTESIAN_POINT('',(-1.93639263058845,-7.52862594901105,15.0382388068448));
#6569=CARTESIAN_POINT('',(-1.40227104270278,-7.35858117593312,15.0382388068448));
#6570=AXIS2_PLACEMENT_3D('',#6571,#6572,#6573);
#6571=CARTESIAN_POINT('',(0.,0.,15.0382388068448));
#6572=DIRECTION('',(-1.77635683940025E-16,0.,-1.));
#6573=DIRECTION('',(-0.187194105286715,-0.982322944324272,3.32523529221467E-17));
#6574=CARTESIAN_POINT('',(-1.09208690085407,-7.69656880050472,15.0382388068448));
#6575=CARTESIAN_POINT('',(-1.09208690085407,-7.69656880050472,15.0382388068448));
#6576=CARTESIAN_POINT('',(-1.0936330261566,-7.68322498596954,15.0382388068448));
#6577=CARTESIAN_POINT('',(-1.09582574829091,-7.67002060412074,15.0382388068448));
#6578=CARTESIAN_POINT('',(-1.10131990838706,-7.64473956905435,15.0382388068448));
#6579=CARTESIAN_POINT('',(-1.104539791094,-7.63258812560561,15.0382388068448));
#6580=CARTESIAN_POINT('',(-1.11197474383214,-7.60918761261121,15.0382388068448));
#6581=CARTESIAN_POINT('',(-1.11616016580817,-7.59781789055938,15.0382388068448));
#6582=CARTESIAN_POINT('',(-1.1254377316588,-7.57585499956475,15.0382388068448));
#6583=CARTESIAN_POINT('',(-1.13053569506599,-7.56515579869946,15.0382388068448));
#6584=CARTESIAN_POINT('',(-1.14157098320828,-7.54450162082922,15.0382388068448));
#6585=CARTESIAN_POINT('',(-1.1475344875631,-7.53445148010253,15.0382388068448));
#6586=CARTESIAN_POINT('',(-1.16023855384359,-7.51510427024143,15.0382388068448));
#6587=CARTESIAN_POINT('',(-1.16701891012048,-7.50572100191575,15.0382388068448));
#6588=CARTESIAN_POINT('',(-1.1812937135054,-7.48773511438606,15.0382388068448));
#6589=CARTESIAN_POINT('',(-1.18883808882812,-7.47905430908442,15.0382388068448));
#6590=CARTESIAN_POINT('',(-1.20457515885111,-7.4625088188298,15.0382388068448));
#6591=CARTESIAN_POINT('',(-1.21282586380807,-7.45457352366433,15.0382388068448));
#6592=CARTESIAN_POINT('',(-1.22990630182021,-7.43955666145261,15.0382388068448));
#6593=CARTESIAN_POINT('',(-1.23880075264875,-7.43241190927768,15.0382388068448));
#6594=CARTESIAN_POINT('',(-1.25709579505546,-7.4190125643216,15.0382388068448));
#6595=CARTESIAN_POINT('',(-1.26656677580189,-7.41270222135811,15.0382388068448));
#6596=CARTESIAN_POINT('',(-1.28593863558859,-7.40100491395942,15.0382388068448));
#6597=CARTESIAN_POINT('',(-1.295914713252,-7.3955697317929,15.0382388068448));
#6598=CARTESIAN_POINT('',(-1.31621758369838,-7.38565143847337,15.0382388068448));
#6599=CARTESIAN_POINT('',(-1.32662361285738,-7.38112778307329,15.0382388068448));
#6600=CARTESIAN_POINT('',(-1.34770478073207,-7.37305583472629,15.0382388068448));
#6601=CARTESIAN_POINT('',(-1.35846246757898,-7.36947482830892,15.0382388068448));
#6602=CARTESIAN_POINT('',(-1.38016350929342,-7.36330548610062,15.0382388068448));
#6603=CARTESIAN_POINT('',(-1.39114886027882,-7.3607026819928,15.0382388068448));
#6604=CARTESIAN_POINT('',(-1.40227104270278,-7.35858117593312,15.0382388068448));
#6605=CARTESIAN_POINT('',(-0.418055957403411,-9.33113977317238,15.0382388068448));
#6606=CARTESIAN_POINT('',(-0.418055957403412,-9.33113977317238,15.0382388068448));
#6607=CARTESIAN_POINT('',(-0.443731175867859,-9.29287001578906,15.0382388068448));
#6608=CARTESIAN_POINT('',(-0.468903968688485,-9.25428162295029,15.0382388068448));
#6609=CARTESIAN_POINT('',(-0.517947291413021,-9.17693660691502,15.0382388068448));
#6610=CARTESIAN_POINT('',(-0.541856670282234,-9.13818607050747,15.0382388068448));
#6611=CARTESIAN_POINT('',(-0.588302305846291,-9.06054581496389,15.0382388068448));
#6612=CARTESIAN_POINT('',(-0.610906545871291,-9.02166015617956,15.0382388068448));
#6613=CARTESIAN_POINT('',(-0.654718908099138,-8.9437765989864,15.0382388068448));
#6614=CARTESIAN_POINT('',(-0.675999557027993,-8.90478187856259,15.0382388068448));
#6615=CARTESIAN_POINT('',(-0.717138369814219,-8.82670761641383,15.0382388068448));
#6616=CARTESIAN_POINT('',(-0.737074462412764,-8.7876302452154,15.0382388068448));
#6617=CARTESIAN_POINT('',(-0.775493476141019,-8.70941870620828,15.0382388068448));
#6618=CARTESIAN_POINT('',(-0.794060849960523,-8.67028553789621,15.0382388068448));
#6619=CARTESIAN_POINT('',(-0.829706128898273,-8.59199121757985,15.0382388068448));
#6620=CARTESIAN_POINT('',(-0.846876512776413,-8.55282967498288,15.0382388068448));
#6621=CARTESIAN_POINT('',(-0.879684092668414,-8.47450846557501,15.0382388068448));
#6622=CARTESIAN_POINT('',(-0.895423864431642,-8.43534671614911,15.0382388068448));
#6623=CARTESIAN_POINT('',(-0.925316451888598,-8.35705637747431,15.0382388068448));
#6624=CARTESIAN_POINT('',(-0.93958489988626,-8.31792358247537,15.0382388068448));
#6625=CARTESIAN_POINT('',(-0.966467049010861,-8.23972443808542,15.0382388068448));
#6626=CARTESIAN_POINT('',(-0.979213864077163,-8.20065111632059,15.0382388068448));
#6627=CARTESIAN_POINT('',(-1.00296459789521,-8.12260712741066,15.0382388068448));
#6628=CARTESIAN_POINT('',(-1.01412612876481,-8.08362570387795,15.0382388068448));
#6629=CARTESIAN_POINT('',(-1.034586961606,-8.00580622308582,15.0382388068448));
#6630=CARTESIAN_POINT('',(-1.04408042478349,-7.96695188639602,15.0382388068448));
#6631=CARTESIAN_POINT('',(-1.06103428601305,-7.88943475642354,15.0382388068448));
#6632=CARTESIAN_POINT('',(-1.06874864634373,-7.85074683311679,15.0382388068448));
#6633=CARTESIAN_POINT('',(-1.08187817237059,-7.77362453400354,15.0382388068448));
#6634=CARTESIAN_POINT('',(-1.0874537751826,-7.73517697778203,15.0382388068448));
#6635=CARTESIAN_POINT('',(-1.09208690085407,-7.69656880050472,15.0382388068448));
#6636=CARTESIAN_POINT('',(0.418055955560161,-9.33113977325496,15.0382388068448));
#6637=AXIS2_PLACEMENT_3D('',#6638,#6639,#6640);
#6638=CARTESIAN_POINT('',(0.,0.,15.0382388068448));
#6639=DIRECTION('',(1.77635683940025E-16,0.,1.));
#6640=DIRECTION('',(-0.0447573424766781,-0.998997888033015,7.95050114218266E-18));
#6641=CARTESIAN_POINT('',(1.09208690085407,-7.69656880050472,15.0382388068448));
#6642=CARTESIAN_POINT('',(1.09208690085407,-7.69656880050472,15.0382388068448));
#6643=CARTESIAN_POINT('',(1.0874537751826,-7.73517697778203,15.0382388068448));
#6644=CARTESIAN_POINT('',(1.08187817237059,-7.77362453400354,15.0382388068448));
#6645=CARTESIAN_POINT('',(1.06874864634373,-7.85074683311679,15.0382388068448));
#6646=CARTESIAN_POINT('',(1.06103428601305,-7.88943475642354,15.0382388068448));
#6647=CARTESIAN_POINT('',(1.04408042478349,-7.96695188639602,15.0382388068448));
#6648=CARTESIAN_POINT('',(1.034586961606,-8.00580622308582,15.0382388068448));
#6649=CARTESIAN_POINT('',(1.01412612876481,-8.08362570387795,15.0382388068448));
#6650=CARTESIAN_POINT('',(1.00296459789521,-8.12260712741066,15.0382388068448));
#6651=CARTESIAN_POINT('',(0.979213864077161,-8.20065111632059,15.0382388068448));
#6652=CARTESIAN_POINT('',(0.966467049010859,-8.23972443808542,15.0382388068448));
#6653=CARTESIAN_POINT('',(0.93958489988626,-8.31792358247537,15.0382388068448));
#6654=CARTESIAN_POINT('',(0.925316451888598,-8.35705637747431,15.0382388068448));
#6655=CARTESIAN_POINT('',(0.895423864431642,-8.43534671614911,15.0382388068448));
#6656=CARTESIAN_POINT('',(0.879684092668413,-8.47450846557501,15.0382388068448));
#6657=CARTESIAN_POINT('',(0.846876512776412,-8.55282967498288,15.0382388068448));
#6658=CARTESIAN_POINT('',(0.829706128898273,-8.59199121757985,15.0382388068448));
#6659=CARTESIAN_POINT('',(0.794060849960523,-8.67028553789621,15.0382388068448));
#6660=CARTESIAN_POINT('',(0.775493476141019,-8.70941870620828,15.0382388068448));
#6661=CARTESIAN_POINT('',(0.737074462412762,-8.7876302452154,15.0382388068448));
#6662=CARTESIAN_POINT('',(0.717138369814219,-8.82670761641383,15.0382388068448));
#6663=CARTESIAN_POINT('',(0.675999557027991,-8.90478187856259,15.0382388068448));
#6664=CARTESIAN_POINT('',(0.654718908099138,-8.9437765989864,15.0382388068448));
#6665=CARTESIAN_POINT('',(0.610906545871289,-9.02166015617956,15.0382388068448));
#6666=CARTESIAN_POINT('',(0.588302305846291,-9.06054581496389,15.0382388068448));
#6667=CARTESIAN_POINT('',(0.541856670282232,-9.13818607050747,15.0382388068448));
#6668=CARTESIAN_POINT('',(0.517947291413021,-9.17693660691502,15.0382388068448));
#6669=CARTESIAN_POINT('',(0.468903968688483,-9.25428162295029,15.0382388068448));
#6670=CARTESIAN_POINT('',(0.443731175867859,-9.29287001578906,15.0382388068448));
#6671=CARTESIAN_POINT('',(0.418055957403412,-9.33113977317238,15.0382388068448));
#6672=CARTESIAN_POINT('',(1.46137431452286,-7.34682480421545,15.0382388068448));
#6673=CARTESIAN_POINT('',(1.40227104270278,-7.35858117593312,15.0382388068448));
#6674=CARTESIAN_POINT('',(1.39114886027882,-7.3607026819928,15.0382388068448));
#6675=CARTESIAN_POINT('',(1.38016350929341,-7.36330548610062,15.0382388068448));
#6676=CARTESIAN_POINT('',(1.35846246757898,-7.36947482830892,15.0382388068448));
#6677=CARTESIAN_POINT('',(1.34770478073207,-7.37305583472629,15.0382388068448));
#6678=CARTESIAN_POINT('',(1.32662361285738,-7.38112778307329,15.0382388068448));
#6679=CARTESIAN_POINT('',(1.31621758369838,-7.38565143847337,15.0382388068448));
#6680=CARTESIAN_POINT('',(1.295914713252,-7.3955697317929,15.0382388068448));
#6681=CARTESIAN_POINT('',(1.28593863558859,-7.40100491395942,15.0382388068448));
#6682=CARTESIAN_POINT('',(1.26656677580189,-7.41270222135811,15.0382388068448));
#6683=CARTESIAN_POINT('',(1.25709579505545,-7.4190125643216,15.0382388068448));
#6684=CARTESIAN_POINT('',(1.23880075264875,-7.43241190927768,15.0382388068448));
#6685=CARTESIAN_POINT('',(1.2299063018202,-7.43955666145261,15.0382388068448));
#6686=CARTESIAN_POINT('',(1.21282586380807,-7.45457352366433,15.0382388068448));
#6687=CARTESIAN_POINT('',(1.20457515885111,-7.4625088188298,15.0382388068448));
#6688=CARTESIAN_POINT('',(1.18883808882812,-7.47905430908442,15.0382388068448));
#6689=CARTESIAN_POINT('',(1.1812937135054,-7.48773511438606,15.0382388068448));
#6690=CARTESIAN_POINT('',(1.16701891012048,-7.50572100191575,15.0382388068448));
#6691=CARTESIAN_POINT('',(1.16023855384359,-7.51510427024143,15.0382388068448));
#6692=CARTESIAN_POINT('',(1.1475344875631,-7.53445148010253,15.0382388068448));
#6693=CARTESIAN_POINT('',(1.14157098320828,-7.54450162082922,15.0382388068448));
#6694=CARTESIAN_POINT('',(1.13053569506599,-7.56515579869946,15.0382388068448));
#6695=CARTESIAN_POINT('',(1.1254377316588,-7.57585499956475,15.0382388068448));
#6696=CARTESIAN_POINT('',(1.11616016580817,-7.59781789055938,15.0382388068448));
#6697=CARTESIAN_POINT('',(1.11197474383214,-7.60918761261121,15.0382388068448));
#6698=CARTESIAN_POINT('',(1.104539791094,-7.63258812560561,15.0382388068448));
#6699=CARTESIAN_POINT('',(1.10131990838706,-7.64473956905435,15.0382388068448));
#6700=CARTESIAN_POINT('',(1.09582574829091,-7.67002060412074,15.0382388068448));
#6701=CARTESIAN_POINT('',(1.0936330261566,-7.68322498596954,15.0382388068448));
#6702=CARTESIAN_POINT('',(1.09208690085407,-7.69656880050472,15.0382388068448));
#6703=AXIS2_PLACEMENT_3D('',#6704,#6705,#6706);
#6704=CARTESIAN_POINT('',(0.,0.,15.0382388068448));
#6705=DIRECTION('',(-1.77635683940025E-16,0.,-1.));
#6706=DIRECTION('',(0.202973913543834,-0.979184145307051,-3.60554099543425E-17));
#6707=AXIS2_PLACEMENT_3D('',#6708,#6709,#6710);
#6708=CARTESIAN_POINT('',(0.,0.,15.0382388068448));
#6709=DIRECTION('',(-1.77635683940025E-16,-6.16297582203915E-33,-1.));
#6710=DIRECTION('',(0.539864379690737,-0.84175201309004,-9.58991783212215E-17));
#6711=AXIS2_PLACEMENT_3D('',#6712,#6713,#6714);
#6712=CARTESIAN_POINT('',(0.,0.,15.0382388068448));
#6713=DIRECTION('',(-1.77635683940025E-16,0.,-1.));
#6714=DIRECTION('',(0.562240994000443,-0.826973436493213,-9.98740635083883E-17));
#6715=AXIS2_PLACEMENT_3D('',#6716,#6717,#6718);
#6716=CARTESIAN_POINT('',(0.,0.,15.0382388068448));
#6717=DIRECTION('',(-1.77635683940025E-16,-6.16297582203915E-33,-1.));
#6718=DIRECTION('',(0.82089420030088,-0.571080302507782,-1.45820102712847E-16));
#6719=AXIS2_PLACEMENT_3D('',#6720,#6721,#6722);
#6720=CARTESIAN_POINT('',(0.,0.,15.0382388068448));
#6721=DIRECTION('',(-1.77635683940025E-16,-1.23259516440783E-32,-1.));
#6722=DIRECTION('',(0.835911979847787,-0.548863518506152,-1.48487796253922E-16));
#6723=AXIS2_PLACEMENT_3D('',#6724,#6725,#6726);
#6724=CARTESIAN_POINT('',(0.,0.,15.0382388068448));
#6725=DIRECTION('',(-1.77635683940025E-16,-6.16297582203915E-33,-1.));
#6726=DIRECTION('',(0.976950320325379,-0.213466792771475,-1.73541238326425E-16));
#6727=AXIS2_PLACEMENT_3D('',#6728,#6729,#6730);
#6728=CARTESIAN_POINT('',(0.,0.,15.0382388068448));
#6729=DIRECTION('',(-1.77635683940025E-16,0.,-1.));
#6730=DIRECTION('',(0.982322944324272,-0.187194105286715,-1.74495608065021E-16));
#6731=AXIS2_PLACEMENT_3D('',#6732,#6733,#6734);
#6732=CARTESIAN_POINT('',(0.,0.,15.0382388068448));
#6733=DIRECTION('',(-1.77635683940025E-16,-6.16297582203915E-33,-1.));
#6734=DIRECTION('',(0.984274610174831,0.176645101163846,-1.74842293563208E-16));
#6735=AXIS2_PLACEMENT_3D('',#6736,#6737,#6738);
#6736=CARTESIAN_POINT('',(0.,0.,15.0382388068448));
#6737=DIRECTION('',(-1.77635683940025E-16,-6.16297582203916E-33,-1.));
#6738=DIRECTION('',(0.979184145307051,0.202973913543834,-1.73938045354847E-16));
#6739=AXIS2_PLACEMENT_3D('',#6740,#6741,#6742);
#6740=CARTESIAN_POINT('',(0.,0.,15.0382388068448));
#6741=DIRECTION('',(-1.77635683940025E-16,-6.16297582203915E-33,-1.));
#6742=DIRECTION('',(0.841752013090041,0.539864379690737,-1.49525194553142E-16));
#6743=AXIS2_PLACEMENT_3D('',#6744,#6745,#6746);
#6744=CARTESIAN_POINT('',(0.,0.,15.0382388068448));
#6745=DIRECTION('',(-1.77635683940025E-16,-1.23259516440783E-32,-1.));
#6746=DIRECTION('',(0.826973436493213,0.562240994000443,-1.46899991991705E-16));
#6747=AXIS2_PLACEMENT_3D('',#6748,#6749,#6750);
#6748=CARTESIAN_POINT('',(0.,0.,15.0382388068448));
#6749=DIRECTION('',(-1.77635683940025E-16,-6.16297582203915E-33,-1.));
#6750=DIRECTION('',(0.571080302507785,0.820894200300877,-1.01444240120647E-16));
#6751=CARTESIAN_POINT('',(4.11153661712959,6.26181664103977,15.0382388068448));
#6752=CARTESIAN_POINT('',(4.145119366058,6.23976605894222,15.0382388068448));
#6753=CARTESIAN_POINT('',(4.17852364294926,6.21744603470834,15.0382388068448));
#6754=CARTESIAN_POINT('',(4.21174728605732,6.19485801277065,15.0382388068448));
#6755=AXIS2_PLACEMENT_3D('',#6756,#6757,#6758);
#6756=CARTESIAN_POINT('',(0.,0.,15.0382388068448));
#6757=DIRECTION('',(-1.77635683940025E-16,-6.16297582203915E-33,-1.));
#6758=DIRECTION('',(0.213466792771476,0.976950320325379,-3.79193197324448E-17));
#6759=AXIS2_PLACEMENT_3D('',#6760,#6761,#6762);
#6760=CARTESIAN_POINT('',(0.,0.,15.0382388068448));
#6761=DIRECTION('',(-1.77635683940025E-16,0.,-1.));
#6762=DIRECTION('',(0.187194105286715,0.982322944324272,-3.32523529221467E-17));
#6763=CARTESIAN_POINT('',(1.,1.63286239886314E-16,15.0382388068448));
#6764=AXIS2_PLACEMENT_3D('',#6765,#6766,#6767);
#6765=CARTESIAN_POINT('',(1.77635683940025E-15,0.,15.0382388068448));
#6766=DIRECTION('',(-1.77635683940025E-16,0.,-1.));
#6767=DIRECTION('',(1.,1.22464679914735E-16,-1.77635683940025E-16));
#6768=AXIS2_PLACEMENT_3D('',#6769,#6770,#6771);
#6769=CARTESIAN_POINT('',(0.,0.,7.03823880684482));
#6770=DIRECTION('',(-1.77635683940025E-16,-6.16297582203915E-33,-1.));
#6771=DIRECTION('',(-0.176645101164158,0.984274610174774,3.13784733599502E-17));
#6772=AXIS2_PLACEMENT_3D('',#6773,#6774,#6775);
#6773=CARTESIAN_POINT('',(0.,0.,7.03823880684482));
#6774=DIRECTION('',(-1.77635683940025E-16,0.,-1.));
#6775=DIRECTION('',(0.187194105286715,0.982322944324272,-3.32523529221467E-17));
#6776=AXIS2_PLACEMENT_3D('',#6777,#6778,#6779);
#6777=CARTESIAN_POINT('',(0.,0.,7.03823880684482));
#6778=DIRECTION('',(-1.77635683940025E-16,-6.16297582203915E-33,-1.));
#6779=DIRECTION('',(0.213466792771474,0.976950320325379,-3.79193197324444E-17));
#6780=AXIS2_PLACEMENT_3D('',#6781,#6782,#6783);
#6781=CARTESIAN_POINT('',(0.,0.,7.03823880684482));
#6782=DIRECTION('',(-1.77635683940025E-16,0.,-1.));
#6783=DIRECTION('',(0.548863518506152,0.835911979847787,-9.7497746499569E-17));
#6784=AXIS2_PLACEMENT_3D('',#6785,#6786,#6787);
#6785=CARTESIAN_POINT('',(0.,0.,7.03823880684482));
#6786=DIRECTION('',(-1.77635683940025E-16,-6.16297582203915E-33,-1.));
#6787=DIRECTION('',(0.571080302507784,0.820894200300878,-1.01444240120647E-16));
#6788=AXIS2_PLACEMENT_3D('',#6789,#6790,#6791);
#6789=CARTESIAN_POINT('',(0.,0.,7.03823880684482));
#6790=DIRECTION('',(-1.77635683940025E-16,-1.23259516440783E-32,-1.));
#6791=DIRECTION('',(0.826973436493213,0.562240994000443,-1.46899991991705E-16));
#6792=AXIS2_PLACEMENT_3D('',#6793,#6794,#6795);
#6793=CARTESIAN_POINT('',(0.,0.,7.03823880684482));
#6794=DIRECTION('',(-1.77635683940025E-16,-6.16297582203915E-33,-1.));
#6795=DIRECTION('',(0.841752013090041,0.539864379690736,-1.49525194553142E-16));
#6796=AXIS2_PLACEMENT_3D('',#6797,#6798,#6799);
#6797=CARTESIAN_POINT('',(0.,0.,7.03823880684482));
#6798=DIRECTION('',(-1.77635683940025E-16,-6.16297582203916E-33,-1.));
#6799=DIRECTION('',(0.979184145307051,0.202973913543834,-1.73938045354847E-16));
#6800=AXIS2_PLACEMENT_3D('',#6801,#6802,#6803);
#6801=CARTESIAN_POINT('',(0.,0.,7.03823880684482));
#6802=DIRECTION('',(-1.77635683940025E-16,-6.16297582203915E-33,-1.));
#6803=DIRECTION('',(0.984274610174831,0.176645101163846,-1.74842293563208E-16));
#6804=AXIS2_PLACEMENT_3D('',#6805,#6806,#6807);
#6805=CARTESIAN_POINT('',(0.,0.,7.03823880684482));
#6806=DIRECTION('',(-1.77635683940025E-16,0.,-1.));
#6807=DIRECTION('',(0.982322944324272,-0.187194105286715,-1.74495608065021E-16));
#6808=AXIS2_PLACEMENT_3D('',#6809,#6810,#6811);
#6809=CARTESIAN_POINT('',(0.,0.,7.03823880684482));
#6810=DIRECTION('',(-1.77635683940025E-16,-6.16297582203915E-33,-1.));
#6811=DIRECTION('',(0.976950320325378,-0.213466792771477,-1.73541238326425E-16));
#6812=AXIS2_PLACEMENT_3D('',#6813,#6814,#6815);
#6813=CARTESIAN_POINT('',(0.,0.,7.03823880684482));
#6814=DIRECTION('',(-1.77635683940025E-16,-1.23259516440783E-32,-1.));
#6815=DIRECTION('',(0.835911979847787,-0.548863518506152,-1.48487796253922E-16));
#6816=AXIS2_PLACEMENT_3D('',#6817,#6818,#6819);
#6817=CARTESIAN_POINT('',(0.,0.,7.03823880684482));
#6818=DIRECTION('',(-1.77635683940025E-16,-6.16297582203915E-33,-1.));
#6819=DIRECTION('',(0.820894200300877,-0.571080302507785,-1.45820102712846E-16));
#6820=AXIS2_PLACEMENT_3D('',#6821,#6822,#6823);
#6821=CARTESIAN_POINT('',(0.,0.,7.03823880684482));
#6822=DIRECTION('',(-1.77635683940025E-16,0.,-1.));
#6823=DIRECTION('',(0.562240994000443,-0.826973436493213,-9.98740635083883E-17));
#6824=AXIS2_PLACEMENT_3D('',#6825,#6826,#6827);
#6825=CARTESIAN_POINT('',(0.,0.,7.03823880684482));
#6826=DIRECTION('',(-1.77635683940025E-16,-6.16297582203915E-33,-1.));
#6827=DIRECTION('',(0.53986437969074,-0.841752013090039,-9.5899178321222E-17));
#6828=CARTESIAN_POINT('',(1.40227104270278,-7.35858117593312,7.03823880684483));
#6829=AXIS2_PLACEMENT_3D('',#6830,#6831,#6832);
#6830=CARTESIAN_POINT('',(0.,0.,7.03823880684482));
#6831=DIRECTION('',(-1.77635683940025E-16,0.,-1.));
#6832=DIRECTION('',(0.202973913543834,-0.979184145307051,-3.60554099543425E-17));
#6833=CARTESIAN_POINT('',(1.09208690085407,-7.69656880050472,7.03823880684483));
#6834=CARTESIAN_POINT('',(1.40227104270278,-7.35858117593312,7.03823880684482));
#6835=CARTESIAN_POINT('',(1.39114886027882,-7.3607026819928,7.03823880684482));
#6836=CARTESIAN_POINT('',(1.38016350929341,-7.36330548610061,7.03823880684482));
#6837=CARTESIAN_POINT('',(1.35846246757898,-7.36947482830892,7.03823880684482));
#6838=CARTESIAN_POINT('',(1.34770478073207,-7.37305583472629,7.03823880684482));
#6839=CARTESIAN_POINT('',(1.32662361285738,-7.38112778307329,7.03823880684482));
#6840=CARTESIAN_POINT('',(1.31621758369838,-7.38565143847337,7.03823880684482));
#6841=CARTESIAN_POINT('',(1.295914713252,-7.3955697317929,7.03823880684482));
#6842=CARTESIAN_POINT('',(1.28593863558859,-7.40100491395941,7.03823880684482));
#6843=CARTESIAN_POINT('',(1.26656677580189,-7.41270222135811,7.03823880684482));
#6844=CARTESIAN_POINT('',(1.25709579505545,-7.4190125643216,7.03823880684482));
#6845=CARTESIAN_POINT('',(1.23880075264875,-7.43241190927768,7.03823880684482));
#6846=CARTESIAN_POINT('',(1.22990630182021,-7.43955666145261,7.03823880684482));
#6847=CARTESIAN_POINT('',(1.21282586380807,-7.45457352366433,7.03823880684482));
#6848=CARTESIAN_POINT('',(1.20457515885111,-7.4625088188298,7.03823880684482));
#6849=CARTESIAN_POINT('',(1.18883808882812,-7.47905430908442,7.03823880684482));
#6850=CARTESIAN_POINT('',(1.1812937135054,-7.48773511438606,7.03823880684482));
#6851=CARTESIAN_POINT('',(1.16701891012048,-7.50572100191575,7.03823880684482));
#6852=CARTESIAN_POINT('',(1.16023855384359,-7.51510427024143,7.03823880684482));
#6853=CARTESIAN_POINT('',(1.1475344875631,-7.53445148010253,7.03823880684482));
#6854=CARTESIAN_POINT('',(1.14157098320828,-7.54450162082922,7.03823880684482));
#6855=CARTESIAN_POINT('',(1.13053569506599,-7.56515579869946,7.03823880684482));
#6856=CARTESIAN_POINT('',(1.1254377316588,-7.57585499956475,7.03823880684482));
#6857=CARTESIAN_POINT('',(1.11616016580817,-7.59781789055938,7.03823880684482));
#6858=CARTESIAN_POINT('',(1.11197474383214,-7.60918761261121,7.03823880684482));
#6859=CARTESIAN_POINT('',(1.104539791094,-7.63258812560561,7.03823880684482));
#6860=CARTESIAN_POINT('',(1.10131990838706,-7.64473956905435,7.03823880684482));
#6861=CARTESIAN_POINT('',(1.09582574829091,-7.67002060412074,7.03823880684482));
#6862=CARTESIAN_POINT('',(1.0936330261566,-7.68322498596954,7.03823880684482));
#6863=CARTESIAN_POINT('',(1.09208690085407,-7.69656880050472,7.03823880684482));
#6864=CARTESIAN_POINT('',(0.418055955560161,-9.33113977325496,7.03823880684483));
#6865=CARTESIAN_POINT('',(1.09208690085407,-7.69656880050472,7.03823880684482));
#6866=CARTESIAN_POINT('',(1.0874537751826,-7.73517697778203,7.03823880684482));
#6867=CARTESIAN_POINT('',(1.08187817237059,-7.77362453400354,7.03823880684482));
#6868=CARTESIAN_POINT('',(1.06874864634373,-7.85074683311679,7.03823880684482));
#6869=CARTESIAN_POINT('',(1.06103428601305,-7.88943475642354,7.03823880684482));
#6870=CARTESIAN_POINT('',(1.04408042478349,-7.96695188639602,7.03823880684482));
#6871=CARTESIAN_POINT('',(1.034586961606,-8.00580622308582,7.03823880684482));
#6872=CARTESIAN_POINT('',(1.01412612876481,-8.08362570387794,7.03823880684482));
#6873=CARTESIAN_POINT('',(1.00296459789521,-8.12260712741066,7.03823880684482));
#6874=CARTESIAN_POINT('',(0.979213864077161,-8.20065111632059,7.03823880684482));
#6875=CARTESIAN_POINT('',(0.966467049010861,-8.23972443808542,7.03823880684482));
#6876=CARTESIAN_POINT('',(0.93958489988626,-8.31792358247537,7.03823880684482));
#6877=CARTESIAN_POINT('',(0.925316451888598,-8.35705637747431,7.03823880684482));
#6878=CARTESIAN_POINT('',(0.895423864431642,-8.43534671614911,7.03823880684482));
#6879=CARTESIAN_POINT('',(0.879684092668414,-8.47450846557501,7.03823880684482));
#6880=CARTESIAN_POINT('',(0.846876512776412,-8.55282967498288,7.03823880684482));
#6881=CARTESIAN_POINT('',(0.829706128898273,-8.59199121757985,7.03823880684482));
#6882=CARTESIAN_POINT('',(0.794060849960522,-8.67028553789621,7.03823880684482));
#6883=CARTESIAN_POINT('',(0.775493476141017,-8.70941870620828,7.03823880684482));
#6884=CARTESIAN_POINT('',(0.737074462412762,-8.7876302452154,7.03823880684482));
#6885=CARTESIAN_POINT('',(0.717138369814219,-8.82670761641383,7.03823880684482));
#6886=CARTESIAN_POINT('',(0.675999557027991,-8.90478187856259,7.03823880684482));
#6887=CARTESIAN_POINT('',(0.654718908099138,-8.9437765989864,7.03823880684482));
#6888=CARTESIAN_POINT('',(0.610906545871289,-9.02166015617956,7.03823880684482));
#6889=CARTESIAN_POINT('',(0.588302305846291,-9.06054581496389,7.03823880684482));
#6890=CARTESIAN_POINT('',(0.541856670282232,-9.13818607050747,7.03823880684482));
#6891=CARTESIAN_POINT('',(0.517947291413021,-9.17693660691502,7.03823880684482));
#6892=CARTESIAN_POINT('',(0.468903968688483,-9.25428162295029,7.03823880684482));
#6893=CARTESIAN_POINT('',(0.443731175867859,-9.29287001578906,7.03823880684482));
#6894=CARTESIAN_POINT('',(0.418055957403412,-9.33113977317238,7.03823880684482));
#6895=CARTESIAN_POINT('',(-0.418055957403411,-9.33113977317238,7.03823880684483));
#6896=AXIS2_PLACEMENT_3D('',#6897,#6898,#6899);
#6897=CARTESIAN_POINT('',(0.,0.,7.03823880684482));
#6898=DIRECTION('',(1.77635683940025E-16,0.,1.));
#6899=DIRECTION('',(-0.0447573424766781,-0.998997888033015,7.95050114218266E-18));
#6900=CARTESIAN_POINT('',(-1.09208690085407,-7.69656880050472,7.03823880684483));
#6901=CARTESIAN_POINT('',(-0.418055957403412,-9.33113977317238,7.03823880684482));
#6902=CARTESIAN_POINT('',(-0.443731175867859,-9.29287001578906,7.03823880684482));
#6903=CARTESIAN_POINT('',(-0.468903968688485,-9.25428162295029,7.03823880684482));
#6904=CARTESIAN_POINT('',(-0.517947291413021,-9.17693660691502,7.03823880684482));
#6905=CARTESIAN_POINT('',(-0.541856670282234,-9.13818607050747,7.03823880684482));
#6906=CARTESIAN_POINT('',(-0.588302305846291,-9.06054581496389,7.03823880684482));
#6907=CARTESIAN_POINT('',(-0.610906545871291,-9.02166015617956,7.03823880684482));
#6908=CARTESIAN_POINT('',(-0.65471890809914,-8.9437765989864,7.03823880684482));
#6909=CARTESIAN_POINT('',(-0.675999557027993,-8.90478187856259,7.03823880684482));
#6910=CARTESIAN_POINT('',(-0.717138369814219,-8.82670761641383,7.03823880684482));
#6911=CARTESIAN_POINT('',(-0.737074462412762,-8.7876302452154,7.03823880684482));
#6912=CARTESIAN_POINT('',(-0.775493476141019,-8.70941870620828,7.03823880684482));
#6913=CARTESIAN_POINT('',(-0.794060849960523,-8.67028553789621,7.03823880684482));
#6914=CARTESIAN_POINT('',(-0.829706128898273,-8.59199121757985,7.03823880684482));
#6915=CARTESIAN_POINT('',(-0.846876512776413,-8.55282967498288,7.03823880684482));
#6916=CARTESIAN_POINT('',(-0.879684092668414,-8.47450846557501,7.03823880684482));
#6917=CARTESIAN_POINT('',(-0.895423864431642,-8.43534671614911,7.03823880684482));
#6918=CARTESIAN_POINT('',(-0.925316451888598,-8.35705637747431,7.03823880684482));
#6919=CARTESIAN_POINT('',(-0.93958489988626,-8.31792358247537,7.03823880684482));
#6920=CARTESIAN_POINT('',(-0.966467049010861,-8.23972443808542,7.03823880684482));
#6921=CARTESIAN_POINT('',(-0.979213864077163,-8.20065111632059,7.03823880684482));
#6922=CARTESIAN_POINT('',(-1.00296459789521,-8.12260712741066,7.03823880684482));
#6923=CARTESIAN_POINT('',(-1.01412612876481,-8.08362570387794,7.03823880684482));
#6924=CARTESIAN_POINT('',(-1.034586961606,-8.00580622308582,7.03823880684482));
#6925=CARTESIAN_POINT('',(-1.04408042478349,-7.96695188639602,7.03823880684482));
#6926=CARTESIAN_POINT('',(-1.06103428601305,-7.88943475642354,7.03823880684482));
#6927=CARTESIAN_POINT('',(-1.06874864634373,-7.85074683311679,7.03823880684482));
#6928=CARTESIAN_POINT('',(-1.08187817237059,-7.77362453400354,7.03823880684482));
#6929=CARTESIAN_POINT('',(-1.0874537751826,-7.73517697778203,7.03823880684482));
#6930=CARTESIAN_POINT('',(-1.09208690085407,-7.69656880050472,7.03823880684482));
#6931=CARTESIAN_POINT('',(-1.45293098981465,-7.34850428592036,7.03823880684482));
#6932=CARTESIAN_POINT('',(-1.09208690085407,-7.69656880050472,7.03823880684482));
#6933=CARTESIAN_POINT('',(-1.0936330261566,-7.68322498596954,7.03823880684482));
#6934=CARTESIAN_POINT('',(-1.09582574829091,-7.67002060412074,7.03823880684482));
#6935=CARTESIAN_POINT('',(-1.10131990838706,-7.64473956905435,7.03823880684482));
#6936=CARTESIAN_POINT('',(-1.104539791094,-7.63258812560561,7.03823880684482));
#6937=CARTESIAN_POINT('',(-1.11197474383214,-7.60918761261121,7.03823880684482));
#6938=CARTESIAN_POINT('',(-1.11616016580817,-7.59781789055938,7.03823880684482));
#6939=CARTESIAN_POINT('',(-1.1254377316588,-7.57585499956475,7.03823880684482));
#6940=CARTESIAN_POINT('',(-1.13053569506599,-7.56515579869946,7.03823880684482));
#6941=CARTESIAN_POINT('',(-1.14157098320828,-7.54450162082922,7.03823880684482));
#6942=CARTESIAN_POINT('',(-1.1475344875631,-7.53445148010253,7.03823880684482));
#6943=CARTESIAN_POINT('',(-1.1602385538436,-7.51510427024143,7.03823880684482));
#6944=CARTESIAN_POINT('',(-1.16701891012048,-7.50572100191575,7.03823880684482));
#6945=CARTESIAN_POINT('',(-1.1812937135054,-7.48773511438606,7.03823880684482));
#6946=CARTESIAN_POINT('',(-1.18883808882812,-7.47905430908442,7.03823880684482));
#6947=CARTESIAN_POINT('',(-1.20457515885111,-7.4625088188298,7.03823880684482));
#6948=CARTESIAN_POINT('',(-1.21282586380807,-7.45457352366433,7.03823880684482));
#6949=CARTESIAN_POINT('',(-1.22990630182021,-7.43955666145261,7.03823880684482));
#6950=CARTESIAN_POINT('',(-1.23880075264875,-7.43241190927768,7.03823880684482));
#6951=CARTESIAN_POINT('',(-1.25709579505546,-7.4190125643216,7.03823880684482));
#6952=CARTESIAN_POINT('',(-1.26656677580189,-7.41270222135811,7.03823880684482));
#6953=CARTESIAN_POINT('',(-1.28593863558859,-7.40100491395941,7.03823880684482));
#6954=CARTESIAN_POINT('',(-1.295914713252,-7.3955697317929,7.03823880684482));
#6955=CARTESIAN_POINT('',(-1.31621758369838,-7.38565143847337,7.03823880684482));
#6956=CARTESIAN_POINT('',(-1.32662361285738,-7.38112778307329,7.03823880684482));
#6957=CARTESIAN_POINT('',(-1.34770478073207,-7.37305583472629,7.03823880684482));
#6958=CARTESIAN_POINT('',(-1.35846246757899,-7.36947482830892,7.03823880684482));
#6959=CARTESIAN_POINT('',(-1.38016350929342,-7.36330548610061,7.03823880684482));
#6960=CARTESIAN_POINT('',(-1.39114886027882,-7.3607026819928,7.03823880684482));
#6961=CARTESIAN_POINT('',(-1.40227104270278,-7.35858117593312,7.03823880684482));
#6962=CARTESIAN_POINT('',(-1.52047758635687,-7.33506843249512,7.03823880684483));
#6963=AXIS2_PLACEMENT_3D('',#6964,#6965,#6966);
#6964=CARTESIAN_POINT('',(0.,0.,7.03823880684482));
#6965=DIRECTION('',(-1.77635683940025E-16,0.,-1.));
#6966=DIRECTION('',(-0.187194105286715,-0.982322944324272,3.32523529221467E-17));
#6967=CARTESIAN_POINT('',(-1.93639263058845,-7.52862594901105,7.03823880684483));
#6968=CARTESIAN_POINT('',(-1.52047758635686,-7.33506843249512,7.03823880684482));
#6969=CARTESIAN_POINT('',(-1.53156500827592,-7.33277217357637,7.03823880684482));
#6970=CARTESIAN_POINT('',(-1.54271019921854,-7.33097293919788,7.03823880684482));
#6971=CARTESIAN_POINT('',(-1.56512025254439,-7.32836803906401,7.03823880684482));
#6972=CARTESIAN_POINT('',(-1.57642945106654,-7.32755966907194,7.03823880684482));
#6973=CARTESIAN_POINT('',(-1.5989949114867,-7.32694976325666,7.03823880684482));
#6974=CARTESIAN_POINT('',(-1.61033995681676,-7.32714686093708,7.03823880684482));
#6975=CARTESIAN_POINT('',(-1.63289292980412,-7.32854059698315,7.03823880684482));
#6976=CARTESIAN_POINT('',(-1.6441895779391,-7.32974437090049,7.03823880684482));
#6977=CARTESIAN_POINT('',(-1.66656320844747,-7.33313798399716,7.03823880684482));
#6978=CARTESIAN_POINT('',(-1.67772811741658,-7.33534359328435,7.03823880684482));
#6979=CARTESIAN_POINT('',(-1.69975823996179,-7.34072176421486,7.03823880684482));
#6980=CARTESIAN_POINT('',(-1.71070981932092,-7.34391889554208,7.03823880684482));
#6981=CARTESIAN_POINT('',(-1.73223679078119,-7.35125626653725,7.03823880684482));
#6982=CARTESIAN_POINT('',(-1.74289615421047,-7.35543011523269,7.03823880684482));
#6983=CARTESIAN_POINT('',(-1.7637669961072,-7.36469383906254,7.03823880684482));
#6984=CARTESIAN_POINT('',(-1.77405909042197,-7.36982674996289,7.03823880684482));
#6985=CARTESIAN_POINT('',(-1.79413019027392,-7.38098081256994,7.03823880684482));
#6986=CARTESIAN_POINT('',(-1.80398524399094,-7.3870550921114,7.03823880684482));
#6987=CARTESIAN_POINT('',(-1.82312612748349,-7.40006794762406,7.03823880684482));
#6988=CARTESIAN_POINT('',(-1.832481709448,-7.40707093262488,7.03823880684482));
#6989=CARTESIAN_POINT('',(-1.85058099797808,-7.42192988287662,7.03823880684482));
#6990=CARTESIAN_POINT('',(-1.85938530893817,-7.42986374943555,7.03823880684482));
#6991=CARTESIAN_POINT('',(-1.87636149664958,-7.44660444415654,7.03823880684482));
#6992=CARTESIAN_POINT('',(-1.88457932660799,-7.45550700600289,7.03823880684482));
#6993=CARTESIAN_POINT('',(-1.90040331589975,-7.47428102777538,7.03823880684482));
#6994=CARTESIAN_POINT('',(-1.90802825571692,-7.48427530190203,7.03823880684482));
#6995=CARTESIAN_POINT('',(-1.92277883105105,-7.50552940871701,7.03823880684482));
#6996=CARTESIAN_POINT('',(-1.92985774031958,-7.516889548414,7.03823880684482));
#6997=CARTESIAN_POINT('',(-1.93639263058845,-7.52862594901105,7.03823880684482));
#6998=CARTESIAN_POINT('',(-3.18463925496777,-8.78083213970739,7.03823880684483));
#6999=CARTESIAN_POINT('',(-1.93639263058845,-7.52862594901105,7.03823880684482));
#7000=CARTESIAN_POINT('',(-1.95544779036571,-7.56252223335058,7.03823880684482));
#7001=CARTESIAN_POINT('',(-1.97531221846604,-7.5959094527971,7.03823880684482));
#7002=CARTESIAN_POINT('',(-2.01695574497038,-7.66213671436277,7.03823880684482));
#7003=CARTESIAN_POINT('',(-2.03888811186841,-7.69492753697139,7.03823880684482));
#7004=CARTESIAN_POINT('',(-2.0842159586204,-7.76005606496482,7.03823880684482));
#7005=CARTESIAN_POINT('',(-2.10785568586946,-7.79231980030803,7.03823880684482));
#7006=CARTESIAN_POINT('',(-2.15653925656396,-7.85638560410182,7.03823880684482));
#7007=CARTESIAN_POINT('',(-2.18176871144186,-7.88812841050822,7.03823880684482));
#7008=CARTESIAN_POINT('',(-2.23357766984999,-7.95114264215896,7.03823880684482));
#7009=CARTESIAN_POINT('',(-2.26030690428132,-7.98236368946341,7.03823880684482));
#7010=CARTESIAN_POINT('',(-2.31506828863062,-8.04432292532884,7.03823880684482));
#7011=CARTESIAN_POINT('',(-2.34322608800459,-8.07501661502405,7.03823880684482));
#7012=CARTESIAN_POINT('',(-2.40080365325498,-8.13590805854877,7.03823880684482));
#7013=CARTESIAN_POINT('',(-2.43033185892115,-8.1660654474177,7.03823880684482));
#7014=CARTESIAN_POINT('',(-2.49061433973778,-8.2258698924705,7.03823880684482));
#7015=CARTESIAN_POINT('',(-2.52146417950588,-8.25547961869989,7.03823880684482));
#7016=CARTESIAN_POINT('',(-2.58435806238048,-8.31417328106055,7.03823880684482));
#7017=CARTESIAN_POINT('',(-2.61648769419379,-8.34322218796314,7.03823880684482));
#7018=CARTESIAN_POINT('',(-2.68191249483439,-8.40077790801642,7.03823880684482));
#7019=CARTESIAN_POINT('',(-2.71528530528246,-8.42925147910743,7.03823880684482));
#7020=CARTESIAN_POINT('',(-2.78317033902593,-8.48563954984213,7.03823880684482));
#7021=CARTESIAN_POINT('',(-2.81775372846576,-8.51352222214265,7.03823880684482));
#7022=CARTESIAN_POINT('',(-2.88803582019051,-8.56871098139521,7.03823880684482));
#7023=CARTESIAN_POINT('',(-2.92380031227095,-8.59598637749549,7.03823880684482));
#7024=CARTESIAN_POINT('',(-2.99642212382418,-8.64994264525511,7.03823880684482));
#7025=CARTESIAN_POINT('',(-3.03334069787493,-8.67659374954449,7.03823880684482));
#7026=CARTESIAN_POINT('',(-3.10824947615919,-8.72928315972644,7.03823880684482));
#7027=CARTESIAN_POINT('',(-3.1462732428433,-8.75530097530386,7.03823880684482));
#7028=CARTESIAN_POINT('',(-3.18463925378659,-8.78083214013579,7.03823880684482));
#7029=CARTESIAN_POINT('',(-3.95710593876524,-8.46086596273625,7.03823880684483));
#7030=AXIS2_PLACEMENT_3D('',#7031,#7032,#7033);
#7031=CARTESIAN_POINT('',(0.,0.,7.03823880684482));
#7032=DIRECTION('',(1.77635683940025E-16,0.,1.));
#7033=DIRECTION('',(-0.423650333361709,-0.90582580833321,7.52554167181267E-17));
#7034=CARTESIAN_POINT('',(-3.95430610143397,-6.69277882169147,7.03823880684483));
#7035=CARTESIAN_POINT('',(-3.95710593876543,-8.46086596273616,7.03823880684482));
#7036=CARTESIAN_POINT('',(-3.96618154548627,-8.41568383644685,7.03823880684482));
#7037=CARTESIAN_POINT('',(-3.9746710349284,-8.37039959935179,7.03823880684482));
#7038=CARTESIAN_POINT('',(-3.99038250078723,-8.28017405502023,7.03823880684482));
#7039=CARTESIAN_POINT('',(-3.99764269828112,-8.23522350438807,7.03823880684482));
#7040=CARTESIAN_POINT('',(-4.01084123087212,-8.14571928615639,7.03823880684482));
#7041=CARTESIAN_POINT('',(-4.01684392820582,-8.10114335373855,7.03823880684482));
#7042=CARTESIAN_POINT('',(-4.02751652594762,-8.01242206417124,7.03823880684482));
#7043=CARTESIAN_POINT('',(-4.03225464847564,-7.96825188832063,7.03823880684482));
#7044=CARTESIAN_POINT('',(-4.04038422898219,-7.88037753342501,7.03823880684482));
#7045=CARTESIAN_POINT('',(-4.04384851435422,-7.83664553764687,7.03823880684482));
#7046=CARTESIAN_POINT('',(-4.04941279459922,-7.74968517751038,7.03823880684482));
#7047=CARTESIAN_POINT('',(-4.05159119607456,-7.70642541792128,7.03823880684482));
#7048=CARTESIAN_POINT('',(-4.05456120048245,-7.6204500401776,7.03823880684482));
#7049=CARTESIAN_POINT('',(-4.05543809317511,-7.57769867107319,7.03823880684482));
#7050=CARTESIAN_POINT('',(-4.05577611550537,-7.49278439145907,7.03823880684482));
#7051=CARTESIAN_POINT('',(-4.05533121579609,-7.45058030282414,7.03823880684482));
#7052=CARTESIAN_POINT('',(-4.05298794999628,-7.36681006335883,7.03823880684482));
#7053=CARTESIAN_POINT('',(-4.05119480475378,-7.32519577635507,7.03823880684482));
#7054=CARTESIAN_POINT('',(-4.04610515513676,-7.24266183429695,7.03823880684482));
#7055=CARTESIAN_POINT('',(-4.04292896379435,-7.2016847971099,7.03823880684482));
#7056=CARTESIAN_POINT('',(-4.03500563909945,-7.1204925407818,7.03823880684482));
#7057=CARTESIAN_POINT('',(-4.03040000406539,-7.08020706848814,7.03823880684482));
#7058=CARTESIAN_POINT('',(-4.0195231227311,-7.00048122121292,7.03823880684482));
#7059=CARTESIAN_POINT('',(-4.01342502812672,-6.96095150372213,7.03823880684482));
#7060=CARTESIAN_POINT('',(-3.99942383214878,-6.88284705211436,7.03823880684482));
#7061=CARTESIAN_POINT('',(-3.99174574448261,-6.84415191372605,7.03823880684482));
#7062=CARTESIAN_POINT('',(-3.97436241871385,-6.76787574798981,7.03823880684482));
#7063=CARTESIAN_POINT('',(-3.96480036125239,-6.73022114690008,7.03823880684482));
#7064=CARTESIAN_POINT('',(-3.95430610143397,-6.69277882169147,7.03823880684482));
#7065=CARTESIAN_POINT('',(-4.11153661712958,-6.26181664103977,7.03823880684482));
#7066=CARTESIAN_POINT('',(-3.95430610143397,-6.69277882169147,7.03823880684482));
#7067=CARTESIAN_POINT('',(-3.95062807820851,-6.67985906801914,7.03823880684482));
#7068=CARTESIAN_POINT('',(-3.94760079114072,-6.66682069145699,7.03823880684482));
#7069=CARTESIAN_POINT('',(-3.94300209992895,-6.6413615365549,7.03823880684482));
#7070=CARTESIAN_POINT('',(-3.94132672757182,-6.62890287089604,7.03823880684482));
#7071=CARTESIAN_POINT('',(-3.93924073959998,-6.60443838265694,7.03823880684482));
#7072=CARTESIAN_POINT('',(-3.93875656103872,-6.59233243751523,7.03823880684482));
#7073=CARTESIAN_POINT('',(-3.93892307972916,-6.5684910013068,7.03823880684482));
#7074=CARTESIAN_POINT('',(-3.93953857686787,-6.55665532247841,7.03823880684482));
#7075=CARTESIAN_POINT('',(-3.94182984203782,-6.53335032833981,7.03823880684482));
#7076=CARTESIAN_POINT('',(-3.94349337930424,-6.52178307470813,7.03823880684482));
#7077=CARTESIAN_POINT('',(-3.94782654944413,-6.49904694781705,7.03823880684482));
#7078=CARTESIAN_POINT('',(-3.9504999605018,-6.48778320825019,7.03823880684482));
#7079=CARTESIAN_POINT('',(-3.95680525800576,-6.46570368413179,7.03823880684482));
#7080=CARTESIAN_POINT('',(-3.96045335158348,-6.45479655834433,7.03823880684482));
#7081=CARTESIAN_POINT('',(-3.96866082347861,-6.43348820257096,7.03823880684482));
#7082=CARTESIAN_POINT('',(-3.97324677492639,-6.42299953769079,7.03823880684482));
#7083=CARTESIAN_POINT('',(-3.98328033763759,-6.40258936540606,7.03823880684482));
#7084=CARTESIAN_POINT('',(-3.98876356042531,-6.39258471613471,7.03823880684482));
#7085=CARTESIAN_POINT('',(-4.00053826833206,-6.37320412595727,7.03823880684482));
#7086=CARTESIAN_POINT('',(-4.00687344989183,-6.36374974183025,7.03823880684482));
#7087=CARTESIAN_POINT('',(-4.02029434891067,-6.34552954914464,7.03823880684482));
#7088=CARTESIAN_POINT('',(-4.02743108871163,-6.33669041594375,7.03823880684482));
#7089=CARTESIAN_POINT('',(-4.04239292863755,-6.31975753559911,7.03823880684482));
#7090=CARTESIAN_POINT('',(-4.05027571801692,-6.31159600800698,7.03823880684482));
#7091=CARTESIAN_POINT('',(-4.06666317663849,-6.29607108646115,7.03823880684482));
#7092=CARTESIAN_POINT('',(-4.07523159150639,-6.28864587939946,7.03823880684482));
#7093=CARTESIAN_POINT('',(-4.09291983472882,-6.27464152127498,7.03823880684482));
#7094=CARTESIAN_POINT('',(-4.10207292565194,-6.2680329320118,7.03823880684482));
#7095=CARTESIAN_POINT('',(-4.11153661712959,-6.26181664103977,7.03823880684482));
#7096=CARTESIAN_POINT('',(-4.21174728605732,-6.19485801277066,7.03823880684483));
#7097=AXIS2_PLACEMENT_3D('',#7098,#7099,#7100);
#7098=CARTESIAN_POINT('',(0.,0.,7.03823880684482));
#7099=DIRECTION('',(-1.77635683940025E-16,1.23259516440783E-32,-1.));
#7100=DIRECTION('',(-0.548863518506152,-0.835911979847787,9.7497746499569E-17));
#7101=CARTESIAN_POINT('',(-4.67007393746679,-6.21451804394462,7.03823880684483));
#7102=CARTESIAN_POINT('',(-4.21174728605732,-6.19485801277065,7.03823880684482));
#7103=CARTESIAN_POINT('',(-4.22111198799202,-6.1884935734782,7.03823880684482));
#7104=CARTESIAN_POINT('',(-4.23072026460226,-6.18256621773745,7.03823880684482));
#7105=CARTESIAN_POINT('',(-4.25042760206829,-6.17158364769331,7.03823880684482));
#7106=CARTESIAN_POINT('',(-4.26056658930883,-6.16650896829518,7.03823880684482));
#7107=CARTESIAN_POINT('',(-4.2811809554819,-6.1573100609492,7.03823880684482));
#7108=CARTESIAN_POINT('',(-4.2917378366746,-6.1531505945748,7.03823880684482));
#7109=CARTESIAN_POINT('',(-4.31310742650883,-6.14580758966864,7.03823880684482));
#7110=CARTESIAN_POINT('',(-4.3240048328412,-6.14259669167013,7.03823880684482));
#7111=CARTESIAN_POINT('',(-4.34597405164381,-6.137169963634,7.03823880684482));
#7112=CARTESIAN_POINT('',(-4.3571331326552,-6.13493505522481,7.03823880684482));
#7113=CARTESIAN_POINT('',(-4.37954444888497,-6.13147327435883,7.03823880684482));
#7114=CARTESIAN_POINT('',(-4.39088587809356,-6.13023605057583,7.03823880684482));
#7115=CARTESIAN_POINT('',(-4.41358209673962,-6.12877688213386,7.03823880684482));
#7116=CARTESIAN_POINT('',(-4.42502732718648,-6.12855385373145,7.03823880684482));
#7117=CARTESIAN_POINT('',(-4.44785454447284,-6.12912549315928,7.03823880684482));
#7118=CARTESIAN_POINT('',(-4.4593274797183,-6.12992907050372,7.03823880684482));
#7119=CARTESIAN_POINT('',(-4.48213923302979,-6.13255320326804,7.03823880684482));
#7120=CARTESIAN_POINT('',(-4.49356864159482,-6.13439374002858,7.03823880684482));
#7121=CARTESIAN_POINT('',(-4.51623231630022,-6.13909115190282,7.03823880684482));
#7122=CARTESIAN_POINT('',(-4.52755567332887,-6.14198084019361,7.03823880684482));
#7123=CARTESIAN_POINT('',(-4.54996350963851,-6.14878242234774,7.03823880684482));
#7124=CARTESIAN_POINT('',(-4.5611337916191,-6.15274309533739,7.03823880684482));
#7125=CARTESIAN_POINT('',(-4.58322413050175,-6.16171297476826,7.03823880684482));
#7126=CARTESIAN_POINT('',(-4.59422327832619,-6.16679304206994,7.03823880684482));
#7127=CARTESIAN_POINT('',(-4.61602724524671,-6.17808239799258,7.03823880684482));
#7128=CARTESIAN_POINT('',(-4.62689641420722,-6.18439796515969,7.03823880684482));
#7129=CARTESIAN_POINT('',(-4.64865776339899,-6.19838939862964,7.03823880684482));
#7130=CARTESIAN_POINT('',(-4.65954516003608,-6.20617581788587,7.03823880684482));
#7131=CARTESIAN_POINT('',(-4.67007393746679,-6.21451804394462,7.03823880684482));
#7132=CARTESIAN_POINT('',(-6.30250200776913,-6.89372241188068,7.03823880684483));
#7133=CARTESIAN_POINT('',(-4.67007393746679,-6.21451804394462,7.03823880684482));
#7134=CARTESIAN_POINT('',(-4.70065015600921,-6.23854203332627,7.03823880684482));
#7135=CARTESIAN_POINT('',(-4.73177923029107,-6.26178601449297,7.03823880684482));
#7136=CARTESIAN_POINT('',(-4.79559690786211,-6.30703573828929,7.03823880684482));
#7137=CARTESIAN_POINT('',(-4.82840827728467,-6.32893735470718,7.03823880684482));
#7138=CARTESIAN_POINT('',(-4.89520935578905,-6.37176205272613,7.03823880684482));
#7139=CARTESIAN_POINT('',(-4.92939641293066,-6.39252332548823,7.03823880684482));
#7140=CARTESIAN_POINT('',(-4.99889108915792,-6.43308201441403,7.03823880684482));
#7141=CARTESIAN_POINT('',(-5.03434751224452,-6.452753649168,7.03823880684482));
#7142=CARTESIAN_POINT('',(-5.10632725097448,-6.49114477801616,7.03823880684482));
#7143=CARTESIAN_POINT('',(-5.14296962112978,-6.50976042942764,7.03823880684482));
#7144=CARTESIAN_POINT('',(-5.21727331634978,-6.54604702476989,7.03823880684482));
#7145=CARTESIAN_POINT('',(-5.25503369739647,-6.56362877314427,7.03823880684482));
#7146=CARTESIAN_POINT('',(-5.33153057807283,-6.59785115122459,7.03823880684482));
#7147=CARTESIAN_POINT('',(-5.37035181600312,-6.61441299045866,7.03823880684482));
#7148=CARTESIAN_POINT('',(-5.44893173650211,-6.64659598652575,7.03823880684482));
#7149=CARTESIAN_POINT('',(-5.48876442370996,-6.66214608398198,7.03823880684482));
#7150=CARTESIAN_POINT('',(-5.56933188698822,-6.6923035103519,7.03823880684482));
#7151=CARTESIAN_POINT('',(-5.6101323316076,-6.70684572309808,7.03823880684482));
#7152=CARTESIAN_POINT('',(-5.69260258634032,-6.7349832875633,7.03823880684482));
#7153=CARTESIAN_POINT('',(-5.73433140677246,-6.74851821546186,7.03823880684482));
#7154=CARTESIAN_POINT('',(-5.8186277804651,-6.77463552217228,7.03823880684482));
#7155=CARTESIAN_POINT('',(-5.86124890287289,-6.78716126224879,7.03823880684482));
#7156=CARTESIAN_POINT('',(-5.94730091273822,-6.8112532352519,7.03823880684482));
#7157=CARTESIAN_POINT('',(-5.99078083716077,-6.82276593686396,7.03823880684482));
#7158=CARTESIAN_POINT('',(-6.07852281221255,-6.84482386418801,7.03823880684482));
#7159=CARTESIAN_POINT('',(-6.12283006321332,-6.85531814732403,7.03823880684482));
#7160=CARTESIAN_POINT('',(-6.21220011461329,-6.87533046658312,7.03823880684482));
#7161=CARTESIAN_POINT('',(-6.25728608136954,-6.88481672832962,7.03823880684482));
#7162=CARTESIAN_POINT('',(-6.30250200741431,-6.89372241220508,7.03823880684482));
#7163=CARTESIAN_POINT('',(-6.89372241220508,-6.30250200741431,7.03823880684483));
#7164=AXIS2_PLACEMENT_3D('',#7165,#7166,#7167);
#7165=CARTESIAN_POINT('',(0.,0.,7.03823880684482));
#7166=DIRECTION('',(1.77635683940025E-16,0.,1.));
#7167=DIRECTION('',(-0.738046401392332,-0.674749960646037,1.31103377290801E-16));
#7168=CARTESIAN_POINT('',(-6.21451804394462,-4.67007393746679,7.03823880684483));
#7169=CARTESIAN_POINT('',(-6.89372241220508,-6.3025020074143,7.03823880684482));
#7170=CARTESIAN_POINT('',(-6.88481672832963,-6.25728608136954,7.03823880684482));
#7171=CARTESIAN_POINT('',(-6.87533046658312,-6.21220011461329,7.03823880684482));
#7172=CARTESIAN_POINT('',(-6.85531814732403,-6.12283006321332,7.03823880684482));
#7173=CARTESIAN_POINT('',(-6.84482386418801,-6.07852281221255,7.03823880684482));
#7174=CARTESIAN_POINT('',(-6.82276593686396,-5.99078083716077,7.03823880684482));
#7175=CARTESIAN_POINT('',(-6.8112532352519,-5.94730091273821,7.03823880684482));
#7176=CARTESIAN_POINT('',(-6.7871612622488,-5.86124890287289,7.03823880684482));
#7177=CARTESIAN_POINT('',(-6.77463552217229,-5.81862778046509,7.03823880684482));
#7178=CARTESIAN_POINT('',(-6.74851821546187,-5.73433140677246,7.03823880684482));
#7179=CARTESIAN_POINT('',(-6.73498328756331,-5.69260258634031,7.03823880684482));
#7180=CARTESIAN_POINT('',(-6.70684572309808,-5.61013233160759,7.03823880684482));
#7181=CARTESIAN_POINT('',(-6.6923035103519,-5.56933188698822,7.03823880684482));
#7182=CARTESIAN_POINT('',(-6.66214608398198,-5.48876442370996,7.03823880684482));
#7183=CARTESIAN_POINT('',(-6.64659598652575,-5.44893173650211,7.03823880684482));
#7184=CARTESIAN_POINT('',(-6.61441299045867,-5.37035181600312,7.03823880684482));
#7185=CARTESIAN_POINT('',(-6.59785115122459,-5.33153057807283,7.03823880684482));
#7186=CARTESIAN_POINT('',(-6.56362877314428,-5.25503369739647,7.03823880684482));
#7187=CARTESIAN_POINT('',(-6.5460470247699,-5.21727331634978,7.03823880684482));
#7188=CARTESIAN_POINT('',(-6.50976042942764,-5.14296962112978,7.03823880684482));
#7189=CARTESIAN_POINT('',(-6.49114477801617,-5.10632725097448,7.03823880684482));
#7190=CARTESIAN_POINT('',(-6.452753649168,-5.03434751224452,7.03823880684482));
#7191=CARTESIAN_POINT('',(-6.43308201441403,-4.99889108915792,7.03823880684482));
#7192=CARTESIAN_POINT('',(-6.39252332548823,-4.92939641293066,7.03823880684482));
#7193=CARTESIAN_POINT('',(-6.37176205272613,-4.89520935578904,7.03823880684482));
#7194=CARTESIAN_POINT('',(-6.32893735470718,-4.82840827728467,7.03823880684482));
#7195=CARTESIAN_POINT('',(-6.30703573828929,-4.79559690786211,7.03823880684482));
#7196=CARTESIAN_POINT('',(-6.26178601449297,-4.73177923029107,7.03823880684482));
#7197=CARTESIAN_POINT('',(-6.23854203332627,-4.70065015600921,7.03823880684482));
#7198=CARTESIAN_POINT('',(-6.21451804394462,-4.67007393746679,7.03823880684482));
#7199=CARTESIAN_POINT('',(-6.19485801277065,-4.21174728605732,7.03823880684483));
#7200=CARTESIAN_POINT('',(-6.21451804394462,-4.67007393746679,7.03823880684482));
#7201=CARTESIAN_POINT('',(-6.20617581788587,-4.65954516003607,7.03823880684482));
#7202=CARTESIAN_POINT('',(-6.19838939862964,-4.64865776339899,7.03823880684482));
#7203=CARTESIAN_POINT('',(-6.18439796515969,-4.62689641420722,7.03823880684482));
#7204=CARTESIAN_POINT('',(-6.17808239799259,-4.61602724524671,7.03823880684482));
#7205=CARTESIAN_POINT('',(-6.16679304206994,-4.59422327832618,7.03823880684482));
#7206=CARTESIAN_POINT('',(-6.16171297476826,-4.58322413050175,7.03823880684482));
#7207=CARTESIAN_POINT('',(-6.15274309533739,-4.5611337916191,7.03823880684482));
#7208=CARTESIAN_POINT('',(-6.14878242234773,-4.54996350963851,7.03823880684482));
#7209=CARTESIAN_POINT('',(-6.14198084019361,-4.52755567332887,7.03823880684482));
#7210=CARTESIAN_POINT('',(-6.13909115190282,-4.51623231630022,7.03823880684482));
#7211=CARTESIAN_POINT('',(-6.13439374002858,-4.49356864159482,7.03823880684482));
#7212=CARTESIAN_POINT('',(-6.13255320326804,-4.48213923302978,7.03823880684482));
#7213=CARTESIAN_POINT('',(-6.12992907050372,-4.4593274797183,7.03823880684482));
#7214=CARTESIAN_POINT('',(-6.12912549315928,-4.44785454447284,7.03823880684482));
#7215=CARTESIAN_POINT('',(-6.12855385373145,-4.42502732718648,7.03823880684482));
#7216=CARTESIAN_POINT('',(-6.12877688213387,-4.41358209673962,7.03823880684482));
#7217=CARTESIAN_POINT('',(-6.13023605057583,-4.39088587809356,7.03823880684482));
#7218=CARTESIAN_POINT('',(-6.13147327435884,-4.37954444888497,7.03823880684482));
#7219=CARTESIAN_POINT('',(-6.13493505522481,-4.35713313265519,7.03823880684482));
#7220=CARTESIAN_POINT('',(-6.137169963634,-4.34597405164381,7.03823880684482));
#7221=CARTESIAN_POINT('',(-6.14259669167013,-4.3240048328412,7.03823880684482));
#7222=CARTESIAN_POINT('',(-6.14580758966865,-4.31310742650882,7.03823880684482));
#7223=CARTESIAN_POINT('',(-6.1531505945748,-4.2917378366746,7.03823880684482));
#7224=CARTESIAN_POINT('',(-6.1573100609492,-4.2811809554819,7.03823880684482));
#7225=CARTESIAN_POINT('',(-6.16650896829518,-4.26056658930882,7.03823880684482));
#7226=CARTESIAN_POINT('',(-6.17158364769331,-4.25042760206829,7.03823880684482));
#7227=CARTESIAN_POINT('',(-6.18256621773745,-4.23072026460225,7.03823880684482));
#7228=CARTESIAN_POINT('',(-6.18849357347821,-4.22111198799202,7.03823880684482));
#7229=CARTESIAN_POINT('',(-6.19485801277066,-4.21174728605732,7.03823880684482));
#7230=CARTESIAN_POINT('',(-6.26181664103977,-4.11153661712958,7.03823880684483));
#7231=AXIS2_PLACEMENT_3D('',#7232,#7233,#7234);
#7232=CARTESIAN_POINT('',(0.,0.,7.03823880684482));
#7233=DIRECTION('',(-1.77635683940025E-16,0.,-1.));
#7234=DIRECTION('',(-0.826973436493213,-0.562240994000443,1.46899991991705E-16));
#7235=CARTESIAN_POINT('',(-6.69277882169147,-3.95430610143396,7.03823880684483));
#7236=CARTESIAN_POINT('',(-6.26181664103977,-4.11153661712959,7.03823880684482));
#7237=CARTESIAN_POINT('',(-6.2680329320118,-4.10207292565193,7.03823880684482));
#7238=CARTESIAN_POINT('',(-6.27464152127498,-4.09291983472882,7.03823880684482));
#7239=CARTESIAN_POINT('',(-6.28864587939946,-4.07523159150639,7.03823880684482));
#7240=CARTESIAN_POINT('',(-6.29607108646116,-4.06666317663849,7.03823880684482));
#7241=CARTESIAN_POINT('',(-6.31159600800698,-4.05027571801692,7.03823880684482));
#7242=CARTESIAN_POINT('',(-6.31975753559911,-4.04239292863755,7.03823880684482));
#7243=CARTESIAN_POINT('',(-6.33669041594375,-4.02743108871163,7.03823880684482));
#7244=CARTESIAN_POINT('',(-6.34552954914464,-4.02029434891067,7.03823880684482));
#7245=CARTESIAN_POINT('',(-6.36374974183026,-4.00687344989182,7.03823880684482));
#7246=CARTESIAN_POINT('',(-6.37320412595726,-4.00053826833205,7.03823880684482));
#7247=CARTESIAN_POINT('',(-6.3925847161347,-3.98876356042531,7.03823880684482));
#7248=CARTESIAN_POINT('',(-6.40258936540606,-3.98328033763759,7.03823880684482));
#7249=CARTESIAN_POINT('',(-6.42299953769079,-3.97324677492639,7.03823880684482));
#7250=CARTESIAN_POINT('',(-6.43348820257097,-3.96866082347861,7.03823880684482));
#7251=CARTESIAN_POINT('',(-6.45479655834434,-3.96045335158347,7.03823880684482));
#7252=CARTESIAN_POINT('',(-6.46570368413179,-3.95680525800576,7.03823880684482));
#7253=CARTESIAN_POINT('',(-6.48778320825019,-3.95049996050179,7.03823880684482));
#7254=CARTESIAN_POINT('',(-6.49904694781705,-3.94782654944412,7.03823880684482));
#7255=CARTESIAN_POINT('',(-6.52178307470813,-3.94349337930424,7.03823880684482));
#7256=CARTESIAN_POINT('',(-6.53335032833981,-3.94182984203782,7.03823880684482));
#7257=CARTESIAN_POINT('',(-6.5566553224784,-3.93953857686786,7.03823880684482));
#7258=CARTESIAN_POINT('',(-6.56849100130681,-3.93892307972916,7.03823880684482));
#7259=CARTESIAN_POINT('',(-6.59233243751523,-3.93875656103872,7.03823880684482));
#7260=CARTESIAN_POINT('',(-6.60443838265695,-3.93924073959997,7.03823880684482));
#7261=CARTESIAN_POINT('',(-6.62890287089604,-3.94132672757182,7.03823880684482));
#7262=CARTESIAN_POINT('',(-6.6413615365549,-3.94300209992895,7.03823880684482));
#7263=CARTESIAN_POINT('',(-6.666820691457,-3.94760079114072,7.03823880684482));
#7264=CARTESIAN_POINT('',(-6.67985906801915,-3.9506280782085,7.03823880684482));
#7265=CARTESIAN_POINT('',(-6.69277882169147,-3.95430610143396,7.03823880684482));
#7266=CARTESIAN_POINT('',(-8.46086596273616,-3.95710593876543,7.03823880684483));
#7267=CARTESIAN_POINT('',(-6.69277882169147,-3.95430610143396,7.03823880684482));
#7268=CARTESIAN_POINT('',(-6.73022114690008,-3.96480036125239,7.03823880684482));
#7269=CARTESIAN_POINT('',(-6.76787574798981,-3.97436241871385,7.03823880684482));
#7270=CARTESIAN_POINT('',(-6.84415191372605,-3.99174574448261,7.03823880684482));
#7271=CARTESIAN_POINT('',(-6.88284705211436,-3.99942383214878,7.03823880684482));
#7272=CARTESIAN_POINT('',(-6.96095150372213,-4.01342502812672,7.03823880684482));
#7273=CARTESIAN_POINT('',(-7.00048122121293,-4.0195231227311,7.03823880684482));
#7274=CARTESIAN_POINT('',(-7.08020706848814,-4.03040000406539,7.03823880684482));
#7275=CARTESIAN_POINT('',(-7.1204925407818,-4.03500563909945,7.03823880684482));
#7276=CARTESIAN_POINT('',(-7.2016847971099,-4.04292896379435,7.03823880684482));
#7277=CARTESIAN_POINT('',(-7.24266183429694,-4.04610515513675,7.03823880684482));
#7278=CARTESIAN_POINT('',(-7.32519577635507,-4.05119480475378,7.03823880684482));
#7279=CARTESIAN_POINT('',(-7.36681006335882,-4.05298794999627,7.03823880684482));
#7280=CARTESIAN_POINT('',(-7.45058030282415,-4.05533121579609,7.03823880684482));
#7281=CARTESIAN_POINT('',(-7.49278439145906,-4.05577611550537,7.03823880684482));
#7282=CARTESIAN_POINT('',(-7.57769867107319,-4.05543809317511,7.03823880684483));
#7283=CARTESIAN_POINT('',(-7.62045004017761,-4.05456120048245,7.03823880684483));
#7284=CARTESIAN_POINT('',(-7.70642541792128,-4.05159119607456,7.03823880684483));
#7285=CARTESIAN_POINT('',(-7.74968517751038,-4.04941279459922,7.03823880684483));
#7286=CARTESIAN_POINT('',(-7.83664553764688,-4.04384851435422,7.03823880684483));
#7287=CARTESIAN_POINT('',(-7.88037753342501,-4.04038422898219,7.03823880684483));
#7288=CARTESIAN_POINT('',(-7.96825188832063,-4.03225464847564,7.03823880684483));
#7289=CARTESIAN_POINT('',(-8.01242206417124,-4.02751652594762,7.03823880684483));
#7290=CARTESIAN_POINT('',(-8.10114335373855,-4.01684392820582,7.03823880684483));
#7291=CARTESIAN_POINT('',(-8.14571928615638,-4.01084123087212,7.03823880684483));
#7292=CARTESIAN_POINT('',(-8.23522350438807,-3.99764269828112,7.03823880684483));
#7293=CARTESIAN_POINT('',(-8.28017405502023,-3.99038250078723,7.03823880684483));
#7294=CARTESIAN_POINT('',(-8.37039959935179,-3.9746710349284,7.03823880684483));
#7295=CARTESIAN_POINT('',(-8.41568383644685,-3.96618154548626,7.03823880684483));
#7296=CARTESIAN_POINT('',(-8.46086596273616,-3.95710593876543,7.03823880684483));
#7297=CARTESIAN_POINT('',(-8.78083214011625,-3.18463925384045,7.03823880684483));
#7298=AXIS2_PLACEMENT_3D('',#7299,#7300,#7301);
#7299=CARTESIAN_POINT('',(0.,0.,7.03823880684482));
#7300=DIRECTION('',(1.77635683940025E-16,0.,1.));
#7301=DIRECTION('',(-0.940081595214038,-0.340949548085681,1.66992037125275E-16));
#7302=CARTESIAN_POINT('',(-7.52862594901105,-1.93639263058845,7.03823880684483));
#7303=CARTESIAN_POINT('',(-8.78083214013578,-3.18463925378659,7.03823880684483));
#7304=CARTESIAN_POINT('',(-8.75530097530386,-3.1462732428433,7.03823880684483));
#7305=CARTESIAN_POINT('',(-8.72928315972643,-3.10824947615919,7.03823880684483));
#7306=CARTESIAN_POINT('',(-8.6765937495445,-3.03334069787493,7.03823880684483));
#7307=CARTESIAN_POINT('',(-8.64994264525511,-2.99642212382417,7.03823880684483));
#7308=CARTESIAN_POINT('',(-8.59598637749549,-2.92380031227095,7.03823880684483));
#7309=CARTESIAN_POINT('',(-8.5687109813952,-2.88803582019052,7.03823880684483));
#7310=CARTESIAN_POINT('',(-8.51352222214265,-2.81775372846575,7.03823880684483));
#7311=CARTESIAN_POINT('',(-8.48563954984213,-2.78317033902592,7.03823880684483));
#7312=CARTESIAN_POINT('',(-8.42925147910743,-2.71528530528246,7.03823880684483));
#7313=CARTESIAN_POINT('',(-8.40077790801642,-2.68191249483439,7.03823880684483));
#7314=CARTESIAN_POINT('',(-8.34322218796314,-2.61648769419379,7.03823880684483));
#7315=CARTESIAN_POINT('',(-8.31417328106055,-2.58435806238047,7.03823880684483));
#7316=CARTESIAN_POINT('',(-8.25547961869989,-2.52146417950588,7.03823880684483));
#7317=CARTESIAN_POINT('',(-8.2258698924705,-2.49061433973778,7.03823880684483));
#7318=CARTESIAN_POINT('',(-8.1660654474177,-2.43033185892114,7.03823880684483));
#7319=CARTESIAN_POINT('',(-8.13590805854877,-2.40080365325498,7.03823880684483));
#7320=CARTESIAN_POINT('',(-8.07501661502405,-2.34322608800459,7.03823880684483));
#7321=CARTESIAN_POINT('',(-8.04432292532884,-2.31506828863062,7.03823880684483));
#7322=CARTESIAN_POINT('',(-7.98236368946341,-2.26030690428132,7.03823880684483));
#7323=CARTESIAN_POINT('',(-7.95114264215896,-2.23357766984999,7.03823880684483));
#7324=CARTESIAN_POINT('',(-7.88812841050822,-2.18176871144186,7.03823880684483));
#7325=CARTESIAN_POINT('',(-7.85638560410182,-2.15653925656396,7.03823880684483));
#7326=CARTESIAN_POINT('',(-7.79231980030803,-2.10785568586945,7.03823880684483));
#7327=CARTESIAN_POINT('',(-7.76005606496482,-2.0842159586204,7.03823880684483));
#7328=CARTESIAN_POINT('',(-7.6949275369714,-2.03888811186841,7.03823880684483));
#7329=CARTESIAN_POINT('',(-7.66213671436277,-2.01695574497038,7.03823880684483));
#7330=CARTESIAN_POINT('',(-7.5959094527971,-1.97531221846604,7.03823880684483));
#7331=CARTESIAN_POINT('',(-7.56252223335059,-1.95544779036571,7.03823880684483));
#7332=CARTESIAN_POINT('',(-7.52862594901105,-1.93639263058845,7.03823880684483));
#7333=CARTESIAN_POINT('',(-7.33506843249512,-1.52047758635686,7.03823880684483));
#7334=CARTESIAN_POINT('',(-7.52862594901105,-1.93639263058845,7.03823880684483));
#7335=CARTESIAN_POINT('',(-7.516889548414,-1.92985774031958,7.03823880684483));
#7336=CARTESIAN_POINT('',(-7.50552940871701,-1.92277883105104,7.03823880684483));
#7337=CARTESIAN_POINT('',(-7.48427530190203,-1.90802825571692,7.03823880684482));
#7338=CARTESIAN_POINT('',(-7.47428102777538,-1.90040331589974,7.03823880684482));
#7339=CARTESIAN_POINT('',(-7.45550700600289,-1.88457932660798,7.03823880684482));
#7340=CARTESIAN_POINT('',(-7.44660444415654,-1.87636149664958,7.03823880684482));
#7341=CARTESIAN_POINT('',(-7.42986374943555,-1.85938530893817,7.03823880684482));
#7342=CARTESIAN_POINT('',(-7.42192988287662,-1.85058099797808,7.03823880684482));
#7343=CARTESIAN_POINT('',(-7.40707093262488,-1.832481709448,7.03823880684482));
#7344=CARTESIAN_POINT('',(-7.40006794762406,-1.82312612748349,7.03823880684482));
#7345=CARTESIAN_POINT('',(-7.3870550921114,-1.80398524399094,7.03823880684482));
#7346=CARTESIAN_POINT('',(-7.38098081256994,-1.79413019027392,7.03823880684482));
#7347=CARTESIAN_POINT('',(-7.36982674996289,-1.77405909042197,7.03823880684482));
#7348=CARTESIAN_POINT('',(-7.36469383906254,-1.7637669961072,7.03823880684482));
#7349=CARTESIAN_POINT('',(-7.3554301152327,-1.74289615421047,7.03823880684482));
#7350=CARTESIAN_POINT('',(-7.35125626653724,-1.73223679078119,7.03823880684482));
#7351=CARTESIAN_POINT('',(-7.34391889554208,-1.71070981932092,7.03823880684482));
#7352=CARTESIAN_POINT('',(-7.34072176421486,-1.6997582399618,7.03823880684482));
#7353=CARTESIAN_POINT('',(-7.33534359328435,-1.67772811741658,7.03823880684482));
#7354=CARTESIAN_POINT('',(-7.33313798399716,-1.66656320844747,7.03823880684482));
#7355=CARTESIAN_POINT('',(-7.32974437090048,-1.6441895779391,7.03823880684482));
#7356=CARTESIAN_POINT('',(-7.32854059698314,-1.63289292980411,7.03823880684482));
#7357=CARTESIAN_POINT('',(-7.32714686093707,-1.61033995681675,7.03823880684482));
#7358=CARTESIAN_POINT('',(-7.32694976325666,-1.5989949114867,7.03823880684482));
#7359=CARTESIAN_POINT('',(-7.32755966907194,-1.57642945106654,7.03823880684482));
#7360=CARTESIAN_POINT('',(-7.32836803906401,-1.56512025254438,7.03823880684482));
#7361=CARTESIAN_POINT('',(-7.33097293919788,-1.54271019921854,7.03823880684482));
#7362=CARTESIAN_POINT('',(-7.33277217357636,-1.53156500827592,7.03823880684482));
#7363=CARTESIAN_POINT('',(-7.33506843249512,-1.52047758635686,7.03823880684482));
#7364=CARTESIAN_POINT('',(-7.35858117593312,-1.40227104270278,7.03823880684482));
#7365=AXIS2_PLACEMENT_3D('',#7366,#7367,#7368);
#7366=CARTESIAN_POINT('',(0.,0.,7.03823880684482));
#7367=DIRECTION('',(-1.77635683940025E-16,0.,-1.));
#7368=DIRECTION('',(-0.979184145307051,-0.202973913543834,1.73938045354847E-16));
#7369=CARTESIAN_POINT('',(-7.69656880050472,-1.09208690085407,7.03823880684483));
#7370=CARTESIAN_POINT('',(-7.35858117593312,-1.40227104270278,7.03823880684482));
#7371=CARTESIAN_POINT('',(-7.3607026819928,-1.39114886027883,7.03823880684482));
#7372=CARTESIAN_POINT('',(-7.36330548610062,-1.38016350929341,7.03823880684482));
#7373=CARTESIAN_POINT('',(-7.36947482830892,-1.35846246757898,7.03823880684482));
#7374=CARTESIAN_POINT('',(-7.3730558347263,-1.34770478073207,7.03823880684482));
#7375=CARTESIAN_POINT('',(-7.38112778307329,-1.32662361285738,7.03823880684482));
#7376=CARTESIAN_POINT('',(-7.38565143847337,-1.31621758369838,7.03823880684482));
#7377=CARTESIAN_POINT('',(-7.3955697317929,-1.295914713252,7.03823880684482));
#7378=CARTESIAN_POINT('',(-7.40100491395942,-1.28593863558859,7.03823880684482));
#7379=CARTESIAN_POINT('',(-7.41270222135811,-1.26656677580188,7.03823880684482));
#7380=CARTESIAN_POINT('',(-7.4190125643216,-1.25709579505546,7.03823880684482));
#7381=CARTESIAN_POINT('',(-7.43241190927768,-1.23880075264875,7.03823880684482));
#7382=CARTESIAN_POINT('',(-7.43955666145261,-1.22990630182021,7.03823880684482));
#7383=CARTESIAN_POINT('',(-7.45457352366433,-1.21282586380807,7.03823880684482));
#7384=CARTESIAN_POINT('',(-7.4625088188298,-1.20457515885111,7.03823880684482));
#7385=CARTESIAN_POINT('',(-7.47905430908442,-1.18883808882812,7.03823880684482));
#7386=CARTESIAN_POINT('',(-7.48773511438606,-1.1812937135054,7.03823880684482));
#7387=CARTESIAN_POINT('',(-7.50572100191574,-1.16701891012048,7.03823880684483));
#7388=CARTESIAN_POINT('',(-7.51510427024143,-1.16023855384359,7.03823880684483));
#7389=CARTESIAN_POINT('',(-7.53445148010253,-1.1475344875631,7.03823880684483));
#7390=CARTESIAN_POINT('',(-7.54450162082922,-1.14157098320828,7.03823880684483));
#7391=CARTESIAN_POINT('',(-7.56515579869946,-1.13053569506599,7.03823880684483));
#7392=CARTESIAN_POINT('',(-7.57585499956475,-1.1254377316588,7.03823880684483));
#7393=CARTESIAN_POINT('',(-7.59781789055937,-1.11616016580817,7.03823880684483));
#7394=CARTESIAN_POINT('',(-7.60918761261121,-1.11197474383214,7.03823880684483));
#7395=CARTESIAN_POINT('',(-7.63258812560561,-1.104539791094,7.03823880684483));
#7396=CARTESIAN_POINT('',(-7.64473956905435,-1.10131990838706,7.03823880684483));
#7397=CARTESIAN_POINT('',(-7.67002060412074,-1.09582574829091,7.03823880684483));
#7398=CARTESIAN_POINT('',(-7.68322498596954,-1.0936330261566,7.03823880684483));
#7399=CARTESIAN_POINT('',(-7.69656880050472,-1.09208690085406,7.03823880684483));
#7400=CARTESIAN_POINT('',(-9.33113977317494,-0.418055957346177,7.03823880684483));
#7401=CARTESIAN_POINT('',(-7.69656880050472,-1.09208690085406,7.03823880684483));
#7402=CARTESIAN_POINT('',(-7.73517697778203,-1.0874537751826,7.03823880684483));
#7403=CARTESIAN_POINT('',(-7.77362453400354,-1.08187817237059,7.03823880684483));
#7404=CARTESIAN_POINT('',(-7.8507468331168,-1.06874864634373,7.03823880684483));
#7405=CARTESIAN_POINT('',(-7.88943475642354,-1.06103428601305,7.03823880684483));
#7406=CARTESIAN_POINT('',(-7.96695188639602,-1.04408042478349,7.03823880684483));
#7407=CARTESIAN_POINT('',(-8.00580622308582,-1.034586961606,7.03823880684483));
#7408=CARTESIAN_POINT('',(-8.08362570387795,-1.01412612876481,7.03823880684483));
#7409=CARTESIAN_POINT('',(-8.12260712741066,-1.00296459789521,7.03823880684483));
#7410=CARTESIAN_POINT('',(-8.20065111632059,-0.97921386407716,7.03823880684483));
#7411=CARTESIAN_POINT('',(-8.23972443808542,-0.966467049010859,7.03823880684483));
#7412=CARTESIAN_POINT('',(-8.31792358247537,-0.939584899886256,7.03823880684483));
#7413=CARTESIAN_POINT('',(-8.35705637747431,-0.925316451888598,7.03823880684483));
#7414=CARTESIAN_POINT('',(-8.43534671614911,-0.895423864431642,7.03823880684483));
#7415=CARTESIAN_POINT('',(-8.47450846557501,-0.879684092668413,7.03823880684483));
#7416=CARTESIAN_POINT('',(-8.55282967498288,-0.846876512776412,7.03823880684483));
#7417=CARTESIAN_POINT('',(-8.59199121757984,-0.829706128898273,7.03823880684483));
#7418=CARTESIAN_POINT('',(-8.6702855378962,-0.794060849960523,7.03823880684483));
#7419=CARTESIAN_POINT('',(-8.70941870620828,-0.775493476141015,7.03823880684483));
#7420=CARTESIAN_POINT('',(-8.7876302452154,-0.737074462412764,7.03823880684483));
#7421=CARTESIAN_POINT('',(-8.82670761641383,-0.717138369814215,7.03823880684483));
#7422=CARTESIAN_POINT('',(-8.90478187856259,-0.675999557027993,7.03823880684483));
#7423=CARTESIAN_POINT('',(-8.9437765989864,-0.654718908099134,7.03823880684483));
#7424=CARTESIAN_POINT('',(-9.02166015617956,-0.610906545871288,7.03823880684483));
#7425=CARTESIAN_POINT('',(-9.06054581496389,-0.588302305846291,7.03823880684483));
#7426=CARTESIAN_POINT('',(-9.13818607050746,-0.541856670282229,7.03823880684483));
#7427=CARTESIAN_POINT('',(-9.17693660691502,-0.517947291413023,7.03823880684483));
#7428=CARTESIAN_POINT('',(-9.2542816229503,-0.46890396868848,7.03823880684483));
#7429=CARTESIAN_POINT('',(-9.29287001578906,-0.44373117586786,7.03823880684483));
#7430=CARTESIAN_POINT('',(-9.33113977317238,-0.418055957403411,7.03823880684483));
#7431=CARTESIAN_POINT('',(-9.33113977317238,0.418055957403414,7.03823880684483));
#7432=AXIS2_PLACEMENT_3D('',#7433,#7434,#7435);
#7433=CARTESIAN_POINT('',(0.,0.,7.03823880684482));
#7434=DIRECTION('',(1.77635683940025E-16,0.,1.));
#7435=DIRECTION('',(-0.998997888033015,0.0447573424766781,1.77457673095385E-16));
#7436=CARTESIAN_POINT('',(-7.69656880050473,1.09208690085407,7.03823880684483));
#7437=CARTESIAN_POINT('',(-9.33113977317238,0.418055957403411,7.03823880684483));
#7438=CARTESIAN_POINT('',(-9.29287001578906,0.44373117586786,7.03823880684483));
#7439=CARTESIAN_POINT('',(-9.2542816229503,0.468903968688487,7.03823880684483));
#7440=CARTESIAN_POINT('',(-9.17693660691502,0.517947291413023,7.03823880684483));
#7441=CARTESIAN_POINT('',(-9.13818607050747,0.541856670282236,7.03823880684483));
#7442=CARTESIAN_POINT('',(-9.0605458149639,0.588302305846291,7.03823880684483));
#7443=CARTESIAN_POINT('',(-9.02166015617957,0.610906545871295,7.03823880684483));
#7444=CARTESIAN_POINT('',(-8.94377659898641,0.654718908099142,7.03823880684483));
#7445=CARTESIAN_POINT('',(-8.90478187856259,0.675999557027993,7.03823880684483));
#7446=CARTESIAN_POINT('',(-8.82670761641383,0.717138369814222,7.03823880684483));
#7447=CARTESIAN_POINT('',(-8.7876302452154,0.737074462412764,7.03823880684483));
#7448=CARTESIAN_POINT('',(-8.70941870620828,0.775493476141023,7.03823880684483));
#7449=CARTESIAN_POINT('',(-8.67028553789621,0.794060849960523,7.03823880684483));
#7450=CARTESIAN_POINT('',(-8.59199121757985,0.829706128898273,7.03823880684483));
#7451=CARTESIAN_POINT('',(-8.55282967498288,0.846876512776412,7.03823880684483));
#7452=CARTESIAN_POINT('',(-8.47450846557501,0.879684092668413,7.03823880684483));
#7453=CARTESIAN_POINT('',(-8.43534671614911,0.895423864431642,7.03823880684483));
#7454=CARTESIAN_POINT('',(-8.35705637747432,0.925316451888598,7.03823880684483));
#7455=CARTESIAN_POINT('',(-8.31792358247537,0.939584899886263,7.03823880684483));
#7456=CARTESIAN_POINT('',(-8.23972443808542,0.966467049010859,7.03823880684483));
#7457=CARTESIAN_POINT('',(-8.20065111632059,0.979213864077167,7.03823880684483));
#7458=CARTESIAN_POINT('',(-8.12260712741066,1.00296459789521,7.03823880684483));
#7459=CARTESIAN_POINT('',(-8.08362570387795,1.01412612876481,7.03823880684483));
#7460=CARTESIAN_POINT('',(-8.00580622308582,1.034586961606,7.03823880684483));
#7461=CARTESIAN_POINT('',(-7.96695188639603,1.04408042478349,7.03823880684483));
#7462=CARTESIAN_POINT('',(-7.88943475642354,1.06103428601305,7.03823880684483));
#7463=CARTESIAN_POINT('',(-7.8507468331168,1.06874864634373,7.03823880684483));
#7464=CARTESIAN_POINT('',(-7.77362453400354,1.08187817237059,7.03823880684483));
#7465=CARTESIAN_POINT('',(-7.73517697778204,1.08745377518261,7.03823880684483));
#7466=CARTESIAN_POINT('',(-7.69656880050473,1.09208690085407,7.03823880684483));
#7467=CARTESIAN_POINT('',(-7.35858117593312,1.40227104270278,7.03823880684483));
#7468=CARTESIAN_POINT('',(-7.69656880050473,1.09208690085407,7.03823880684483));
#7469=CARTESIAN_POINT('',(-7.68322498596954,1.0936330261566,7.03823880684483));
#7470=CARTESIAN_POINT('',(-7.67002060412074,1.09582574829091,7.03823880684483));
#7471=CARTESIAN_POINT('',(-7.64473956905435,1.10131990838706,7.03823880684483));
#7472=CARTESIAN_POINT('',(-7.63258812560561,1.104539791094,7.03823880684483));
#7473=CARTESIAN_POINT('',(-7.60918761261121,1.11197474383214,7.03823880684483));
#7474=CARTESIAN_POINT('',(-7.59781789055938,1.11616016580817,7.03823880684483));
#7475=CARTESIAN_POINT('',(-7.57585499956475,1.12543773165881,7.03823880684483));
#7476=CARTESIAN_POINT('',(-7.56515579869946,1.13053569506599,7.03823880684483));
#7477=CARTESIAN_POINT('',(-7.54450162082922,1.14157098320828,7.03823880684483));
#7478=CARTESIAN_POINT('',(-7.53445148010253,1.1475344875631,7.03823880684483));
#7479=CARTESIAN_POINT('',(-7.51510427024143,1.1602385538436,7.03823880684483));
#7480=CARTESIAN_POINT('',(-7.50572100191575,1.16701891012048,7.03823880684483));
#7481=CARTESIAN_POINT('',(-7.48773511438606,1.1812937135054,7.03823880684482));
#7482=CARTESIAN_POINT('',(-7.47905430908442,1.18883808882813,7.03823880684482));
#7483=CARTESIAN_POINT('',(-7.4625088188298,1.20457515885111,7.03823880684482));
#7484=CARTESIAN_POINT('',(-7.45457352366433,1.21282586380808,7.03823880684482));
#7485=CARTESIAN_POINT('',(-7.43955666145261,1.22990630182021,7.03823880684482));
#7486=CARTESIAN_POINT('',(-7.43241190927768,1.23880075264876,7.03823880684482));
#7487=CARTESIAN_POINT('',(-7.4190125643216,1.25709579505546,7.03823880684482));
#7488=CARTESIAN_POINT('',(-7.41270222135811,1.26656677580189,7.03823880684482));
#7489=CARTESIAN_POINT('',(-7.40100491395942,1.28593863558859,7.03823880684482));
#7490=CARTESIAN_POINT('',(-7.3955697317929,1.295914713252,7.03823880684482));
#7491=CARTESIAN_POINT('',(-7.38565143847337,1.31621758369838,7.03823880684482));
#7492=CARTESIAN_POINT('',(-7.38112778307329,1.32662361285738,7.03823880684482));
#7493=CARTESIAN_POINT('',(-7.3730558347263,1.34770478073207,7.03823880684482));
#7494=CARTESIAN_POINT('',(-7.36947482830892,1.35846246757899,7.03823880684482));
#7495=CARTESIAN_POINT('',(-7.36330548610062,1.38016350929342,7.03823880684482));
#7496=CARTESIAN_POINT('',(-7.3607026819928,1.39114886027883,7.03823880684482));
#7497=CARTESIAN_POINT('',(-7.35858117593312,1.40227104270279,7.03823880684482));
#7498=CARTESIAN_POINT('',(-7.33506843249512,1.52047758635687,7.03823880684483));
#7499=AXIS2_PLACEMENT_3D('',#7500,#7501,#7502);
#7500=CARTESIAN_POINT('',(0.,0.,7.03823880684482));
#7501=DIRECTION('',(-1.77635683940025E-16,0.,-1.));
#7502=DIRECTION('',(-0.982322944324272,0.187194105286715,1.74495608065021E-16));
#7503=CARTESIAN_POINT('',(-7.52862594901105,1.93639263058846,7.03823880684483));
#7504=CARTESIAN_POINT('',(-7.33506843249512,1.52047758635686,7.03823880684482));
#7505=CARTESIAN_POINT('',(-7.33277217357636,1.53156500827592,7.03823880684482));
#7506=CARTESIAN_POINT('',(-7.33097293919788,1.54271019921854,7.03823880684482));
#7507=CARTESIAN_POINT('',(-7.32836803906401,1.56512025254439,7.03823880684482));
#7508=CARTESIAN_POINT('',(-7.32755966907194,1.57642945106654,7.03823880684482));
#7509=CARTESIAN_POINT('',(-7.32694976325666,1.5989949114867,7.03823880684482));
#7510=CARTESIAN_POINT('',(-7.32714686093707,1.61033995681676,7.03823880684482));
#7511=CARTESIAN_POINT('',(-7.32854059698314,1.63289292980412,7.03823880684482));
#7512=CARTESIAN_POINT('',(-7.32974437090048,1.6441895779391,7.03823880684482));
#7513=CARTESIAN_POINT('',(-7.33313798399716,1.66656320844747,7.03823880684482));
#7514=CARTESIAN_POINT('',(-7.33534359328435,1.67772811741658,7.03823880684482));
#7515=CARTESIAN_POINT('',(-7.34072176421487,1.6997582399618,7.03823880684482));
#7516=CARTESIAN_POINT('',(-7.34391889554208,1.71070981932092,7.03823880684482));
#7517=CARTESIAN_POINT('',(-7.35125626653725,1.73223679078119,7.03823880684482));
#7518=CARTESIAN_POINT('',(-7.3554301152327,1.74289615421047,7.03823880684482));
#7519=CARTESIAN_POINT('',(-7.36469383906254,1.7637669961072,7.03823880684482));
#7520=CARTESIAN_POINT('',(-7.36982674996289,1.77405909042197,7.03823880684482));
#7521=CARTESIAN_POINT('',(-7.38098081256994,1.79413019027392,7.03823880684482));
#7522=CARTESIAN_POINT('',(-7.3870550921114,1.80398524399094,7.03823880684482));
#7523=CARTESIAN_POINT('',(-7.40006794762406,1.82312612748349,7.03823880684482));
#7524=CARTESIAN_POINT('',(-7.40707093262488,1.832481709448,7.03823880684482));
#7525=CARTESIAN_POINT('',(-7.42192988287662,1.85058099797808,7.03823880684482));
#7526=CARTESIAN_POINT('',(-7.42986374943555,1.85938530893817,7.03823880684482));
#7527=CARTESIAN_POINT('',(-7.44660444415654,1.87636149664958,7.03823880684482));
#7528=CARTESIAN_POINT('',(-7.45550700600289,1.88457932660799,7.03823880684482));
#7529=CARTESIAN_POINT('',(-7.47428102777538,1.90040331589975,7.03823880684482));
#7530=CARTESIAN_POINT('',(-7.48427530190204,1.90802825571692,7.03823880684482));
#7531=CARTESIAN_POINT('',(-7.50552940871701,1.92277883105105,7.03823880684483));
#7532=CARTESIAN_POINT('',(-7.516889548414,1.92985774031958,7.03823880684483));
#7533=CARTESIAN_POINT('',(-7.52862594901105,1.93639263058846,7.03823880684483));
#7534=CARTESIAN_POINT('',(-8.78083214013579,3.18463925378659,7.03823880684482));
#7535=CARTESIAN_POINT('',(-7.52862594901105,1.93639263058846,7.03823880684483));
#7536=CARTESIAN_POINT('',(-7.56252223335059,1.95544779036571,7.03823880684483));
#7537=CARTESIAN_POINT('',(-7.5959094527971,1.97531221846604,7.03823880684483));
#7538=CARTESIAN_POINT('',(-7.66213671436277,2.01695574497038,7.03823880684483));
#7539=CARTESIAN_POINT('',(-7.6949275369714,2.03888811186841,7.03823880684483));
#7540=CARTESIAN_POINT('',(-7.76005606496482,2.0842159586204,7.03823880684483));
#7541=CARTESIAN_POINT('',(-7.79231980030803,2.10785568586946,7.03823880684483));
#7542=CARTESIAN_POINT('',(-7.85638560410182,2.15653925656397,7.03823880684483));
#7543=CARTESIAN_POINT('',(-7.88812841050822,2.18176871144186,7.03823880684483));
#7544=CARTESIAN_POINT('',(-7.95114264215897,2.23357766984999,7.03823880684483));
#7545=CARTESIAN_POINT('',(-7.98236368946342,2.26030690428132,7.03823880684483));
#7546=CARTESIAN_POINT('',(-8.04432292532884,2.31506828863062,7.03823880684483));
#7547=CARTESIAN_POINT('',(-8.07501661502405,2.3432260880046,7.03823880684483));
#7548=CARTESIAN_POINT('',(-8.13590805854877,2.40080365325498,7.03823880684483));
#7549=CARTESIAN_POINT('',(-8.1660654474177,2.43033185892115,7.03823880684483));
#7550=CARTESIAN_POINT('',(-8.2258698924705,2.49061433973779,7.03823880684483));
#7551=CARTESIAN_POINT('',(-8.25547961869989,2.52146417950588,7.03823880684483));
#7552=CARTESIAN_POINT('',(-8.31417328106055,2.58435806238048,7.03823880684483));
#7553=CARTESIAN_POINT('',(-8.34322218796314,2.61648769419379,7.03823880684483));
#7554=CARTESIAN_POINT('',(-8.40077790801642,2.6819124948344,7.03823880684483));
#7555=CARTESIAN_POINT('',(-8.42925147910743,2.71528530528246,7.03823880684483));
#7556=CARTESIAN_POINT('',(-8.48563954984213,2.78317033902593,7.03823880684483));
#7557=CARTESIAN_POINT('',(-8.51352222214265,2.81775372846576,7.03823880684483));
#7558=CARTESIAN_POINT('',(-8.5687109813952,2.88803582019052,7.03823880684483));
#7559=CARTESIAN_POINT('',(-8.59598637749549,2.92380031227095,7.03823880684483));
#7560=CARTESIAN_POINT('',(-8.64994264525511,2.99642212382418,7.03823880684483));
#7561=CARTESIAN_POINT('',(-8.6765937495445,3.03334069787493,7.03823880684483));
#7562=CARTESIAN_POINT('',(-8.72928315972643,3.10824947615919,7.03823880684483));
#7563=CARTESIAN_POINT('',(-8.75530097530386,3.14627324284331,7.03823880684483));
#7564=CARTESIAN_POINT('',(-8.78083214013578,3.18463925378659,7.03823880684483));
#7565=CARTESIAN_POINT('',(-8.46086596293983,3.95710593832995,7.03823880684482));
#7566=AXIS2_PLACEMENT_3D('',#7567,#7568,#7569);
#7567=CARTESIAN_POINT('',(0.,0.,7.03823880684482));
#7568=DIRECTION('',(1.77635683940025E-16,0.,1.));
#7569=DIRECTION('',(-0.905825808376801,0.423650333268504,1.60906987001539E-16));
#7570=CARTESIAN_POINT('',(-6.69277882169147,3.95430610143397,7.03823880684483));
#7571=CARTESIAN_POINT('',(-8.46086596273616,3.95710593876544,7.03823880684483));
#7572=CARTESIAN_POINT('',(-8.41568383644684,3.96618154548627,7.03823880684483));
#7573=CARTESIAN_POINT('',(-8.37039959935179,3.9746710349284,7.03823880684483));
#7574=CARTESIAN_POINT('',(-8.28017405502022,3.99038250078723,7.03823880684483));
#7575=CARTESIAN_POINT('',(-8.23522350438807,3.99764269828112,7.03823880684483));
#7576=CARTESIAN_POINT('',(-8.14571928615638,4.01084123087212,7.03823880684483));
#7577=CARTESIAN_POINT('',(-8.10114335373855,4.01684392820582,7.03823880684483));
#7578=CARTESIAN_POINT('',(-8.01242206417124,4.02751652594762,7.03823880684483));
#7579=CARTESIAN_POINT('',(-7.96825188832063,4.03225464847564,7.03823880684483));
#7580=CARTESIAN_POINT('',(-7.88037753342501,4.04038422898219,7.03823880684483));
#7581=CARTESIAN_POINT('',(-7.83664553764688,4.04384851435422,7.03823880684483));
#7582=CARTESIAN_POINT('',(-7.74968517751038,4.04941279459922,7.03823880684483));
#7583=CARTESIAN_POINT('',(-7.70642541792128,4.05159119607456,7.03823880684483));
#7584=CARTESIAN_POINT('',(-7.62045004017761,4.05456120048245,7.03823880684483));
#7585=CARTESIAN_POINT('',(-7.57769867107319,4.05543809317511,7.03823880684483));
#7586=CARTESIAN_POINT('',(-7.49278439145906,4.05577611550537,7.03823880684482));
#7587=CARTESIAN_POINT('',(-7.45058030282414,4.05533121579609,7.03823880684482));
#7588=CARTESIAN_POINT('',(-7.36681006335882,4.05298794999628,7.03823880684482));
#7589=CARTESIAN_POINT('',(-7.32519577635507,4.05119480475378,7.03823880684482));
#7590=CARTESIAN_POINT('',(-7.24266183429694,4.04610515513676,7.03823880684482));
#7591=CARTESIAN_POINT('',(-7.2016847971099,4.04292896379435,7.03823880684482));
#7592=CARTESIAN_POINT('',(-7.1204925407818,4.03500563909945,7.03823880684482));
#7593=CARTESIAN_POINT('',(-7.08020706848814,4.03040000406539,7.03823880684482));
#7594=CARTESIAN_POINT('',(-7.00048122121293,4.0195231227311,7.03823880684482));
#7595=CARTESIAN_POINT('',(-6.96095150372213,4.01342502812672,7.03823880684482));
#7596=CARTESIAN_POINT('',(-6.88284705211436,3.99942383214878,7.03823880684482));
#7597=CARTESIAN_POINT('',(-6.84415191372605,3.99174574448261,7.03823880684482));
#7598=CARTESIAN_POINT('',(-6.76787574798981,3.97436241871385,7.03823880684482));
#7599=CARTESIAN_POINT('',(-6.73022114690008,3.96480036125239,7.03823880684482));
#7600=CARTESIAN_POINT('',(-6.69277882169147,3.95430610143397,7.03823880684482));
#7601=CARTESIAN_POINT('',(-6.26181664103977,4.11153661712959,7.03823880684482));
#7602=CARTESIAN_POINT('',(-6.69277882169147,3.95430610143397,7.03823880684482));
#7603=CARTESIAN_POINT('',(-6.67985906801914,3.95062807820851,7.03823880684482));
#7604=CARTESIAN_POINT('',(-6.66682069145699,3.94760079114072,7.03823880684482));
#7605=CARTESIAN_POINT('',(-6.6413615365549,3.94300209992895,7.03823880684482));
#7606=CARTESIAN_POINT('',(-6.62890287089604,3.94132672757182,7.03823880684482));
#7607=CARTESIAN_POINT('',(-6.60443838265694,3.93924073959998,7.03823880684482));
#7608=CARTESIAN_POINT('',(-6.59233243751523,3.93875656103872,7.03823880684482));
#7609=CARTESIAN_POINT('',(-6.56849100130681,3.93892307972916,7.03823880684482));
#7610=CARTESIAN_POINT('',(-6.5566553224784,3.93953857686787,7.03823880684482));
#7611=CARTESIAN_POINT('',(-6.53335032833981,3.94182984203783,7.03823880684482));
#7612=CARTESIAN_POINT('',(-6.52178307470813,3.94349337930424,7.03823880684482));
#7613=CARTESIAN_POINT('',(-6.49904694781705,3.94782654944413,7.03823880684482));
#7614=CARTESIAN_POINT('',(-6.48778320825019,3.9504999605018,7.03823880684482));
#7615=CARTESIAN_POINT('',(-6.46570368413179,3.95680525800576,7.03823880684482));
#7616=CARTESIAN_POINT('',(-6.45479655834434,3.96045335158348,7.03823880684482));
#7617=CARTESIAN_POINT('',(-6.43348820257096,3.96866082347861,7.03823880684482));
#7618=CARTESIAN_POINT('',(-6.42299953769079,3.97324677492639,7.03823880684482));
#7619=CARTESIAN_POINT('',(-6.40258936540606,3.98328033763759,7.03823880684482));
#7620=CARTESIAN_POINT('',(-6.3925847161347,3.98876356042531,7.03823880684482));
#7621=CARTESIAN_POINT('',(-6.37320412595726,4.00053826833206,7.03823880684482));
#7622=CARTESIAN_POINT('',(-6.36374974183026,4.00687344989183,7.03823880684482));
#7623=CARTESIAN_POINT('',(-6.34552954914464,4.02029434891067,7.03823880684482));
#7624=CARTESIAN_POINT('',(-6.33669041594375,4.02743108871163,7.03823880684482));
#7625=CARTESIAN_POINT('',(-6.31975753559911,4.04239292863755,7.03823880684482));
#7626=CARTESIAN_POINT('',(-6.31159600800698,4.05027571801692,7.03823880684482));
#7627=CARTESIAN_POINT('',(-6.29607108646116,4.06666317663849,7.03823880684482));
#7628=CARTESIAN_POINT('',(-6.28864587939946,4.07523159150639,7.03823880684482));
#7629=CARTESIAN_POINT('',(-6.27464152127498,4.09291983472882,7.03823880684482));
#7630=CARTESIAN_POINT('',(-6.2680329320118,4.10207292565194,7.03823880684482));
#7631=CARTESIAN_POINT('',(-6.26181664103977,4.11153661712959,7.03823880684482));
#7632=CARTESIAN_POINT('',(-6.19485801277066,4.21174728605732,7.03823880684483));
#7633=AXIS2_PLACEMENT_3D('',#7634,#7635,#7636);
#7634=CARTESIAN_POINT('',(0.,0.,7.03823880684482));
#7635=DIRECTION('',(-1.77635683940025E-16,0.,-1.));
#7636=DIRECTION('',(-0.835911979847786,0.548863518506152,1.48487796253922E-16));
#7637=CARTESIAN_POINT('',(-6.21451804394462,4.67007393746679,7.03823880684483));
#7638=CARTESIAN_POINT('',(-6.19485801277066,4.21174728605732,7.03823880684482));
#7639=CARTESIAN_POINT('',(-6.18849357347821,4.22111198799202,7.03823880684482));
#7640=CARTESIAN_POINT('',(-6.18256621773745,4.23072026460226,7.03823880684482));
#7641=CARTESIAN_POINT('',(-6.17158364769331,4.25042760206829,7.03823880684482));
#7642=CARTESIAN_POINT('',(-6.16650896829518,4.26056658930883,7.03823880684482));
#7643=CARTESIAN_POINT('',(-6.1573100609492,4.2811809554819,7.03823880684482));
#7644=CARTESIAN_POINT('',(-6.1531505945748,4.2917378366746,7.03823880684482));
#7645=CARTESIAN_POINT('',(-6.14580758966864,4.31310742650883,7.03823880684482));
#7646=CARTESIAN_POINT('',(-6.14259669167013,4.3240048328412,7.03823880684482));
#7647=CARTESIAN_POINT('',(-6.137169963634,4.34597405164381,7.03823880684482));
#7648=CARTESIAN_POINT('',(-6.13493505522481,4.3571331326552,7.03823880684482));
#7649=CARTESIAN_POINT('',(-6.13147327435883,4.37954444888497,7.03823880684482));
#7650=CARTESIAN_POINT('',(-6.13023605057583,4.39088587809356,7.03823880684482));
#7651=CARTESIAN_POINT('',(-6.12877688213386,4.41358209673962,7.03823880684482));
#7652=CARTESIAN_POINT('',(-6.12855385373145,4.42502732718648,7.03823880684482));
#7653=CARTESIAN_POINT('',(-6.12912549315928,4.44785454447284,7.03823880684482));
#7654=CARTESIAN_POINT('',(-6.12992907050372,4.4593274797183,7.03823880684482));
#7655=CARTESIAN_POINT('',(-6.13255320326804,4.48213923302979,7.03823880684482));
#7656=CARTESIAN_POINT('',(-6.13439374002858,4.49356864159482,7.03823880684482));
#7657=CARTESIAN_POINT('',(-6.13909115190282,4.51623231630022,7.03823880684482));
#7658=CARTESIAN_POINT('',(-6.14198084019361,4.52755567332888,7.03823880684482));
#7659=CARTESIAN_POINT('',(-6.14878242234773,4.54996350963851,7.03823880684482));
#7660=CARTESIAN_POINT('',(-6.15274309533739,4.5611337916191,7.03823880684482));
#7661=CARTESIAN_POINT('',(-6.16171297476826,4.58322413050175,7.03823880684482));
#7662=CARTESIAN_POINT('',(-6.16679304206994,4.59422327832619,7.03823880684482));
#7663=CARTESIAN_POINT('',(-6.17808239799259,4.61602724524671,7.03823880684482));
#7664=CARTESIAN_POINT('',(-6.18439796515969,4.62689641420722,7.03823880684482));
#7665=CARTESIAN_POINT('',(-6.19838939862964,4.64865776339899,7.03823880684482));
#7666=CARTESIAN_POINT('',(-6.20617581788587,4.65954516003608,7.03823880684482));
#7667=CARTESIAN_POINT('',(-6.21451804394462,4.67007393746679,7.03823880684482));
#7668=CARTESIAN_POINT('',(-6.89372241220493,6.30250200741447,7.03823880684483));
#7669=CARTESIAN_POINT('',(-6.21451804394462,4.67007393746679,7.03823880684482));
#7670=CARTESIAN_POINT('',(-6.23854203332627,4.70065015600921,7.03823880684482));
#7671=CARTESIAN_POINT('',(-6.26178601449297,4.73177923029107,7.03823880684482));
#7672=CARTESIAN_POINT('',(-6.30703573828929,4.79559690786211,7.03823880684482));
#7673=CARTESIAN_POINT('',(-6.32893735470718,4.82840827728467,7.03823880684482));
#7674=CARTESIAN_POINT('',(-6.37176205272613,4.89520935578905,7.03823880684482));
#7675=CARTESIAN_POINT('',(-6.39252332548823,4.92939641293066,7.03823880684482));
#7676=CARTESIAN_POINT('',(-6.43308201441403,4.99889108915792,7.03823880684482));
#7677=CARTESIAN_POINT('',(-6.452753649168,5.03434751224452,7.03823880684482));
#7678=CARTESIAN_POINT('',(-6.49114477801617,5.10632725097448,7.03823880684482));
#7679=CARTESIAN_POINT('',(-6.50976042942764,5.14296962112978,7.03823880684482));
#7680=CARTESIAN_POINT('',(-6.54604702476989,5.21727331634978,7.03823880684482));
#7681=CARTESIAN_POINT('',(-6.56362877314428,5.25503369739647,7.03823880684482));
#7682=CARTESIAN_POINT('',(-6.59785115122459,5.33153057807284,7.03823880684482));
#7683=CARTESIAN_POINT('',(-6.61441299045866,5.37035181600312,7.03823880684482));
#7684=CARTESIAN_POINT('',(-6.64659598652575,5.44893173650211,7.03823880684482));
#7685=CARTESIAN_POINT('',(-6.66214608398198,5.48876442370996,7.03823880684482));
#7686=CARTESIAN_POINT('',(-6.6923035103519,5.56933188698822,7.03823880684482));
#7687=CARTESIAN_POINT('',(-6.70684572309808,5.6101323316076,7.03823880684482));
#7688=CARTESIAN_POINT('',(-6.7349832875633,5.69260258634032,7.03823880684482));
#7689=CARTESIAN_POINT('',(-6.74851821546186,5.73433140677247,7.03823880684482));
#7690=CARTESIAN_POINT('',(-6.77463552217228,5.8186277804651,7.03823880684482));
#7691=CARTESIAN_POINT('',(-6.7871612622488,5.86124890287289,7.03823880684482));
#7692=CARTESIAN_POINT('',(-6.8112532352519,5.94730091273822,7.03823880684482));
#7693=CARTESIAN_POINT('',(-6.82276593686396,5.99078083716077,7.03823880684482));
#7694=CARTESIAN_POINT('',(-6.84482386418801,6.07852281221255,7.03823880684482));
#7695=CARTESIAN_POINT('',(-6.85531814732403,6.12283006321332,7.03823880684482));
#7696=CARTESIAN_POINT('',(-6.87533046658311,6.2122001146133,7.03823880684482));
#7697=CARTESIAN_POINT('',(-6.88481672832963,6.25728608136954,7.03823880684482));
#7698=CARTESIAN_POINT('',(-6.89372241220508,6.3025020074143,7.03823880684482));
#7699=CARTESIAN_POINT('',(-6.30250200834163,6.89372241135728,7.03823880684483));
#7700=AXIS2_PLACEMENT_3D('',#7701,#7702,#7703);
#7701=CARTESIAN_POINT('',(0.,0.,7.03823880684482));
#7702=DIRECTION('',(1.77635683940025E-16,0.,1.));
#7703=DIRECTION('',(-0.674749960844597,0.738046401210801,1.19859670783135E-16));
#7704=CARTESIAN_POINT('',(-4.67007393746679,6.21451804394462,7.03823880684483));
#7705=CARTESIAN_POINT('',(-6.3025020074143,6.89372241220508,7.03823880684482));
#7706=CARTESIAN_POINT('',(-6.25728608136954,6.88481672832963,7.03823880684482));
#7707=CARTESIAN_POINT('',(-6.21220011461329,6.87533046658312,7.03823880684482));
#7708=CARTESIAN_POINT('',(-6.12283006321332,6.85531814732403,7.03823880684482));
#7709=CARTESIAN_POINT('',(-6.07852281221255,6.84482386418801,7.03823880684482));
#7710=CARTESIAN_POINT('',(-5.99078083716077,6.82276593686396,7.03823880684482));
#7711=CARTESIAN_POINT('',(-5.94730091273822,6.8112532352519,7.03823880684482));
#7712=CARTESIAN_POINT('',(-5.86124890287289,6.7871612622488,7.03823880684482));
#7713=CARTESIAN_POINT('',(-5.81862778046509,6.77463552217229,7.03823880684482));
#7714=CARTESIAN_POINT('',(-5.73433140677246,6.74851821546186,7.03823880684482));
#7715=CARTESIAN_POINT('',(-5.69260258634032,6.73498328756331,7.03823880684482));
#7716=CARTESIAN_POINT('',(-5.6101323316076,6.70684572309808,7.03823880684482));
#7717=CARTESIAN_POINT('',(-5.56933188698822,6.6923035103519,7.03823880684482));
#7718=CARTESIAN_POINT('',(-5.48876442370996,6.66214608398198,7.03823880684482));
#7719=CARTESIAN_POINT('',(-5.44893173650211,6.64659598652575,7.03823880684482));
#7720=CARTESIAN_POINT('',(-5.37035181600312,6.61441299045867,7.03823880684482));
#7721=CARTESIAN_POINT('',(-5.33153057807283,6.59785115122459,7.03823880684482));
#7722=CARTESIAN_POINT('',(-5.25503369739647,6.56362877314428,7.03823880684482));
#7723=CARTESIAN_POINT('',(-5.21727331634978,6.5460470247699,7.03823880684482));
#7724=CARTESIAN_POINT('',(-5.14296962112978,6.50976042942764,7.03823880684482));
#7725=CARTESIAN_POINT('',(-5.10632725097448,6.49114477801617,7.03823880684482));
#7726=CARTESIAN_POINT('',(-5.03434751224452,6.452753649168,7.03823880684482));
#7727=CARTESIAN_POINT('',(-4.99889108915791,6.43308201441403,7.03823880684482));
#7728=CARTESIAN_POINT('',(-4.92939641293066,6.39252332548823,7.03823880684482));
#7729=CARTESIAN_POINT('',(-4.89520935578904,6.37176205272613,7.03823880684482));
#7730=CARTESIAN_POINT('',(-4.82840827728467,6.32893735470718,7.03823880684482));
#7731=CARTESIAN_POINT('',(-4.7955969078621,6.30703573828929,7.03823880684482));
#7732=CARTESIAN_POINT('',(-4.73177923029107,6.26178601449297,7.03823880684482));
#7733=CARTESIAN_POINT('',(-4.70065015600921,6.23854203332628,7.03823880684482));
#7734=CARTESIAN_POINT('',(-4.67007393746679,6.21451804394462,7.03823880684482));
#7735=CARTESIAN_POINT('',(-4.21174728605732,6.19485801277066,7.03823880684483));
#7736=CARTESIAN_POINT('',(-4.67007393746679,6.21451804394462,7.03823880684482));
#7737=CARTESIAN_POINT('',(-4.65954516003608,6.20617581788587,7.03823880684482));
#7738=CARTESIAN_POINT('',(-4.64865776339898,6.19838939862964,7.03823880684482));
#7739=CARTESIAN_POINT('',(-4.62689641420722,6.1843979651597,7.03823880684482));
#7740=CARTESIAN_POINT('',(-4.61602724524671,6.17808239799259,7.03823880684482));
#7741=CARTESIAN_POINT('',(-4.59422327832618,6.16679304206994,7.03823880684482));
#7742=CARTESIAN_POINT('',(-4.58322413050175,6.16171297476826,7.03823880684482));
#7743=CARTESIAN_POINT('',(-4.5611337916191,6.15274309533739,7.03823880684482));
#7744=CARTESIAN_POINT('',(-4.54996350963851,6.14878242234774,7.03823880684482));
#7745=CARTESIAN_POINT('',(-4.52755567332887,6.14198084019361,7.03823880684482));
#7746=CARTESIAN_POINT('',(-4.51623231630022,6.13909115190282,7.03823880684482));
#7747=CARTESIAN_POINT('',(-4.49356864159482,6.13439374002858,7.03823880684482));
#7748=CARTESIAN_POINT('',(-4.48213923302978,6.13255320326804,7.03823880684482));
#7749=CARTESIAN_POINT('',(-4.4593274797183,6.12992907050372,7.03823880684482));
#7750=CARTESIAN_POINT('',(-4.44785454447284,6.12912549315929,7.03823880684482));
#7751=CARTESIAN_POINT('',(-4.42502732718648,6.12855385373145,7.03823880684482));
#7752=CARTESIAN_POINT('',(-4.41358209673962,6.12877688213387,7.03823880684482));
#7753=CARTESIAN_POINT('',(-4.39088587809356,6.13023605057583,7.03823880684482));
#7754=CARTESIAN_POINT('',(-4.37954444888497,6.13147327435884,7.03823880684482));
#7755=CARTESIAN_POINT('',(-4.3571331326552,6.13493505522481,7.03823880684482));
#7756=CARTESIAN_POINT('',(-4.34597405164381,6.137169963634,7.03823880684482));
#7757=CARTESIAN_POINT('',(-4.3240048328412,6.14259669167013,7.03823880684482));
#7758=CARTESIAN_POINT('',(-4.31310742650883,6.14580758966865,7.03823880684482));
#7759=CARTESIAN_POINT('',(-4.2917378366746,6.1531505945748,7.03823880684482));
#7760=CARTESIAN_POINT('',(-4.2811809554819,6.1573100609492,7.03823880684482));
#7761=CARTESIAN_POINT('',(-4.26056658930882,6.16650896829518,7.03823880684482));
#7762=CARTESIAN_POINT('',(-4.25042760206829,6.17158364769332,7.03823880684482));
#7763=CARTESIAN_POINT('',(-4.23072026460226,6.18256621773745,7.03823880684482));
#7764=CARTESIAN_POINT('',(-4.22111198799202,6.18849357347821,7.03823880684482));
#7765=CARTESIAN_POINT('',(-4.21174728605732,6.19485801277066,7.03823880684482));
#7766=CARTESIAN_POINT('',(-4.11153661712958,6.26181664103977,7.03823880684483));
#7767=AXIS2_PLACEMENT_3D('',#7768,#7769,#7770);
#7768=CARTESIAN_POINT('',(0.,0.,7.03823880684482));
#7769=DIRECTION('',(-1.77635683940025E-16,0.,-1.));
#7770=DIRECTION('',(-0.562240994000443,0.826973436493213,9.98740635083882E-17));
#7771=CARTESIAN_POINT('',(-3.95430610143396,6.69277882169147,7.03823880684483));
#7772=CARTESIAN_POINT('',(-4.11153661712958,6.26181664103977,7.03823880684482));
#7773=CARTESIAN_POINT('',(-4.10207292565193,6.2680329320118,7.03823880684482));
#7774=CARTESIAN_POINT('',(-4.09291983472882,6.27464152127498,7.03823880684482));
#7775=CARTESIAN_POINT('',(-4.07523159150639,6.28864587939946,7.03823880684482));
#7776=CARTESIAN_POINT('',(-4.06666317663848,6.29607108646116,7.03823880684482));
#7777=CARTESIAN_POINT('',(-4.05027571801692,6.31159600800698,7.03823880684482));
#7778=CARTESIAN_POINT('',(-4.04239292863755,6.31975753559911,7.03823880684482));
#7779=CARTESIAN_POINT('',(-4.02743108871163,6.33669041594375,7.03823880684482));
#7780=CARTESIAN_POINT('',(-4.02029434891067,6.34552954914464,7.03823880684482));
#7781=CARTESIAN_POINT('',(-4.00687344989182,6.36374974183026,7.03823880684482));
#7782=CARTESIAN_POINT('',(-4.00053826833205,6.37320412595727,7.03823880684482));
#7783=CARTESIAN_POINT('',(-3.98876356042531,6.39258471613471,7.03823880684482));
#7784=CARTESIAN_POINT('',(-3.98328033763759,6.40258936540606,7.03823880684482));
#7785=CARTESIAN_POINT('',(-3.97324677492639,6.42299953769079,7.03823880684482));
#7786=CARTESIAN_POINT('',(-3.96866082347861,6.43348820257097,7.03823880684482));
#7787=CARTESIAN_POINT('',(-3.96045335158348,6.45479655834434,7.03823880684482));
#7788=CARTESIAN_POINT('',(-3.95680525800576,6.46570368413179,7.03823880684482));
#7789=CARTESIAN_POINT('',(-3.9504999605018,6.48778320825019,7.03823880684482));
#7790=CARTESIAN_POINT('',(-3.94782654944412,6.49904694781706,7.03823880684482));
#7791=CARTESIAN_POINT('',(-3.94349337930424,6.52178307470814,7.03823880684482));
#7792=CARTESIAN_POINT('',(-3.94182984203782,6.53335032833981,7.03823880684482));
#7793=CARTESIAN_POINT('',(-3.93953857686786,6.55665532247841,7.03823880684482));
#7794=CARTESIAN_POINT('',(-3.93892307972916,6.56849100130681,7.03823880684482));
#7795=CARTESIAN_POINT('',(-3.93875656103872,6.59233243751523,7.03823880684482));
#7796=CARTESIAN_POINT('',(-3.93924073959997,6.60443838265695,7.03823880684482));
#7797=CARTESIAN_POINT('',(-3.94132672757182,6.62890287089604,7.03823880684482));
#7798=CARTESIAN_POINT('',(-3.94300209992895,6.6413615365549,7.03823880684482));
#7799=CARTESIAN_POINT('',(-3.94760079114072,6.666820691457,7.03823880684482));
#7800=CARTESIAN_POINT('',(-3.9506280782085,6.67985906801915,7.03823880684482));
#7801=CARTESIAN_POINT('',(-3.95430610143396,6.69277882169148,7.03823880684482));
#7802=CARTESIAN_POINT('',(-3.95710593876543,8.46086596273616,7.03823880684483));
#7803=CARTESIAN_POINT('',(-3.95430610143396,6.69277882169148,7.03823880684482));
#7804=CARTESIAN_POINT('',(-3.96480036125239,6.73022114690008,7.03823880684482));
#7805=CARTESIAN_POINT('',(-3.97436241871385,6.76787574798981,7.03823880684482));
#7806=CARTESIAN_POINT('',(-3.99174574448261,6.84415191372605,7.03823880684482));
#7807=CARTESIAN_POINT('',(-3.99942383214878,6.88284705211436,7.03823880684482));
#7808=CARTESIAN_POINT('',(-4.01342502812672,6.96095150372213,7.03823880684482));
#7809=CARTESIAN_POINT('',(-4.0195231227311,7.00048122121293,7.03823880684482));
#7810=CARTESIAN_POINT('',(-4.03040000406539,7.08020706848814,7.03823880684482));
#7811=CARTESIAN_POINT('',(-4.03500563909945,7.1204925407818,7.03823880684482));
#7812=CARTESIAN_POINT('',(-4.04292896379435,7.20168479710991,7.03823880684482));
#7813=CARTESIAN_POINT('',(-4.04610515513675,7.24266183429695,7.03823880684482));
#7814=CARTESIAN_POINT('',(-4.05119480475378,7.32519577635507,7.03823880684482));
#7815=CARTESIAN_POINT('',(-4.05298794999627,7.36681006335883,7.03823880684482));
#7816=CARTESIAN_POINT('',(-4.05533121579608,7.45058030282415,7.03823880684482));
#7817=CARTESIAN_POINT('',(-4.05577611550536,7.49278439145906,7.03823880684482));
#7818=CARTESIAN_POINT('',(-4.0554380931751,7.57769867107319,7.03823880684482));
#7819=CARTESIAN_POINT('',(-4.05456120048245,7.62045004017761,7.03823880684482));
#7820=CARTESIAN_POINT('',(-4.05159119607456,7.70642541792128,7.03823880684482));
#7821=CARTESIAN_POINT('',(-4.04941279459922,7.74968517751038,7.03823880684482));
#7822=CARTESIAN_POINT('',(-4.04384851435421,7.83664553764688,7.03823880684482));
#7823=CARTESIAN_POINT('',(-4.04038422898219,7.88037753342501,7.03823880684482));
#7824=CARTESIAN_POINT('',(-4.03225464847564,7.96825188832063,7.03823880684482));
#7825=CARTESIAN_POINT('',(-4.02751652594762,8.01242206417125,7.03823880684482));
#7826=CARTESIAN_POINT('',(-4.01684392820582,8.10114335373855,7.03823880684482));
#7827=CARTESIAN_POINT('',(-4.01084123087211,8.14571928615639,7.03823880684482));
#7828=CARTESIAN_POINT('',(-3.99764269828112,8.23522350438807,7.03823880684482));
#7829=CARTESIAN_POINT('',(-3.99038250078723,8.28017405502023,7.03823880684482));
#7830=CARTESIAN_POINT('',(-3.9746710349284,8.37039959935179,7.03823880684482));
#7831=CARTESIAN_POINT('',(-3.96618154548626,8.41568383644685,7.03823880684482));
#7832=CARTESIAN_POINT('',(-3.95710593876543,8.46086596273616,7.03823880684482));
#7833=CARTESIAN_POINT('',(-3.18463925552113,8.7808321395067,7.03823880684483));
#7834=AXIS2_PLACEMENT_3D('',#7835,#7836,#7837);
#7835=CARTESIAN_POINT('',(0.,0.,7.03823880684482));
#7836=DIRECTION('',(1.77635683940025E-16,0.,1.));
#7837=DIRECTION('',(-0.340949548445552,0.94008159508352,6.05648062271683E-17));
#7838=CARTESIAN_POINT('',(-1.93639263058845,7.52862594901105,7.03823880684483));
#7839=CARTESIAN_POINT('',(-3.18463925378659,8.78083214013578,7.03823880684482));
#7840=CARTESIAN_POINT('',(-3.1462732428433,8.75530097530386,7.03823880684482));
#7841=CARTESIAN_POINT('',(-3.10824947615919,8.72928315972644,7.03823880684482));
#7842=CARTESIAN_POINT('',(-3.03334069787493,8.67659374954449,7.03823880684482));
#7843=CARTESIAN_POINT('',(-2.99642212382418,8.64994264525511,7.03823880684482));
#7844=CARTESIAN_POINT('',(-2.92380031227095,8.59598637749549,7.03823880684482));
#7845=CARTESIAN_POINT('',(-2.88803582019051,8.56871098139521,7.03823880684482));
#7846=CARTESIAN_POINT('',(-2.81775372846575,8.51352222214265,7.03823880684482));
#7847=CARTESIAN_POINT('',(-2.78317033902593,8.48563954984213,7.03823880684482));
#7848=CARTESIAN_POINT('',(-2.71528530528246,8.42925147910743,7.03823880684482));
#7849=CARTESIAN_POINT('',(-2.68191249483439,8.40077790801642,7.03823880684482));
#7850=CARTESIAN_POINT('',(-2.61648769419379,8.34322218796314,7.03823880684482));
#7851=CARTESIAN_POINT('',(-2.58435806238048,8.31417328106055,7.03823880684482));
#7852=CARTESIAN_POINT('',(-2.52146417950587,8.25547961869989,7.03823880684482));
#7853=CARTESIAN_POINT('',(-2.49061433973778,8.2258698924705,7.03823880684482));
#7854=CARTESIAN_POINT('',(-2.43033185892115,8.1660654474177,7.03823880684482));
#7855=CARTESIAN_POINT('',(-2.40080365325498,8.13590805854877,7.03823880684482));
#7856=CARTESIAN_POINT('',(-2.34322608800459,8.07501661502405,7.03823880684482));
#7857=CARTESIAN_POINT('',(-2.31506828863062,8.04432292532884,7.03823880684482));
#7858=CARTESIAN_POINT('',(-2.26030690428132,7.98236368946342,7.03823880684482));
#7859=CARTESIAN_POINT('',(-2.23357766984999,7.95114264215896,7.03823880684482));
#7860=CARTESIAN_POINT('',(-2.18176871144186,7.88812841050822,7.03823880684482));
#7861=CARTESIAN_POINT('',(-2.15653925656396,7.85638560410182,7.03823880684482));
#7862=CARTESIAN_POINT('',(-2.10785568586946,7.79231980030803,7.03823880684482));
#7863=CARTESIAN_POINT('',(-2.0842159586204,7.76005606496482,7.03823880684482));
#7864=CARTESIAN_POINT('',(-2.03888811186841,7.6949275369714,7.03823880684482));
#7865=CARTESIAN_POINT('',(-2.01695574497038,7.66213671436277,7.03823880684482));
#7866=CARTESIAN_POINT('',(-1.97531221846604,7.5959094527971,7.03823880684482));
#7867=CARTESIAN_POINT('',(-1.95544779036571,7.56252223335059,7.03823880684482));
#7868=CARTESIAN_POINT('',(-1.93639263058845,7.52862594901105,7.03823880684482));
#7869=CARTESIAN_POINT('',(-1.52047758635686,7.33506843249512,7.03823880684483));
#7870=CARTESIAN_POINT('',(-1.93639263058845,7.52862594901105,7.03823880684482));
#7871=CARTESIAN_POINT('',(-1.92985774031958,7.516889548414,7.03823880684482));
#7872=CARTESIAN_POINT('',(-1.92277883105104,7.50552940871701,7.03823880684482));
#7873=CARTESIAN_POINT('',(-1.90802825571692,7.48427530190203,7.03823880684482));
#7874=CARTESIAN_POINT('',(-1.90040331589975,7.47428102777538,7.03823880684482));
#7875=CARTESIAN_POINT('',(-1.88457932660799,7.45550700600289,7.03823880684482));
#7876=CARTESIAN_POINT('',(-1.87636149664958,7.44660444415654,7.03823880684482));
#7877=CARTESIAN_POINT('',(-1.85938530893817,7.42986374943555,7.03823880684482));
#7878=CARTESIAN_POINT('',(-1.85058099797808,7.42192988287662,7.03823880684482));
#7879=CARTESIAN_POINT('',(-1.832481709448,7.40707093262488,7.03823880684482));
#7880=CARTESIAN_POINT('',(-1.82312612748349,7.40006794762406,7.03823880684482));
#7881=CARTESIAN_POINT('',(-1.80398524399094,7.3870550921114,7.03823880684482));
#7882=CARTESIAN_POINT('',(-1.79413019027392,7.38098081256994,7.03823880684482));
#7883=CARTESIAN_POINT('',(-1.77405909042197,7.36982674996289,7.03823880684482));
#7884=CARTESIAN_POINT('',(-1.7637669961072,7.36469383906254,7.03823880684482));
#7885=CARTESIAN_POINT('',(-1.74289615421047,7.3554301152327,7.03823880684482));
#7886=CARTESIAN_POINT('',(-1.73223679078119,7.35125626653724,7.03823880684482));
#7887=CARTESIAN_POINT('',(-1.71070981932092,7.34391889554208,7.03823880684482));
#7888=CARTESIAN_POINT('',(-1.69975823996179,7.34072176421487,7.03823880684482));
#7889=CARTESIAN_POINT('',(-1.67772811741658,7.33534359328435,7.03823880684482));
#7890=CARTESIAN_POINT('',(-1.66656320844747,7.33313798399716,7.03823880684482));
#7891=CARTESIAN_POINT('',(-1.6441895779391,7.32974437090048,7.03823880684482));
#7892=CARTESIAN_POINT('',(-1.63289292980412,7.32854059698314,7.03823880684482));
#7893=CARTESIAN_POINT('',(-1.61033995681676,7.32714686093707,7.03823880684482));
#7894=CARTESIAN_POINT('',(-1.5989949114867,7.32694976325666,7.03823880684482));
#7895=CARTESIAN_POINT('',(-1.57642945106654,7.32755966907194,7.03823880684482));
#7896=CARTESIAN_POINT('',(-1.56512025254438,7.32836803906401,7.03823880684482));
#7897=CARTESIAN_POINT('',(-1.54271019921854,7.33097293919788,7.03823880684482));
#7898=CARTESIAN_POINT('',(-1.53156500827592,7.33277217357636,7.03823880684482));
#7899=CARTESIAN_POINT('',(-1.52047758635686,7.33506843249512,7.03823880684482));
#7900=AXIS2_PLACEMENT_3D('',#7901,#7902,#7903);
#7901=CARTESIAN_POINT('',(0.,0.,7.03823880684482));
#7902=DIRECTION('',(-1.77635683940025E-16,-6.16297582203916E-33,-1.));
#7903=DIRECTION('',(-0.202973913543834,0.979184145307051,3.60554099543425E-17));
#7904=CARTESIAN_POINT('',(-0.514310484522699,2.29411063269693,7.03823880684482));
#7905=CARTESIAN_POINT('',(-0.867375270465322,2.18520456930886,7.03823880684482));
#7906=AXIS2_PLACEMENT_3D('',#7907,#7908,#7909);
#7907=CARTESIAN_POINT('',(-0.659141235209573,2.13688340093562,7.03823880684482));
#7908=DIRECTION('',(-1.77635683940025E-16,0.,-1.));
#7909=DIRECTION('',(-0.974116646577818,0.226045922015831,1.73037876752214E-16));
#7910=CARTESIAN_POINT('',(-1.16766209239908,2.04059405750318,7.03823880684482));
#7911=AXIS2_PLACEMENT_3D('',#7912,#7913,#7914);
#7912=CARTESIAN_POINT('',(-1.07560930572107,2.23352573768209,7.03823880684482));
#7913=DIRECTION('',(1.77635683940025E-16,0.,1.));
#7914=DIRECTION('',(-0.430621976646627,-0.902532389019337,7.64938293412291E-17));
#7915=CARTESIAN_POINT('',(-1.4729405748182,1.83245871238545,7.03823880684482));
#7916=AXIS2_PLACEMENT_3D('',#7917,#7918,#7919);
#7917=CARTESIAN_POINT('',(-1.2597148790771,1.84766237732427,7.03823880684482));
#7918=DIRECTION('',(-1.77635683940025E-16,0.,-1.));
#7919=DIRECTION('',(-0.997467582302001,-0.071122586121432,1.77185836190219E-16));
#7920=CARTESIAN_POINT('',(-1.71726179916511,1.60576174530075,7.03823880684482));
#7921=AXIS2_PLACEMENT_3D('',#7922,#7923,#7924);
#7922=CARTESIAN_POINT('',(-1.68616627055929,1.81725504744663,7.03823880684482));
#7923=DIRECTION('',(1.77635683940025E-16,0.,1.));
#7924=DIRECTION('',(-0.145464558720504,-0.989363463119722,2.58396963773506E-17));
#7925=CARTESIAN_POINT('',(-1.94762864520523,1.31689085725399,7.03823880684482));
#7926=AXIS2_PLACEMENT_3D('',#7927,#7928,#7929);
#7927=CARTESIAN_POINT('',(-1.74835732777093,1.39426844315486,7.03823880684482));
#7928=DIRECTION('',(-1.77635683940025E-16,-1.23259516440783E-32,-1.));
#7929=DIRECTION('',(-0.932189146024264,-0.361971540365473,1.65590056515488E-16));
#7930=CARTESIAN_POINT('',(-2.11427525899604,1.028250455259,7.03823880684482));
#7931=AXIS2_PLACEMENT_3D('',#7932,#7933,#7934);
#7932=CARTESIAN_POINT('',(-2.14689996263952,1.23951327135312,7.03823880684482));
#7933=DIRECTION('',(1.77635683940025E-16,3.08148791101958E-33,1.));
#7934=DIRECTION('',(0.152618023608633,-0.988285251771873,-2.71104070052945E-17));
#7935=CARTESIAN_POINT('',(-2.24926136343825,0.684311470375173,7.03823880684482));
#7936=AXIS2_PLACEMENT_3D('',#7937,#7938,#7939);
#7937=CARTESIAN_POINT('',(-2.08165055535256,0.816987639164864,7.03823880684482));
#7938=DIRECTION('',(-1.77635683940025E-16,-1.23259516440783E-32,-1.));
#7939=DIRECTION('',(-0.784081613277585,-0.620657734762099,1.39280873639362E-16));
#7940=CARTESIAN_POINT('',(-2.32342608372102,0.359374599864678,7.03823880684482));
#7941=AXIS2_PLACEMENT_3D('',#7942,#7943,#7944);
#7942=CARTESIAN_POINT('',(-2.41687217152392,0.551635301585485,7.03823880684482));
#7943=DIRECTION('',(1.77635683940025E-16,1.23259516440783E-32,1.));
#7944=DIRECTION('',(0.43713982478698,-0.899393558785701,-7.7651631753458E-17));
#7945=CARTESIAN_POINT('',(-2.35103733880886,-0.009071993697904,7.03823880684482));
#7946=AXIS2_PLACEMENT_3D('',#7947,#7948,#7949);
#7947=CARTESIAN_POINT('',(-2.22997999591811,0.167113898143867,7.03823880684482));
#7948=DIRECTION('',(-1.77635683940025E-16,0.,-1.));
#7949=DIRECTION('',(-0.566304988305706,-0.824195765713507,1.00595973916332E-16));
#7950=CARTESIAN_POINT('',(-2.32613030471996,-0.341433265817071,7.03823880684482));
#7951=AXIS2_PLACEMENT_3D('',#7952,#7953,#7954);
#7952=CARTESIAN_POINT('',(-2.4720946816996,-0.18525788553967,7.03823880684482));
#7953=DIRECTION('',(1.77635683940025E-16,-1.23259516440783E-32,1.));
#7954=DIRECTION('',(0.682819834176479,-0.730586801177797,-1.21293168251753E-16));
#7955=CARTESIAN_POINT('',(-2.24391332926888,-0.701649371319111,7.03823880684482));
#7956=AXIS2_PLACEMENT_3D('',#7957,#7958,#7959);
#7957=CARTESIAN_POINT('',(-2.18016592774032,-0.497608646094477,7.03823880684482));
#7958=DIRECTION('',(-1.77635683940025E-16,0.,-1.));
#7959=DIRECTION('',(-0.298209679934357,-0.954500385957726,5.29726804526754E-17));
#7960=CARTESIAN_POINT('',(-2.12214764008979,-1.01190328747569,7.03823880684482));
#7961=AXIS2_PLACEMENT_3D('',#7962,#7963,#7964);
#7962=CARTESIAN_POINT('',(-2.30766073079739,-0.905690096543715,7.03823880684482));
#7963=DIRECTION('',(1.77635683940025E-16,-1.23259516440783E-32,1.));
#7964=DIRECTION('',(0.867828304793912,-0.496864200157875,-1.54157274464579E-16));
#7965=CARTESIAN_POINT('',(-1.9374077731719,-1.33188212316113,7.03823880684482));
#7966=AXIS2_PLACEMENT_3D('',#7967,#7968,#7969);
#7967=CARTESIAN_POINT('',(-1.93663454938219,-1.11811647840777,7.03823880684482));
#7968=DIRECTION('',(-1.77635683940025E-16,-9.62964972193618E-35,-1.));
#7969=DIRECTION('',(-0.00361713282920339,-0.99999345815365,6.42531864017463E-19));
#7970=CARTESIAN_POINT('',(-1.72960284474617,-1.59246126137782,7.03823880684482));
#7971=AXIS2_PLACEMENT_3D('',#7972,#7973,#7974);
#7972=CARTESIAN_POINT('',(-1.9381809969616,-1.54564776791449,7.03823880684482));
#7973=DIRECTION('',(1.77635683940025E-16,0.,1.));
#7974=DIRECTION('',(0.975726422128628,-0.21899303450125,-1.73323830333173E-16));
#7975=CARTESIAN_POINT('',(-1.45875503425462,-1.84377130349181,7.03823880684482));
#7976=AXIS2_PLACEMENT_3D('',#7977,#7978,#7979);
#7977=CARTESIAN_POINT('',(-1.52102469253073,-1.63927475484116,7.03823880684482));
#7978=DIRECTION('',(-1.77635683940025E-16,0.,-1.));
#7979=DIRECTION('',(0.291296812401339,-0.956632723193608,-5.17447085004611E-17));
#7980=CARTESIAN_POINT('',(-1.18337524640975,-2.03152206380529,7.03823880684482));
#7981=AXIS2_PLACEMENT_3D('',#7982,#7983,#7984);
#7982=CARTESIAN_POINT('',(-1.39648537597852,-2.04826785214245,7.03823880684482));
#7983=DIRECTION('',(1.77635683940025E-16,0.,1.));
#7984=DIRECTION('',(0.996926964952315,0.078336623305876,-1.77089803257558E-16));
#7985=CARTESIAN_POINT('',(-0.850485508902807,-2.19183331225013,7.03823880684482));
#7986=AXIS2_PLACEMENT_3D('',#7987,#7988,#7989);
#7987=CARTESIAN_POINT('',(-0.970265116840993,-2.01477627546815,7.03823880684482));
#7988=DIRECTION('',(-1.77635683940025E-16,0.,-1.));
#7989=DIRECTION('',(0.560327757515019,-0.828270972664255,-9.95342044367609E-17));
#7990=CARTESIAN_POINT('',(-0.531999564273137,-2.29007321567592,7.03823880684482));
#7991=AXIS2_PLACEMENT_3D('',#7992,#7993,#7994);
#7992=CARTESIAN_POINT('',(-0.730705900964642,-2.36889034903213,7.03823880684482));
#7993=DIRECTION('',(1.77635683940025E-16,-1.23259516440783E-32,1.));
#7994=DIRECTION('',(0.929546171998065,0.368705728357647,-1.65120570016709E-16));
#7995=CARTESIAN_POINT('',(-0.166646613790813,-2.34514131251299,7.03823880684482));
#7996=AXIS2_PLACEMENT_3D('',#7997,#7998,#7999);
#7997=CARTESIAN_POINT('',(-0.333293227581629,-2.21125608231973,7.03823880684482));
#7998=DIRECTION('',(-1.77635683940025E-16,-1.23259516440783E-32,-1.));
#7999=DIRECTION('',(0.779571122415615,-0.626313711406399,-1.38479649510191E-16));
#8000=CARTESIAN_POINT('',(0.166646613790813,-2.34514131251299,7.03823880684482));
#8001=AXIS2_PLACEMENT_3D('',#8002,#8003,#8004);
#8002=CARTESIAN_POINT('',(0.,-2.47902654270625,7.03823880684482));
#8003=DIRECTION('',(1.77635683940025E-16,1.23259516440783E-32,1.));
#8004=DIRECTION('',(0.7795711224156,0.626313711406418,-1.38479649510188E-16));
#8005=CARTESIAN_POINT('',(0.531999564273138,-2.29007321567593,7.03823880684482));
#8006=AXIS2_PLACEMENT_3D('',#8007,#8008,#8009);
#8007=CARTESIAN_POINT('',(0.333293227581629,-2.21125608231973,7.03823880684482));
#8008=DIRECTION('',(-1.77635683940025E-16,-1.23259516440783E-32,-1.));
#8009=DIRECTION('',(0.929546171998076,-0.368705728357621,-1.6512057001671E-16));
#8010=CARTESIAN_POINT('',(0.85048550890283,-2.19183331225013,7.03823880684482));
#8011=AXIS2_PLACEMENT_3D('',#8012,#8013,#8014);
#8012=CARTESIAN_POINT('',(0.730705900964644,-2.36889034903213,7.03823880684482));
#8013=DIRECTION('',(1.77635683940025E-16,0.,1.));
#8014=DIRECTION('',(0.560327757514986,0.828270972664277,-9.9534204436755E-17));
#8015=CARTESIAN_POINT('',(1.18337524640979,-2.03152206380528,7.03823880684482));
#8016=AXIS2_PLACEMENT_3D('',#8017,#8018,#8019);
#8017=CARTESIAN_POINT('',(0.97026511684102,-2.01477627546814,7.03823880684482));
#8018=DIRECTION('',(-1.77635683940025E-16,-1.54074395550979E-33,-1.));
#8019=DIRECTION('',(0.996926964952318,-0.0783366233058324,-1.77089803257558E-16));
#8020=CARTESIAN_POINT('',(1.45875503425465,-1.84377130349178,7.03823880684482));
#8021=AXIS2_PLACEMENT_3D('',#8022,#8023,#8024);
#8022=CARTESIAN_POINT('',(1.39648537597855,-2.04826785214243,7.03823880684482));
#8023=DIRECTION('',(1.77635683940025E-16,0.,1.));
#8024=DIRECTION('',(0.291296812401302,0.95663272319362,-5.17447085004544E-17));
#8025=CARTESIAN_POINT('',(1.72960284474619,-1.5924612613778,7.03823880684482));
#8026=AXIS2_PLACEMENT_3D('',#8027,#8028,#8029);
#8027=CARTESIAN_POINT('',(1.52102469253075,-1.63927475484114,7.03823880684482));
#8028=DIRECTION('',(-1.77635683940025E-16,0.,-1.));
#8029=DIRECTION('',(0.97572642212862,0.218993034501285,-1.73323830333171E-16));
#8030=CARTESIAN_POINT('',(1.93740777317191,-1.3318821231611,7.03823880684482));
#8031=AXIS2_PLACEMENT_3D('',#8032,#8033,#8034);
#8032=CARTESIAN_POINT('',(1.93818099696161,-1.54564776791445,7.03823880684482));
#8033=DIRECTION('',(1.77635683940025E-16,-9.62964972193618E-35,1.));
#8034=DIRECTION('',(-0.00361713282919956,0.99999345815365,6.42531864016782E-19));
#8035=CARTESIAN_POINT('',(2.12214764008983,-1.01190328747576,7.03823880684482));
#8036=AXIS2_PLACEMENT_3D('',#8037,#8038,#8039);
#8037=CARTESIAN_POINT('',(1.93663454938221,-1.11811647840774,7.03823880684482));
#8038=DIRECTION('',(-1.77635683940025E-16,1.23259516440783E-32,-1.));
#8039=DIRECTION('',(0.867828304793919,0.496864200157862,-1.5415727446458E-16));
#8040=CARTESIAN_POINT('',(2.24391332926888,-0.701649371319126,7.03823880684482));
#8041=AXIS2_PLACEMENT_3D('',#8042,#8043,#8044);
#8042=CARTESIAN_POINT('',(2.30766073079744,-0.905690096543772,7.03823880684482));
#8043=DIRECTION('',(1.77635683940025E-16,-6.16297582203915E-33,1.));
#8044=DIRECTION('',(-0.298209679934343,0.954500385957731,5.2972680452673E-17));
#8045=CARTESIAN_POINT('',(2.32613030471996,-0.341433265817063,7.03823880684482));
#8046=AXIS2_PLACEMENT_3D('',#8047,#8048,#8049);
#8047=CARTESIAN_POINT('',(2.18016592774031,-0.49760864609447,7.03823880684482));
#8048=DIRECTION('',(-1.77635683940025E-16,1.23259516440783E-32,-1.));
#8049=DIRECTION('',(0.682819834176492,0.730586801177785,-1.21293168251756E-16));
#8050=CARTESIAN_POINT('',(2.35103733880885,-0.00907199369789771,7.03823880684482));
#8051=AXIS2_PLACEMENT_3D('',#8052,#8053,#8054);
#8052=CARTESIAN_POINT('',(2.47209468169959,-0.185257885539663,7.03823880684482));
#8053=DIRECTION('',(1.77635683940025E-16,0.,1.));
#8054=DIRECTION('',(-0.566304988305692,0.824195765713517,1.00595973916329E-16));
#8055=CARTESIAN_POINT('',(2.32342608372102,0.359374599864685,7.03823880684482));
#8056=AXIS2_PLACEMENT_3D('',#8057,#8058,#8059);
#8057=CARTESIAN_POINT('',(2.2299799959181,0.167113898143874,7.03823880684482));
#8058=DIRECTION('',(-1.77635683940025E-16,0.,-1.));
#8059=DIRECTION('',(0.437139824786996,0.899393558785693,-7.76516317534607E-17));
#8060=CARTESIAN_POINT('',(2.24926136343823,0.684311470375179,7.03823880684482));
#8061=AXIS2_PLACEMENT_3D('',#8062,#8063,#8064);
#8062=CARTESIAN_POINT('',(2.41687217152391,0.551635301585492,7.03823880684482));
#8063=DIRECTION('',(1.77635683940025E-16,-1.23259516440783E-32,1.));
#8064=DIRECTION('',(-0.784081613277574,0.620657734762113,1.3928087363936E-16));
#8065=CARTESIAN_POINT('',(2.11427525899603,1.028250455259,7.03823880684482));
#8066=AXIS2_PLACEMENT_3D('',#8067,#8068,#8069);
#8067=CARTESIAN_POINT('',(2.08165055535254,0.816987639164871,7.03823880684482));
#8068=DIRECTION('',(-1.77635683940025E-16,-3.08148791101958E-33,-1.));
#8069=DIRECTION('',(0.152618023608647,0.988285251771871,-2.7110407005297E-17));
#8070=CARTESIAN_POINT('',(1.94762864520522,1.31689085725399,7.03823880684482));
#8071=AXIS2_PLACEMENT_3D('',#8072,#8073,#8074);
#8072=CARTESIAN_POINT('',(2.14689996263951,1.23951327135313,7.03823880684482));
#8073=DIRECTION('',(1.77635683940025E-16,0.,1.));
#8074=DIRECTION('',(-0.932189146024259,0.361971540365485,1.65590056515487E-16));
#8075=CARTESIAN_POINT('',(1.7172617991651,1.60576174530076,7.03823880684482));
#8076=AXIS2_PLACEMENT_3D('',#8077,#8078,#8079);
#8077=CARTESIAN_POINT('',(1.74835732777091,1.39426844315486,7.03823880684482));
#8078=DIRECTION('',(-1.77635683940025E-16,3.08148791101958E-33,-1.));
#8079=DIRECTION('',(-0.14546455872049,0.989363463119724,2.58396963773482E-17));
#8080=CARTESIAN_POINT('',(1.47294057481818,1.83245871238545,7.03823880684482));
#8081=AXIS2_PLACEMENT_3D('',#8082,#8083,#8084);
#8082=CARTESIAN_POINT('',(1.68616627055927,1.81725504744664,7.03823880684482));
#8083=DIRECTION('',(1.77635683940025E-16,0.,1.));
#8084=DIRECTION('',(-0.997467582302,0.0711225861214454,1.77185836190219E-16));
#8085=CARTESIAN_POINT('',(1.16766209239907,2.04059405750319,7.03823880684482));
#8086=AXIS2_PLACEMENT_3D('',#8087,#8088,#8089);
#8087=CARTESIAN_POINT('',(1.25971487907708,1.84766237732427,7.03823880684482));
#8088=DIRECTION('',(-1.77635683940025E-16,1.23259516440783E-32,-1.));
#8089=DIRECTION('',(-0.430621976646612,0.902532389019344,7.64938293412263E-17));
#8090=CARTESIAN_POINT('',(0.867375270465305,2.18520456930886,7.03823880684482));
#8091=AXIS2_PLACEMENT_3D('',#8092,#8093,#8094);
#8092=CARTESIAN_POINT('',(1.07560930572105,2.23352573768209,7.03823880684482));
#8093=DIRECTION('',(1.77635683940025E-16,0.,1.));
#8094=DIRECTION('',(-0.974116646577821,-0.226045922015814,1.73037876752215E-16));
#8095=CARTESIAN_POINT('',(0.514310484522684,2.29411063269694,7.03823880684482));
#8096=AXIS2_PLACEMENT_3D('',#8097,#8098,#8099);
#8097=CARTESIAN_POINT('',(0.659141235209553,2.13688340093562,7.03823880684482));
#8098=DIRECTION('',(-1.77635683940025E-16,0.,-1.));
#8099=DIRECTION('',(-0.677516742194266,0.735507351456441,1.20351149880496E-16));
#8100=CARTESIAN_POINT('',(0.184739866917907,2.34378541063687,7.03823880684482));
#8101=AXIS2_PLACEMENT_3D('',#8102,#8103,#8104);
#8102=CARTESIAN_POINT('',(0.369479733835815,2.45133786445824,7.03823880684482));
#8103=DIRECTION('',(1.77635683940025E-16,0.,1.));
#8104=DIRECTION('',(-0.864211171964712,-0.503129257995775,1.53514742600562E-16));
#8105=CARTESIAN_POINT('',(-0.184739866917923,2.34378541063687,7.03823880684482));
#8106=AXIS2_PLACEMENT_3D('',#8107,#8108,#8109);
#8107=CARTESIAN_POINT('',(-1.06581410364015E-14,2.2362329568155,7.03823880684482));
#8108=DIRECTION('',(-1.77635683940025E-16,0.,-1.));
#8109=DIRECTION('',(-0.864211171964703,0.503129257995791,1.53514742600561E-16));
#8110=AXIS2_PLACEMENT_3D('',#8111,#8112,#8113);
#8111=CARTESIAN_POINT('',(-0.369479733835835,2.45133786445824,7.03823880684482));
#8112=DIRECTION('',(1.77635683940025E-16,0.,1.));
#8113=DIRECTION('',(-0.677516742194274,-0.735507351456433,1.20351149880498E-16));
#8114=CARTESIAN_POINT('',(-1.52047758635686,7.33506843249511,7.03823880684483));
#8115=VECTOR('',#8116,1.);
#8116=DIRECTION('',(0.,0.,1.));
#8117=CARTESIAN_POINT('',(1.40227104270278,-7.35858117593312,7.03823880684483));
#8118=VECTOR('',#8119,1.);
#8119=DIRECTION('',(0.,0.,1.));
#8120=CARTESIAN_POINT('',(-1.93639263058845,7.52862594901105,7.03823880684483));
#8121=VECTOR('',#8122,1.);
#8122=DIRECTION('',(0.,0.,1.));
#8123=CARTESIAN_POINT('',(-3.18463925725568,8.78083213887761,7.03823880684483));
#8124=VECTOR('',#8125,1.);
#8125=DIRECTION('',(0.,0.,1.));
#8126=CARTESIAN_POINT('',(-3.95710593876543,8.46086596273616,7.03823880684483));
#8127=VECTOR('',#8128,1.);
#8128=DIRECTION('',(0.,0.,1.));
#8129=CARTESIAN_POINT('',(-3.95430610143396,6.69277882169147,7.03823880684483));
#8130=VECTOR('',#8131,1.);
#8131=DIRECTION('',(0.,0.,1.));
#8132=CARTESIAN_POINT('',(-4.11153661712958,6.26181664103977,7.03823880684483));
#8133=VECTOR('',#8134,1.);
#8134=DIRECTION('',(0.,0.,1.));
#8135=CARTESIAN_POINT('',(-4.21174728605732,6.19485801277065,7.03823880684483));
#8136=VECTOR('',#8137,1.);
#8137=DIRECTION('',(0.,0.,1.));
#8138=CARTESIAN_POINT('',(-4.67007393746679,6.21451804394462,7.03823880684483));
#8139=VECTOR('',#8140,1.);
#8140=DIRECTION('',(0.,0.,1.));
#8141=CARTESIAN_POINT('',(-6.30250200926896,6.89372241050949,7.03823880684483));
#8142=VECTOR('',#8143,1.);
#8143=DIRECTION('',(0.,0.,1.));
#8144=CARTESIAN_POINT('',(-6.89372241220478,6.30250200741463,7.03823880684483));
#8145=VECTOR('',#8146,1.);
#8146=DIRECTION('',(0.,0.,1.));
#8147=CARTESIAN_POINT('',(-6.21451804394462,4.67007393746679,7.03823880684483));
#8148=VECTOR('',#8149,1.);
#8149=DIRECTION('',(0.,0.,1.));
#8150=CARTESIAN_POINT('',(-6.19485801277065,4.21174728605732,7.03823880684483));
#8151=VECTOR('',#8152,1.);
#8152=DIRECTION('',(0.,0.,1.));
#8153=CARTESIAN_POINT('',(-6.26181664103977,4.11153661712959,7.03823880684482));
#8154=VECTOR('',#8155,1.);
#8155=DIRECTION('',(0.,0.,1.));
#8156=CARTESIAN_POINT('',(-6.69277882169147,3.95430610143397,7.03823880684483));
#8157=VECTOR('',#8158,1.);
#8158=DIRECTION('',(0.,0.,1.));
#8159=CARTESIAN_POINT('',(-8.46086596314351,3.95710593789446,7.03823880684482));
#8160=VECTOR('',#8161,1.);
#8161=DIRECTION('',(0.,0.,1.));
#8162=CARTESIAN_POINT('',(-8.78083214013579,3.18463925378659,7.03823880684482));
#8163=VECTOR('',#8164,1.);
#8164=DIRECTION('',(0.,0.,1.));
#8165=CARTESIAN_POINT('',(-7.52862594901105,1.93639263058846,7.03823880684483));
#8166=VECTOR('',#8167,1.);
#8167=DIRECTION('',(0.,0.,1.));
#8168=CARTESIAN_POINT('',(-7.33506843249512,1.52047758635687,7.03823880684483));
#8169=VECTOR('',#8170,1.);
#8170=DIRECTION('',(0.,0.,1.));
#8171=CARTESIAN_POINT('',(-7.35858117593312,1.40227104270278,7.03823880684483));
#8172=VECTOR('',#8173,1.);
#8173=DIRECTION('',(0.,0.,1.));
#8174=CARTESIAN_POINT('',(-7.69656880050473,1.09208690085407,7.03823880684483));
#8175=VECTOR('',#8176,1.);
#8176=DIRECTION('',(0.,0.,1.));
#8177=CARTESIAN_POINT('',(-9.33113977317238,0.418055957403413,7.03823880684483));
#8178=VECTOR('',#8179,1.);
#8179=DIRECTION('',(0.,0.,1.));
#8180=CARTESIAN_POINT('',(-9.33113977317751,-0.418055957288943,7.03823880684483));
#8181=VECTOR('',#8182,1.);
#8182=DIRECTION('',(0.,0.,1.));
#8183=CARTESIAN_POINT('',(-7.69656880050472,-1.09208690085407,7.03823880684483));
#8184=VECTOR('',#8185,1.);
#8185=DIRECTION('',(0.,0.,1.));
#8186=CARTESIAN_POINT('',(-7.35858117593312,-1.40227104270278,7.03823880684482));
#8187=VECTOR('',#8188,1.);
#8188=DIRECTION('',(0.,0.,1.));
#8189=CARTESIAN_POINT('',(-7.33506843249511,-1.52047758635686,7.03823880684483));
#8190=VECTOR('',#8191,1.);
#8191=DIRECTION('',(0.,0.,1.));
#8192=CARTESIAN_POINT('',(-7.52862594901105,-1.93639263058845,7.03823880684483));
#8193=VECTOR('',#8194,1.);
#8194=DIRECTION('',(0.,0.,1.));
#8195=CARTESIAN_POINT('',(-8.78083214009672,-3.18463925389431,7.03823880684483));
#8196=VECTOR('',#8197,1.);
#8197=DIRECTION('',(0.,0.,1.));
#8198=CARTESIAN_POINT('',(-8.46086596273616,-3.95710593876543,7.03823880684483));
#8199=VECTOR('',#8200,1.);
#8200=DIRECTION('',(0.,0.,1.));
#8201=CARTESIAN_POINT('',(-6.69277882169147,-3.95430610143396,7.03823880684483));
#8202=VECTOR('',#8203,1.);
#8203=DIRECTION('',(0.,0.,1.));
#8204=CARTESIAN_POINT('',(-6.26181664103977,-4.11153661712958,7.03823880684483));
#8205=VECTOR('',#8206,1.);
#8206=DIRECTION('',(0.,0.,1.));
#8207=CARTESIAN_POINT('',(-6.19485801277065,-4.21174728605732,7.03823880684483));
#8208=VECTOR('',#8209,1.);
#8209=DIRECTION('',(0.,0.,1.));
#8210=CARTESIAN_POINT('',(-6.21451804394462,-4.67007393746679,7.03823880684483));
#8211=VECTOR('',#8212,1.);
#8212=DIRECTION('',(0.,0.,1.));
#8213=CARTESIAN_POINT('',(-6.89372241220508,-6.30250200741431,7.03823880684483));
#8214=VECTOR('',#8215,1.);
#8215=DIRECTION('',(0.,0.,1.));
#8216=CARTESIAN_POINT('',(-6.30250200812396,-6.89372241155629,7.03823880684483));
#8217=VECTOR('',#8218,1.);
#8218=DIRECTION('',(0.,0.,1.));
#8219=CARTESIAN_POINT('',(-4.67007393746679,-6.21451804394462,7.03823880684483));
#8220=VECTOR('',#8221,1.);
#8221=DIRECTION('',(0.,0.,1.));
#8222=CARTESIAN_POINT('',(-4.21174728605732,-6.19485801277065,7.03823880684483));
#8223=VECTOR('',#8224,1.);
#8224=DIRECTION('',(0.,0.,1.));
#8225=CARTESIAN_POINT('',(-4.11153661712958,-6.26181664103977,7.03823880684482));
#8226=VECTOR('',#8227,1.);
#8227=DIRECTION('',(0.,0.,1.));
#8228=CARTESIAN_POINT('',(-3.95430610143397,-6.69277882169147,7.03823880684483));
#8229=VECTOR('',#8230,1.);
#8230=DIRECTION('',(0.,0.,1.));
#8231=CARTESIAN_POINT('',(-3.95710593876504,-8.46086596273635,7.03823880684483));
#8232=VECTOR('',#8233,1.);
#8233=DIRECTION('',(0.,0.,1.));
#8234=CARTESIAN_POINT('',(-3.18463925614895,-8.780832139279,7.03823880684483));
#8235=VECTOR('',#8236,1.);
#8236=DIRECTION('',(0.,0.,1.));
#8237=CARTESIAN_POINT('',(-1.93639263058845,-7.52862594901105,7.03823880684483));
#8238=VECTOR('',#8239,1.);
#8239=DIRECTION('',(0.,0.,1.));
#8240=CARTESIAN_POINT('',(-1.52047758635686,-7.33506843249512,7.03823880684482));
#8241=VECTOR('',#8242,1.);
#8242=DIRECTION('',(0.,0.,1.));
#8243=CARTESIAN_POINT('',(-1.40227104270278,-7.35858117593311,7.03823880684483));
#8244=VECTOR('',#8245,1.);
#8245=DIRECTION('',(0.,0.,1.));
#8246=CARTESIAN_POINT('',(-1.09208690085407,-7.69656880050472,7.03823880684483));
#8247=VECTOR('',#8248,1.);
#8248=DIRECTION('',(0.,0.,1.));
#8249=CARTESIAN_POINT('',(-0.41805595740341,-9.33113977317238,7.03823880684483));
#8250=VECTOR('',#8251,1.);
#8251=DIRECTION('',(0.,0.,1.));
#8252=CARTESIAN_POINT('',(0.418055953716911,-9.33113977333755,7.03823880684483));
#8253=VECTOR('',#8254,1.);
#8254=DIRECTION('',(0.,0.,1.));
#8255=CARTESIAN_POINT('',(1.09208690085407,-7.69656880050472,7.03823880684483));
#8256=VECTOR('',#8257,1.);
#8257=DIRECTION('',(0.,0.,1.));
#8258=CARTESIAN_POINT('',(1.,2.4492935982947E-16,12.0382388068448));
#8259=AXIS2_PLACEMENT_3D('',#8260,#8261,#8262);
#8260=CARTESIAN_POINT('',(3.62063944486981E-16,-2.17540971751503E-31,12.0382388068448));
#8261=DIRECTION('',(-1.77635683940025E-16,0.,-1.));
#8262=DIRECTION('',(1.,1.22464679914735E-16,-1.77635683940025E-16));
#8263=CARTESIAN_POINT('',(-0.514310484522698,2.29411063269693,12.0382388068448));
#8264=CARTESIAN_POINT('',(-0.514310484522698,2.29411063269693,12.0382388068448));
#8265=VECTOR('',#8266,1.);
#8266=DIRECTION('',(-1.77635683940025E-16,0.,-1.));
#8267=CARTESIAN_POINT('',(-0.867375270465321,2.18520456930886,12.0382388068448));
#8268=AXIS2_PLACEMENT_3D('',#8269,#8270,#8271);
#8269=CARTESIAN_POINT('',(-0.659141235209571,2.13688340093562,12.0382388068448));
#8270=DIRECTION('',(-1.77635683940025E-16,0.,-1.));
#8271=DIRECTION('',(-0.974116646577817,0.226045922015831,1.73037876752214E-16));
#8272=CARTESIAN_POINT('',(-0.867375270465321,2.18520456930886,12.0382388068448));
#8273=VECTOR('',#8274,1.);
#8274=DIRECTION('',(-1.77635683940025E-16,0.,-1.));
#8275=CARTESIAN_POINT('',(-1.16766209239908,2.04059405750318,12.0382388068448));
#8276=AXIS2_PLACEMENT_3D('',#8277,#8278,#8279);
#8277=CARTESIAN_POINT('',(-1.07560930572106,2.23352573768209,12.0382388068448));
#8278=DIRECTION('',(1.77635683940025E-16,0.,1.));
#8279=DIRECTION('',(-0.430621976646627,-0.902532389019337,7.64938293412291E-17));
#8280=CARTESIAN_POINT('',(-1.16766209239908,2.04059405750318,12.0382388068448));
#8281=VECTOR('',#8282,1.);
#8282=DIRECTION('',(-1.77635683940025E-16,0.,-1.));
#8283=CARTESIAN_POINT('',(-1.4729405748182,1.83245871238545,12.0382388068448));
#8284=AXIS2_PLACEMENT_3D('',#8285,#8286,#8287);
#8285=CARTESIAN_POINT('',(-1.2597148790771,1.84766237732427,12.0382388068448));
#8286=DIRECTION('',(-1.77635683940025E-16,0.,-1.));
#8287=DIRECTION('',(-0.997467582302001,-0.071122586121432,1.77185836190219E-16));
#8288=CARTESIAN_POINT('',(-1.4729405748182,1.83245871238545,12.0382388068448));
#8289=VECTOR('',#8290,1.);
#8290=DIRECTION('',(-1.77635683940025E-16,0.,-1.));
#8291=CARTESIAN_POINT('',(-1.71726179916511,1.60576174530075,12.0382388068448));
#8292=AXIS2_PLACEMENT_3D('',#8293,#8294,#8295);
#8293=CARTESIAN_POINT('',(-1.68616627055929,1.81725504744663,12.0382388068448));
#8294=DIRECTION('',(1.77635683940025E-16,0.,1.));
#8295=DIRECTION('',(-0.145464558720504,-0.989363463119722,2.58396963773507E-17));
#8296=CARTESIAN_POINT('',(-1.71726179916511,1.60576174530075,12.0382388068448));
#8297=VECTOR('',#8298,1.);
#8298=DIRECTION('',(-1.77635683940025E-16,0.,-1.));
#8299=CARTESIAN_POINT('',(-1.94762864520523,1.31689085725399,12.0382388068448));
#8300=AXIS2_PLACEMENT_3D('',#8301,#8302,#8303);
#8301=CARTESIAN_POINT('',(-1.74835732777093,1.39426844315486,12.0382388068448));
#8302=DIRECTION('',(-1.77635683940025E-16,0.,-1.));
#8303=DIRECTION('',(-0.932189146024264,-0.361971540365473,1.65590056515488E-16));
#8304=CARTESIAN_POINT('',(-1.94762864520523,1.31689085725399,12.0382388068448));
#8305=VECTOR('',#8306,1.);
#8306=DIRECTION('',(-1.77635683940025E-16,0.,-1.));
#8307=CARTESIAN_POINT('',(-2.11427525899604,1.028250455259,12.0382388068448));
#8308=AXIS2_PLACEMENT_3D('',#8309,#8310,#8311);
#8309=CARTESIAN_POINT('',(-2.14689996263952,1.23951327135312,12.0382388068448));
#8310=DIRECTION('',(1.77635683940025E-16,0.,1.));
#8311=DIRECTION('',(0.152618023608633,-0.988285251771873,-2.71104070052945E-17));
#8312=CARTESIAN_POINT('',(-2.11427525899604,1.02825045525899,12.0382388068448));
#8313=VECTOR('',#8314,1.);
#8314=DIRECTION('',(-1.77635683940025E-16,0.,-1.));
#8315=CARTESIAN_POINT('',(-2.24926136343825,0.684311470375173,12.0382388068448));
#8316=AXIS2_PLACEMENT_3D('',#8317,#8318,#8319);
#8317=CARTESIAN_POINT('',(-2.08165055535256,0.816987639164863,12.0382388068448));
#8318=DIRECTION('',(-1.77635683940025E-16,0.,-1.));
#8319=DIRECTION('',(-0.784081613277585,-0.620657734762099,1.39280873639362E-16));
#8320=CARTESIAN_POINT('',(-2.24926136343825,0.684311470375173,12.0382388068448));
#8321=VECTOR('',#8322,1.);
#8322=DIRECTION('',(-1.77635683940025E-16,0.,-1.));
#8323=CARTESIAN_POINT('',(-2.32342608372102,0.359374599864678,12.0382388068448));
#8324=AXIS2_PLACEMENT_3D('',#8325,#8326,#8327);
#8325=CARTESIAN_POINT('',(-2.41687217152392,0.551635301585483,12.0382388068448));
#8326=DIRECTION('',(1.77635683940025E-16,0.,1.));
#8327=DIRECTION('',(0.43713982478698,-0.899393558785701,-7.76516317534579E-17));
#8328=CARTESIAN_POINT('',(-2.32342608372102,0.359374599864677,12.0382388068448));
#8329=VECTOR('',#8330,1.);
#8330=DIRECTION('',(-1.77635683940025E-16,0.,-1.));
#8331=CARTESIAN_POINT('',(-2.35103733880886,-0.009071993697904,12.0382388068448));
#8332=AXIS2_PLACEMENT_3D('',#8333,#8334,#8335);
#8333=CARTESIAN_POINT('',(-2.22997999591811,0.167113898143865,12.0382388068448));
#8334=DIRECTION('',(-1.77635683940025E-16,0.,-1.));
#8335=DIRECTION('',(-0.566304988305706,-0.824195765713507,1.00595973916332E-16));
#8336=CARTESIAN_POINT('',(-2.35103733880886,-0.00907199369790476,12.0382388068448));
#8337=VECTOR('',#8338,1.);
#8338=DIRECTION('',(-1.77635683940025E-16,0.,-1.));
#8339=CARTESIAN_POINT('',(-2.32613030471996,-0.341433265817071,12.0382388068448));
#8340=AXIS2_PLACEMENT_3D('',#8341,#8342,#8343);
#8341=CARTESIAN_POINT('',(-2.4720946816996,-0.185257885539671,12.0382388068448));
#8342=DIRECTION('',(1.77635683940025E-16,0.,1.));
#8343=DIRECTION('',(0.682819834176479,-0.730586801177797,-1.21293168251753E-16));
#8344=CARTESIAN_POINT('',(-2.32613030471996,-0.341433265817072,12.0382388068448));
#8345=VECTOR('',#8346,1.);
#8346=DIRECTION('',(-1.77635683940025E-16,0.,-1.));
#8347=CARTESIAN_POINT('',(-2.24391332926888,-0.701649371319111,12.0382388068448));
#8348=AXIS2_PLACEMENT_3D('',#8349,#8350,#8351);
#8349=CARTESIAN_POINT('',(-2.18016592774032,-0.497608646094478,12.0382388068448));
#8350=DIRECTION('',(-1.77635683940025E-16,0.,-1.));
#8351=DIRECTION('',(-0.298209679934357,-0.954500385957726,5.29726804526755E-17));
#8352=CARTESIAN_POINT('',(-2.24391332926887,-0.70164937131909,12.0382388068448));
#8353=VECTOR('',#8354,1.);
#8354=DIRECTION('',(-1.77635683940025E-16,0.,-1.));
#8355=CARTESIAN_POINT('',(-2.12214764008979,-1.01190328747569,12.0382388068448));
#8356=AXIS2_PLACEMENT_3D('',#8357,#8358,#8359);
#8357=CARTESIAN_POINT('',(-2.30766073079739,-0.905690096543712,12.0382388068448));
#8358=DIRECTION('',(1.77635683940025E-16,0.,1.));
#8359=DIRECTION('',(0.867828304793912,-0.496864200157875,-1.54157274464579E-16));
#8360=CARTESIAN_POINT('',(-2.12214764008977,-1.0119032874757,12.0382388068448));
#8361=VECTOR('',#8362,1.);
#8362=DIRECTION('',(-1.77635683940025E-16,0.,-1.));
#8363=CARTESIAN_POINT('',(-1.9374077731719,-1.33188212316113,12.0382388068448));
#8364=AXIS2_PLACEMENT_3D('',#8365,#8366,#8367);
#8365=CARTESIAN_POINT('',(-1.93663454938219,-1.11811647840777,12.0382388068448));
#8366=DIRECTION('',(-1.77635683940025E-16,0.,-1.));
#8367=DIRECTION('',(-0.00361713282920339,-0.99999345815365,6.42531864017463E-19));
#8368=CARTESIAN_POINT('',(-1.9374077731719,-1.33188212316113,12.0382388068448));
#8369=VECTOR('',#8370,1.);
#8370=DIRECTION('',(-1.77635683940025E-16,0.,-1.));
#8371=CARTESIAN_POINT('',(-1.72960284474617,-1.59246126137782,12.0382388068448));
#8372=AXIS2_PLACEMENT_3D('',#8373,#8374,#8375);
#8373=CARTESIAN_POINT('',(-1.9381809969616,-1.54564776791449,12.0382388068448));
#8374=DIRECTION('',(1.77635683940025E-16,0.,1.));
#8375=DIRECTION('',(0.975726422128628,-0.21899303450125,-1.73323830333173E-16));
#8376=CARTESIAN_POINT('',(-1.72960284474617,-1.59246126137782,12.0382388068448));
#8377=VECTOR('',#8378,1.);
#8378=DIRECTION('',(-1.77635683940025E-16,0.,-1.));
#8379=CARTESIAN_POINT('',(-1.45875503425462,-1.84377130349181,12.0382388068448));
#8380=AXIS2_PLACEMENT_3D('',#8381,#8382,#8383);
#8381=CARTESIAN_POINT('',(-1.52102469253073,-1.63927475484116,12.0382388068448));
#8382=DIRECTION('',(-1.77635683940025E-16,0.,-1.));
#8383=DIRECTION('',(0.291296812401339,-0.956632723193608,-5.17447085004611E-17));
#8384=CARTESIAN_POINT('',(-1.45875503425462,-1.84377130349181,12.0382388068448));
#8385=VECTOR('',#8386,1.);
#8386=DIRECTION('',(-1.77635683940025E-16,0.,-1.));
#8387=CARTESIAN_POINT('',(-1.18337524640975,-2.03152206380529,12.0382388068448));
#8388=AXIS2_PLACEMENT_3D('',#8389,#8390,#8391);
#8389=CARTESIAN_POINT('',(-1.39648537597852,-2.04826785214245,12.0382388068448));
#8390=DIRECTION('',(1.77635683940025E-16,0.,1.));
#8391=DIRECTION('',(0.996926964952315,0.078336623305876,-1.77089803257558E-16));
#8392=CARTESIAN_POINT('',(-1.18337524640975,-2.03152206380529,12.0382388068448));
#8393=VECTOR('',#8394,1.);
#8394=DIRECTION('',(-1.77635683940025E-16,0.,-1.));
#8395=CARTESIAN_POINT('',(-0.850485508902806,-2.19183331225013,12.0382388068448));
#8396=AXIS2_PLACEMENT_3D('',#8397,#8398,#8399);
#8397=CARTESIAN_POINT('',(-0.970265116840991,-2.01477627546815,12.0382388068448));
#8398=DIRECTION('',(-1.77635683940025E-16,0.,-1.));
#8399=DIRECTION('',(0.560327757515019,-0.828270972664255,-9.95342044367609E-17));
#8400=CARTESIAN_POINT('',(-0.850485508902814,-2.19183331225012,12.0382388068448));
#8401=VECTOR('',#8402,1.);
#8402=DIRECTION('',(-1.77635683940025E-16,0.,-1.));
#8403=CARTESIAN_POINT('',(-0.531999564273136,-2.29007321567592,12.0382388068448));
#8404=AXIS2_PLACEMENT_3D('',#8405,#8406,#8407);
#8405=CARTESIAN_POINT('',(-0.730705900964641,-2.36889034903213,12.0382388068448));
#8406=DIRECTION('',(1.77635683940025E-16,0.,1.));
#8407=DIRECTION('',(0.929546171998065,0.368705728357647,-1.65120570016709E-16));
#8408=CARTESIAN_POINT('',(-0.531999564273136,-2.29007321567592,12.0382388068448));
#8409=VECTOR('',#8410,1.);
#8410=DIRECTION('',(-1.77635683940025E-16,0.,-1.));
#8411=CARTESIAN_POINT('',(-0.166646613790812,-2.34514131251299,12.0382388068448));
#8412=AXIS2_PLACEMENT_3D('',#8413,#8414,#8415);
#8413=CARTESIAN_POINT('',(-0.333293227581628,-2.21125608231973,12.0382388068448));
#8414=DIRECTION('',(-1.77635683940025E-16,0.,-1.));
#8415=DIRECTION('',(0.779571122415616,-0.626313711406398,-1.38479649510191E-16));
#8416=CARTESIAN_POINT('',(-0.166646613790812,-2.34514131251299,12.0382388068448));
#8417=VECTOR('',#8418,1.);
#8418=DIRECTION('',(-1.77635683940025E-16,0.,-1.));
#8419=CARTESIAN_POINT('',(0.166646613790814,-2.34514131251299,12.0382388068448));
#8420=AXIS2_PLACEMENT_3D('',#8421,#8422,#8423);
#8421=CARTESIAN_POINT('',(2.53715099588289E-15,-2.47902654270625,12.0382388068448));
#8422=DIRECTION('',(1.77635683940025E-16,0.,1.));
#8423=DIRECTION('',(0.7795711224156,0.626313711406418,-1.38479649510188E-16));
#8424=CARTESIAN_POINT('',(0.166646613790813,-2.34514131251299,12.0382388068448));
#8425=VECTOR('',#8426,1.);
#8426=DIRECTION('',(-1.77635683940025E-16,0.,-1.));
#8427=CARTESIAN_POINT('',(0.531999564273138,-2.29007321567593,12.0382388068448));
#8428=AXIS2_PLACEMENT_3D('',#8429,#8430,#8431);
#8429=CARTESIAN_POINT('',(0.333293227581631,-2.21125608231973,12.0382388068448));
#8430=DIRECTION('',(-1.77635683940025E-16,0.,-1.));
#8431=DIRECTION('',(0.929546171998076,-0.368705728357621,-1.6512057001671E-16));
#8432=CARTESIAN_POINT('',(0.531999564273139,-2.29007321567593,12.0382388068448));
#8433=VECTOR('',#8434,1.);
#8434=DIRECTION('',(-1.77635683940025E-16,0.,-1.));
#8435=CARTESIAN_POINT('',(0.85048550890283,-2.19183331225013,12.0382388068448));
#8436=AXIS2_PLACEMENT_3D('',#8437,#8438,#8439);
#8437=CARTESIAN_POINT('',(0.730705900964646,-2.36889034903213,12.0382388068448));
#8438=DIRECTION('',(1.77635683940025E-16,0.,1.));
#8439=DIRECTION('',(0.560327757514986,0.828270972664276,-9.95342044367551E-17));
#8440=CARTESIAN_POINT('',(0.85048550890283,-2.19183331225013,12.0382388068448));
#8441=VECTOR('',#8442,1.);
#8442=DIRECTION('',(-1.77635683940025E-16,0.,-1.));
#8443=CARTESIAN_POINT('',(1.18337524640979,-2.03152206380528,12.0382388068448));
#8444=AXIS2_PLACEMENT_3D('',#8445,#8446,#8447);
#8445=CARTESIAN_POINT('',(0.970265116841022,-2.01477627546813,12.0382388068448));
#8446=DIRECTION('',(-1.77635683940025E-16,0.,-1.));
#8447=DIRECTION('',(0.996926964952318,-0.0783366233058323,-1.77089803257558E-16));
#8448=CARTESIAN_POINT('',(1.18337524640979,-2.03152206380528,12.0382388068448));
#8449=VECTOR('',#8450,1.);
#8450=DIRECTION('',(-1.77635683940025E-16,0.,-1.));
#8451=CARTESIAN_POINT('',(1.45875503425465,-1.84377130349178,12.0382388068448));
#8452=AXIS2_PLACEMENT_3D('',#8453,#8454,#8455);
#8453=CARTESIAN_POINT('',(1.39648537597855,-2.04826785214243,12.0382388068448));
#8454=DIRECTION('',(1.77635683940025E-16,0.,1.));
#8455=DIRECTION('',(0.291296812401302,0.95663272319362,-5.17447085004544E-17));
#8456=CARTESIAN_POINT('',(1.45875503425465,-1.84377130349178,12.0382388068448));
#8457=VECTOR('',#8458,1.);
#8458=DIRECTION('',(-1.77635683940025E-16,0.,-1.));
#8459=CARTESIAN_POINT('',(1.72960284474619,-1.5924612613778,12.0382388068448));
#8460=AXIS2_PLACEMENT_3D('',#8461,#8462,#8463);
#8461=CARTESIAN_POINT('',(1.52102469253076,-1.63927475484114,12.0382388068448));
#8462=DIRECTION('',(-1.77635683940025E-16,0.,-1.));
#8463=DIRECTION('',(0.97572642212862,0.218993034501285,-1.73323830333171E-16));
#8464=CARTESIAN_POINT('',(1.72960284474619,-1.5924612613778,12.0382388068448));
#8465=VECTOR('',#8466,1.);
#8466=DIRECTION('',(-1.77635683940025E-16,0.,-1.));
#8467=CARTESIAN_POINT('',(1.93740777317191,-1.3318821231611,12.0382388068448));
#8468=AXIS2_PLACEMENT_3D('',#8469,#8470,#8471);
#8469=CARTESIAN_POINT('',(1.93818099696161,-1.54564776791445,12.0382388068448));
#8470=DIRECTION('',(1.77635683940025E-16,0.,1.));
#8471=DIRECTION('',(-0.00361713282919956,0.99999345815365,6.42531864016783E-19));
#8472=CARTESIAN_POINT('',(1.93740777317191,-1.3318821231611,12.0382388068448));
#8473=VECTOR('',#8474,1.);
#8474=DIRECTION('',(-1.77635683940025E-16,0.,-1.));
#8475=CARTESIAN_POINT('',(2.12214764008983,-1.01190328747576,12.0382388068448));
#8476=AXIS2_PLACEMENT_3D('',#8477,#8478,#8479);
#8477=CARTESIAN_POINT('',(1.93663454938221,-1.11811647840774,12.0382388068448));
#8478=DIRECTION('',(-1.77635683940025E-16,0.,-1.));
#8479=DIRECTION('',(0.86782830479392,0.496864200157861,-1.5415727446458E-16));
#8480=CARTESIAN_POINT('',(2.12214764008983,-1.01190328747576,12.0382388068448));
#8481=VECTOR('',#8482,1.);
#8482=DIRECTION('',(-1.77635683940025E-16,0.,-1.));
#8483=CARTESIAN_POINT('',(2.24391332926888,-0.701649371319126,12.0382388068448));
#8484=AXIS2_PLACEMENT_3D('',#8485,#8486,#8487);
#8485=CARTESIAN_POINT('',(2.30766073079744,-0.905690096543774,12.0382388068448));
#8486=DIRECTION('',(1.77635683940025E-16,0.,1.));
#8487=DIRECTION('',(-0.298209679934343,0.954500385957731,5.2972680452673E-17));
#8488=CARTESIAN_POINT('',(2.24391332926888,-0.701649371319124,12.0382388068448));
#8489=VECTOR('',#8490,1.);
#8490=DIRECTION('',(-1.77635683940025E-16,0.,-1.));
#8491=CARTESIAN_POINT('',(2.32613030471996,-0.341433265817063,12.0382388068448));
#8492=AXIS2_PLACEMENT_3D('',#8493,#8494,#8495);
#8493=CARTESIAN_POINT('',(2.18016592774031,-0.497608646094468,12.0382388068448));
#8494=DIRECTION('',(-1.77635683940025E-16,0.,-1.));
#8495=DIRECTION('',(0.682819834176491,0.730586801177785,-1.21293168251756E-16));
#8496=CARTESIAN_POINT('',(2.32613030471996,-0.341433265817063,12.0382388068448));
#8497=VECTOR('',#8498,1.);
#8498=DIRECTION('',(-1.77635683940025E-16,0.,-1.));
#8499=CARTESIAN_POINT('',(2.35103733880885,-0.00907199369789771,12.0382388068448));
#8500=AXIS2_PLACEMENT_3D('',#8501,#8502,#8503);
#8501=CARTESIAN_POINT('',(2.47209468169959,-0.185257885539661,12.0382388068448));
#8502=DIRECTION('',(1.77635683940025E-16,0.,1.));
#8503=DIRECTION('',(-0.566304988305692,0.824195765713517,1.0059597391633E-16));
#8504=CARTESIAN_POINT('',(2.35103733880885,-0.0090719936978966,12.0382388068448));
#8505=VECTOR('',#8506,1.);
#8506=DIRECTION('',(-1.77635683940025E-16,0.,-1.));
#8507=CARTESIAN_POINT('',(2.32342608372102,0.359374599864685,12.0382388068448));
#8508=AXIS2_PLACEMENT_3D('',#8509,#8510,#8511);
#8509=CARTESIAN_POINT('',(2.22997999591811,0.167113898143874,12.0382388068448));
#8510=DIRECTION('',(-1.77635683940025E-16,0.,-1.));
#8511=DIRECTION('',(0.437139824786996,0.899393558785694,-7.76516317534607E-17));
#8512=CARTESIAN_POINT('',(2.32342608372102,0.359374599864686,12.0382388068448));
#8513=VECTOR('',#8514,1.);
#8514=DIRECTION('',(-1.77635683940025E-16,0.,-1.));
#8515=CARTESIAN_POINT('',(2.24926136343823,0.684311470375179,12.0382388068448));
#8516=AXIS2_PLACEMENT_3D('',#8517,#8518,#8519);
#8517=CARTESIAN_POINT('',(2.41687217152391,0.551635301585492,12.0382388068448));
#8518=DIRECTION('',(1.77635683940025E-16,0.,1.));
#8519=DIRECTION('',(-0.784081613277575,0.620657734762112,1.3928087363936E-16));
#8520=CARTESIAN_POINT('',(2.24926136343823,0.68431147037518,12.0382388068448));
#8521=VECTOR('',#8522,1.);
#8522=DIRECTION('',(-1.77635683940025E-16,0.,-1.));
#8523=CARTESIAN_POINT('',(2.11427525899603,1.028250455259,12.0382388068448));
#8524=AXIS2_PLACEMENT_3D('',#8525,#8526,#8527);
#8525=CARTESIAN_POINT('',(2.08165055535255,0.816987639164872,12.0382388068448));
#8526=DIRECTION('',(-1.77635683940025E-16,0.,-1.));
#8527=DIRECTION('',(0.152618023608648,0.988285251771871,-2.7110407005297E-17));
#8528=CARTESIAN_POINT('',(2.11427525899603,1.028250455259,12.0382388068448));
#8529=VECTOR('',#8530,1.);
#8530=DIRECTION('',(-1.77635683940025E-16,0.,-1.));
#8531=CARTESIAN_POINT('',(1.94762864520522,1.31689085725399,12.0382388068448));
#8532=AXIS2_PLACEMENT_3D('',#8533,#8534,#8535);
#8533=CARTESIAN_POINT('',(2.14689996263951,1.23951327135313,12.0382388068448));
#8534=DIRECTION('',(1.77635683940025E-16,0.,1.));
#8535=DIRECTION('',(-0.932189146024259,0.361971540365485,1.65590056515487E-16));
#8536=CARTESIAN_POINT('',(1.94762864520521,1.31689085725399,12.0382388068448));
#8537=VECTOR('',#8538,1.);
#8538=DIRECTION('',(-1.77635683940025E-16,0.,-1.));
#8539=CARTESIAN_POINT('',(1.7172617991651,1.60576174530076,12.0382388068448));
#8540=AXIS2_PLACEMENT_3D('',#8541,#8542,#8543);
#8541=CARTESIAN_POINT('',(1.74835732777092,1.39426844315487,12.0382388068448));
#8542=DIRECTION('',(-1.77635683940025E-16,0.,-1.));
#8543=DIRECTION('',(-0.14546455872049,0.989363463119724,2.58396963773482E-17));
#8544=CARTESIAN_POINT('',(1.7172617991651,1.60576174530076,12.0382388068448));
#8545=VECTOR('',#8546,1.);
#8546=DIRECTION('',(-1.77635683940025E-16,0.,-1.));
#8547=CARTESIAN_POINT('',(1.47294057481818,1.83245871238545,12.0382388068448));
#8548=AXIS2_PLACEMENT_3D('',#8549,#8550,#8551);
#8549=CARTESIAN_POINT('',(1.68616627055927,1.81725504744664,12.0382388068448));
#8550=DIRECTION('',(1.77635683940025E-16,0.,1.));
#8551=DIRECTION('',(-0.997467582302,0.0711225861214454,1.77185836190219E-16));
#8552=CARTESIAN_POINT('',(1.47294057481818,1.83245871238545,12.0382388068448));
#8553=VECTOR('',#8554,1.);
#8554=DIRECTION('',(-1.77635683940025E-16,0.,-1.));
#8555=CARTESIAN_POINT('',(1.16766209239907,2.04059405750319,12.0382388068448));
#8556=AXIS2_PLACEMENT_3D('',#8557,#8558,#8559);
#8557=CARTESIAN_POINT('',(1.25971487907708,1.84766237732427,12.0382388068448));
#8558=DIRECTION('',(-1.77635683940025E-16,0.,-1.));
#8559=DIRECTION('',(-0.430621976646612,0.902532389019344,7.64938293412263E-17));
#8560=CARTESIAN_POINT('',(1.16766209239907,2.04059405750319,12.0382388068448));
#8561=VECTOR('',#8562,1.);
#8562=DIRECTION('',(-1.77635683940025E-16,0.,-1.));
#8563=CARTESIAN_POINT('',(0.867375270465306,2.18520456930886,12.0382388068448));
#8564=AXIS2_PLACEMENT_3D('',#8565,#8566,#8567);
#8565=CARTESIAN_POINT('',(1.07560930572105,2.23352573768209,12.0382388068448));
#8566=DIRECTION('',(1.77635683940025E-16,0.,1.));
#8567=DIRECTION('',(-0.974116646577821,-0.226045922015814,1.73037876752215E-16));
#8568=CARTESIAN_POINT('',(0.867375270465305,2.18520456930886,12.0382388068448));
#8569=VECTOR('',#8570,1.);
#8570=DIRECTION('',(-1.77635683940025E-16,0.,-1.));
#8571=CARTESIAN_POINT('',(0.514310484522685,2.29411063269694,12.0382388068448));
#8572=AXIS2_PLACEMENT_3D('',#8573,#8574,#8575);
#8573=CARTESIAN_POINT('',(0.659141235209555,2.13688340093562,12.0382388068448));
#8574=DIRECTION('',(-1.77635683940025E-16,0.,-1.));
#8575=DIRECTION('',(-0.677516742194266,0.735507351456441,1.20351149880496E-16));
#8576=CARTESIAN_POINT('',(0.514310484522685,2.29411063269694,12.0382388068448));
#8577=VECTOR('',#8578,1.);
#8578=DIRECTION('',(-1.77635683940025E-16,0.,-1.));
#8579=CARTESIAN_POINT('',(0.184739866917908,2.34378541063687,12.0382388068448));
#8580=AXIS2_PLACEMENT_3D('',#8581,#8582,#8583);
#8581=CARTESIAN_POINT('',(0.369479733835817,2.45133786445824,12.0382388068448));
#8582=DIRECTION('',(1.77635683940025E-16,0.,1.));
#8583=DIRECTION('',(-0.864211171964712,-0.503129257995775,1.53514742600562E-16));
#8584=CARTESIAN_POINT('',(0.184739866917907,2.34378541063687,12.0382388068448));
#8585=VECTOR('',#8586,1.);
#8586=DIRECTION('',(-1.77635683940025E-16,0.,-1.));
#8587=CARTESIAN_POINT('',(-0.184739866917922,2.34378541063687,12.0382388068448));
#8588=AXIS2_PLACEMENT_3D('',#8589,#8590,#8591);
#8589=CARTESIAN_POINT('',(-8.02065903574865E-15,2.2362329568155,12.0382388068448));
#8590=DIRECTION('',(-1.77635683940025E-16,0.,-1.));
#8591=DIRECTION('',(-0.864211171964703,0.503129257995791,1.53514742600561E-16));
#8592=CARTESIAN_POINT('',(-0.184739866917922,2.34378541063687,12.0382388068448));
#8593=VECTOR('',#8594,1.);
#8594=DIRECTION('',(-1.77635683940025E-16,0.,-1.));
#8595=AXIS2_PLACEMENT_3D('',#8596,#8597,#8598);
#8596=CARTESIAN_POINT('',(-0.369479733835832,2.45133786445824,12.0382388068448));
#8597=DIRECTION('',(1.77635683940025E-16,0.,1.));
#8598=DIRECTION('',(-0.677516742194274,-0.735507351456433,1.20351149880498E-16));
#8599=CARTESIAN_POINT('',(0.166646613790813,0.,-2.34514131251299));
#8600=CARTESIAN_POINT('',(-0.166646613790814,0.,-2.34514131251299));
#8601=AXIS2_PLACEMENT_3D('',#8602,#8603,#8604);
#8602=CARTESIAN_POINT('',(0.,0.,-2.47902654270625));
#8603=DIRECTION('',(0.,-1.,0.));
#8604=DIRECTION('',(0.779571122415609,0.,0.626313711406406));
#8605=CARTESIAN_POINT('',(0.166646613790813,5.,-2.34514131251299));
#8606=CARTESIAN_POINT('',(0.166646613790813,5.,-2.34514131251299));
#8607=VECTOR('',#8608,1.);
#8608=DIRECTION('',(0.,-1.,0.));
#8609=CARTESIAN_POINT('',(-0.166646613790814,5.,-2.34514131251299));
#8610=AXIS2_PLACEMENT_3D('',#8611,#8612,#8613);
#8611=CARTESIAN_POINT('',(1.73472347597681E-15,5.,-2.47902654270625));
#8612=DIRECTION('',(0.,-1.,0.));
#8613=DIRECTION('',(0.7795711224156,0.,0.626313711406418));
#8614=CARTESIAN_POINT('',(-0.166646613790814,5.,-2.34514131251299));
#8615=VECTOR('',#8616,1.);
#8616=DIRECTION('',(0.,-1.,0.));
#8617=CARTESIAN_POINT('',(-0.531999564273137,0.,-2.29007321567592));
#8618=AXIS2_PLACEMENT_3D('',#8619,#8620,#8621);
#8619=CARTESIAN_POINT('',(-0.333293227581628,0.,-2.21125608231973));
#8620=DIRECTION('',(0.,1.,0.));
#8621=DIRECTION('',(0.779571122415616,0.,-0.626313711406398));
#8622=CARTESIAN_POINT('',(-0.531999564273137,5.,-2.29007321567592));
#8623=AXIS2_PLACEMENT_3D('',#8624,#8625,#8626);
#8624=CARTESIAN_POINT('',(-0.333293227581628,5.,-2.21125608231973));
#8625=DIRECTION('',(0.,1.,0.));
#8626=DIRECTION('',(0.779571122415616,0.,-0.626313711406398));
#8627=CARTESIAN_POINT('',(-0.531999564273137,5.,-2.29007321567592));
#8628=VECTOR('',#8629,1.);
#8629=DIRECTION('',(0.,-1.,0.));
#8630=CARTESIAN_POINT('',(-0.8504855089028,0.,-2.19183331225014));
#8631=AXIS2_PLACEMENT_3D('',#8632,#8633,#8634);
#8632=CARTESIAN_POINT('',(-0.730705900964609,0.,-2.36889034903214));
#8633=DIRECTION('',(0.,-1.,0.));
#8634=DIRECTION('',(0.929546171998032,0.,0.368705728357732));
#8635=CARTESIAN_POINT('',(-0.8504855089028,5.,-2.19183331225014));
#8636=AXIS2_PLACEMENT_3D('',#8637,#8638,#8639);
#8637=CARTESIAN_POINT('',(-0.730705900964641,5.,-2.36889034903213));
#8638=DIRECTION('',(0.,-1.,0.));
#8639=DIRECTION('',(0.929546171998065,0.,0.368705728357647));
#8640=CARTESIAN_POINT('',(-0.8504855089028,5.,-2.19183331225014));
#8641=VECTOR('',#8642,1.);
#8642=DIRECTION('',(0.,-1.,0.));
#8643=CARTESIAN_POINT('',(-1.18337524640975,0.,-2.03152206380529));
#8644=AXIS2_PLACEMENT_3D('',#8645,#8646,#8647);
#8645=CARTESIAN_POINT('',(-0.970265116840991,0.,-2.01477627546815));
#8646=DIRECTION('',(0.,1.,0.));
#8647=DIRECTION('',(0.560327757515019,0.,-0.828270972664255));
#8648=CARTESIAN_POINT('',(-1.18337524640975,5.,-2.03152206380529));
#8649=AXIS2_PLACEMENT_3D('',#8650,#8651,#8652);
#8650=CARTESIAN_POINT('',(-0.970265116840991,5.,-2.01477627546815));
#8651=DIRECTION('',(0.,1.,0.));
#8652=DIRECTION('',(0.560327757515019,0.,-0.828270972664255));
#8653=CARTESIAN_POINT('',(-1.18337524640975,5.,-2.03152206380529));
#8654=VECTOR('',#8655,1.);
#8655=DIRECTION('',(0.,-1.,0.));
#8656=CARTESIAN_POINT('',(-1.45875503425462,0.,-1.8437713034918));
#8657=AXIS2_PLACEMENT_3D('',#8658,#8659,#8660);
#8658=CARTESIAN_POINT('',(-1.39648537597852,0.,-2.04826785214245));
#8659=DIRECTION('',(0.,-1.,0.));
#8660=DIRECTION('',(0.996926964952316,0.,0.0783366233058597));
#8661=CARTESIAN_POINT('',(-1.45875503425462,5.,-1.8437713034918));
#8662=AXIS2_PLACEMENT_3D('',#8663,#8664,#8665);
#8663=CARTESIAN_POINT('',(-1.39648537597852,5.,-2.04826785214245));
#8664=DIRECTION('',(0.,-1.,0.));
#8665=DIRECTION('',(0.996926964952315,0.,0.078336623305876));
#8666=CARTESIAN_POINT('',(-1.45875503425462,5.,-1.8437713034918));
#8667=VECTOR('',#8668,1.);
#8668=DIRECTION('',(0.,-1.,0.));
#8669=CARTESIAN_POINT('',(-1.72960284474617,0.,-1.59246126137782));
#8670=AXIS2_PLACEMENT_3D('',#8671,#8672,#8673);
#8671=CARTESIAN_POINT('',(-1.52102469253073,0.,-1.63927475484116));
#8672=DIRECTION('',(0.,1.,0.));
#8673=DIRECTION('',(0.291296812401338,0.,-0.956632723193609));
#8674=CARTESIAN_POINT('',(-1.72960284474617,5.,-1.59246126137782));
#8675=AXIS2_PLACEMENT_3D('',#8676,#8677,#8678);
#8676=CARTESIAN_POINT('',(-1.52102469253073,5.,-1.63927475484116));
#8677=DIRECTION('',(0.,1.,0.));
#8678=DIRECTION('',(0.291296812401338,0.,-0.956632723193609));
#8679=CARTESIAN_POINT('',(-1.72960284474617,5.,-1.59246126137782));
#8680=VECTOR('',#8681,1.);
#8681=DIRECTION('',(0.,-1.,0.));
#8682=CARTESIAN_POINT('',(-1.9374077731719,0.,-1.33188212316113));
#8683=AXIS2_PLACEMENT_3D('',#8684,#8685,#8686);
#8684=CARTESIAN_POINT('',(-1.9381809969616,0.,-1.54564776791448));
#8685=DIRECTION('',(0.,-1.,0.));
#8686=DIRECTION('',(0.975726422128627,0.,-0.218993034501257));
#8687=CARTESIAN_POINT('',(-1.9374077731719,5.,-1.33188212316113));
#8688=AXIS2_PLACEMENT_3D('',#8689,#8690,#8691);
#8689=CARTESIAN_POINT('',(-1.9381809969616,5.,-1.54564776791448));
#8690=DIRECTION('',(0.,-1.,0.));
#8691=DIRECTION('',(0.975726422128628,0.,-0.21899303450125));
#8692=CARTESIAN_POINT('',(-1.9374077731719,5.,-1.33188212316113));
#8693=VECTOR('',#8694,1.);
#8694=DIRECTION('',(0.,-1.,0.));
#8695=CARTESIAN_POINT('',(-2.12214764008977,0.,-1.0119032874757));
#8696=AXIS2_PLACEMENT_3D('',#8697,#8698,#8699);
#8697=CARTESIAN_POINT('',(-1.93663454938219,0.,-1.11811647840777));
#8698=DIRECTION('',(0.,1.,0.));
#8699=DIRECTION('',(-0.00361713282920339,0.,-0.99999345815365));
#8700=CARTESIAN_POINT('',(-2.12214764008977,5.,-1.0119032874757));
#8701=AXIS2_PLACEMENT_3D('',#8702,#8703,#8704);
#8702=CARTESIAN_POINT('',(-1.93663454938219,5.,-1.11811647840777));
#8703=DIRECTION('',(0.,1.,0.));
#8704=DIRECTION('',(-0.00361713282920339,0.,-0.99999345815365));
#8705=CARTESIAN_POINT('',(-2.12214764008977,5.,-1.0119032874757));
#8706=VECTOR('',#8707,1.);
#8707=DIRECTION('',(0.,-1.,0.));
#8708=CARTESIAN_POINT('',(-2.24391332926888,0.,-0.701649371319132));
#8709=AXIS2_PLACEMENT_3D('',#8710,#8711,#8712);
#8710=CARTESIAN_POINT('',(-2.30766073079745,0.,-0.905690096543787));
#8711=DIRECTION('',(0.,-1.,0.));
#8712=DIRECTION('',(0.86782830479413,0.,-0.496864200157494));
#8713=CARTESIAN_POINT('',(-2.24391332926888,5.,-0.701649371319132));
#8714=AXIS2_PLACEMENT_3D('',#8715,#8716,#8717);
#8715=CARTESIAN_POINT('',(-2.30766073079739,5.,-0.905690096543712));
#8716=DIRECTION('',(0.,-1.,0.));
#8717=DIRECTION('',(0.867828304793912,0.,-0.496864200157875));
#8718=CARTESIAN_POINT('',(-2.24391332926888,5.,-0.701649371319132));
#8719=VECTOR('',#8720,1.);
#8720=DIRECTION('',(0.,-1.,0.));
#8721=CARTESIAN_POINT('',(-2.32613030471996,0.,-0.341433265817071));
#8722=AXIS2_PLACEMENT_3D('',#8723,#8724,#8725);
#8723=CARTESIAN_POINT('',(-2.18016592774032,0.,-0.497608646094477));
#8724=DIRECTION('',(0.,1.,0.));
#8725=DIRECTION('',(-0.298209679934357,0.,-0.954500385957726));
#8726=CARTESIAN_POINT('',(-2.32613030471996,5.,-0.341433265817071));
#8727=AXIS2_PLACEMENT_3D('',#8728,#8729,#8730);
#8728=CARTESIAN_POINT('',(-2.18016592774032,5.,-0.497608646094477));
#8729=DIRECTION('',(0.,1.,0.));
#8730=DIRECTION('',(-0.298209679934357,0.,-0.954500385957726));
#8731=CARTESIAN_POINT('',(-2.32613030471996,5.,-0.341433265817071));
#8732=VECTOR('',#8733,1.);
#8733=DIRECTION('',(0.,-1.,0.));
#8734=CARTESIAN_POINT('',(-2.35103733880886,0.,-0.00907199369790216));
#8735=AXIS2_PLACEMENT_3D('',#8736,#8737,#8738);
#8736=CARTESIAN_POINT('',(-2.47209468169961,0.,-0.18525788553967));
#8737=DIRECTION('',(0.,-1.,0.));
#8738=DIRECTION('',(0.682819834176504,0.,-0.730586801177773));
#8739=CARTESIAN_POINT('',(-2.35103733880886,5.,-0.00907199369790216));
#8740=AXIS2_PLACEMENT_3D('',#8741,#8742,#8743);
#8741=CARTESIAN_POINT('',(-2.4720946816996,5.,-0.18525788553967));
#8742=DIRECTION('',(0.,-1.,0.));
#8743=DIRECTION('',(0.682819834176479,0.,-0.730586801177797));
#8744=CARTESIAN_POINT('',(-2.35103733880886,5.,-0.0090719936979021));
#8745=VECTOR('',#8746,1.);
#8746=DIRECTION('',(0.,-1.,0.));
#8747=CARTESIAN_POINT('',(-2.32342608372102,0.,0.359374599864678));
#8748=AXIS2_PLACEMENT_3D('',#8749,#8750,#8751);
#8749=CARTESIAN_POINT('',(-2.22997999591811,0.,0.167113898143865));
#8750=DIRECTION('',(0.,1.,0.));
#8751=DIRECTION('',(-0.566304988305706,0.,-0.824195765713507));
#8752=CARTESIAN_POINT('',(-2.32342608372102,5.,0.359374599864678));
#8753=AXIS2_PLACEMENT_3D('',#8754,#8755,#8756);
#8754=CARTESIAN_POINT('',(-2.22997999591811,5.,0.167113898143865));
#8755=DIRECTION('',(0.,1.,0.));
#8756=DIRECTION('',(-0.566304988305706,0.,-0.824195765713507));
#8757=CARTESIAN_POINT('',(-2.32342608372102,5.,0.359374599864677));
#8758=VECTOR('',#8759,1.);
#8759=DIRECTION('',(0.,-1.,0.));
#8760=CARTESIAN_POINT('',(-2.24926136343825,0.,0.684311470375175));
#8761=AXIS2_PLACEMENT_3D('',#8762,#8763,#8764);
#8762=CARTESIAN_POINT('',(-2.41687217152393,0.,0.551635301585486));
#8763=DIRECTION('',(0.,-1.,0.));
#8764=DIRECTION('',(0.437139824787009,0.,-0.899393558785687));
#8765=CARTESIAN_POINT('',(-2.24926136343825,5.,0.684311470375175));
#8766=AXIS2_PLACEMENT_3D('',#8767,#8768,#8769);
#8767=CARTESIAN_POINT('',(-2.41687217152392,5.,0.551635301585483));
#8768=DIRECTION('',(0.,-1.,0.));
#8769=DIRECTION('',(0.43713982478698,0.,-0.899393558785701));
#8770=CARTESIAN_POINT('',(-2.24926136343825,5.,0.684311470375175));
#8771=VECTOR('',#8772,1.);
#8772=DIRECTION('',(0.,-1.,0.));
#8773=CARTESIAN_POINT('',(-2.11427525899604,0.,1.02825045525899));
#8774=AXIS2_PLACEMENT_3D('',#8775,#8776,#8777);
#8775=CARTESIAN_POINT('',(-2.08165055535256,0.,0.816987639164863));
#8776=DIRECTION('',(0.,1.,0.));
#8777=DIRECTION('',(-0.784081613277585,0.,-0.620657734762099));
#8778=CARTESIAN_POINT('',(-2.11427525899604,5.,1.02825045525899));
#8779=AXIS2_PLACEMENT_3D('',#8780,#8781,#8782);
#8780=CARTESIAN_POINT('',(-2.08165055535256,5.,0.816987639164863));
#8781=DIRECTION('',(0.,1.,0.));
#8782=DIRECTION('',(-0.784081613277585,0.,-0.620657734762099));
#8783=CARTESIAN_POINT('',(-2.11427525899604,5.,1.02825045525899));
#8784=VECTOR('',#8785,1.);
#8785=DIRECTION('',(0.,-1.,0.));
#8786=CARTESIAN_POINT('',(-1.94762864520523,0.,1.31689085725399));
#8787=AXIS2_PLACEMENT_3D('',#8788,#8789,#8790);
#8788=CARTESIAN_POINT('',(-2.14689996263953,0.,1.23951327135312));
#8789=DIRECTION('',(0.,-1.,0.));
#8790=DIRECTION('',(0.152618023608675,0.,-0.988285251771867));
#8791=CARTESIAN_POINT('',(-1.94762864520523,5.,1.31689085725399));
#8792=AXIS2_PLACEMENT_3D('',#8793,#8794,#8795);
#8793=CARTESIAN_POINT('',(-2.14689996263952,5.,1.23951327135312));
#8794=DIRECTION('',(0.,-1.,0.));
#8795=DIRECTION('',(0.152618023608633,0.,-0.988285251771873));
#8796=CARTESIAN_POINT('',(-1.94762864520523,5.,1.31689085725399));
#8797=VECTOR('',#8798,1.);
#8798=DIRECTION('',(0.,-1.,0.));
#8799=CARTESIAN_POINT('',(-1.71726179916511,0.,1.60576174530075));
#8800=AXIS2_PLACEMENT_3D('',#8801,#8802,#8803);
#8801=CARTESIAN_POINT('',(-1.74835732777093,0.,1.39426844315486));
#8802=DIRECTION('',(0.,1.,0.));
#8803=DIRECTION('',(-0.932189146024264,0.,-0.361971540365473));
#8804=CARTESIAN_POINT('',(-1.71726179916511,5.,1.60576174530075));
#8805=AXIS2_PLACEMENT_3D('',#8806,#8807,#8808);
#8806=CARTESIAN_POINT('',(-1.74835732777093,5.,1.39426844315486));
#8807=DIRECTION('',(0.,1.,0.));
#8808=DIRECTION('',(-0.932189146024264,0.,-0.361971540365473));
#8809=CARTESIAN_POINT('',(-1.71726179916511,5.,1.60576174530075));
#8810=VECTOR('',#8811,1.);
#8811=DIRECTION('',(0.,-1.,0.));
#8812=CARTESIAN_POINT('',(-1.4729405748182,0.,1.83245871238545));
#8813=AXIS2_PLACEMENT_3D('',#8814,#8815,#8816);
#8814=CARTESIAN_POINT('',(-1.68616627055929,0.,1.81725504744664));
#8815=DIRECTION('',(0.,-1.,0.));
#8816=DIRECTION('',(-0.14546455872047,0.,-0.989363463119727));
#8817=CARTESIAN_POINT('',(-1.4729405748182,5.,1.83245871238545));
#8818=AXIS2_PLACEMENT_3D('',#8819,#8820,#8821);
#8819=CARTESIAN_POINT('',(-1.68616627055929,5.,1.81725504744663));
#8820=DIRECTION('',(0.,-1.,0.));
#8821=DIRECTION('',(-0.145464558720504,0.,-0.989363463119722));
#8822=CARTESIAN_POINT('',(-1.4729405748182,5.,1.83245871238545));
#8823=VECTOR('',#8824,1.);
#8824=DIRECTION('',(0.,-1.,0.));
#8825=CARTESIAN_POINT('',(-1.16766209239908,0.,2.04059405750318));
#8826=AXIS2_PLACEMENT_3D('',#8827,#8828,#8829);
#8827=CARTESIAN_POINT('',(-1.2597148790771,0.,1.84766237732427));
#8828=DIRECTION('',(0.,1.,0.));
#8829=DIRECTION('',(-0.997467582302001,0.,-0.071122586121432));
#8830=CARTESIAN_POINT('',(-1.16766209239908,5.,2.04059405750318));
#8831=AXIS2_PLACEMENT_3D('',#8832,#8833,#8834);
#8832=CARTESIAN_POINT('',(-1.2597148790771,5.,1.84766237732427));
#8833=DIRECTION('',(0.,1.,0.));
#8834=DIRECTION('',(-0.997467582302001,0.,-0.071122586121432));
#8835=CARTESIAN_POINT('',(-1.16766209239908,5.,2.04059405750318));
#8836=VECTOR('',#8837,1.);
#8837=DIRECTION('',(0.,-1.,0.));
#8838=CARTESIAN_POINT('',(-0.867375270465319,0.,2.18520456930886));
#8839=AXIS2_PLACEMENT_3D('',#8840,#8841,#8842);
#8840=CARTESIAN_POINT('',(-1.07560930572107,0.,2.2335257376821));
#8841=DIRECTION('',(0.,-1.,0.));
#8842=DIRECTION('',(-0.430621976646597,0.,-0.902532389019351));
#8843=CARTESIAN_POINT('',(-0.867375270465319,5.,2.18520456930886));
#8844=AXIS2_PLACEMENT_3D('',#8845,#8846,#8847);
#8845=CARTESIAN_POINT('',(-1.07560930572106,5.,2.23352573768209));
#8846=DIRECTION('',(0.,-1.,0.));
#8847=DIRECTION('',(-0.430621976646627,0.,-0.902532389019337));
#8848=CARTESIAN_POINT('',(-0.867375270465319,5.,2.18520456930886));
#8849=VECTOR('',#8850,1.);
#8850=DIRECTION('',(0.,-1.,0.));
#8851=CARTESIAN_POINT('',(-0.514310484522699,0.,2.29411063269693));
#8852=AXIS2_PLACEMENT_3D('',#8853,#8854,#8855);
#8853=CARTESIAN_POINT('',(-0.659141235209571,0.,2.13688340093562));
#8854=DIRECTION('',(0.,1.,0.));
#8855=DIRECTION('',(-0.974116646577817,0.,0.226045922015831));
#8856=CARTESIAN_POINT('',(-0.514310484522699,5.,2.29411063269693));
#8857=AXIS2_PLACEMENT_3D('',#8858,#8859,#8860);
#8858=CARTESIAN_POINT('',(-0.659141235209571,5.,2.13688340093562));
#8859=DIRECTION('',(0.,1.,0.));
#8860=DIRECTION('',(-0.974116646577817,0.,0.226045922015831));
#8861=CARTESIAN_POINT('',(-0.514310484522699,5.,2.29411063269693));
#8862=VECTOR('',#8863,1.);
#8863=DIRECTION('',(0.,-1.,0.));
#8864=CARTESIAN_POINT('',(-0.184739866917921,0.,2.34378541063687));
#8865=AXIS2_PLACEMENT_3D('',#8866,#8867,#8868);
#8866=CARTESIAN_POINT('',(-0.369479733835834,0.,2.45133786445825));
#8867=DIRECTION('',(0.,-1.,0.));
#8868=DIRECTION('',(-0.677516742194246,0.,-0.73550735145646));
#8869=CARTESIAN_POINT('',(-0.184739866917921,5.,2.34378541063687));
#8870=AXIS2_PLACEMENT_3D('',#8871,#8872,#8873);
#8871=CARTESIAN_POINT('',(-0.369479733835832,5.,2.45133786445824));
#8872=DIRECTION('',(0.,-1.,0.));
#8873=DIRECTION('',(-0.677516742194274,0.,-0.735507351456433));
#8874=CARTESIAN_POINT('',(-0.184739866917921,5.,2.34378541063687));
#8875=VECTOR('',#8876,1.);
#8876=DIRECTION('',(0.,-1.,0.));
#8877=CARTESIAN_POINT('',(0.184739866917908,0.,2.34378541063687));
#8878=AXIS2_PLACEMENT_3D('',#8879,#8880,#8881);
#8879=CARTESIAN_POINT('',(-7.98548820950249E-15,0.,2.2362329568155));
#8880=DIRECTION('',(0.,1.,0.));
#8881=DIRECTION('',(-0.864211171964703,0.,0.503129257995791));
#8882=CARTESIAN_POINT('',(0.184739866917908,5.,2.34378541063687));
#8883=AXIS2_PLACEMENT_3D('',#8884,#8885,#8886);
#8884=CARTESIAN_POINT('',(-7.98548820950249E-15,5.,2.2362329568155));
#8885=DIRECTION('',(0.,1.,0.));
#8886=DIRECTION('',(-0.864211171964703,0.,0.503129257995791));
#8887=CARTESIAN_POINT('',(0.184739866917908,5.,2.34378541063687));
#8888=VECTOR('',#8889,1.);
#8889=DIRECTION('',(0.,-1.,0.));
#8890=CARTESIAN_POINT('',(0.514310484522687,0.,2.29411063269693));
#8891=AXIS2_PLACEMENT_3D('',#8892,#8893,#8894);
#8892=CARTESIAN_POINT('',(0.369479733835818,0.,2.45133786445825));
#8893=DIRECTION('',(0.,-1.,0.));
#8894=DIRECTION('',(-0.864211171964694,0.,-0.503129257995807));
#8895=CARTESIAN_POINT('',(0.514310484522687,5.,2.29411063269693));
#8896=AXIS2_PLACEMENT_3D('',#8897,#8898,#8899);
#8897=CARTESIAN_POINT('',(0.369479733835817,5.,2.45133786445824));
#8898=DIRECTION('',(0.,-1.,0.));
#8899=DIRECTION('',(-0.864211171964712,0.,-0.503129257995775));
#8900=CARTESIAN_POINT('',(0.514310484522687,5.,2.29411063269693));
#8901=VECTOR('',#8902,1.);
#8902=DIRECTION('',(0.,-1.,0.));
#8903=CARTESIAN_POINT('',(0.867375270465305,0.,2.18520456930886));
#8904=AXIS2_PLACEMENT_3D('',#8905,#8906,#8907);
#8905=CARTESIAN_POINT('',(0.659141235209555,0.,2.13688340093562));
#8906=DIRECTION('',(0.,1.,0.));
#8907=DIRECTION('',(-0.677516742194266,0.,0.735507351456441));
#8908=CARTESIAN_POINT('',(0.867375270465305,5.,2.18520456930886));
#8909=AXIS2_PLACEMENT_3D('',#8910,#8911,#8912);
#8910=CARTESIAN_POINT('',(0.659141235209555,5.,2.13688340093562));
#8911=DIRECTION('',(0.,1.,0.));
#8912=DIRECTION('',(-0.677516742194266,0.,0.735507351456441));
#8913=CARTESIAN_POINT('',(0.867375270465305,5.,2.18520456930886));
#8914=VECTOR('',#8915,1.);
#8915=DIRECTION('',(0.,-1.,0.));
#8916=CARTESIAN_POINT('',(1.16766209239907,0.,2.04059405750319));
#8917=AXIS2_PLACEMENT_3D('',#8918,#8919,#8920);
#8918=CARTESIAN_POINT('',(1.07560930572105,0.,2.2335257376821));
#8919=DIRECTION('',(0.,-1.,0.));
#8920=DIRECTION('',(-0.974116646577814,0.,-0.226045922015846));
#8921=CARTESIAN_POINT('',(1.16766209239907,5.,2.04059405750319));
#8922=AXIS2_PLACEMENT_3D('',#8923,#8924,#8925);
#8923=CARTESIAN_POINT('',(1.07560930572105,5.,2.23352573768209));
#8924=DIRECTION('',(0.,-1.,0.));
#8925=DIRECTION('',(-0.974116646577821,0.,-0.226045922015814));
#8926=CARTESIAN_POINT('',(1.16766209239907,5.,2.04059405750319));
#8927=VECTOR('',#8928,1.);
#8928=DIRECTION('',(0.,-1.,0.));
#8929=CARTESIAN_POINT('',(1.47294057481818,0.,1.83245871238545));
#8930=AXIS2_PLACEMENT_3D('',#8931,#8932,#8933);
#8931=CARTESIAN_POINT('',(1.25971487907708,0.,1.84766237732427));
#8932=DIRECTION('',(0.,1.,0.));
#8933=DIRECTION('',(-0.430621976646612,0.,0.902532389019344));
#8934=CARTESIAN_POINT('',(1.47294057481818,5.,1.83245871238545));
#8935=AXIS2_PLACEMENT_3D('',#8936,#8937,#8938);
#8936=CARTESIAN_POINT('',(1.25971487907708,5.,1.84766237732427));
#8937=DIRECTION('',(0.,1.,0.));
#8938=DIRECTION('',(-0.430621976646612,0.,0.902532389019344));
#8939=CARTESIAN_POINT('',(1.47294057481818,5.,1.83245871238545));
#8940=VECTOR('',#8941,1.);
#8941=DIRECTION('',(0.,-1.,0.));
#8942=CARTESIAN_POINT('',(1.7172617991651,0.,1.60576174530076));
#8943=AXIS2_PLACEMENT_3D('',#8944,#8945,#8946);
#8944=CARTESIAN_POINT('',(1.68616627055928,0.,1.81725504744664));
#8945=DIRECTION('',(0.,-1.,0.));
#8946=DIRECTION('',(-0.997467582302003,0.,0.0711225861214115));
#8947=CARTESIAN_POINT('',(1.7172617991651,5.,1.60576174530076));
#8948=AXIS2_PLACEMENT_3D('',#8949,#8950,#8951);
#8949=CARTESIAN_POINT('',(1.68616627055927,5.,1.81725504744664));
#8950=DIRECTION('',(0.,-1.,0.));
#8951=DIRECTION('',(-0.997467582302,0.,0.0711225861214454));
#8952=CARTESIAN_POINT('',(1.7172617991651,5.,1.60576174530076));
#8953=VECTOR('',#8954,1.);
#8954=DIRECTION('',(0.,-1.,0.));
#8955=CARTESIAN_POINT('',(1.94762864520521,0.,1.31689085725399));
#8956=AXIS2_PLACEMENT_3D('',#8957,#8958,#8959);
#8957=CARTESIAN_POINT('',(1.74835732777092,0.,1.39426844315487));
#8958=DIRECTION('',(0.,1.,0.));
#8959=DIRECTION('',(-0.14546455872049,0.,0.989363463119724));
#8960=CARTESIAN_POINT('',(1.94762864520521,5.,1.31689085725399));
#8961=AXIS2_PLACEMENT_3D('',#8962,#8963,#8964);
#8962=CARTESIAN_POINT('',(1.74835732777092,5.,1.39426844315487));
#8963=DIRECTION('',(0.,1.,0.));
#8964=DIRECTION('',(-0.14546455872049,0.,0.989363463119724));
#8965=CARTESIAN_POINT('',(1.94762864520521,5.,1.31689085725399));
#8966=VECTOR('',#8967,1.);
#8967=DIRECTION('',(0.,-1.,0.));
#8968=CARTESIAN_POINT('',(2.11427525899603,0.,1.028250455259));
#8969=AXIS2_PLACEMENT_3D('',#8970,#8971,#8972);
#8970=CARTESIAN_POINT('',(2.14689996263951,0.,1.23951327135313));
#8971=DIRECTION('',(0.,-1.,0.));
#8972=DIRECTION('',(-0.932189146024273,0.,0.361971540365451));
#8973=CARTESIAN_POINT('',(2.11427525899603,5.,1.028250455259));
#8974=AXIS2_PLACEMENT_3D('',#8975,#8976,#8977);
#8975=CARTESIAN_POINT('',(2.14689996263951,5.,1.23951327135312));
#8976=DIRECTION('',(0.,-1.,0.));
#8977=DIRECTION('',(-0.932189146024259,0.,0.361971540365485));
#8978=CARTESIAN_POINT('',(2.11427525899603,5.,1.028250455259));
#8979=VECTOR('',#8980,1.);
#8980=DIRECTION('',(0.,-1.,0.));
#8981=CARTESIAN_POINT('',(2.24926136343823,0.,0.684311470375179));
#8982=AXIS2_PLACEMENT_3D('',#8983,#8984,#8985);
#8983=CARTESIAN_POINT('',(2.08165055535255,0.,0.816987639164871));
#8984=DIRECTION('',(0.,1.,0.));
#8985=DIRECTION('',(0.152618023608648,0.,0.988285251771871));
#8986=CARTESIAN_POINT('',(2.24926136343823,5.,0.684311470375179));
#8987=AXIS2_PLACEMENT_3D('',#8988,#8989,#8990);
#8988=CARTESIAN_POINT('',(2.08165055535255,5.,0.816987639164871));
#8989=DIRECTION('',(0.,1.,0.));
#8990=DIRECTION('',(0.152618023608648,0.,0.988285251771871));
#8991=CARTESIAN_POINT('',(2.24926136343823,5.,0.684311470375179));
#8992=VECTOR('',#8993,1.);
#8993=DIRECTION('',(0.,-1.,0.));
#8994=CARTESIAN_POINT('',(2.32342608372101,0.,0.359374599864683));
#8995=AXIS2_PLACEMENT_3D('',#8996,#8997,#8998);
#8996=CARTESIAN_POINT('',(2.41687217152392,0.,0.551635301585493));
#8997=DIRECTION('',(0.,-1.,0.));
#8998=DIRECTION('',(-0.784081613277595,0.,0.620657734762086));
#8999=CARTESIAN_POINT('',(2.32342608372101,5.,0.359374599864683));
#9000=AXIS2_PLACEMENT_3D('',#9001,#9002,#9003);
#9001=CARTESIAN_POINT('',(2.41687217152391,5.,0.551635301585492));
#9002=DIRECTION('',(0.,-1.,0.));
#9003=DIRECTION('',(-0.784081613277574,0.,0.620657734762113));
#9004=CARTESIAN_POINT('',(2.32342608372101,5.,0.359374599864683));
#9005=VECTOR('',#9006,1.);
#9006=DIRECTION('',(0.,-1.,0.));
#9007=CARTESIAN_POINT('',(2.35103733880885,0.,-0.00907199369789701));
#9008=AXIS2_PLACEMENT_3D('',#9009,#9010,#9011);
#9009=CARTESIAN_POINT('',(2.2299799959181,0.,0.167113898143874));
#9010=DIRECTION('',(0.,1.,0.));
#9011=DIRECTION('',(0.437139824786996,0.,0.899393558785694));
#9012=CARTESIAN_POINT('',(2.35103733880885,5.,-0.00907199369789701));
#9013=AXIS2_PLACEMENT_3D('',#9014,#9015,#9016);
#9014=CARTESIAN_POINT('',(2.2299799959181,5.,0.167113898143874));
#9015=DIRECTION('',(0.,1.,0.));
#9016=DIRECTION('',(0.437139824786996,0.,0.899393558785694));
#9017=CARTESIAN_POINT('',(2.35103733880885,5.,-0.00907199369789707));
#9018=VECTOR('',#9019,1.);
#9019=DIRECTION('',(0.,-1.,0.));
#9020=CARTESIAN_POINT('',(2.32613030471996,0.,-0.341433265817065));
#9021=AXIS2_PLACEMENT_3D('',#9022,#9023,#9024);
#9022=CARTESIAN_POINT('',(2.4720946816996,0.,-0.185257885539662));
#9023=DIRECTION('',(0.,-1.,0.));
#9024=DIRECTION('',(-0.566304988305724,0.,0.824195765713495));
#9025=CARTESIAN_POINT('',(2.32613030471996,5.,-0.341433265817065));
#9026=AXIS2_PLACEMENT_3D('',#9027,#9028,#9029);
#9027=CARTESIAN_POINT('',(2.47209468169959,5.,-0.185257885539661));
#9028=DIRECTION('',(0.,-1.,0.));
#9029=DIRECTION('',(-0.566304988305692,0.,0.824195765713517));
#9030=CARTESIAN_POINT('',(2.32613030471996,5.,-0.341433265817065));
#9031=VECTOR('',#9032,1.);
#9032=DIRECTION('',(0.,-1.,0.));
#9033=CARTESIAN_POINT('',(2.24391332926888,0.,-0.701649371319125));
#9034=AXIS2_PLACEMENT_3D('',#9035,#9036,#9037);
#9035=CARTESIAN_POINT('',(2.18016592774031,0.,-0.497608646094468));
#9036=DIRECTION('',(0.,1.,0.));
#9037=DIRECTION('',(0.682819834176492,0.,0.730586801177785));
#9038=CARTESIAN_POINT('',(2.24391332926888,5.,-0.701649371319125));
#9039=AXIS2_PLACEMENT_3D('',#9040,#9041,#9042);
#9040=CARTESIAN_POINT('',(2.18016592774031,5.,-0.497608646094468));
#9041=DIRECTION('',(0.,1.,0.));
#9042=DIRECTION('',(0.682819834176492,0.,0.730586801177785));
#9043=CARTESIAN_POINT('',(2.24391332926888,5.,-0.701649371319125));
#9044=VECTOR('',#9045,1.);
#9045=DIRECTION('',(0.,-1.,0.));
#9046=CARTESIAN_POINT('',(2.12214764008983,0.,-1.01190328747576));
#9047=AXIS2_PLACEMENT_3D('',#9048,#9049,#9050);
#9048=CARTESIAN_POINT('',(2.30766073079745,0.,-0.905690096543779));
#9049=DIRECTION('',(0.,-1.,0.));
#9050=DIRECTION('',(-0.298209679934377,0.,0.95450038595772));
#9051=CARTESIAN_POINT('',(2.12214764008983,5.,-1.01190328747576));
#9052=AXIS2_PLACEMENT_3D('',#9053,#9054,#9055);
#9053=CARTESIAN_POINT('',(2.30766073079744,5.,-0.905690096543775));
#9054=DIRECTION('',(0.,-1.,0.));
#9055=DIRECTION('',(-0.298209679934343,0.,0.954500385957731));
#9056=CARTESIAN_POINT('',(2.12214764008983,5.,-1.01190328747576));
#9057=VECTOR('',#9058,1.);
#9058=DIRECTION('',(0.,-1.,0.));
#9059=CARTESIAN_POINT('',(1.93740777317191,0.,-1.3318821231611));
#9060=AXIS2_PLACEMENT_3D('',#9061,#9062,#9063);
#9061=CARTESIAN_POINT('',(1.93663454938221,0.,-1.11811647840774));
#9062=DIRECTION('',(0.,1.,0.));
#9063=DIRECTION('',(0.86782830479392,0.,0.496864200157861));
#9064=CARTESIAN_POINT('',(1.93740777317191,5.,-1.3318821231611));
#9065=AXIS2_PLACEMENT_3D('',#9066,#9067,#9068);
#9066=CARTESIAN_POINT('',(1.93663454938221,5.,-1.11811647840774));
#9067=DIRECTION('',(0.,1.,0.));
#9068=DIRECTION('',(0.86782830479392,0.,0.496864200157861));
#9069=CARTESIAN_POINT('',(1.93740777317191,5.,-1.3318821231611));
#9070=VECTOR('',#9071,1.);
#9071=DIRECTION('',(0.,-1.,0.));
#9072=CARTESIAN_POINT('',(1.72960284474619,0.,-1.5924612613778));
#9073=AXIS2_PLACEMENT_3D('',#9074,#9075,#9076);
#9074=CARTESIAN_POINT('',(1.93818099696162,0.,-1.54564776791446));
#9075=DIRECTION('',(0.,-1.,0.));
#9076=DIRECTION('',(-0.00361713282924615,0.,0.99999345815365));
#9077=CARTESIAN_POINT('',(1.72960284474619,5.,-1.5924612613778));
#9078=AXIS2_PLACEMENT_3D('',#9079,#9080,#9081);
#9079=CARTESIAN_POINT('',(1.93818099696161,5.,-1.54564776791445));
#9080=DIRECTION('',(0.,-1.,0.));
#9081=DIRECTION('',(-0.00361713282919956,0.,0.99999345815365));
#9082=CARTESIAN_POINT('',(1.72960284474619,5.,-1.5924612613778));
#9083=VECTOR('',#9084,1.);
#9084=DIRECTION('',(0.,-1.,0.));
#9085=CARTESIAN_POINT('',(1.45875503425465,0.,-1.84377130349178));
#9086=AXIS2_PLACEMENT_3D('',#9087,#9088,#9089);
#9087=CARTESIAN_POINT('',(1.52102469253075,0.,-1.63927475484114));
#9088=DIRECTION('',(0.,1.,0.));
#9089=DIRECTION('',(0.97572642212862,0.,0.218993034501285));
#9090=CARTESIAN_POINT('',(1.45875503425465,5.,-1.84377130349178));
#9091=AXIS2_PLACEMENT_3D('',#9092,#9093,#9094);
#9092=CARTESIAN_POINT('',(1.52102469253075,5.,-1.63927475484114));
#9093=DIRECTION('',(0.,1.,0.));
#9094=DIRECTION('',(0.97572642212862,0.,0.218993034501285));
#9095=CARTESIAN_POINT('',(1.45875503425465,5.,-1.84377130349178));
#9096=VECTOR('',#9097,1.);
#9097=DIRECTION('',(0.,-1.,0.));
#9098=CARTESIAN_POINT('',(1.18337524640978,0.,-2.03152206380528));
#9099=AXIS2_PLACEMENT_3D('',#9100,#9101,#9102);
#9100=CARTESIAN_POINT('',(1.39648537597855,0.,-2.04826785214243));
#9101=DIRECTION('',(0.,-1.,0.));
#9102=DIRECTION('',(0.291296812401312,0.,0.956632723193617));
#9103=CARTESIAN_POINT('',(1.18337524640978,5.,-2.03152206380528));
#9104=AXIS2_PLACEMENT_3D('',#9105,#9106,#9107);
#9105=CARTESIAN_POINT('',(1.39648537597855,5.,-2.04826785214243));
#9106=DIRECTION('',(0.,-1.,0.));
#9107=DIRECTION('',(0.291296812401302,0.,0.95663272319362));
#9108=CARTESIAN_POINT('',(1.18337524640978,5.,-2.03152206380528));
#9109=VECTOR('',#9110,1.);
#9110=DIRECTION('',(0.,-1.,0.));
#9111=CARTESIAN_POINT('',(0.85048550890283,0.,-2.19183331225013));
#9112=AXIS2_PLACEMENT_3D('',#9113,#9114,#9115);
#9113=CARTESIAN_POINT('',(0.970265116841022,0.,-2.01477627546813));
#9114=DIRECTION('',(0.,1.,0.));
#9115=DIRECTION('',(0.996926964952318,0.,-0.0783366233058323));
#9116=CARTESIAN_POINT('',(0.85048550890283,5.,-2.19183331225013));
#9117=AXIS2_PLACEMENT_3D('',#9118,#9119,#9120);
#9118=CARTESIAN_POINT('',(0.970265116841022,5.,-2.01477627546813));
#9119=DIRECTION('',(0.,1.,0.));
#9120=DIRECTION('',(0.996926964952318,0.,-0.0783366233058323));
#9121=CARTESIAN_POINT('',(0.850485508902829,5.,-2.19183331225013));
#9122=VECTOR('',#9123,1.);
#9123=DIRECTION('',(0.,-1.,0.));
#9124=CARTESIAN_POINT('',(0.531999564273136,0.,-2.29007321567593));
#9125=AXIS2_PLACEMENT_3D('',#9126,#9127,#9128);
#9126=CARTESIAN_POINT('',(0.730705900964642,0.,-2.36889034903212));
#9127=DIRECTION('',(0.,-1.,0.));
#9128=DIRECTION('',(0.560327757514997,0.,0.828270972664269));
#9129=CARTESIAN_POINT('',(0.531999564273137,5.,-2.29007321567593));
#9130=AXIS2_PLACEMENT_3D('',#9131,#9132,#9133);
#9131=CARTESIAN_POINT('',(0.730705900964645,5.,-2.36889034903213));
#9132=DIRECTION('',(0.,-1.,0.));
#9133=DIRECTION('',(0.560327757514986,0.,0.828270972664276));
#9134=CARTESIAN_POINT('',(0.531999564273136,5.,-2.29007321567593));
#9135=VECTOR('',#9136,1.);
#9136=DIRECTION('',(0.,-1.,0.));
#9137=AXIS2_PLACEMENT_3D('',#9138,#9139,#9140);
#9138=CARTESIAN_POINT('',(0.33329322758163,0.,-2.21125608231973));
#9139=DIRECTION('',(0.,1.,0.));
#9140=DIRECTION('',(0.929546171998076,0.,-0.368705728357621));
#9141=AXIS2_PLACEMENT_3D('',#9142,#9143,#9144);
#9142=CARTESIAN_POINT('',(0.33329322758163,5.,-2.21125608231973));
#9143=DIRECTION('',(0.,1.,0.));
#9144=DIRECTION('',(0.929546171998076,0.,-0.368705728357621));
#9145=CARTESIAN_POINT('',(-4.83735485663204E-16,0.,3.95));
#9146=AXIS2_PLACEMENT_3D('',#9147,#9148,#9149);
#9147=CARTESIAN_POINT('',(0.,0.,0.));
#9148=DIRECTION('',(0.,1.,0.));
#9149=DIRECTION('',(0.,0.,1.));
#9150=CARTESIAN_POINT('',(-4.83735485663204E-16,5.,3.95));
#9151=AXIS2_PLACEMENT_3D('',#9152,#9153,#9154);
#9152=CARTESIAN_POINT('',(0.,5.,0.));
#9153=DIRECTION('',(0.,1.,0.));
#9154=DIRECTION('',(0.,0.,1.));
ENDSEC;
END-ISO-10303-21;
