ISO-10303-21;
HEADER;
FILE_DESCRIPTION(('STEP AP242'),
    '1');
FILE_NAME('Модель',
    '2026-02-27T07:43:54',
    ('matve'),
    (''),
    'C3D Converter',
    'C3D Toolkit',
    '');
/*Модуль генерации 3D-моделей программы <Валы и механические передачи 2D>*/
FILE_SCHEMA(('AP242_MANAGED_MODEL_BASED_3D_ENGINEERING_MIM_LF { 1 0 10303 442 1 1 4 }'));
ENDSEC;

DATA;
#1=PRODUCT_DEFINITION('','UNSPECIFIED',#32,#35);
#2=SHAPE_DEFINITION_REPRESENTATION(#30,#3);
#3=SHAPE_REPRESENTATION('NONE',(#4),#8);
#4=AXIS2_PLACEMENT_3D('',#5,#6,#7);
#5=CARTESIAN_POINT('',(0.,0.,0.));
#6=DIRECTION('',(0.,0.,1.));
#7=DIRECTION('',(1.,0.,0.));
#8=(GEOMETRIC_REPRESENTATION_CONTEXT(3)GLOBAL_UNCERTAINTY_ASSIGNED_CONTEXT((#10))
GLOBAL_UNIT_ASSIGNED_CONTEXT((#9,#11,#12))REPRESENTATION_CONTEXT('NONE','NONE'));
#9=(LENGTH_UNIT()NAMED_UNIT(*)SI_UNIT(.MILLI.,.METRE.));
#10=UNCERTAINTY_MEASURE_WITH_UNIT(LENGTH_MEASURE(1.E-5),#9,'NONE','NONE');
#11=(NAMED_UNIT(*)PLANE_ANGLE_UNIT()SI_UNIT($,.RADIAN.));
#12=(NAMED_UNIT(*)SI_UNIT($,.STERADIAN.)SOLID_ANGLE_UNIT());
#13=MANIFOLD_SOLID_BREP('',#14);
#14=CLOSED_SHELL('',(#57,#58,#59,#60,#61,#62,#63,#64,#65,#66,#67,#68,#69,#70,#71,
#72,#73,#74,#75,#76,#77,#78,#79,#80,#81,#82,#83,#84,#85,#86,#87,#88,#89,#90,#91,
#92,#93,#94,#95,#96,#97,#98,#99,#100,#101,#102,#103,#104,#105,#106,#107,#108,#109,
#110,#111,#112,#113,#114,#115,#116,#117,#118,#119,#120,#121,#122,#123,#124,#125,
#126,#127,#128,#129,#130,#131,#132,#133,#134,#135,#136,#137,#138,#139,#140,#141,
#142,#143,#144,#145,#146,#147,#148,#149,#150,#151,#152,#153,#154,#155,#156,#157,
#158,#159,#160,#161,#162,#163,#164,#165,#166,#167,#168,#169,#170,#171,#172,#173));
#15=COLOUR_RGB('',0.141176470588235,0.141176470588235,0.141176470588235);
#16=FILL_AREA_STYLE_COLOUR('',#15);
#17=FILL_AREA_STYLE($,(#16));
#18=SURFACE_STYLE_FILL_AREA(#17);
#19=SURFACE_SIDE_STYLE('',(#18));
#20=SURFACE_STYLE_USAGE(.BOTH.,#19);
#21=PRESENTATION_STYLE_ASSIGNMENT((#20));
#22=MECHANICAL_DESIGN_GEOMETRIC_PRESENTATION_REPRESENTATION('NONE',(#23),#8);
#23=STYLED_ITEM('',(#21),#13);
#24=ADVANCED_BREP_SHAPE_REPRESENTATION('NONE',(#13),#8);
#25=SHAPE_REPRESENTATION_RELATIONSHIP('','',#3,#24);
#26=GEOMETRIC_CURVE_SET('',(#174));
#27=GEOMETRIC_CURVE_SET('',(#175));
#28=GEOMETRICALLY_BOUNDED_WIREFRAME_SHAPE_REPRESENTATION('NONE',(#26,#27),#8);
#29=SHAPE_REPRESENTATION_RELATIONSHIP('','',#3,#28);
#30=PRODUCT_DEFINITION_SHAPE('NONE','NONE',#1);
#31=MECHANICAL_CONTEXT('NONE',#36,'mechanical');
#32=PRODUCT_DEFINITION_FORMATION_WITH_SPECIFIED_SOURCE('ANY','UNSPECIFIED',#33,.NOT_KNOWN.);
#33=PRODUCT('','\X2\041C043E04340435043B044C\X0\','\X2\041C043E04340443043B044C\X0\ \X2\04330435043D043504400430044604380438\X0\ 3D-\X2\043C043E04340435043B04350439\X0\ \X2\043F0440043E043304400430043C043C044B\X0\ <\X2\04120430043B044B\X0\ \X2\0438\X0\ \X2\043C043504450430043D0438044704350441043A04380435\X0\ \X2\043F0435044004350434043004470438\X0\ 2D>',
(#31));
#34=PRODUCT_RELATED_PRODUCT_CATEGORY('detail','',(#33));
#35=DESIGN_CONTEXT('detailed design',#36,'design');
#36=APPLICATION_CONTEXT('configuration controlled 3d designs of mechanical parts and assemblies');
#37=APPLICATION_PROTOCOL_DEFINITION('international standard','config_control_design',
1994,#36);
#38=CC_DESIGN_DATE_AND_TIME_ASSIGNMENT(#39,#43,(#1));
#39=DATE_AND_TIME(#40,#41);
#40=CALENDAR_DATE(0,1,1);
#41=LOCAL_TIME(0,0,0.,#42);
#42=COORDINATED_UNIVERSAL_TIME_OFFSET(0,0,.AHEAD.);
#43=DATE_TIME_ROLE('creation_date');
#44=CC_DESIGN_APPROVAL(#45,(#1));
#45=APPROVAL(#46,'UNSPECIFIED');
#46=APPROVAL_STATUS('not_yet_approved');
#47=APPROVAL_DATE_TIME(#48,#45);
#48=DATE_AND_TIME(#49,#50);
#49=CALENDAR_DATE(0,1,1);
#50=LOCAL_TIME(0,0,0.,#51);
#51=COORDINATED_UNIVERSAL_TIME_OFFSET(0,0,.AHEAD.);
#52=PERSON('UNSPECIFIED','matve','UNSPECIFIED',('UNSPECIFIED'),('UNSPECIFIED'),(
'UNSPECIFIED'));
#53=ORGANIZATION('UNSPECIFIED','UNSPECIFIED','UNSPECIFIED');
#54=PERSON_AND_ORGANIZATION(#52,#53);
#55=PERSON_AND_ORGANIZATION_ROLE('creator');
#56=CC_DESIGN_PERSON_AND_ORGANIZATION_ASSIGNMENT(#54,#55,(#32,#1));
#57=ADVANCED_FACE('',(#176),#178,.T.);
#58=ADVANCED_FACE('',(#183),#185,.T.);
#59=ADVANCED_FACE('',(#190,#192,#194,#196,#198,#200,#202,#204,#206,#208,#210,#212,
#214,#216,#218,#220,#222,#224,#226,#228,#230,#232,#234,#236,#238,#240,#242,#244,
#246,#248,#250,#252,#254,#256,#258,#260,#262,#264,#266,#268,#270,#272,#274,#276,
#278,#280,#282,#284,#286,#288,#290,#292),#294,.T.);
#60=ADVANCED_FACE('',(#299),#301,.T.);
#61=ADVANCED_FACE('',(#306),#308,.F.);
#62=ADVANCED_FACE('',(#313),#315,.F.);
#63=ADVANCED_FACE('',(#320),#322,.F.);
#64=ADVANCED_FACE('',(#327,#329),#331,.T.);
#65=ADVANCED_FACE('',(#336,#338),#340,.F.);
#66=ADVANCED_FACE('',(#345,#347),#349,.F.);
#67=ADVANCED_FACE('',(#354,#356),#358,.F.);
#68=ADVANCED_FACE('',(#363,#365),#367,.F.);
#69=ADVANCED_FACE('',(#372,#374),#376,.F.);
#70=ADVANCED_FACE('',(#381,#383),#385,.F.);
#71=ADVANCED_FACE('',(#390,#392),#394,.F.);
#72=ADVANCED_FACE('',(#399,#401),#403,.F.);
#73=ADVANCED_FACE('',(#408,#410),#412,.F.);
#74=ADVANCED_FACE('',(#417,#419),#421,.F.);
#75=ADVANCED_FACE('',(#426,#428),#430,.F.);
#76=ADVANCED_FACE('',(#435,#437),#439,.F.);
#77=ADVANCED_FACE('',(#444,#446),#448,.F.);
#78=ADVANCED_FACE('',(#453,#455),#457,.F.);
#79=ADVANCED_FACE('',(#462,#464),#466,.F.);
#80=ADVANCED_FACE('',(#471,#473),#475,.F.);
#81=ADVANCED_FACE('',(#480,#482),#484,.F.);
#82=ADVANCED_FACE('',(#489,#491),#493,.F.);
#83=ADVANCED_FACE('',(#498,#500),#502,.F.);
#84=ADVANCED_FACE('',(#507,#509),#511,.F.);
#85=ADVANCED_FACE('',(#516,#518),#520,.F.);
#86=ADVANCED_FACE('',(#525,#527),#529,.F.);
#87=ADVANCED_FACE('',(#534,#536),#538,.F.);
#88=ADVANCED_FACE('',(#543,#545),#547,.F.);
#89=ADVANCED_FACE('',(#552,#554),#556,.F.);
#90=ADVANCED_FACE('',(#561,#563),#565,.F.);
#91=ADVANCED_FACE('',(#570,#572),#574,.F.);
#92=ADVANCED_FACE('',(#579,#581),#583,.F.);
#93=ADVANCED_FACE('',(#588,#590),#592,.F.);
#94=ADVANCED_FACE('',(#597,#599),#601,.F.);
#95=ADVANCED_FACE('',(#606,#608),#610,.F.);
#96=ADVANCED_FACE('',(#615,#617),#619,.F.);
#97=ADVANCED_FACE('',(#624,#626),#628,.F.);
#98=ADVANCED_FACE('',(#633,#635),#637,.F.);
#99=ADVANCED_FACE('',(#642,#644),#646,.F.);
#100=ADVANCED_FACE('',(#651,#653),#655,.F.);
#101=ADVANCED_FACE('',(#660,#662),#664,.F.);
#102=ADVANCED_FACE('',(#669,#671),#673,.F.);
#103=ADVANCED_FACE('',(#678,#680),#682,.F.);
#104=ADVANCED_FACE('',(#687,#689),#691,.F.);
#105=ADVANCED_FACE('',(#696,#698),#700,.F.);
#106=ADVANCED_FACE('',(#705,#707),#709,.F.);
#107=ADVANCED_FACE('',(#714,#716),#718,.F.);
#108=ADVANCED_FACE('',(#723,#725),#727,.F.);
#109=ADVANCED_FACE('',(#732,#734),#736,.F.);
#110=ADVANCED_FACE('',(#741,#743),#745,.F.);
#111=ADVANCED_FACE('',(#750,#752),#754,.F.);
#112=ADVANCED_FACE('',(#759,#761),#763,.F.);
#113=ADVANCED_FACE('',(#768,#770),#772,.F.);
#114=ADVANCED_FACE('',(#777,#779),#781,.F.);
#115=ADVANCED_FACE('',(#786),#788,.T.);
#116=ADVANCED_FACE('',(#793),#795,.F.);
#117=ADVANCED_FACE('',(#800),#802,.T.);
#118=ADVANCED_FACE('',(#807),#809,.T.);
#119=ADVANCED_FACE('',(#814,#816,#818,#820,#822,#824,#826,#828,#830,#832,#834,#836,
#838,#840,#842,#844,#846,#848,#850,#852,#854,#856,#858,#860,#862,#864,#866,#868,
#870,#872,#874,#876,#878,#880,#882,#884,#886,#888,#890,#892,#894,#896,#898,#900,
#902,#904,#906,#908,#910,#912,#914,#916),#918,.F.);
#120=ADVANCED_FACE('',(#923),#925,.F.);
#121=ADVANCED_FACE('',(#930),#932,.F.);
#122=ADVANCED_FACE('',(#937),#939,.T.);
#123=ADVANCED_FACE('',(#944),#946,.F.);
#124=ADVANCED_FACE('',(#951),#953,.F.);
#125=ADVANCED_FACE('',(#958),#960,.F.);
#126=ADVANCED_FACE('',(#965),#967,.T.);
#127=ADVANCED_FACE('',(#972),#974,.F.);
#128=ADVANCED_FACE('',(#979),#981,.F.);
#129=ADVANCED_FACE('',(#986),#988,.F.);
#130=ADVANCED_FACE('',(#993),#995,.T.);
#131=ADVANCED_FACE('',(#1000),#1002,.F.);
#132=ADVANCED_FACE('',(#1007),#1009,.F.);
#133=ADVANCED_FACE('',(#1014),#1016,.F.);
#134=ADVANCED_FACE('',(#1021),#1023,.F.);
#135=ADVANCED_FACE('',(#1028),#1030,.T.);
#136=ADVANCED_FACE('',(#1035),#1037,.F.);
#137=ADVANCED_FACE('',(#1042),#1044,.F.);
#138=ADVANCED_FACE('',(#1049),#1051,.F.);
#139=ADVANCED_FACE('',(#1056),#1058,.T.);
#140=ADVANCED_FACE('',(#1063),#1065,.F.);
#141=ADVANCED_FACE('',(#1070),#1072,.F.);
#142=ADVANCED_FACE('',(#1077),#1079,.F.);
#143=ADVANCED_FACE('',(#1084),#1086,.T.);
#144=ADVANCED_FACE('',(#1091),#1093,.F.);
#145=ADVANCED_FACE('',(#1098),#1100,.F.);
#146=ADVANCED_FACE('',(#1105),#1107,.F.);
#147=ADVANCED_FACE('',(#1112),#1114,.T.);
#148=ADVANCED_FACE('',(#1119),#1121,.F.);
#149=ADVANCED_FACE('',(#1126),#1128,.F.);
#150=ADVANCED_FACE('',(#1133),#1135,.F.);
#151=ADVANCED_FACE('',(#1140),#1142,.T.);
#152=ADVANCED_FACE('',(#1147),#1149,.F.);
#153=ADVANCED_FACE('',(#1154),#1156,.F.);
#154=ADVANCED_FACE('',(#1161),#1163,.F.);
#155=ADVANCED_FACE('',(#1168),#1170,.T.);
#156=ADVANCED_FACE('',(#1175),#1177,.F.);
#157=ADVANCED_FACE('',(#1182),#1184,.F.);
#158=ADVANCED_FACE('',(#1189),#1191,.F.);
#159=ADVANCED_FACE('',(#1196),#1198,.T.);
#160=ADVANCED_FACE('',(#1203),#1205,.F.);
#161=ADVANCED_FACE('',(#1210),#1212,.F.);
#162=ADVANCED_FACE('',(#1217),#1219,.F.);
#163=ADVANCED_FACE('',(#1224),#1226,.T.);
#164=ADVANCED_FACE('',(#1231),#1233,.F.);
#165=ADVANCED_FACE('',(#1238),#1240,.F.);
#166=ADVANCED_FACE('',(#1245),#1247,.F.);
#167=ADVANCED_FACE('',(#1252),#1254,.T.);
#168=ADVANCED_FACE('',(#1259),#1261,.F.);
#169=ADVANCED_FACE('',(#1266),#1268,.F.);
#170=ADVANCED_FACE('',(#1273),#1275,.F.);
#171=ADVANCED_FACE('',(#1280),#1282,.T.);
#172=ADVANCED_FACE('',(#1287),#1289,.F.);
#173=ADVANCED_FACE('',(#1294),#1296,.F.);
#174=CARTESIAN_POINT('',(40.841,0.,0.));
#175=CARTESIAN_POINT('',(0.,0.,0.));
#176=FACE_BOUND('',#177,.T.);
#177=EDGE_LOOP('',(#1301,#1302));
#178=PLANE('',#179);
#179=AXIS2_PLACEMENT_3D('',#180,#181,#182);
#180=CARTESIAN_POINT('',(-20.,0.,1.22464679914735E-15));
#181=DIRECTION('',(-1.,0.,6.12323399573677E-17));
#182=DIRECTION('',(6.12323399573677E-17,-1.22464679914735E-16,1.));
#183=FACE_BOUND('',#184,.T.);
#184=EDGE_LOOP('',(#1303,#1304,#1305,#1306));
#185=PLANE('',#186);
#186=AXIS2_PLACEMENT_3D('',#187,#188,#189);
#187=CARTESIAN_POINT('',(-20.,0.,1.22464679914735E-15));
#188=DIRECTION('',(-1.,0.,6.12323399573677E-17));
#189=DIRECTION('',(6.12323399573677E-17,-1.22464679914735E-16,1.));
#190=FACE_BOUND('',#191,.T.);
#191=EDGE_LOOP('',(#1307,#1308,#1309,#1310,#1311,#1312,#1313,#1314,#1315,#1316,#1317,
#1318));
#192=FACE_BOUND('',#193,.T.);
#193=EDGE_LOOP('',(#1319));
#194=FACE_BOUND('',#195,.T.);
#195=EDGE_LOOP('',(#1320));
#196=FACE_BOUND('',#197,.T.);
#197=EDGE_LOOP('',(#1321));
#198=FACE_BOUND('',#199,.T.);
#199=EDGE_LOOP('',(#1322));
#200=FACE_BOUND('',#201,.T.);
#201=EDGE_LOOP('',(#1323));
#202=FACE_BOUND('',#203,.T.);
#203=EDGE_LOOP('',(#1324));
#204=FACE_BOUND('',#205,.T.);
#205=EDGE_LOOP('',(#1325));
#206=FACE_BOUND('',#207,.T.);
#207=EDGE_LOOP('',(#1326));
#208=FACE_BOUND('',#209,.T.);
#209=EDGE_LOOP('',(#1327));
#210=FACE_BOUND('',#211,.T.);
#211=EDGE_LOOP('',(#1328));
#212=FACE_BOUND('',#213,.T.);
#213=EDGE_LOOP('',(#1329));
#214=FACE_BOUND('',#215,.T.);
#215=EDGE_LOOP('',(#1330));
#216=FACE_BOUND('',#217,.T.);
#217=EDGE_LOOP('',(#1331));
#218=FACE_BOUND('',#219,.T.);
#219=EDGE_LOOP('',(#1332));
#220=FACE_BOUND('',#221,.T.);
#221=EDGE_LOOP('',(#1333));
#222=FACE_BOUND('',#223,.T.);
#223=EDGE_LOOP('',(#1334));
#224=FACE_BOUND('',#225,.T.);
#225=EDGE_LOOP('',(#1335));
#226=FACE_BOUND('',#227,.T.);
#227=EDGE_LOOP('',(#1336));
#228=FACE_BOUND('',#229,.T.);
#229=EDGE_LOOP('',(#1337));
#230=FACE_BOUND('',#231,.T.);
#231=EDGE_LOOP('',(#1338));
#232=FACE_BOUND('',#233,.T.);
#233=EDGE_LOOP('',(#1339));
#234=FACE_BOUND('',#235,.T.);
#235=EDGE_LOOP('',(#1340));
#236=FACE_BOUND('',#237,.T.);
#237=EDGE_LOOP('',(#1341));
#238=FACE_BOUND('',#239,.T.);
#239=EDGE_LOOP('',(#1342));
#240=FACE_BOUND('',#241,.T.);
#241=EDGE_LOOP('',(#1343));
#242=FACE_BOUND('',#243,.T.);
#243=EDGE_LOOP('',(#1344));
#244=FACE_BOUND('',#245,.T.);
#245=EDGE_LOOP('',(#1345));
#246=FACE_BOUND('',#247,.T.);
#247=EDGE_LOOP('',(#1346));
#248=FACE_BOUND('',#249,.T.);
#249=EDGE_LOOP('',(#1347));
#250=FACE_BOUND('',#251,.T.);
#251=EDGE_LOOP('',(#1348));
#252=FACE_BOUND('',#253,.T.);
#253=EDGE_LOOP('',(#1349));
#254=FACE_BOUND('',#255,.T.);
#255=EDGE_LOOP('',(#1350));
#256=FACE_BOUND('',#257,.T.);
#257=EDGE_LOOP('',(#1351));
#258=FACE_BOUND('',#259,.T.);
#259=EDGE_LOOP('',(#1352));
#260=FACE_BOUND('',#261,.T.);
#261=EDGE_LOOP('',(#1353));
#262=FACE_BOUND('',#263,.T.);
#263=EDGE_LOOP('',(#1354));
#264=FACE_BOUND('',#265,.T.);
#265=EDGE_LOOP('',(#1355));
#266=FACE_BOUND('',#267,.T.);
#267=EDGE_LOOP('',(#1356));
#268=FACE_BOUND('',#269,.T.);
#269=EDGE_LOOP('',(#1357));
#270=FACE_BOUND('',#271,.T.);
#271=EDGE_LOOP('',(#1358));
#272=FACE_BOUND('',#273,.T.);
#273=EDGE_LOOP('',(#1359));
#274=FACE_BOUND('',#275,.T.);
#275=EDGE_LOOP('',(#1360));
#276=FACE_BOUND('',#277,.T.);
#277=EDGE_LOOP('',(#1361));
#278=FACE_BOUND('',#279,.T.);
#279=EDGE_LOOP('',(#1362));
#280=FACE_BOUND('',#281,.T.);
#281=EDGE_LOOP('',(#1363));
#282=FACE_BOUND('',#283,.T.);
#283=EDGE_LOOP('',(#1364));
#284=FACE_BOUND('',#285,.T.);
#285=EDGE_LOOP('',(#1365));
#286=FACE_BOUND('',#287,.T.);
#287=EDGE_LOOP('',(#1366));
#288=FACE_BOUND('',#289,.T.);
#289=EDGE_LOOP('',(#1367));
#290=FACE_BOUND('',#291,.T.);
#291=EDGE_LOOP('',(#1368));
#292=FACE_BOUND('',#293,.T.);
#293=EDGE_LOOP('',(#1369,#1370,#1371,#1372));
#294=CYLINDRICAL_SURFACE('',#295,10.9);
#295=AXIS2_PLACEMENT_3D('',#296,#297,#298);
#296=CARTESIAN_POINT('',(41.841,-13.9,-2.5));
#297=DIRECTION('',(-1.,0.,6.12323399573676E-17));
#298=DIRECTION('',(-3.74939945665464E-33,1.,-6.12323399573677E-17));
#299=FACE_BOUND('',#300,.T.);
#300=EDGE_LOOP('',(#1373,#1374,#1375,#1376));
#301=PLANE('',#302);
#302=AXIS2_PLACEMENT_3D('',#303,#304,#305);
#303=CARTESIAN_POINT('',(-17.,2.18952885050753E-47,1.04094977927525E-15));
#304=DIRECTION('',(-1.,0.,6.12323399573677E-17));
#305=DIRECTION('',(-3.74939945665464E-33,1.,-6.12323399573677E-17));
#306=FACE_BOUND('',#307,.T.);
#307=EDGE_LOOP('',(#1377,#1378,#1379,#1380));
#308=PLANE('',#309);
#309=AXIS2_PLACEMENT_3D('',#310,#311,#312);
#310=CARTESIAN_POINT('',(-17.,-21.678174593052,7.39949493661167));
#311=DIRECTION('',(0.,0.707106781186548,0.707106781186548));
#312=DIRECTION('',(0.,0.707106781186548,-0.707106781186548));
#313=FACE_BOUND('',#314,.T.);
#314=EDGE_LOOP('',(#1381,#1382,#1383,#1384));
#315=PLANE('',#316);
#316=AXIS2_PLACEMENT_3D('',#317,#318,#319);
#317=CARTESIAN_POINT('',(-17.,-6.12182540694797,-12.3994949366117));
#318=DIRECTION('',(0.,-0.707106781186548,-0.707106781186548));
#319=DIRECTION('',(0.,-0.707106781186548,0.707106781186548));
#320=FACE_BOUND('',#321,.T.);
#321=EDGE_LOOP('',(#1385,#1386,#1387,#1388));
#322=PLANE('',#323);
#323=AXIS2_PLACEMENT_3D('',#324,#325,#326);
#324=CARTESIAN_POINT('',(-1.,-18.2370496884403,7.5));
#325=DIRECTION('',(-6.06306519011622E-17,-4.09577239600193E-16,-1.));
#326=DIRECTION('',(0.,1.,-4.09577239600193E-16));
#327=FACE_BOUND('',#328,.T.);
#328=EDGE_LOOP('',(#1389,#1390));
#329=FACE_BOUND('',#330,.T.);
#330=EDGE_LOOP('',(#1391));
#331=PLANE('',#332);
#332=AXIS2_PLACEMENT_3D('',#333,#334,#335);
#333=CARTESIAN_POINT('',(130.841,0.,-8.01170059236194E-15));
#334=DIRECTION('',(1.,0.,-6.12323399573677E-17));
#335=DIRECTION('',(3.74939945665464E-33,1.,6.12323399573677E-17));
#336=FACE_OUTER_BOUND('',#337,.T.);
#337=EDGE_LOOP('',(#1392));
#338=FACE_OUTER_BOUND('',#339,.T.);
#339=EDGE_LOOP('',(#1393));
#340=CYLINDRICAL_SURFACE('',#341,0.95);
#341=AXIS2_PLACEMENT_3D('',#342,#343,#344);
#342=CARTESIAN_POINT('',(128.737703771642,-6.9,-16.));
#343=DIRECTION('',(0.,0.,1.));
#344=DIRECTION('',(6.12323399573676E-17,1.,0.));
#345=FACE_OUTER_BOUND('',#346,.T.);
#346=EDGE_LOOP('',(#1394));
#347=FACE_OUTER_BOUND('',#348,.T.);
#348=EDGE_LOOP('',(#1395));
#349=CYLINDRICAL_SURFACE('',#350,0.95);
#350=AXIS2_PLACEMENT_3D('',#351,#352,#353);
#351=CARTESIAN_POINT('',(61.2377037716424,-20.9,-16.));
#352=DIRECTION('',(0.,0.,1.));
#353=DIRECTION('',(6.12323399573676E-17,1.,0.));
#354=FACE_OUTER_BOUND('',#355,.T.);
#355=EDGE_LOOP('',(#1396));
#356=FACE_OUTER_BOUND('',#357,.T.);
#357=EDGE_LOOP('',(#1397));
#358=CYLINDRICAL_SURFACE('',#359,0.95);
#359=AXIS2_PLACEMENT_3D('',#360,#361,#362);
#360=CARTESIAN_POINT('',(68.7377037716424,-20.9,-16.));
#361=DIRECTION('',(0.,0.,1.));
#362=DIRECTION('',(6.12323399573676E-17,1.,0.));
#363=FACE_OUTER_BOUND('',#364,.T.);
#364=EDGE_LOOP('',(#1398));
#365=FACE_OUTER_BOUND('',#366,.T.);
#366=EDGE_LOOP('',(#1399));
#367=CYLINDRICAL_SURFACE('',#368,0.95);
#368=AXIS2_PLACEMENT_3D('',#369,#370,#371);
#369=CARTESIAN_POINT('',(76.2377037716424,-20.9,-16.));
#370=DIRECTION('',(0.,0.,1.));
#371=DIRECTION('',(6.12323399573676E-17,1.,0.));
#372=FACE_OUTER_BOUND('',#373,.T.);
#373=EDGE_LOOP('',(#1400));
#374=FACE_OUTER_BOUND('',#375,.T.);
#375=EDGE_LOOP('',(#1401));
#376=CYLINDRICAL_SURFACE('',#377,0.95);
#377=AXIS2_PLACEMENT_3D('',#378,#379,#380);
#378=CARTESIAN_POINT('',(83.7377037716424,-20.9,-16.));
#379=DIRECTION('',(0.,0.,1.));
#380=DIRECTION('',(6.12323399573676E-17,1.,0.));
#381=FACE_OUTER_BOUND('',#382,.T.);
#382=EDGE_LOOP('',(#1402));
#383=FACE_OUTER_BOUND('',#384,.T.);
#384=EDGE_LOOP('',(#1403));
#385=CYLINDRICAL_SURFACE('',#386,0.95);
#386=AXIS2_PLACEMENT_3D('',#387,#388,#389);
#387=CARTESIAN_POINT('',(91.2377037716424,-20.9,-16.));
#388=DIRECTION('',(0.,0.,1.));
#389=DIRECTION('',(6.12323399573676E-17,1.,0.));
#390=FACE_OUTER_BOUND('',#391,.T.);
#391=EDGE_LOOP('',(#1404));
#392=FACE_OUTER_BOUND('',#393,.T.);
#393=EDGE_LOOP('',(#1405));
#394=CYLINDRICAL_SURFACE('',#395,0.95);
#395=AXIS2_PLACEMENT_3D('',#396,#397,#398);
#396=CARTESIAN_POINT('',(98.7377037716424,-20.9,-16.));
#397=DIRECTION('',(0.,0.,1.));
#398=DIRECTION('',(6.12323399573676E-17,1.,0.));
#399=FACE_OUTER_BOUND('',#400,.T.);
#400=EDGE_LOOP('',(#1406));
#401=FACE_OUTER_BOUND('',#402,.T.);
#402=EDGE_LOOP('',(#1407));
#403=CYLINDRICAL_SURFACE('',#404,0.95);
#404=AXIS2_PLACEMENT_3D('',#405,#406,#407);
#405=CARTESIAN_POINT('',(106.237703771642,-20.9,-16.));
#406=DIRECTION('',(0.,0.,1.));
#407=DIRECTION('',(6.12323399573676E-17,1.,0.));
#408=FACE_OUTER_BOUND('',#409,.T.);
#409=EDGE_LOOP('',(#1408));
#410=FACE_OUTER_BOUND('',#411,.T.);
#411=EDGE_LOOP('',(#1409));
#412=CYLINDRICAL_SURFACE('',#413,0.95);
#413=AXIS2_PLACEMENT_3D('',#414,#415,#416);
#414=CARTESIAN_POINT('',(113.737703771642,-20.9,-16.));
#415=DIRECTION('',(0.,0.,1.));
#416=DIRECTION('',(6.12323399573676E-17,1.,0.));
#417=FACE_OUTER_BOUND('',#418,.T.);
#418=EDGE_LOOP('',(#1410));
#419=FACE_OUTER_BOUND('',#420,.T.);
#420=EDGE_LOOP('',(#1411));
#421=CYLINDRICAL_SURFACE('',#422,0.95);
#422=AXIS2_PLACEMENT_3D('',#423,#424,#425);
#423=CARTESIAN_POINT('',(121.237703771642,-20.9,-16.));
#424=DIRECTION('',(0.,0.,1.));
#425=DIRECTION('',(6.12323399573676E-17,1.,0.));
#426=FACE_OUTER_BOUND('',#427,.T.);
#427=EDGE_LOOP('',(#1412));
#428=FACE_OUTER_BOUND('',#429,.T.);
#429=EDGE_LOOP('',(#1413));
#430=CYLINDRICAL_SURFACE('',#431,0.95);
#431=AXIS2_PLACEMENT_3D('',#432,#433,#434);
#432=CARTESIAN_POINT('',(128.737703771642,-20.9,-16.));
#433=DIRECTION('',(0.,0.,1.));
#434=DIRECTION('',(6.12323399573676E-17,1.,0.));
#435=FACE_OUTER_BOUND('',#436,.T.);
#436=EDGE_LOOP('',(#1414));
#437=FACE_OUTER_BOUND('',#438,.T.);
#438=EDGE_LOOP('',(#1415));
#439=CYLINDRICAL_SURFACE('',#440,0.95);
#440=AXIS2_PLACEMENT_3D('',#441,#442,#443);
#441=CARTESIAN_POINT('',(61.2377037716424,-17.4,-16.));
#442=DIRECTION('',(0.,0.,1.));
#443=DIRECTION('',(6.12323399573676E-17,1.,0.));
#444=FACE_OUTER_BOUND('',#445,.T.);
#445=EDGE_LOOP('',(#1416));
#446=FACE_OUTER_BOUND('',#447,.T.);
#447=EDGE_LOOP('',(#1417));
#448=CYLINDRICAL_SURFACE('',#449,0.95);
#449=AXIS2_PLACEMENT_3D('',#450,#451,#452);
#450=CARTESIAN_POINT('',(68.7377037716424,-17.4,-16.));
#451=DIRECTION('',(0.,0.,1.));
#452=DIRECTION('',(6.12323399573676E-17,1.,0.));
#453=FACE_OUTER_BOUND('',#454,.T.);
#454=EDGE_LOOP('',(#1418));
#455=FACE_OUTER_BOUND('',#456,.T.);
#456=EDGE_LOOP('',(#1419));
#457=CYLINDRICAL_SURFACE('',#458,0.95);
#458=AXIS2_PLACEMENT_3D('',#459,#460,#461);
#459=CARTESIAN_POINT('',(76.2377037716424,-17.4,-16.));
#460=DIRECTION('',(0.,0.,1.));
#461=DIRECTION('',(6.12323399573676E-17,1.,0.));
#462=FACE_OUTER_BOUND('',#463,.T.);
#463=EDGE_LOOP('',(#1420));
#464=FACE_OUTER_BOUND('',#465,.T.);
#465=EDGE_LOOP('',(#1421));
#466=CYLINDRICAL_SURFACE('',#467,0.95);
#467=AXIS2_PLACEMENT_3D('',#468,#469,#470);
#468=CARTESIAN_POINT('',(83.7377037716424,-17.4,-16.));
#469=DIRECTION('',(0.,0.,1.));
#470=DIRECTION('',(6.12323399573676E-17,1.,0.));
#471=FACE_OUTER_BOUND('',#472,.T.);
#472=EDGE_LOOP('',(#1422));
#473=FACE_OUTER_BOUND('',#474,.T.);
#474=EDGE_LOOP('',(#1423));
#475=CYLINDRICAL_SURFACE('',#476,0.95);
#476=AXIS2_PLACEMENT_3D('',#477,#478,#479);
#477=CARTESIAN_POINT('',(91.2377037716424,-17.4,-16.));
#478=DIRECTION('',(0.,0.,1.));
#479=DIRECTION('',(6.12323399573676E-17,1.,0.));
#480=FACE_OUTER_BOUND('',#481,.T.);
#481=EDGE_LOOP('',(#1424));
#482=FACE_OUTER_BOUND('',#483,.T.);
#483=EDGE_LOOP('',(#1425));
#484=CYLINDRICAL_SURFACE('',#485,0.95);
#485=AXIS2_PLACEMENT_3D('',#486,#487,#488);
#486=CARTESIAN_POINT('',(98.7377037716424,-17.4,-16.));
#487=DIRECTION('',(0.,0.,1.));
#488=DIRECTION('',(6.12323399573676E-17,1.,0.));
#489=FACE_OUTER_BOUND('',#490,.T.);
#490=EDGE_LOOP('',(#1426));
#491=FACE_OUTER_BOUND('',#492,.T.);
#492=EDGE_LOOP('',(#1427));
#493=CYLINDRICAL_SURFACE('',#494,0.95);
#494=AXIS2_PLACEMENT_3D('',#495,#496,#497);
#495=CARTESIAN_POINT('',(106.237703771642,-17.4,-16.));
#496=DIRECTION('',(0.,0.,1.));
#497=DIRECTION('',(6.12323399573676E-17,1.,0.));
#498=FACE_OUTER_BOUND('',#499,.T.);
#499=EDGE_LOOP('',(#1428));
#500=FACE_OUTER_BOUND('',#501,.T.);
#501=EDGE_LOOP('',(#1429));
#502=CYLINDRICAL_SURFACE('',#503,0.95);
#503=AXIS2_PLACEMENT_3D('',#504,#505,#506);
#504=CARTESIAN_POINT('',(113.737703771642,-17.4,-16.));
#505=DIRECTION('',(0.,0.,1.));
#506=DIRECTION('',(6.12323399573676E-17,1.,0.));
#507=FACE_OUTER_BOUND('',#508,.T.);
#508=EDGE_LOOP('',(#1430));
#509=FACE_OUTER_BOUND('',#510,.T.);
#510=EDGE_LOOP('',(#1431));
#511=CYLINDRICAL_SURFACE('',#512,0.95);
#512=AXIS2_PLACEMENT_3D('',#513,#514,#515);
#513=CARTESIAN_POINT('',(121.237703771642,-17.4,-16.));
#514=DIRECTION('',(0.,0.,1.));
#515=DIRECTION('',(6.12323399573676E-17,1.,0.));
#516=FACE_OUTER_BOUND('',#517,.T.);
#517=EDGE_LOOP('',(#1432));
#518=FACE_OUTER_BOUND('',#519,.T.);
#519=EDGE_LOOP('',(#1433));
#520=CYLINDRICAL_SURFACE('',#521,0.95);
#521=AXIS2_PLACEMENT_3D('',#522,#523,#524);
#522=CARTESIAN_POINT('',(128.737703771642,-17.4,-16.));
#523=DIRECTION('',(0.,0.,1.));
#524=DIRECTION('',(6.12323399573676E-17,1.,0.));
#525=FACE_OUTER_BOUND('',#526,.T.);
#526=EDGE_LOOP('',(#1434));
#527=FACE_OUTER_BOUND('',#528,.T.);
#528=EDGE_LOOP('',(#1435));
#529=CYLINDRICAL_SURFACE('',#530,0.95);
#530=AXIS2_PLACEMENT_3D('',#531,#532,#533);
#531=CARTESIAN_POINT('',(61.2377037716424,-13.9,-16.));
#532=DIRECTION('',(0.,0.,1.));
#533=DIRECTION('',(6.12323399573676E-17,1.,0.));
#534=FACE_OUTER_BOUND('',#535,.T.);
#535=EDGE_LOOP('',(#1436));
#536=FACE_OUTER_BOUND('',#537,.T.);
#537=EDGE_LOOP('',(#1437));
#538=CYLINDRICAL_SURFACE('',#539,0.95);
#539=AXIS2_PLACEMENT_3D('',#540,#541,#542);
#540=CARTESIAN_POINT('',(68.7377037716424,-13.9,-16.));
#541=DIRECTION('',(0.,0.,1.));
#542=DIRECTION('',(6.12323399573676E-17,1.,0.));
#543=FACE_OUTER_BOUND('',#544,.T.);
#544=EDGE_LOOP('',(#1438));
#545=FACE_OUTER_BOUND('',#546,.T.);
#546=EDGE_LOOP('',(#1439));
#547=CYLINDRICAL_SURFACE('',#548,0.95);
#548=AXIS2_PLACEMENT_3D('',#549,#550,#551);
#549=CARTESIAN_POINT('',(76.2377037716424,-13.9,-16.));
#550=DIRECTION('',(0.,0.,1.));
#551=DIRECTION('',(6.12323399573676E-17,1.,0.));
#552=FACE_OUTER_BOUND('',#553,.T.);
#553=EDGE_LOOP('',(#1440));
#554=FACE_OUTER_BOUND('',#555,.T.);
#555=EDGE_LOOP('',(#1441));
#556=CYLINDRICAL_SURFACE('',#557,0.95);
#557=AXIS2_PLACEMENT_3D('',#558,#559,#560);
#558=CARTESIAN_POINT('',(83.7377037716424,-13.9,-16.));
#559=DIRECTION('',(0.,0.,1.));
#560=DIRECTION('',(6.12323399573676E-17,1.,0.));
#561=FACE_OUTER_BOUND('',#562,.T.);
#562=EDGE_LOOP('',(#1442));
#563=FACE_OUTER_BOUND('',#564,.T.);
#564=EDGE_LOOP('',(#1443));
#565=CYLINDRICAL_SURFACE('',#566,0.95);
#566=AXIS2_PLACEMENT_3D('',#567,#568,#569);
#567=CARTESIAN_POINT('',(91.2377037716424,-13.9,-16.));
#568=DIRECTION('',(0.,0.,1.));
#569=DIRECTION('',(6.12323399573676E-17,1.,0.));
#570=FACE_OUTER_BOUND('',#571,.T.);
#571=EDGE_LOOP('',(#1444));
#572=FACE_OUTER_BOUND('',#573,.T.);
#573=EDGE_LOOP('',(#1445));
#574=CYLINDRICAL_SURFACE('',#575,0.95);
#575=AXIS2_PLACEMENT_3D('',#576,#577,#578);
#576=CARTESIAN_POINT('',(98.7377037716424,-13.9,-16.));
#577=DIRECTION('',(0.,0.,1.));
#578=DIRECTION('',(6.12323399573676E-17,1.,0.));
#579=FACE_OUTER_BOUND('',#580,.T.);
#580=EDGE_LOOP('',(#1446));
#581=FACE_OUTER_BOUND('',#582,.T.);
#582=EDGE_LOOP('',(#1447));
#583=CYLINDRICAL_SURFACE('',#584,0.95);
#584=AXIS2_PLACEMENT_3D('',#585,#586,#587);
#585=CARTESIAN_POINT('',(106.237703771642,-13.9,-16.));
#586=DIRECTION('',(0.,0.,1.));
#587=DIRECTION('',(6.12323399573676E-17,1.,0.));
#588=FACE_OUTER_BOUND('',#589,.T.);
#589=EDGE_LOOP('',(#1448));
#590=FACE_OUTER_BOUND('',#591,.T.);
#591=EDGE_LOOP('',(#1449));
#592=CYLINDRICAL_SURFACE('',#593,0.95);
#593=AXIS2_PLACEMENT_3D('',#594,#595,#596);
#594=CARTESIAN_POINT('',(113.737703771642,-13.9,-16.));
#595=DIRECTION('',(0.,0.,1.));
#596=DIRECTION('',(6.12323399573676E-17,1.,0.));
#597=FACE_OUTER_BOUND('',#598,.T.);
#598=EDGE_LOOP('',(#1450));
#599=FACE_OUTER_BOUND('',#600,.T.);
#600=EDGE_LOOP('',(#1451));
#601=CYLINDRICAL_SURFACE('',#602,0.95);
#602=AXIS2_PLACEMENT_3D('',#603,#604,#605);
#603=CARTESIAN_POINT('',(121.237703771642,-13.9,-16.));
#604=DIRECTION('',(0.,0.,1.));
#605=DIRECTION('',(6.12323399573676E-17,1.,0.));
#606=FACE_OUTER_BOUND('',#607,.T.);
#607=EDGE_LOOP('',(#1452));
#608=FACE_OUTER_BOUND('',#609,.T.);
#609=EDGE_LOOP('',(#1453));
#610=CYLINDRICAL_SURFACE('',#611,0.95);
#611=AXIS2_PLACEMENT_3D('',#612,#613,#614);
#612=CARTESIAN_POINT('',(128.737703771642,-13.9,-16.));
#613=DIRECTION('',(0.,0.,1.));
#614=DIRECTION('',(6.12323399573676E-17,1.,0.));
#615=FACE_OUTER_BOUND('',#616,.T.);
#616=EDGE_LOOP('',(#1454));
#617=FACE_OUTER_BOUND('',#618,.T.);
#618=EDGE_LOOP('',(#1455));
#619=CYLINDRICAL_SURFACE('',#620,0.95);
#620=AXIS2_PLACEMENT_3D('',#621,#622,#623);
#621=CARTESIAN_POINT('',(61.2377037716424,-10.4,-16.));
#622=DIRECTION('',(0.,0.,1.));
#623=DIRECTION('',(6.12323399573676E-17,1.,0.));
#624=FACE_OUTER_BOUND('',#625,.T.);
#625=EDGE_LOOP('',(#1456));
#626=FACE_OUTER_BOUND('',#627,.T.);
#627=EDGE_LOOP('',(#1457));
#628=CYLINDRICAL_SURFACE('',#629,0.95);
#629=AXIS2_PLACEMENT_3D('',#630,#631,#632);
#630=CARTESIAN_POINT('',(68.7377037716424,-10.4,-16.));
#631=DIRECTION('',(0.,0.,1.));
#632=DIRECTION('',(6.12323399573676E-17,1.,0.));
#633=FACE_OUTER_BOUND('',#634,.T.);
#634=EDGE_LOOP('',(#1458));
#635=FACE_OUTER_BOUND('',#636,.T.);
#636=EDGE_LOOP('',(#1459));
#637=CYLINDRICAL_SURFACE('',#638,0.95);
#638=AXIS2_PLACEMENT_3D('',#639,#640,#641);
#639=CARTESIAN_POINT('',(76.2377037716424,-10.4,-16.));
#640=DIRECTION('',(0.,0.,1.));
#641=DIRECTION('',(6.12323399573676E-17,1.,0.));
#642=FACE_OUTER_BOUND('',#643,.T.);
#643=EDGE_LOOP('',(#1460));
#644=FACE_OUTER_BOUND('',#645,.T.);
#645=EDGE_LOOP('',(#1461));
#646=CYLINDRICAL_SURFACE('',#647,0.95);
#647=AXIS2_PLACEMENT_3D('',#648,#649,#650);
#648=CARTESIAN_POINT('',(83.7377037716424,-10.4,-16.));
#649=DIRECTION('',(0.,0.,1.));
#650=DIRECTION('',(6.12323399573676E-17,1.,0.));
#651=FACE_OUTER_BOUND('',#652,.T.);
#652=EDGE_LOOP('',(#1462));
#653=FACE_OUTER_BOUND('',#654,.T.);
#654=EDGE_LOOP('',(#1463));
#655=CYLINDRICAL_SURFACE('',#656,0.95);
#656=AXIS2_PLACEMENT_3D('',#657,#658,#659);
#657=CARTESIAN_POINT('',(91.2377037716424,-10.4,-16.));
#658=DIRECTION('',(0.,0.,1.));
#659=DIRECTION('',(6.12323399573676E-17,1.,0.));
#660=FACE_OUTER_BOUND('',#661,.T.);
#661=EDGE_LOOP('',(#1464));
#662=FACE_OUTER_BOUND('',#663,.T.);
#663=EDGE_LOOP('',(#1465));
#664=CYLINDRICAL_SURFACE('',#665,0.95);
#665=AXIS2_PLACEMENT_3D('',#666,#667,#668);
#666=CARTESIAN_POINT('',(98.7377037716424,-10.4,-16.));
#667=DIRECTION('',(0.,0.,1.));
#668=DIRECTION('',(6.12323399573676E-17,1.,0.));
#669=FACE_OUTER_BOUND('',#670,.T.);
#670=EDGE_LOOP('',(#1466));
#671=FACE_OUTER_BOUND('',#672,.T.);
#672=EDGE_LOOP('',(#1467));
#673=CYLINDRICAL_SURFACE('',#674,0.95);
#674=AXIS2_PLACEMENT_3D('',#675,#676,#677);
#675=CARTESIAN_POINT('',(106.237703771642,-10.4,-16.));
#676=DIRECTION('',(0.,0.,1.));
#677=DIRECTION('',(6.12323399573676E-17,1.,0.));
#678=FACE_OUTER_BOUND('',#679,.T.);
#679=EDGE_LOOP('',(#1468));
#680=FACE_OUTER_BOUND('',#681,.T.);
#681=EDGE_LOOP('',(#1469));
#682=CYLINDRICAL_SURFACE('',#683,0.95);
#683=AXIS2_PLACEMENT_3D('',#684,#685,#686);
#684=CARTESIAN_POINT('',(113.737703771642,-10.4,-16.));
#685=DIRECTION('',(0.,0.,1.));
#686=DIRECTION('',(6.12323399573676E-17,1.,0.));
#687=FACE_OUTER_BOUND('',#688,.T.);
#688=EDGE_LOOP('',(#1470));
#689=FACE_OUTER_BOUND('',#690,.T.);
#690=EDGE_LOOP('',(#1471));
#691=CYLINDRICAL_SURFACE('',#692,0.95);
#692=AXIS2_PLACEMENT_3D('',#693,#694,#695);
#693=CARTESIAN_POINT('',(121.237703771642,-10.4,-16.));
#694=DIRECTION('',(0.,0.,1.));
#695=DIRECTION('',(6.12323399573676E-17,1.,0.));
#696=FACE_OUTER_BOUND('',#697,.T.);
#697=EDGE_LOOP('',(#1472));
#698=FACE_OUTER_BOUND('',#699,.T.);
#699=EDGE_LOOP('',(#1473));
#700=CYLINDRICAL_SURFACE('',#701,0.95);
#701=AXIS2_PLACEMENT_3D('',#702,#703,#704);
#702=CARTESIAN_POINT('',(128.737703771642,-10.4,-16.));
#703=DIRECTION('',(0.,0.,1.));
#704=DIRECTION('',(6.12323399573676E-17,1.,0.));
#705=FACE_OUTER_BOUND('',#706,.T.);
#706=EDGE_LOOP('',(#1474));
#707=FACE_OUTER_BOUND('',#708,.T.);
#708=EDGE_LOOP('',(#1475));
#709=CYLINDRICAL_SURFACE('',#710,0.95);
#710=AXIS2_PLACEMENT_3D('',#711,#712,#713);
#711=CARTESIAN_POINT('',(61.2377037716424,-6.9,-16.));
#712=DIRECTION('',(0.,0.,1.));
#713=DIRECTION('',(6.12323399573676E-17,1.,0.));
#714=FACE_OUTER_BOUND('',#715,.T.);
#715=EDGE_LOOP('',(#1476));
#716=FACE_OUTER_BOUND('',#717,.T.);
#717=EDGE_LOOP('',(#1477));
#718=CYLINDRICAL_SURFACE('',#719,0.95);
#719=AXIS2_PLACEMENT_3D('',#720,#721,#722);
#720=CARTESIAN_POINT('',(68.7377037716424,-6.9,-16.));
#721=DIRECTION('',(0.,0.,1.));
#722=DIRECTION('',(6.12323399573676E-17,1.,0.));
#723=FACE_OUTER_BOUND('',#724,.T.);
#724=EDGE_LOOP('',(#1478));
#725=FACE_OUTER_BOUND('',#726,.T.);
#726=EDGE_LOOP('',(#1479));
#727=CYLINDRICAL_SURFACE('',#728,0.95);
#728=AXIS2_PLACEMENT_3D('',#729,#730,#731);
#729=CARTESIAN_POINT('',(76.2377037716424,-6.9,-16.));
#730=DIRECTION('',(0.,0.,1.));
#731=DIRECTION('',(6.12323399573676E-17,1.,0.));
#732=FACE_OUTER_BOUND('',#733,.T.);
#733=EDGE_LOOP('',(#1480));
#734=FACE_OUTER_BOUND('',#735,.T.);
#735=EDGE_LOOP('',(#1481));
#736=CYLINDRICAL_SURFACE('',#737,0.95);
#737=AXIS2_PLACEMENT_3D('',#738,#739,#740);
#738=CARTESIAN_POINT('',(83.7377037716424,-6.9,-16.));
#739=DIRECTION('',(0.,0.,1.));
#740=DIRECTION('',(6.12323399573676E-17,1.,0.));
#741=FACE_OUTER_BOUND('',#742,.T.);
#742=EDGE_LOOP('',(#1482));
#743=FACE_OUTER_BOUND('',#744,.T.);
#744=EDGE_LOOP('',(#1483));
#745=CYLINDRICAL_SURFACE('',#746,0.95);
#746=AXIS2_PLACEMENT_3D('',#747,#748,#749);
#747=CARTESIAN_POINT('',(91.2377037716424,-6.9,-16.));
#748=DIRECTION('',(0.,0.,1.));
#749=DIRECTION('',(6.12323399573676E-17,1.,0.));
#750=FACE_OUTER_BOUND('',#751,.T.);
#751=EDGE_LOOP('',(#1484));
#752=FACE_OUTER_BOUND('',#753,.T.);
#753=EDGE_LOOP('',(#1485));
#754=CYLINDRICAL_SURFACE('',#755,0.95);
#755=AXIS2_PLACEMENT_3D('',#756,#757,#758);
#756=CARTESIAN_POINT('',(98.7377037716424,-6.9,-16.));
#757=DIRECTION('',(0.,0.,1.));
#758=DIRECTION('',(6.12323399573676E-17,1.,0.));
#759=FACE_OUTER_BOUND('',#760,.T.);
#760=EDGE_LOOP('',(#1486));
#761=FACE_OUTER_BOUND('',#762,.T.);
#762=EDGE_LOOP('',(#1487));
#763=CYLINDRICAL_SURFACE('',#764,0.95);
#764=AXIS2_PLACEMENT_3D('',#765,#766,#767);
#765=CARTESIAN_POINT('',(106.237703771642,-6.9,-16.));
#766=DIRECTION('',(0.,0.,1.));
#767=DIRECTION('',(6.12323399573676E-17,1.,0.));
#768=FACE_OUTER_BOUND('',#769,.T.);
#769=EDGE_LOOP('',(#1488));
#770=FACE_OUTER_BOUND('',#771,.T.);
#771=EDGE_LOOP('',(#1489));
#772=CYLINDRICAL_SURFACE('',#773,0.95);
#773=AXIS2_PLACEMENT_3D('',#774,#775,#776);
#774=CARTESIAN_POINT('',(113.737703771642,-6.9,-16.));
#775=DIRECTION('',(0.,0.,1.));
#776=DIRECTION('',(6.12323399573676E-17,1.,0.));
#777=FACE_OUTER_BOUND('',#778,.T.);
#778=EDGE_LOOP('',(#1490));
#779=FACE_OUTER_BOUND('',#780,.T.);
#780=EDGE_LOOP('',(#1491));
#781=CYLINDRICAL_SURFACE('',#782,0.95);
#782=AXIS2_PLACEMENT_3D('',#783,#784,#785);
#783=CARTESIAN_POINT('',(121.237703771642,-6.9,-16.));
#784=DIRECTION('',(0.,0.,1.));
#785=DIRECTION('',(6.12323399573676E-17,1.,0.));
#786=FACE_BOUND('',#787,.T.);
#787=EDGE_LOOP('',(#1492,#1493,#1494,#1495,#1496,#1497,#1498,#1499,#1500,#1501,#1502,
#1503,#1504,#1505,#1506,#1507,#1508,#1509,#1510,#1511,#1512,#1513,#1514,#1515,#1516,
#1517,#1518,#1519,#1520,#1521,#1522,#1523,#1524,#1525,#1526,#1527,#1528,#1529,#1530,
#1531,#1532,#1533,#1534,#1535,#1536,#1537,#1538,#1539,#1540,#1541,#1542,#1543,#1544,
#1545,#1546,#1547));
#788=PLANE('',#789);
#789=AXIS2_PLACEMENT_3D('',#790,#791,#792);
#790=CARTESIAN_POINT('',(9.75528720716725,1.15,-5.5));
#791=DIRECTION('',(-6.25232721196313E-17,-4.93432455388959E-17,-1.));
#792=DIRECTION('',(-1.,0.,6.25232721196313E-17));
#793=FACE_BOUND('',#794,.T.);
#794=EDGE_LOOP('',(#1548,#1549,#1550,#1551));
#795=PLANE('',#796);
#796=AXIS2_PLACEMENT_3D('',#797,#798,#799);
#797=CARTESIAN_POINT('',(40.841,0.,-2.50078999619885E-15));
#798=DIRECTION('',(-1.,0.,6.12323399573677E-17));
#799=DIRECTION('',(-6.12323399573677E-17,0.,-1.));
#800=FACE_BOUND('',#801,.T.);
#801=EDGE_LOOP('',(#1552,#1553,#1554,#1555,#1556,#1557,#1558,#1559,#1560,#1561,#1562,
#1563,#1564,#1565,#1566,#1567,#1568,#1569,#1570,#1571,#1572,#1573,#1574,#1575,#1576,
#1577,#1578,#1579,#1580,#1581,#1582,#1583,#1584,#1585,#1586,#1587,#1588,#1589,#1590,
#1591,#1592,#1593,#1594,#1595,#1596,#1597,#1598,#1599,#1600,#1601,#1602,#1603,#1604,
#1605,#1606,#1607));
#802=PLANE('',#803);
#803=AXIS2_PLACEMENT_3D('',#804,#805,#806);
#804=CARTESIAN_POINT('',(40.841,-3.4,0.499999999999998));
#805=DIRECTION('',(6.11640705518132E-17,0.,1.));
#806=DIRECTION('',(0.,1.,0.));
#807=FACE_BOUND('',#808,.T.);
#808=EDGE_LOOP('',(#1608,#1609,#1610,#1611));
#809=PLANE('',#810);
#810=AXIS2_PLACEMENT_3D('',#811,#812,#813);
#811=CARTESIAN_POINT('',(0.,0.,0.));
#812=DIRECTION('',(-1.,0.,6.12323399573677E-17));
#813=DIRECTION('',(-6.12323399573677E-17,0.,-1.));
#814=FACE_OUTER_BOUND('',#815,.T.);
#815=EDGE_LOOP('',(#1612));
#816=FACE_OUTER_BOUND('',#817,.T.);
#817=EDGE_LOOP('',(#1613));
#818=FACE_BOUND('',#819,.T.);
#819=EDGE_LOOP('',(#1614));
#820=FACE_BOUND('',#821,.T.);
#821=EDGE_LOOP('',(#1615));
#822=FACE_BOUND('',#823,.T.);
#823=EDGE_LOOP('',(#1616));
#824=FACE_BOUND('',#825,.T.);
#825=EDGE_LOOP('',(#1617));
#826=FACE_BOUND('',#827,.T.);
#827=EDGE_LOOP('',(#1618));
#828=FACE_BOUND('',#829,.T.);
#829=EDGE_LOOP('',(#1619));
#830=FACE_BOUND('',#831,.T.);
#831=EDGE_LOOP('',(#1620));
#832=FACE_BOUND('',#833,.T.);
#833=EDGE_LOOP('',(#1621));
#834=FACE_BOUND('',#835,.T.);
#835=EDGE_LOOP('',(#1622));
#836=FACE_BOUND('',#837,.T.);
#837=EDGE_LOOP('',(#1623));
#838=FACE_BOUND('',#839,.T.);
#839=EDGE_LOOP('',(#1624));
#840=FACE_BOUND('',#841,.T.);
#841=EDGE_LOOP('',(#1625));
#842=FACE_BOUND('',#843,.T.);
#843=EDGE_LOOP('',(#1626));
#844=FACE_BOUND('',#845,.T.);
#845=EDGE_LOOP('',(#1627));
#846=FACE_BOUND('',#847,.T.);
#847=EDGE_LOOP('',(#1628));
#848=FACE_BOUND('',#849,.T.);
#849=EDGE_LOOP('',(#1629));
#850=FACE_BOUND('',#851,.T.);
#851=EDGE_LOOP('',(#1630));
#852=FACE_BOUND('',#853,.T.);
#853=EDGE_LOOP('',(#1631));
#854=FACE_BOUND('',#855,.T.);
#855=EDGE_LOOP('',(#1632));
#856=FACE_BOUND('',#857,.T.);
#857=EDGE_LOOP('',(#1633));
#858=FACE_BOUND('',#859,.T.);
#859=EDGE_LOOP('',(#1634));
#860=FACE_BOUND('',#861,.T.);
#861=EDGE_LOOP('',(#1635));
#862=FACE_BOUND('',#863,.T.);
#863=EDGE_LOOP('',(#1636));
#864=FACE_BOUND('',#865,.T.);
#865=EDGE_LOOP('',(#1637));
#866=FACE_BOUND('',#867,.T.);
#867=EDGE_LOOP('',(#1638));
#868=FACE_BOUND('',#869,.T.);
#869=EDGE_LOOP('',(#1639));
#870=FACE_BOUND('',#871,.T.);
#871=EDGE_LOOP('',(#1640));
#872=FACE_BOUND('',#873,.T.);
#873=EDGE_LOOP('',(#1641));
#874=FACE_BOUND('',#875,.T.);
#875=EDGE_LOOP('',(#1642));
#876=FACE_BOUND('',#877,.T.);
#877=EDGE_LOOP('',(#1643));
#878=FACE_BOUND('',#879,.T.);
#879=EDGE_LOOP('',(#1644));
#880=FACE_BOUND('',#881,.T.);
#881=EDGE_LOOP('',(#1645));
#882=FACE_BOUND('',#883,.T.);
#883=EDGE_LOOP('',(#1646));
#884=FACE_BOUND('',#885,.T.);
#885=EDGE_LOOP('',(#1647));
#886=FACE_BOUND('',#887,.T.);
#887=EDGE_LOOP('',(#1648));
#888=FACE_BOUND('',#889,.T.);
#889=EDGE_LOOP('',(#1649));
#890=FACE_BOUND('',#891,.T.);
#891=EDGE_LOOP('',(#1650));
#892=FACE_BOUND('',#893,.T.);
#893=EDGE_LOOP('',(#1651));
#894=FACE_BOUND('',#895,.T.);
#895=EDGE_LOOP('',(#1652));
#896=FACE_BOUND('',#897,.T.);
#897=EDGE_LOOP('',(#1653));
#898=FACE_BOUND('',#899,.T.);
#899=EDGE_LOOP('',(#1654));
#900=FACE_BOUND('',#901,.T.);
#901=EDGE_LOOP('',(#1655));
#902=FACE_BOUND('',#903,.T.);
#903=EDGE_LOOP('',(#1656));
#904=FACE_BOUND('',#905,.T.);
#905=EDGE_LOOP('',(#1657));
#906=FACE_BOUND('',#907,.T.);
#907=EDGE_LOOP('',(#1658));
#908=FACE_BOUND('',#909,.T.);
#909=EDGE_LOOP('',(#1659));
#910=FACE_BOUND('',#911,.T.);
#911=EDGE_LOOP('',(#1660));
#912=FACE_BOUND('',#913,.T.);
#913=EDGE_LOOP('',(#1661));
#914=FACE_BOUND('',#915,.T.);
#915=EDGE_LOOP('',(#1662));
#916=FACE_BOUND('',#917,.T.);
#917=EDGE_LOOP('',(#1663));
#918=CYLINDRICAL_SURFACE('',#919,9.);
#919=AXIS2_PLACEMENT_3D('',#920,#921,#922);
#920=CARTESIAN_POINT('',(41.841,-13.9,-2.5));
#921=DIRECTION('',(-1.,0.,6.12323399573676E-17));
#922=DIRECTION('',(-3.74939945665464E-33,1.,-6.12323399573677E-17));
#923=FACE_BOUND('',#924,.T.);
#924=EDGE_LOOP('',(#1664,#1665,#1666,#1667));
#925=PLANE('',#926);
#926=AXIS2_PLACEMENT_3D('',#927,#928,#929);
#927=CARTESIAN_POINT('',(31.0857127928328,1.15,-0.5));
#928=DIRECTION('',(0.,-1.,0.));
#929=DIRECTION('',(1.,0.,0.));
#930=FACE_BOUND('',#931,.T.);
#931=EDGE_LOOP('',(#1668,#1669,#1670,#1671));
#932=PLANE('',#933);
#933=AXIS2_PLACEMENT_3D('',#934,#935,#936);
#934=CARTESIAN_POINT('',(31.7465948994749,1.15,-0.5));
#935=DIRECTION('',(0.939692620785909,-0.342020143325667,0.));
#936=DIRECTION('',(0.342020143325667,0.939692620785909,0.));
#937=FACE_BOUND('',#938,.T.);
#938=EDGE_LOOP('',(#1672,#1673,#1674,#1675));
#939=PLANE('',#940);
#940=AXIS2_PLACEMENT_3D('',#941,#942,#943);
#941=CARTESIAN_POINT('',(40.841,3.4,0.499999999999998));
#942=DIRECTION('',(0.,1.,0.));
#943=DIRECTION('',(0.,0.,-1.));
#944=FACE_BOUND('',#945,.T.);
#945=EDGE_LOOP('',(#1676,#1677,#1678,#1679));
#946=PLANE('',#947);
#947=AXIS2_PLACEMENT_3D('',#948,#949,#950);
#948=CARTESIAN_POINT('',(33.4083951503492,3.4,-0.5));
#949=DIRECTION('',(-0.939692620785909,-0.342020143325667,0.));
#950=DIRECTION('',(0.342020143325667,-0.939692620785909,0.));
#951=FACE_BOUND('',#952,.T.);
#952=EDGE_LOOP('',(#1680,#1681,#1682,#1683));
#953=PLANE('',#954);
#954=AXIS2_PLACEMENT_3D('',#955,#956,#957);
#955=CARTESIAN_POINT('',(34.2273281774481,1.15,-0.5));
#956=DIRECTION('',(0.,-1.,0.));
#957=DIRECTION('',(1.,0.,0.));
#958=FACE_BOUND('',#959,.T.);
#959=EDGE_LOOP('',(#1684,#1685,#1686,#1687));
#960=PLANE('',#961);
#961=AXIS2_PLACEMENT_3D('',#962,#963,#964);
#962=CARTESIAN_POINT('',(34.8882102840903,1.15,-0.5));
#963=DIRECTION('',(0.939692620785909,-0.342020143325667,0.));
#964=DIRECTION('',(0.342020143325667,0.939692620785909,0.));
#965=FACE_BOUND('',#966,.T.);
#966=EDGE_LOOP('',(#1688,#1689,#1690,#1691));
#967=PLANE('',#968);
#968=AXIS2_PLACEMENT_3D('',#969,#970,#971);
#969=CARTESIAN_POINT('',(40.841,3.4,0.499999999999998));
#970=DIRECTION('',(0.,1.,0.));
#971=DIRECTION('',(0.,0.,-1.));
#972=FACE_BOUND('',#973,.T.);
#973=EDGE_LOOP('',(#1692,#1693,#1694,#1695));
#974=PLANE('',#975);
#975=AXIS2_PLACEMENT_3D('',#976,#977,#978);
#976=CARTESIAN_POINT('',(36.5500105349646,3.4,-0.5));
#977=DIRECTION('',(-0.939692620785909,-0.342020143325667,0.));
#978=DIRECTION('',(0.342020143325667,-0.939692620785909,0.));
#979=FACE_BOUND('',#980,.T.);
#980=EDGE_LOOP('',(#1696,#1697,#1698,#1699));
#981=PLANE('',#982);
#982=AXIS2_PLACEMENT_3D('',#983,#984,#985);
#983=CARTESIAN_POINT('',(37.3689435620635,1.15,-0.5));
#984=DIRECTION('',(0.,-1.,0.));
#985=DIRECTION('',(1.,0.,0.));
#986=FACE_BOUND('',#987,.T.);
#987=EDGE_LOOP('',(#1700,#1701,#1702,#1703));
#988=PLANE('',#989);
#989=AXIS2_PLACEMENT_3D('',#990,#991,#992);
#990=CARTESIAN_POINT('',(38.0298256687057,1.15,-0.5));
#991=DIRECTION('',(0.939692620785909,-0.342020143325667,0.));
#992=DIRECTION('',(0.342020143325667,0.939692620785909,0.));
#993=FACE_BOUND('',#994,.T.);
#994=EDGE_LOOP('',(#1704,#1705,#1706,#1707));
#995=PLANE('',#996);
#996=AXIS2_PLACEMENT_3D('',#997,#998,#999);
#997=CARTESIAN_POINT('',(40.841,3.4,0.499999999999998));
#998=DIRECTION('',(0.,1.,0.));
#999=DIRECTION('',(0.,0.,-1.));
#1000=FACE_BOUND('',#1001,.T.);
#1001=EDGE_LOOP('',(#1708,#1709,#1710,#1711));
#1002=PLANE('',#1003);
#1003=AXIS2_PLACEMENT_3D('',#1004,#1005,#1006);
#1004=CARTESIAN_POINT('',(39.69162591958,3.4,-0.5));
#1005=DIRECTION('',(-0.939692620785909,-0.342020143325667,0.));
#1006=DIRECTION('',(0.342020143325667,-0.939692620785909,0.));
#1007=FACE_BOUND('',#1008,.T.);
#1008=EDGE_LOOP('',(#1712,#1713,#1714,#1715));
#1009=PLANE('',#1010);
#1010=AXIS2_PLACEMENT_3D('',#1011,#1012,#1013);
#1011=CARTESIAN_POINT('',(40.5105589466789,1.15,-0.5));
#1012=DIRECTION('',(0.,-1.,0.));
#1013=DIRECTION('',(1.,0.,0.));
#1014=FACE_BOUND('',#1015,.T.);
#1015=EDGE_LOOP('',(#1716,#1717,#1718,#1719));
#1016=PLANE('',#1017);
#1017=AXIS2_PLACEMENT_3D('',#1018,#1019,#1020);
#1018=CARTESIAN_POINT('',(0.,1.15,-0.5));
#1019=DIRECTION('',(0.,-1.,0.));
#1020=DIRECTION('',(1.,0.,0.));
#1021=FACE_BOUND('',#1022,.T.);
#1022=EDGE_LOOP('',(#1720,#1721,#1722,#1723));
#1023=PLANE('',#1024);
#1024=AXIS2_PLACEMENT_3D('',#1025,#1026,#1027);
#1025=CARTESIAN_POINT('',(0.330441053321096,1.15,-0.5));
#1026=DIRECTION('',(0.939692620785909,-0.342020143325667,0.));
#1027=DIRECTION('',(0.342020143325667,0.939692620785909,0.));
#1028=FACE_BOUND('',#1029,.T.);
#1029=EDGE_LOOP('',(#1724,#1725,#1726,#1727));
#1030=PLANE('',#1031);
#1031=AXIS2_PLACEMENT_3D('',#1032,#1033,#1034);
#1032=CARTESIAN_POINT('',(40.841,3.4,0.499999999999998));
#1033=DIRECTION('',(0.,1.,0.));
#1034=DIRECTION('',(0.,0.,-1.));
#1035=FACE_BOUND('',#1036,.T.);
#1036=EDGE_LOOP('',(#1728,#1729,#1730,#1731));
#1037=PLANE('',#1038);
#1038=AXIS2_PLACEMENT_3D('',#1039,#1040,#1041);
#1039=CARTESIAN_POINT('',(1.99224130419534,3.4,-0.5));
#1040=DIRECTION('',(-0.939692620785909,-0.342020143325667,0.));
#1041=DIRECTION('',(0.342020143325667,-0.939692620785909,0.));
#1042=FACE_BOUND('',#1043,.T.);
#1043=EDGE_LOOP('',(#1732,#1733,#1734,#1735));
#1044=PLANE('',#1045);
#1045=AXIS2_PLACEMENT_3D('',#1046,#1047,#1048);
#1046=CARTESIAN_POINT('',(2.81117433129429,1.15,-0.5));
#1047=DIRECTION('',(0.,-1.,0.));
#1048=DIRECTION('',(1.,0.,0.));
#1049=FACE_BOUND('',#1050,.T.);
#1050=EDGE_LOOP('',(#1736,#1737,#1738,#1739));
#1051=PLANE('',#1052);
#1052=AXIS2_PLACEMENT_3D('',#1053,#1054,#1055);
#1053=CARTESIAN_POINT('',(3.47205643793648,1.15,-0.5));
#1054=DIRECTION('',(0.939692620785909,-0.342020143325667,0.));
#1055=DIRECTION('',(0.342020143325667,0.939692620785909,0.));
#1056=FACE_BOUND('',#1057,.T.);
#1057=EDGE_LOOP('',(#1740,#1741,#1742,#1743));
#1058=PLANE('',#1059);
#1059=AXIS2_PLACEMENT_3D('',#1060,#1061,#1062);
#1060=CARTESIAN_POINT('',(40.841,3.4,0.499999999999998));
#1061=DIRECTION('',(0.,1.,0.));
#1062=DIRECTION('',(0.,0.,-1.));
#1063=FACE_BOUND('',#1064,.T.);
#1064=EDGE_LOOP('',(#1744,#1745,#1746,#1747));
#1065=PLANE('',#1066);
#1066=AXIS2_PLACEMENT_3D('',#1067,#1068,#1069);
#1067=CARTESIAN_POINT('',(5.13385668881072,3.4,-0.5));
#1068=DIRECTION('',(-0.939692620785909,-0.342020143325667,0.));
#1069=DIRECTION('',(0.342020143325667,-0.939692620785909,0.));
#1070=FACE_BOUND('',#1071,.T.);
#1071=EDGE_LOOP('',(#1748,#1749,#1750,#1751));
#1072=PLANE('',#1073);
#1073=AXIS2_PLACEMENT_3D('',#1074,#1075,#1076);
#1074=CARTESIAN_POINT('',(5.95278971590967,1.15,-0.5));
#1075=DIRECTION('',(0.,-1.,0.));
#1076=DIRECTION('',(1.,0.,0.));
#1077=FACE_BOUND('',#1078,.T.);
#1078=EDGE_LOOP('',(#1752,#1753,#1754,#1755));
#1079=PLANE('',#1080);
#1080=AXIS2_PLACEMENT_3D('',#1081,#1082,#1083);
#1081=CARTESIAN_POINT('',(6.61367182255186,1.15,-0.5));
#1082=DIRECTION('',(0.939692620785909,-0.342020143325667,0.));
#1083=DIRECTION('',(0.342020143325667,0.939692620785909,0.));
#1084=FACE_BOUND('',#1085,.T.);
#1085=EDGE_LOOP('',(#1756,#1757,#1758,#1759));
#1086=PLANE('',#1087);
#1087=AXIS2_PLACEMENT_3D('',#1088,#1089,#1090);
#1088=CARTESIAN_POINT('',(40.841,3.4,0.499999999999998));
#1089=DIRECTION('',(0.,1.,0.));
#1090=DIRECTION('',(0.,0.,-1.));
#1091=FACE_BOUND('',#1092,.T.);
#1092=EDGE_LOOP('',(#1760,#1761,#1762,#1763));
#1093=PLANE('',#1094);
#1094=AXIS2_PLACEMENT_3D('',#1095,#1096,#1097);
#1095=CARTESIAN_POINT('',(8.27547207342611,3.4,-0.5));
#1096=DIRECTION('',(-0.939692620785909,-0.342020143325667,0.));
#1097=DIRECTION('',(0.342020143325667,-0.939692620785909,0.));
#1098=FACE_BOUND('',#1099,.T.);
#1099=EDGE_LOOP('',(#1764,#1765,#1766,#1767));
#1100=PLANE('',#1101);
#1101=AXIS2_PLACEMENT_3D('',#1102,#1103,#1104);
#1102=CARTESIAN_POINT('',(9.09440510052506,1.15,-0.5));
#1103=DIRECTION('',(0.,-1.,0.));
#1104=DIRECTION('',(1.,0.,0.));
#1105=FACE_BOUND('',#1106,.T.);
#1106=EDGE_LOOP('',(#1768,#1769,#1770,#1771));
#1107=PLANE('',#1108);
#1108=AXIS2_PLACEMENT_3D('',#1109,#1110,#1111);
#1109=CARTESIAN_POINT('',(9.75528720716725,1.15,-0.5));
#1110=DIRECTION('',(0.939692620785909,-0.342020143325667,0.));
#1111=DIRECTION('',(0.342020143325667,0.939692620785909,0.));
#1112=FACE_BOUND('',#1113,.T.);
#1113=EDGE_LOOP('',(#1772,#1773,#1774,#1775));
#1114=PLANE('',#1115);
#1115=AXIS2_PLACEMENT_3D('',#1116,#1117,#1118);
#1116=CARTESIAN_POINT('',(40.841,3.4,0.499999999999998));
#1117=DIRECTION('',(0.,1.,0.));
#1118=DIRECTION('',(0.,0.,-1.));
#1119=FACE_BOUND('',#1120,.T.);
#1120=EDGE_LOOP('',(#1776,#1777,#1778,#1779));
#1121=PLANE('',#1122);
#1122=AXIS2_PLACEMENT_3D('',#1123,#1124,#1125);
#1123=CARTESIAN_POINT('',(11.4170874580415,3.4,-0.5));
#1124=DIRECTION('',(-0.939692620785909,-0.342020143325667,0.));
#1125=DIRECTION('',(0.342020143325667,-0.939692620785909,0.));
#1126=FACE_BOUND('',#1127,.T.);
#1127=EDGE_LOOP('',(#1780,#1781,#1782,#1783));
#1128=PLANE('',#1129);
#1129=AXIS2_PLACEMENT_3D('',#1130,#1131,#1132);
#1130=CARTESIAN_POINT('',(12.2360204851404,1.15,-0.5));
#1131=DIRECTION('',(0.,-1.,0.));
#1132=DIRECTION('',(1.,0.,0.));
#1133=FACE_BOUND('',#1134,.T.);
#1134=EDGE_LOOP('',(#1784,#1785,#1786,#1787));
#1135=PLANE('',#1136);
#1136=AXIS2_PLACEMENT_3D('',#1137,#1138,#1139);
#1137=CARTESIAN_POINT('',(12.8969025917826,1.15,-0.5));
#1138=DIRECTION('',(0.939692620785909,-0.342020143325667,0.));
#1139=DIRECTION('',(0.342020143325667,0.939692620785909,0.));
#1140=FACE_BOUND('',#1141,.T.);
#1141=EDGE_LOOP('',(#1788,#1789,#1790,#1791));
#1142=PLANE('',#1143);
#1143=AXIS2_PLACEMENT_3D('',#1144,#1145,#1146);
#1144=CARTESIAN_POINT('',(40.841,3.4,0.499999999999998));
#1145=DIRECTION('',(0.,1.,0.));
#1146=DIRECTION('',(0.,0.,-1.));
#1147=FACE_BOUND('',#1148,.T.);
#1148=EDGE_LOOP('',(#1792,#1793,#1794,#1795));
#1149=PLANE('',#1150);
#1150=AXIS2_PLACEMENT_3D('',#1151,#1152,#1153);
#1151=CARTESIAN_POINT('',(14.5587028426569,3.4,-0.5));
#1152=DIRECTION('',(-0.939692620785909,-0.342020143325667,0.));
#1153=DIRECTION('',(0.342020143325667,-0.939692620785909,0.));
#1154=FACE_BOUND('',#1155,.T.);
#1155=EDGE_LOOP('',(#1796,#1797,#1798,#1799));
#1156=PLANE('',#1157);
#1157=AXIS2_PLACEMENT_3D('',#1158,#1159,#1160);
#1158=CARTESIAN_POINT('',(15.3776358697558,1.15,-0.5));
#1159=DIRECTION('',(0.,-1.,0.));
#1160=DIRECTION('',(1.,0.,0.));
#1161=FACE_BOUND('',#1162,.T.);
#1162=EDGE_LOOP('',(#1800,#1801,#1802,#1803));
#1163=PLANE('',#1164);
#1164=AXIS2_PLACEMENT_3D('',#1165,#1166,#1167);
#1165=CARTESIAN_POINT('',(16.038517976398,1.15,-0.5));
#1166=DIRECTION('',(0.939692620785909,-0.342020143325667,0.));
#1167=DIRECTION('',(0.342020143325667,0.939692620785909,0.));
#1168=FACE_BOUND('',#1169,.T.);
#1169=EDGE_LOOP('',(#1804,#1805,#1806,#1807));
#1170=PLANE('',#1171);
#1171=AXIS2_PLACEMENT_3D('',#1172,#1173,#1174);
#1172=CARTESIAN_POINT('',(40.841,3.4,0.499999999999998));
#1173=DIRECTION('',(0.,1.,0.));
#1174=DIRECTION('',(0.,0.,-1.));
#1175=FACE_BOUND('',#1176,.T.);
#1176=EDGE_LOOP('',(#1808,#1809,#1810,#1811));
#1177=PLANE('',#1178);
#1178=AXIS2_PLACEMENT_3D('',#1179,#1180,#1181);
#1179=CARTESIAN_POINT('',(17.7003182272723,3.4,-0.5));
#1180=DIRECTION('',(-0.939692620785909,-0.342020143325667,0.));
#1181=DIRECTION('',(0.342020143325667,-0.939692620785909,0.));
#1182=FACE_BOUND('',#1183,.T.);
#1183=EDGE_LOOP('',(#1812,#1813,#1814,#1815));
#1184=PLANE('',#1185);
#1185=AXIS2_PLACEMENT_3D('',#1186,#1187,#1188);
#1186=CARTESIAN_POINT('',(18.5192512543712,1.15,-0.5));
#1187=DIRECTION('',(0.,-1.,0.));
#1188=DIRECTION('',(1.,0.,0.));
#1189=FACE_BOUND('',#1190,.T.);
#1190=EDGE_LOOP('',(#1816,#1817,#1818,#1819));
#1191=PLANE('',#1192);
#1192=AXIS2_PLACEMENT_3D('',#1193,#1194,#1195);
#1193=CARTESIAN_POINT('',(19.1801333610134,1.15,-0.5));
#1194=DIRECTION('',(0.939692620785909,-0.342020143325667,0.));
#1195=DIRECTION('',(0.342020143325667,0.939692620785909,0.));
#1196=FACE_BOUND('',#1197,.T.);
#1197=EDGE_LOOP('',(#1820,#1821,#1822,#1823));
#1198=PLANE('',#1199);
#1199=AXIS2_PLACEMENT_3D('',#1200,#1201,#1202);
#1200=CARTESIAN_POINT('',(40.841,3.4,0.499999999999998));
#1201=DIRECTION('',(0.,1.,0.));
#1202=DIRECTION('',(0.,0.,-1.));
#1203=FACE_BOUND('',#1204,.T.);
#1204=EDGE_LOOP('',(#1824,#1825,#1826,#1827));
#1205=PLANE('',#1206);
#1206=AXIS2_PLACEMENT_3D('',#1207,#1208,#1209);
#1207=CARTESIAN_POINT('',(20.8419336118876,3.4,-0.5));
#1208=DIRECTION('',(-0.939692620785909,-0.342020143325667,0.));
#1209=DIRECTION('',(0.342020143325667,-0.939692620785909,0.));
#1210=FACE_BOUND('',#1211,.T.);
#1211=EDGE_LOOP('',(#1828,#1829,#1830,#1831));
#1212=PLANE('',#1213);
#1213=AXIS2_PLACEMENT_3D('',#1214,#1215,#1216);
#1214=CARTESIAN_POINT('',(21.6608666389866,1.15,-0.5));
#1215=DIRECTION('',(0.,-1.,0.));
#1216=DIRECTION('',(1.,0.,0.));
#1217=FACE_BOUND('',#1218,.T.);
#1218=EDGE_LOOP('',(#1832,#1833,#1834,#1835));
#1219=PLANE('',#1220);
#1220=AXIS2_PLACEMENT_3D('',#1221,#1222,#1223);
#1221=CARTESIAN_POINT('',(22.3217487456288,1.15,-0.5));
#1222=DIRECTION('',(0.939692620785909,-0.342020143325667,0.));
#1223=DIRECTION('',(0.342020143325667,0.939692620785909,0.));
#1224=FACE_BOUND('',#1225,.T.);
#1225=EDGE_LOOP('',(#1836,#1837,#1838,#1839));
#1226=PLANE('',#1227);
#1227=AXIS2_PLACEMENT_3D('',#1228,#1229,#1230);
#1228=CARTESIAN_POINT('',(40.841,3.4,0.499999999999998));
#1229=DIRECTION('',(0.,1.,0.));
#1230=DIRECTION('',(0.,0.,-1.));
#1231=FACE_BOUND('',#1232,.T.);
#1232=EDGE_LOOP('',(#1840,#1841,#1842,#1843));
#1233=PLANE('',#1234);
#1234=AXIS2_PLACEMENT_3D('',#1235,#1236,#1237);
#1235=CARTESIAN_POINT('',(23.983548996503,3.4,-0.5));
#1236=DIRECTION('',(-0.939692620785909,-0.342020143325667,0.));
#1237=DIRECTION('',(0.342020143325667,-0.939692620785909,0.));
#1238=FACE_BOUND('',#1239,.T.);
#1239=EDGE_LOOP('',(#1844,#1845,#1846,#1847));
#1240=PLANE('',#1241);
#1241=AXIS2_PLACEMENT_3D('',#1242,#1243,#1244);
#1242=CARTESIAN_POINT('',(24.802482023602,1.15,-0.5));
#1243=DIRECTION('',(0.,-1.,0.));
#1244=DIRECTION('',(1.,0.,0.));
#1245=FACE_BOUND('',#1246,.T.);
#1246=EDGE_LOOP('',(#1848,#1849,#1850,#1851));
#1247=PLANE('',#1248);
#1248=AXIS2_PLACEMENT_3D('',#1249,#1250,#1251);
#1249=CARTESIAN_POINT('',(25.4633641302442,1.15,-0.5));
#1250=DIRECTION('',(0.939692620785909,-0.342020143325667,0.));
#1251=DIRECTION('',(0.342020143325667,0.939692620785909,0.));
#1252=FACE_BOUND('',#1253,.T.);
#1253=EDGE_LOOP('',(#1852,#1853,#1854,#1855));
#1254=PLANE('',#1255);
#1255=AXIS2_PLACEMENT_3D('',#1256,#1257,#1258);
#1256=CARTESIAN_POINT('',(40.841,3.4,0.499999999999998));
#1257=DIRECTION('',(0.,1.,0.));
#1258=DIRECTION('',(0.,0.,-1.));
#1259=FACE_BOUND('',#1260,.T.);
#1260=EDGE_LOOP('',(#1856,#1857,#1858,#1859));
#1261=PLANE('',#1262);
#1262=AXIS2_PLACEMENT_3D('',#1263,#1264,#1265);
#1263=CARTESIAN_POINT('',(27.1251643811184,3.4,-0.5));
#1264=DIRECTION('',(-0.939692620785909,-0.342020143325667,0.));
#1265=DIRECTION('',(0.342020143325667,-0.939692620785909,0.));
#1266=FACE_BOUND('',#1267,.T.);
#1267=EDGE_LOOP('',(#1860,#1861,#1862,#1863));
#1268=PLANE('',#1269);
#1269=AXIS2_PLACEMENT_3D('',#1270,#1271,#1272);
#1270=CARTESIAN_POINT('',(27.9440974082174,1.15,-0.5));
#1271=DIRECTION('',(0.,-1.,0.));
#1272=DIRECTION('',(1.,0.,0.));
#1273=FACE_BOUND('',#1274,.T.);
#1274=EDGE_LOOP('',(#1864,#1865,#1866,#1867));
#1275=PLANE('',#1276);
#1276=AXIS2_PLACEMENT_3D('',#1277,#1278,#1279);
#1277=CARTESIAN_POINT('',(28.6049795148596,1.15,-0.5));
#1278=DIRECTION('',(0.939692620785909,-0.342020143325667,0.));
#1279=DIRECTION('',(0.342020143325667,0.939692620785909,0.));
#1280=FACE_BOUND('',#1281,.T.);
#1281=EDGE_LOOP('',(#1868,#1869,#1870,#1871));
#1282=PLANE('',#1283);
#1283=AXIS2_PLACEMENT_3D('',#1284,#1285,#1286);
#1284=CARTESIAN_POINT('',(40.841,3.4,0.499999999999998));
#1285=DIRECTION('',(0.,1.,0.));
#1286=DIRECTION('',(0.,0.,-1.));
#1287=FACE_BOUND('',#1288,.T.);
#1288=EDGE_LOOP('',(#1872,#1873,#1874,#1875));
#1289=PLANE('',#1290);
#1290=AXIS2_PLACEMENT_3D('',#1291,#1292,#1293);
#1291=CARTESIAN_POINT('',(30.2667797657338,3.4,-0.5));
#1292=DIRECTION('',(-0.939692620785909,-0.342020143325667,0.));
#1293=DIRECTION('',(0.342020143325667,-0.939692620785909,0.));
#1294=FACE_BOUND('',#1295,.T.);
#1295=EDGE_LOOP('',(#1876));
#1296=PLANE('',#1297);
#1297=AXIS2_PLACEMENT_3D('',#1298,#1299,#1300);
#1298=CARTESIAN_POINT('',(4.,0.,-2.44929359829471E-16));
#1299=DIRECTION('',(-1.,0.,6.12323399573677E-17));
#1300=DIRECTION('',(-6.12323399573677E-17,0.,-1.));
#1301=ORIENTED_EDGE('',*,*,#1877,.T.);
#1302=ORIENTED_EDGE('',*,*,#1878,.T.);
#1303=ORIENTED_EDGE('',*,*,#1879,.T.);
#1304=ORIENTED_EDGE('',*,*,#1880,.T.);
#1305=ORIENTED_EDGE('',*,*,#1881,.T.);
#1306=ORIENTED_EDGE('',*,*,#1882,.T.);
#1307=ORIENTED_EDGE('',*,*,#1883,.T.);
#1308=ORIENTED_EDGE('',*,*,#1884,.T.);
#1309=ORIENTED_EDGE('',*,*,#1885,.T.);
#1310=ORIENTED_EDGE('',*,*,#1882,.F.);
#1311=ORIENTED_EDGE('',*,*,#1886,.T.);
#1312=ORIENTED_EDGE('',*,*,#1887,.F.);
#1313=ORIENTED_EDGE('',*,*,#1888,.T.);
#1314=ORIENTED_EDGE('',*,*,#1880,.F.);
#1315=ORIENTED_EDGE('',*,*,#1889,.T.);
#1316=ORIENTED_EDGE('',*,*,#1890,.T.);
#1317=ORIENTED_EDGE('',*,*,#1891,.T.);
#1318=ORIENTED_EDGE('',*,*,#1878,.F.);
#1319=ORIENTED_EDGE('',*,*,#1892,.T.);
#1320=ORIENTED_EDGE('',*,*,#1893,.T.);
#1321=ORIENTED_EDGE('',*,*,#1894,.T.);
#1322=ORIENTED_EDGE('',*,*,#1895,.T.);
#1323=ORIENTED_EDGE('',*,*,#1896,.T.);
#1324=ORIENTED_EDGE('',*,*,#1897,.T.);
#1325=ORIENTED_EDGE('',*,*,#1898,.T.);
#1326=ORIENTED_EDGE('',*,*,#1899,.T.);
#1327=ORIENTED_EDGE('',*,*,#1900,.T.);
#1328=ORIENTED_EDGE('',*,*,#1901,.T.);
#1329=ORIENTED_EDGE('',*,*,#1902,.T.);
#1330=ORIENTED_EDGE('',*,*,#1903,.T.);
#1331=ORIENTED_EDGE('',*,*,#1904,.T.);
#1332=ORIENTED_EDGE('',*,*,#1905,.T.);
#1333=ORIENTED_EDGE('',*,*,#1906,.T.);
#1334=ORIENTED_EDGE('',*,*,#1907,.T.);
#1335=ORIENTED_EDGE('',*,*,#1908,.T.);
#1336=ORIENTED_EDGE('',*,*,#1909,.T.);
#1337=ORIENTED_EDGE('',*,*,#1910,.T.);
#1338=ORIENTED_EDGE('',*,*,#1911,.T.);
#1339=ORIENTED_EDGE('',*,*,#1912,.T.);
#1340=ORIENTED_EDGE('',*,*,#1913,.T.);
#1341=ORIENTED_EDGE('',*,*,#1914,.T.);
#1342=ORIENTED_EDGE('',*,*,#1915,.T.);
#1343=ORIENTED_EDGE('',*,*,#1916,.T.);
#1344=ORIENTED_EDGE('',*,*,#1917,.T.);
#1345=ORIENTED_EDGE('',*,*,#1918,.T.);
#1346=ORIENTED_EDGE('',*,*,#1919,.T.);
#1347=ORIENTED_EDGE('',*,*,#1920,.T.);
#1348=ORIENTED_EDGE('',*,*,#1921,.T.);
#1349=ORIENTED_EDGE('',*,*,#1922,.T.);
#1350=ORIENTED_EDGE('',*,*,#1923,.T.);
#1351=ORIENTED_EDGE('',*,*,#1924,.T.);
#1352=ORIENTED_EDGE('',*,*,#1925,.T.);
#1353=ORIENTED_EDGE('',*,*,#1926,.T.);
#1354=ORIENTED_EDGE('',*,*,#1927,.T.);
#1355=ORIENTED_EDGE('',*,*,#1928,.T.);
#1356=ORIENTED_EDGE('',*,*,#1929,.T.);
#1357=ORIENTED_EDGE('',*,*,#1930,.T.);
#1358=ORIENTED_EDGE('',*,*,#1931,.T.);
#1359=ORIENTED_EDGE('',*,*,#1932,.T.);
#1360=ORIENTED_EDGE('',*,*,#1933,.T.);
#1361=ORIENTED_EDGE('',*,*,#1934,.T.);
#1362=ORIENTED_EDGE('',*,*,#1935,.T.);
#1363=ORIENTED_EDGE('',*,*,#1936,.T.);
#1364=ORIENTED_EDGE('',*,*,#1937,.T.);
#1365=ORIENTED_EDGE('',*,*,#1938,.T.);
#1366=ORIENTED_EDGE('',*,*,#1939,.T.);
#1367=ORIENTED_EDGE('',*,*,#1940,.T.);
#1368=ORIENTED_EDGE('',*,*,#1941,.T.);
#1369=ORIENTED_EDGE('',*,*,#1942,.F.);
#1370=ORIENTED_EDGE('',*,*,#1943,.T.);
#1371=ORIENTED_EDGE('',*,*,#1944,.F.);
#1372=ORIENTED_EDGE('',*,*,#1945,.T.);
#1373=ORIENTED_EDGE('',*,*,#1884,.F.);
#1374=ORIENTED_EDGE('',*,*,#1946,.T.);
#1375=ORIENTED_EDGE('',*,*,#1890,.F.);
#1376=ORIENTED_EDGE('',*,*,#1947,.T.);
#1377=ORIENTED_EDGE('',*,*,#1889,.F.);
#1378=ORIENTED_EDGE('',*,*,#1879,.F.);
#1379=ORIENTED_EDGE('',*,*,#1885,.F.);
#1380=ORIENTED_EDGE('',*,*,#1947,.F.);
#1381=ORIENTED_EDGE('',*,*,#1883,.F.);
#1382=ORIENTED_EDGE('',*,*,#1877,.F.);
#1383=ORIENTED_EDGE('',*,*,#1891,.F.);
#1384=ORIENTED_EDGE('',*,*,#1946,.F.);
#1385=ORIENTED_EDGE('',*,*,#1886,.F.);
#1386=ORIENTED_EDGE('',*,*,#1881,.F.);
#1387=ORIENTED_EDGE('',*,*,#1888,.F.);
#1388=ORIENTED_EDGE('',*,*,#1948,.F.);
#1389=ORIENTED_EDGE('',*,*,#1948,.T.);
#1390=ORIENTED_EDGE('',*,*,#1887,.T.);
#1391=ORIENTED_EDGE('',*,*,#1949,.T.);
#1392=ORIENTED_EDGE('',*,*,#1950,.F.);
#1393=ORIENTED_EDGE('',*,*,#1892,.F.);
#1394=ORIENTED_EDGE('',*,*,#1951,.F.);
#1395=ORIENTED_EDGE('',*,*,#1893,.F.);
#1396=ORIENTED_EDGE('',*,*,#1952,.F.);
#1397=ORIENTED_EDGE('',*,*,#1894,.F.);
#1398=ORIENTED_EDGE('',*,*,#1953,.F.);
#1399=ORIENTED_EDGE('',*,*,#1895,.F.);
#1400=ORIENTED_EDGE('',*,*,#1954,.F.);
#1401=ORIENTED_EDGE('',*,*,#1896,.F.);
#1402=ORIENTED_EDGE('',*,*,#1955,.F.);
#1403=ORIENTED_EDGE('',*,*,#1897,.F.);
#1404=ORIENTED_EDGE('',*,*,#1956,.F.);
#1405=ORIENTED_EDGE('',*,*,#1898,.F.);
#1406=ORIENTED_EDGE('',*,*,#1957,.F.);
#1407=ORIENTED_EDGE('',*,*,#1899,.F.);
#1408=ORIENTED_EDGE('',*,*,#1958,.F.);
#1409=ORIENTED_EDGE('',*,*,#1900,.F.);
#1410=ORIENTED_EDGE('',*,*,#1959,.F.);
#1411=ORIENTED_EDGE('',*,*,#1901,.F.);
#1412=ORIENTED_EDGE('',*,*,#1960,.F.);
#1413=ORIENTED_EDGE('',*,*,#1902,.F.);
#1414=ORIENTED_EDGE('',*,*,#1961,.F.);
#1415=ORIENTED_EDGE('',*,*,#1903,.F.);
#1416=ORIENTED_EDGE('',*,*,#1962,.F.);
#1417=ORIENTED_EDGE('',*,*,#1904,.F.);
#1418=ORIENTED_EDGE('',*,*,#1963,.F.);
#1419=ORIENTED_EDGE('',*,*,#1905,.F.);
#1420=ORIENTED_EDGE('',*,*,#1964,.F.);
#1421=ORIENTED_EDGE('',*,*,#1906,.F.);
#1422=ORIENTED_EDGE('',*,*,#1965,.F.);
#1423=ORIENTED_EDGE('',*,*,#1907,.F.);
#1424=ORIENTED_EDGE('',*,*,#1966,.F.);
#1425=ORIENTED_EDGE('',*,*,#1908,.F.);
#1426=ORIENTED_EDGE('',*,*,#1967,.F.);
#1427=ORIENTED_EDGE('',*,*,#1909,.F.);
#1428=ORIENTED_EDGE('',*,*,#1968,.F.);
#1429=ORIENTED_EDGE('',*,*,#1910,.F.);
#1430=ORIENTED_EDGE('',*,*,#1969,.F.);
#1431=ORIENTED_EDGE('',*,*,#1911,.F.);
#1432=ORIENTED_EDGE('',*,*,#1970,.F.);
#1433=ORIENTED_EDGE('',*,*,#1912,.F.);
#1434=ORIENTED_EDGE('',*,*,#1971,.F.);
#1435=ORIENTED_EDGE('',*,*,#1913,.F.);
#1436=ORIENTED_EDGE('',*,*,#1972,.F.);
#1437=ORIENTED_EDGE('',*,*,#1914,.F.);
#1438=ORIENTED_EDGE('',*,*,#1973,.F.);
#1439=ORIENTED_EDGE('',*,*,#1915,.F.);
#1440=ORIENTED_EDGE('',*,*,#1974,.F.);
#1441=ORIENTED_EDGE('',*,*,#1916,.F.);
#1442=ORIENTED_EDGE('',*,*,#1975,.F.);
#1443=ORIENTED_EDGE('',*,*,#1917,.F.);
#1444=ORIENTED_EDGE('',*,*,#1976,.F.);
#1445=ORIENTED_EDGE('',*,*,#1918,.F.);
#1446=ORIENTED_EDGE('',*,*,#1977,.F.);
#1447=ORIENTED_EDGE('',*,*,#1919,.F.);
#1448=ORIENTED_EDGE('',*,*,#1978,.F.);
#1449=ORIENTED_EDGE('',*,*,#1920,.F.);
#1450=ORIENTED_EDGE('',*,*,#1979,.F.);
#1451=ORIENTED_EDGE('',*,*,#1921,.F.);
#1452=ORIENTED_EDGE('',*,*,#1980,.F.);
#1453=ORIENTED_EDGE('',*,*,#1922,.F.);
#1454=ORIENTED_EDGE('',*,*,#1981,.F.);
#1455=ORIENTED_EDGE('',*,*,#1923,.F.);
#1456=ORIENTED_EDGE('',*,*,#1982,.F.);
#1457=ORIENTED_EDGE('',*,*,#1924,.F.);
#1458=ORIENTED_EDGE('',*,*,#1983,.F.);
#1459=ORIENTED_EDGE('',*,*,#1925,.F.);
#1460=ORIENTED_EDGE('',*,*,#1984,.F.);
#1461=ORIENTED_EDGE('',*,*,#1926,.F.);
#1462=ORIENTED_EDGE('',*,*,#1985,.F.);
#1463=ORIENTED_EDGE('',*,*,#1927,.F.);
#1464=ORIENTED_EDGE('',*,*,#1986,.F.);
#1465=ORIENTED_EDGE('',*,*,#1928,.F.);
#1466=ORIENTED_EDGE('',*,*,#1987,.F.);
#1467=ORIENTED_EDGE('',*,*,#1929,.F.);
#1468=ORIENTED_EDGE('',*,*,#1988,.F.);
#1469=ORIENTED_EDGE('',*,*,#1930,.F.);
#1470=ORIENTED_EDGE('',*,*,#1989,.F.);
#1471=ORIENTED_EDGE('',*,*,#1931,.F.);
#1472=ORIENTED_EDGE('',*,*,#1990,.F.);
#1473=ORIENTED_EDGE('',*,*,#1932,.F.);
#1474=ORIENTED_EDGE('',*,*,#1991,.F.);
#1475=ORIENTED_EDGE('',*,*,#1933,.F.);
#1476=ORIENTED_EDGE('',*,*,#1992,.F.);
#1477=ORIENTED_EDGE('',*,*,#1934,.F.);
#1478=ORIENTED_EDGE('',*,*,#1993,.F.);
#1479=ORIENTED_EDGE('',*,*,#1935,.F.);
#1480=ORIENTED_EDGE('',*,*,#1994,.F.);
#1481=ORIENTED_EDGE('',*,*,#1936,.F.);
#1482=ORIENTED_EDGE('',*,*,#1995,.F.);
#1483=ORIENTED_EDGE('',*,*,#1937,.F.);
#1484=ORIENTED_EDGE('',*,*,#1996,.F.);
#1485=ORIENTED_EDGE('',*,*,#1938,.F.);
#1486=ORIENTED_EDGE('',*,*,#1997,.F.);
#1487=ORIENTED_EDGE('',*,*,#1939,.F.);
#1488=ORIENTED_EDGE('',*,*,#1998,.F.);
#1489=ORIENTED_EDGE('',*,*,#1940,.F.);
#1490=ORIENTED_EDGE('',*,*,#1999,.F.);
#1491=ORIENTED_EDGE('',*,*,#1941,.F.);
#1492=ORIENTED_EDGE('',*,*,#2000,.T.);
#1493=ORIENTED_EDGE('',*,*,#2001,.T.);
#1494=ORIENTED_EDGE('',*,*,#2002,.T.);
#1495=ORIENTED_EDGE('',*,*,#2003,.T.);
#1496=ORIENTED_EDGE('',*,*,#2004,.T.);
#1497=ORIENTED_EDGE('',*,*,#2005,.T.);
#1498=ORIENTED_EDGE('',*,*,#2006,.T.);
#1499=ORIENTED_EDGE('',*,*,#2007,.T.);
#1500=ORIENTED_EDGE('',*,*,#2008,.T.);
#1501=ORIENTED_EDGE('',*,*,#2009,.T.);
#1502=ORIENTED_EDGE('',*,*,#2010,.T.);
#1503=ORIENTED_EDGE('',*,*,#2011,.T.);
#1504=ORIENTED_EDGE('',*,*,#2012,.T.);
#1505=ORIENTED_EDGE('',*,*,#2013,.T.);
#1506=ORIENTED_EDGE('',*,*,#1942,.T.);
#1507=ORIENTED_EDGE('',*,*,#2014,.T.);
#1508=ORIENTED_EDGE('',*,*,#2015,.T.);
#1509=ORIENTED_EDGE('',*,*,#2016,.T.);
#1510=ORIENTED_EDGE('',*,*,#2017,.T.);
#1511=ORIENTED_EDGE('',*,*,#2018,.T.);
#1512=ORIENTED_EDGE('',*,*,#2019,.T.);
#1513=ORIENTED_EDGE('',*,*,#2020,.T.);
#1514=ORIENTED_EDGE('',*,*,#2021,.T.);
#1515=ORIENTED_EDGE('',*,*,#2022,.T.);
#1516=ORIENTED_EDGE('',*,*,#2023,.T.);
#1517=ORIENTED_EDGE('',*,*,#2024,.T.);
#1518=ORIENTED_EDGE('',*,*,#2025,.T.);
#1519=ORIENTED_EDGE('',*,*,#2026,.T.);
#1520=ORIENTED_EDGE('',*,*,#2027,.T.);
#1521=ORIENTED_EDGE('',*,*,#2028,.T.);
#1522=ORIENTED_EDGE('',*,*,#2029,.T.);
#1523=ORIENTED_EDGE('',*,*,#2030,.T.);
#1524=ORIENTED_EDGE('',*,*,#2031,.T.);
#1525=ORIENTED_EDGE('',*,*,#2032,.T.);
#1526=ORIENTED_EDGE('',*,*,#2033,.T.);
#1527=ORIENTED_EDGE('',*,*,#2034,.T.);
#1528=ORIENTED_EDGE('',*,*,#2035,.T.);
#1529=ORIENTED_EDGE('',*,*,#2036,.T.);
#1530=ORIENTED_EDGE('',*,*,#2037,.T.);
#1531=ORIENTED_EDGE('',*,*,#2038,.T.);
#1532=ORIENTED_EDGE('',*,*,#2039,.T.);
#1533=ORIENTED_EDGE('',*,*,#2040,.T.);
#1534=ORIENTED_EDGE('',*,*,#2041,.T.);
#1535=ORIENTED_EDGE('',*,*,#2042,.T.);
#1536=ORIENTED_EDGE('',*,*,#2043,.T.);
#1537=ORIENTED_EDGE('',*,*,#2044,.T.);
#1538=ORIENTED_EDGE('',*,*,#2045,.T.);
#1539=ORIENTED_EDGE('',*,*,#2046,.T.);
#1540=ORIENTED_EDGE('',*,*,#2047,.T.);
#1541=ORIENTED_EDGE('',*,*,#2048,.T.);
#1542=ORIENTED_EDGE('',*,*,#2049,.T.);
#1543=ORIENTED_EDGE('',*,*,#2050,.T.);
#1544=ORIENTED_EDGE('',*,*,#2051,.T.);
#1545=ORIENTED_EDGE('',*,*,#2052,.T.);
#1546=ORIENTED_EDGE('',*,*,#2053,.T.);
#1547=ORIENTED_EDGE('',*,*,#2054,.T.);
#1548=ORIENTED_EDGE('',*,*,#1943,.F.);
#1549=ORIENTED_EDGE('',*,*,#2013,.F.);
#1550=ORIENTED_EDGE('',*,*,#2055,.F.);
#1551=ORIENTED_EDGE('',*,*,#2056,.F.);
#1552=ORIENTED_EDGE('',*,*,#2057,.T.);
#1553=ORIENTED_EDGE('',*,*,#2058,.T.);
#1554=ORIENTED_EDGE('',*,*,#2059,.T.);
#1555=ORIENTED_EDGE('',*,*,#2060,.T.);
#1556=ORIENTED_EDGE('',*,*,#2061,.T.);
#1557=ORIENTED_EDGE('',*,*,#2062,.T.);
#1558=ORIENTED_EDGE('',*,*,#2063,.T.);
#1559=ORIENTED_EDGE('',*,*,#2064,.T.);
#1560=ORIENTED_EDGE('',*,*,#2065,.T.);
#1561=ORIENTED_EDGE('',*,*,#2066,.T.);
#1562=ORIENTED_EDGE('',*,*,#2067,.T.);
#1563=ORIENTED_EDGE('',*,*,#2068,.T.);
#1564=ORIENTED_EDGE('',*,*,#2069,.T.);
#1565=ORIENTED_EDGE('',*,*,#2070,.F.);
#1566=ORIENTED_EDGE('',*,*,#1944,.T.);
#1567=ORIENTED_EDGE('',*,*,#2056,.T.);
#1568=ORIENTED_EDGE('',*,*,#2071,.T.);
#1569=ORIENTED_EDGE('',*,*,#2072,.T.);
#1570=ORIENTED_EDGE('',*,*,#2073,.T.);
#1571=ORIENTED_EDGE('',*,*,#2074,.T.);
#1572=ORIENTED_EDGE('',*,*,#2075,.T.);
#1573=ORIENTED_EDGE('',*,*,#2076,.T.);
#1574=ORIENTED_EDGE('',*,*,#2077,.T.);
#1575=ORIENTED_EDGE('',*,*,#2078,.T.);
#1576=ORIENTED_EDGE('',*,*,#2079,.T.);
#1577=ORIENTED_EDGE('',*,*,#2080,.T.);
#1578=ORIENTED_EDGE('',*,*,#2081,.T.);
#1579=ORIENTED_EDGE('',*,*,#2082,.T.);
#1580=ORIENTED_EDGE('',*,*,#2083,.T.);
#1581=ORIENTED_EDGE('',*,*,#2084,.T.);
#1582=ORIENTED_EDGE('',*,*,#2085,.T.);
#1583=ORIENTED_EDGE('',*,*,#2086,.T.);
#1584=ORIENTED_EDGE('',*,*,#2087,.T.);
#1585=ORIENTED_EDGE('',*,*,#2088,.T.);
#1586=ORIENTED_EDGE('',*,*,#2089,.T.);
#1587=ORIENTED_EDGE('',*,*,#2090,.T.);
#1588=ORIENTED_EDGE('',*,*,#2091,.T.);
#1589=ORIENTED_EDGE('',*,*,#2092,.T.);
#1590=ORIENTED_EDGE('',*,*,#2093,.T.);
#1591=ORIENTED_EDGE('',*,*,#2094,.T.);
#1592=ORIENTED_EDGE('',*,*,#2095,.T.);
#1593=ORIENTED_EDGE('',*,*,#2096,.T.);
#1594=ORIENTED_EDGE('',*,*,#2097,.T.);
#1595=ORIENTED_EDGE('',*,*,#2098,.T.);
#1596=ORIENTED_EDGE('',*,*,#2099,.T.);
#1597=ORIENTED_EDGE('',*,*,#2100,.T.);
#1598=ORIENTED_EDGE('',*,*,#2101,.T.);
#1599=ORIENTED_EDGE('',*,*,#2102,.T.);
#1600=ORIENTED_EDGE('',*,*,#2103,.T.);
#1601=ORIENTED_EDGE('',*,*,#2104,.T.);
#1602=ORIENTED_EDGE('',*,*,#2105,.T.);
#1603=ORIENTED_EDGE('',*,*,#2106,.T.);
#1604=ORIENTED_EDGE('',*,*,#2107,.T.);
#1605=ORIENTED_EDGE('',*,*,#2108,.T.);
#1606=ORIENTED_EDGE('',*,*,#2109,.T.);
#1607=ORIENTED_EDGE('',*,*,#2110,.T.);
#1608=ORIENTED_EDGE('',*,*,#1945,.F.);
#1609=ORIENTED_EDGE('',*,*,#2070,.T.);
#1610=ORIENTED_EDGE('',*,*,#2111,.T.);
#1611=ORIENTED_EDGE('',*,*,#2014,.F.);
#1612=ORIENTED_EDGE('',*,*,#1949,.F.);
#1613=ORIENTED_EDGE('',*,*,#2112,.T.);
#1614=ORIENTED_EDGE('',*,*,#1999,.T.);
#1615=ORIENTED_EDGE('',*,*,#1998,.T.);
#1616=ORIENTED_EDGE('',*,*,#1997,.T.);
#1617=ORIENTED_EDGE('',*,*,#1996,.T.);
#1618=ORIENTED_EDGE('',*,*,#1995,.T.);
#1619=ORIENTED_EDGE('',*,*,#1994,.T.);
#1620=ORIENTED_EDGE('',*,*,#1993,.T.);
#1621=ORIENTED_EDGE('',*,*,#1992,.T.);
#1622=ORIENTED_EDGE('',*,*,#1991,.T.);
#1623=ORIENTED_EDGE('',*,*,#1990,.T.);
#1624=ORIENTED_EDGE('',*,*,#1989,.T.);
#1625=ORIENTED_EDGE('',*,*,#1988,.T.);
#1626=ORIENTED_EDGE('',*,*,#1987,.T.);
#1627=ORIENTED_EDGE('',*,*,#1986,.T.);
#1628=ORIENTED_EDGE('',*,*,#1985,.T.);
#1629=ORIENTED_EDGE('',*,*,#1984,.T.);
#1630=ORIENTED_EDGE('',*,*,#1983,.T.);
#1631=ORIENTED_EDGE('',*,*,#1982,.T.);
#1632=ORIENTED_EDGE('',*,*,#1981,.T.);
#1633=ORIENTED_EDGE('',*,*,#1980,.T.);
#1634=ORIENTED_EDGE('',*,*,#1979,.T.);
#1635=ORIENTED_EDGE('',*,*,#1978,.T.);
#1636=ORIENTED_EDGE('',*,*,#1977,.T.);
#1637=ORIENTED_EDGE('',*,*,#1976,.T.);
#1638=ORIENTED_EDGE('',*,*,#1975,.T.);
#1639=ORIENTED_EDGE('',*,*,#1974,.T.);
#1640=ORIENTED_EDGE('',*,*,#1973,.T.);
#1641=ORIENTED_EDGE('',*,*,#1972,.T.);
#1642=ORIENTED_EDGE('',*,*,#1971,.T.);
#1643=ORIENTED_EDGE('',*,*,#1970,.T.);
#1644=ORIENTED_EDGE('',*,*,#1969,.T.);
#1645=ORIENTED_EDGE('',*,*,#1968,.T.);
#1646=ORIENTED_EDGE('',*,*,#1967,.T.);
#1647=ORIENTED_EDGE('',*,*,#1966,.T.);
#1648=ORIENTED_EDGE('',*,*,#1965,.T.);
#1649=ORIENTED_EDGE('',*,*,#1964,.T.);
#1650=ORIENTED_EDGE('',*,*,#1963,.T.);
#1651=ORIENTED_EDGE('',*,*,#1962,.T.);
#1652=ORIENTED_EDGE('',*,*,#1961,.T.);
#1653=ORIENTED_EDGE('',*,*,#1960,.T.);
#1654=ORIENTED_EDGE('',*,*,#1959,.T.);
#1655=ORIENTED_EDGE('',*,*,#1958,.T.);
#1656=ORIENTED_EDGE('',*,*,#1957,.T.);
#1657=ORIENTED_EDGE('',*,*,#1956,.T.);
#1658=ORIENTED_EDGE('',*,*,#1955,.T.);
#1659=ORIENTED_EDGE('',*,*,#1954,.T.);
#1660=ORIENTED_EDGE('',*,*,#1953,.T.);
#1661=ORIENTED_EDGE('',*,*,#1952,.T.);
#1662=ORIENTED_EDGE('',*,*,#1951,.T.);
#1663=ORIENTED_EDGE('',*,*,#1950,.T.);
#1664=ORIENTED_EDGE('',*,*,#2083,.F.);
#1665=ORIENTED_EDGE('',*,*,#2113,.T.);
#1666=ORIENTED_EDGE('',*,*,#2000,.F.);
#1667=ORIENTED_EDGE('',*,*,#2114,.F.);
#1668=ORIENTED_EDGE('',*,*,#2082,.F.);
#1669=ORIENTED_EDGE('',*,*,#2115,.T.);
#1670=ORIENTED_EDGE('',*,*,#2001,.F.);
#1671=ORIENTED_EDGE('',*,*,#2113,.F.);
#1672=ORIENTED_EDGE('',*,*,#2081,.F.);
#1673=ORIENTED_EDGE('',*,*,#2116,.T.);
#1674=ORIENTED_EDGE('',*,*,#2002,.F.);
#1675=ORIENTED_EDGE('',*,*,#2115,.F.);
#1676=ORIENTED_EDGE('',*,*,#2080,.F.);
#1677=ORIENTED_EDGE('',*,*,#2117,.T.);
#1678=ORIENTED_EDGE('',*,*,#2003,.F.);
#1679=ORIENTED_EDGE('',*,*,#2116,.F.);
#1680=ORIENTED_EDGE('',*,*,#2079,.F.);
#1681=ORIENTED_EDGE('',*,*,#2118,.T.);
#1682=ORIENTED_EDGE('',*,*,#2004,.F.);
#1683=ORIENTED_EDGE('',*,*,#2117,.F.);
#1684=ORIENTED_EDGE('',*,*,#2078,.F.);
#1685=ORIENTED_EDGE('',*,*,#2119,.T.);
#1686=ORIENTED_EDGE('',*,*,#2005,.F.);
#1687=ORIENTED_EDGE('',*,*,#2118,.F.);
#1688=ORIENTED_EDGE('',*,*,#2077,.F.);
#1689=ORIENTED_EDGE('',*,*,#2120,.T.);
#1690=ORIENTED_EDGE('',*,*,#2006,.F.);
#1691=ORIENTED_EDGE('',*,*,#2119,.F.);
#1692=ORIENTED_EDGE('',*,*,#2076,.F.);
#1693=ORIENTED_EDGE('',*,*,#2121,.T.);
#1694=ORIENTED_EDGE('',*,*,#2007,.F.);
#1695=ORIENTED_EDGE('',*,*,#2120,.F.);
#1696=ORIENTED_EDGE('',*,*,#2075,.F.);
#1697=ORIENTED_EDGE('',*,*,#2122,.T.);
#1698=ORIENTED_EDGE('',*,*,#2008,.F.);
#1699=ORIENTED_EDGE('',*,*,#2121,.F.);
#1700=ORIENTED_EDGE('',*,*,#2074,.F.);
#1701=ORIENTED_EDGE('',*,*,#2123,.T.);
#1702=ORIENTED_EDGE('',*,*,#2009,.F.);
#1703=ORIENTED_EDGE('',*,*,#2122,.F.);
#1704=ORIENTED_EDGE('',*,*,#2073,.F.);
#1705=ORIENTED_EDGE('',*,*,#2124,.T.);
#1706=ORIENTED_EDGE('',*,*,#2010,.F.);
#1707=ORIENTED_EDGE('',*,*,#2123,.F.);
#1708=ORIENTED_EDGE('',*,*,#2072,.F.);
#1709=ORIENTED_EDGE('',*,*,#2125,.T.);
#1710=ORIENTED_EDGE('',*,*,#2011,.F.);
#1711=ORIENTED_EDGE('',*,*,#2124,.F.);
#1712=ORIENTED_EDGE('',*,*,#2071,.F.);
#1713=ORIENTED_EDGE('',*,*,#2055,.T.);
#1714=ORIENTED_EDGE('',*,*,#2012,.F.);
#1715=ORIENTED_EDGE('',*,*,#2125,.F.);
#1716=ORIENTED_EDGE('',*,*,#2069,.F.);
#1717=ORIENTED_EDGE('',*,*,#2126,.T.);
#1718=ORIENTED_EDGE('',*,*,#2015,.F.);
#1719=ORIENTED_EDGE('',*,*,#2111,.F.);
#1720=ORIENTED_EDGE('',*,*,#2068,.F.);
#1721=ORIENTED_EDGE('',*,*,#2127,.T.);
#1722=ORIENTED_EDGE('',*,*,#2016,.F.);
#1723=ORIENTED_EDGE('',*,*,#2126,.F.);
#1724=ORIENTED_EDGE('',*,*,#2067,.F.);
#1725=ORIENTED_EDGE('',*,*,#2128,.T.);
#1726=ORIENTED_EDGE('',*,*,#2017,.F.);
#1727=ORIENTED_EDGE('',*,*,#2127,.F.);
#1728=ORIENTED_EDGE('',*,*,#2066,.F.);
#1729=ORIENTED_EDGE('',*,*,#2129,.T.);
#1730=ORIENTED_EDGE('',*,*,#2018,.F.);
#1731=ORIENTED_EDGE('',*,*,#2128,.F.);
#1732=ORIENTED_EDGE('',*,*,#2065,.F.);
#1733=ORIENTED_EDGE('',*,*,#2130,.T.);
#1734=ORIENTED_EDGE('',*,*,#2019,.F.);
#1735=ORIENTED_EDGE('',*,*,#2129,.F.);
#1736=ORIENTED_EDGE('',*,*,#2064,.F.);
#1737=ORIENTED_EDGE('',*,*,#2131,.T.);
#1738=ORIENTED_EDGE('',*,*,#2020,.F.);
#1739=ORIENTED_EDGE('',*,*,#2130,.F.);
#1740=ORIENTED_EDGE('',*,*,#2063,.F.);
#1741=ORIENTED_EDGE('',*,*,#2132,.T.);
#1742=ORIENTED_EDGE('',*,*,#2021,.F.);
#1743=ORIENTED_EDGE('',*,*,#2131,.F.);
#1744=ORIENTED_EDGE('',*,*,#2062,.F.);
#1745=ORIENTED_EDGE('',*,*,#2133,.T.);
#1746=ORIENTED_EDGE('',*,*,#2022,.F.);
#1747=ORIENTED_EDGE('',*,*,#2132,.F.);
#1748=ORIENTED_EDGE('',*,*,#2061,.F.);
#1749=ORIENTED_EDGE('',*,*,#2134,.T.);
#1750=ORIENTED_EDGE('',*,*,#2023,.F.);
#1751=ORIENTED_EDGE('',*,*,#2133,.F.);
#1752=ORIENTED_EDGE('',*,*,#2060,.F.);
#1753=ORIENTED_EDGE('',*,*,#2135,.T.);
#1754=ORIENTED_EDGE('',*,*,#2024,.F.);
#1755=ORIENTED_EDGE('',*,*,#2134,.F.);
#1756=ORIENTED_EDGE('',*,*,#2059,.F.);
#1757=ORIENTED_EDGE('',*,*,#2136,.T.);
#1758=ORIENTED_EDGE('',*,*,#2025,.F.);
#1759=ORIENTED_EDGE('',*,*,#2135,.F.);
#1760=ORIENTED_EDGE('',*,*,#2058,.F.);
#1761=ORIENTED_EDGE('',*,*,#2137,.T.);
#1762=ORIENTED_EDGE('',*,*,#2026,.F.);
#1763=ORIENTED_EDGE('',*,*,#2136,.F.);
#1764=ORIENTED_EDGE('',*,*,#2057,.F.);
#1765=ORIENTED_EDGE('',*,*,#2138,.T.);
#1766=ORIENTED_EDGE('',*,*,#2027,.F.);
#1767=ORIENTED_EDGE('',*,*,#2137,.F.);
#1768=ORIENTED_EDGE('',*,*,#2110,.F.);
#1769=ORIENTED_EDGE('',*,*,#2139,.T.);
#1770=ORIENTED_EDGE('',*,*,#2028,.F.);
#1771=ORIENTED_EDGE('',*,*,#2138,.F.);
#1772=ORIENTED_EDGE('',*,*,#2109,.F.);
#1773=ORIENTED_EDGE('',*,*,#2140,.T.);
#1774=ORIENTED_EDGE('',*,*,#2029,.F.);
#1775=ORIENTED_EDGE('',*,*,#2139,.F.);
#1776=ORIENTED_EDGE('',*,*,#2108,.F.);
#1777=ORIENTED_EDGE('',*,*,#2141,.T.);
#1778=ORIENTED_EDGE('',*,*,#2030,.F.);
#1779=ORIENTED_EDGE('',*,*,#2140,.F.);
#1780=ORIENTED_EDGE('',*,*,#2107,.F.);
#1781=ORIENTED_EDGE('',*,*,#2142,.T.);
#1782=ORIENTED_EDGE('',*,*,#2031,.F.);
#1783=ORIENTED_EDGE('',*,*,#2141,.F.);
#1784=ORIENTED_EDGE('',*,*,#2106,.F.);
#1785=ORIENTED_EDGE('',*,*,#2143,.T.);
#1786=ORIENTED_EDGE('',*,*,#2032,.F.);
#1787=ORIENTED_EDGE('',*,*,#2142,.F.);
#1788=ORIENTED_EDGE('',*,*,#2105,.F.);
#1789=ORIENTED_EDGE('',*,*,#2144,.T.);
#1790=ORIENTED_EDGE('',*,*,#2033,.F.);
#1791=ORIENTED_EDGE('',*,*,#2143,.F.);
#1792=ORIENTED_EDGE('',*,*,#2104,.F.);
#1793=ORIENTED_EDGE('',*,*,#2145,.T.);
#1794=ORIENTED_EDGE('',*,*,#2034,.F.);
#1795=ORIENTED_EDGE('',*,*,#2144,.F.);
#1796=ORIENTED_EDGE('',*,*,#2103,.F.);
#1797=ORIENTED_EDGE('',*,*,#2146,.T.);
#1798=ORIENTED_EDGE('',*,*,#2035,.F.);
#1799=ORIENTED_EDGE('',*,*,#2145,.F.);
#1800=ORIENTED_EDGE('',*,*,#2102,.F.);
#1801=ORIENTED_EDGE('',*,*,#2147,.T.);
#1802=ORIENTED_EDGE('',*,*,#2036,.F.);
#1803=ORIENTED_EDGE('',*,*,#2146,.F.);
#1804=ORIENTED_EDGE('',*,*,#2101,.F.);
#1805=ORIENTED_EDGE('',*,*,#2148,.T.);
#1806=ORIENTED_EDGE('',*,*,#2037,.F.);
#1807=ORIENTED_EDGE('',*,*,#2147,.F.);
#1808=ORIENTED_EDGE('',*,*,#2100,.F.);
#1809=ORIENTED_EDGE('',*,*,#2149,.T.);
#1810=ORIENTED_EDGE('',*,*,#2038,.F.);
#1811=ORIENTED_EDGE('',*,*,#2148,.F.);
#1812=ORIENTED_EDGE('',*,*,#2099,.F.);
#1813=ORIENTED_EDGE('',*,*,#2150,.T.);
#1814=ORIENTED_EDGE('',*,*,#2039,.F.);
#1815=ORIENTED_EDGE('',*,*,#2149,.F.);
#1816=ORIENTED_EDGE('',*,*,#2098,.F.);
#1817=ORIENTED_EDGE('',*,*,#2151,.T.);
#1818=ORIENTED_EDGE('',*,*,#2040,.F.);
#1819=ORIENTED_EDGE('',*,*,#2150,.F.);
#1820=ORIENTED_EDGE('',*,*,#2097,.F.);
#1821=ORIENTED_EDGE('',*,*,#2152,.T.);
#1822=ORIENTED_EDGE('',*,*,#2041,.F.);
#1823=ORIENTED_EDGE('',*,*,#2151,.F.);
#1824=ORIENTED_EDGE('',*,*,#2096,.F.);
#1825=ORIENTED_EDGE('',*,*,#2153,.T.);
#1826=ORIENTED_EDGE('',*,*,#2042,.F.);
#1827=ORIENTED_EDGE('',*,*,#2152,.F.);
#1828=ORIENTED_EDGE('',*,*,#2095,.F.);
#1829=ORIENTED_EDGE('',*,*,#2154,.T.);
#1830=ORIENTED_EDGE('',*,*,#2043,.F.);
#1831=ORIENTED_EDGE('',*,*,#2153,.F.);
#1832=ORIENTED_EDGE('',*,*,#2094,.F.);
#1833=ORIENTED_EDGE('',*,*,#2155,.T.);
#1834=ORIENTED_EDGE('',*,*,#2044,.F.);
#1835=ORIENTED_EDGE('',*,*,#2154,.F.);
#1836=ORIENTED_EDGE('',*,*,#2093,.F.);
#1837=ORIENTED_EDGE('',*,*,#2156,.T.);
#1838=ORIENTED_EDGE('',*,*,#2045,.F.);
#1839=ORIENTED_EDGE('',*,*,#2155,.F.);
#1840=ORIENTED_EDGE('',*,*,#2092,.F.);
#1841=ORIENTED_EDGE('',*,*,#2157,.T.);
#1842=ORIENTED_EDGE('',*,*,#2046,.F.);
#1843=ORIENTED_EDGE('',*,*,#2156,.F.);
#1844=ORIENTED_EDGE('',*,*,#2091,.F.);
#1845=ORIENTED_EDGE('',*,*,#2158,.T.);
#1846=ORIENTED_EDGE('',*,*,#2047,.F.);
#1847=ORIENTED_EDGE('',*,*,#2157,.F.);
#1848=ORIENTED_EDGE('',*,*,#2090,.F.);
#1849=ORIENTED_EDGE('',*,*,#2159,.T.);
#1850=ORIENTED_EDGE('',*,*,#2048,.F.);
#1851=ORIENTED_EDGE('',*,*,#2158,.F.);
#1852=ORIENTED_EDGE('',*,*,#2089,.F.);
#1853=ORIENTED_EDGE('',*,*,#2160,.T.);
#1854=ORIENTED_EDGE('',*,*,#2049,.F.);
#1855=ORIENTED_EDGE('',*,*,#2159,.F.);
#1856=ORIENTED_EDGE('',*,*,#2088,.F.);
#1857=ORIENTED_EDGE('',*,*,#2161,.T.);
#1858=ORIENTED_EDGE('',*,*,#2050,.F.);
#1859=ORIENTED_EDGE('',*,*,#2160,.F.);
#1860=ORIENTED_EDGE('',*,*,#2087,.F.);
#1861=ORIENTED_EDGE('',*,*,#2162,.T.);
#1862=ORIENTED_EDGE('',*,*,#2051,.F.);
#1863=ORIENTED_EDGE('',*,*,#2161,.F.);
#1864=ORIENTED_EDGE('',*,*,#2086,.F.);
#1865=ORIENTED_EDGE('',*,*,#2163,.T.);
#1866=ORIENTED_EDGE('',*,*,#2052,.F.);
#1867=ORIENTED_EDGE('',*,*,#2162,.F.);
#1868=ORIENTED_EDGE('',*,*,#2085,.F.);
#1869=ORIENTED_EDGE('',*,*,#2164,.T.);
#1870=ORIENTED_EDGE('',*,*,#2053,.F.);
#1871=ORIENTED_EDGE('',*,*,#2163,.F.);
#1872=ORIENTED_EDGE('',*,*,#2084,.F.);
#1873=ORIENTED_EDGE('',*,*,#2114,.T.);
#1874=ORIENTED_EDGE('',*,*,#2054,.F.);
#1875=ORIENTED_EDGE('',*,*,#2164,.F.);
#1876=ORIENTED_EDGE('',*,*,#2112,.F.);
#1877=EDGE_CURVE('',#2165,#2166,#2167,.F.);
#1878=EDGE_CURVE('',#2166,#2165,#2168,.T.);
#1879=EDGE_CURVE('',#2169,#2170,#2171,.F.);
#1880=EDGE_CURVE('',#2170,#2172,#2173,.T.);
#1881=EDGE_CURVE('',#2172,#2174,#2175,.T.);
#1882=EDGE_CURVE('',#2174,#2169,#2176,.T.);
#1883=EDGE_CURVE('',#2166,#2177,#2178,.F.);
#1884=EDGE_CURVE('',#2177,#2179,#2180,.F.);
#1885=EDGE_CURVE('',#2179,#2169,#2181,.T.);
#1886=EDGE_CURVE('',#2174,#2182,#2183,.F.);
#1887=EDGE_CURVE('',#2184,#2182,#2185,.T.);
#1888=EDGE_CURVE('',#2184,#2172,#2186,.T.);
#1889=EDGE_CURVE('',#2170,#2187,#2188,.F.);
#1890=EDGE_CURVE('',#2187,#2189,#2190,.F.);
#1891=EDGE_CURVE('',#2189,#2165,#2191,.T.);
#1892=EDGE_CURVE('',#2192,#2192,#2193,.F.);
#1893=EDGE_CURVE('',#2194,#2194,#2195,.F.);
#1894=EDGE_CURVE('',#2196,#2196,#2197,.F.);
#1895=EDGE_CURVE('',#2198,#2198,#2199,.F.);
#1896=EDGE_CURVE('',#2200,#2200,#2201,.F.);
#1897=EDGE_CURVE('',#2202,#2202,#2203,.F.);
#1898=EDGE_CURVE('',#2204,#2204,#2205,.F.);
#1899=EDGE_CURVE('',#2206,#2206,#2207,.F.);
#1900=EDGE_CURVE('',#2208,#2208,#2209,.F.);
#1901=EDGE_CURVE('',#2210,#2210,#2211,.F.);
#1902=EDGE_CURVE('',#2212,#2212,#2213,.F.);
#1903=EDGE_CURVE('',#2214,#2214,#2215,.F.);
#1904=EDGE_CURVE('',#2216,#2216,#2217,.F.);
#1905=EDGE_CURVE('',#2218,#2218,#2219,.F.);
#1906=EDGE_CURVE('',#2220,#2220,#2221,.F.);
#1907=EDGE_CURVE('',#2222,#2222,#2223,.F.);
#1908=EDGE_CURVE('',#2224,#2224,#2225,.F.);
#1909=EDGE_CURVE('',#2226,#2226,#2227,.F.);
#1910=EDGE_CURVE('',#2228,#2228,#2229,.F.);
#1911=EDGE_CURVE('',#2230,#2230,#2231,.F.);
#1912=EDGE_CURVE('',#2232,#2232,#2233,.F.);
#1913=EDGE_CURVE('',#2234,#2234,#2235,.F.);
#1914=EDGE_CURVE('',#2236,#2236,#2237,.F.);
#1915=EDGE_CURVE('',#2238,#2238,#2239,.F.);
#1916=EDGE_CURVE('',#2240,#2240,#2241,.F.);
#1917=EDGE_CURVE('',#2242,#2242,#2243,.F.);
#1918=EDGE_CURVE('',#2244,#2244,#2245,.F.);
#1919=EDGE_CURVE('',#2246,#2246,#2247,.F.);
#1920=EDGE_CURVE('',#2248,#2248,#2249,.F.);
#1921=EDGE_CURVE('',#2250,#2250,#2251,.F.);
#1922=EDGE_CURVE('',#2252,#2252,#2253,.F.);
#1923=EDGE_CURVE('',#2254,#2254,#2255,.F.);
#1924=EDGE_CURVE('',#2256,#2256,#2257,.F.);
#1925=EDGE_CURVE('',#2258,#2258,#2259,.F.);
#1926=EDGE_CURVE('',#2260,#2260,#2261,.F.);
#1927=EDGE_CURVE('',#2262,#2262,#2263,.F.);
#1928=EDGE_CURVE('',#2264,#2264,#2265,.F.);
#1929=EDGE_CURVE('',#2266,#2266,#2267,.F.);
#1930=EDGE_CURVE('',#2268,#2268,#2269,.F.);
#1931=EDGE_CURVE('',#2270,#2270,#2271,.F.);
#1932=EDGE_CURVE('',#2272,#2272,#2273,.F.);
#1933=EDGE_CURVE('',#2274,#2274,#2275,.F.);
#1934=EDGE_CURVE('',#2276,#2276,#2277,.F.);
#1935=EDGE_CURVE('',#2278,#2278,#2279,.F.);
#1936=EDGE_CURVE('',#2280,#2280,#2281,.F.);
#1937=EDGE_CURVE('',#2282,#2282,#2283,.F.);
#1938=EDGE_CURVE('',#2284,#2284,#2285,.F.);
#1939=EDGE_CURVE('',#2286,#2286,#2287,.F.);
#1940=EDGE_CURVE('',#2288,#2288,#2289,.F.);
#1941=EDGE_CURVE('',#2290,#2290,#2291,.F.);
#1942=EDGE_CURVE('',#2292,#2293,#2294,.T.);
#1943=EDGE_CURVE('',#2292,#2295,#2296,.T.);
#1944=EDGE_CURVE('',#2297,#2295,#2298,.F.);
#1945=EDGE_CURVE('',#2297,#2293,#2299,.T.);
#1946=EDGE_CURVE('',#2177,#2189,#2300,.T.);
#1947=EDGE_CURVE('',#2187,#2179,#2301,.T.);
#1948=EDGE_CURVE('',#2182,#2184,#2302,.F.);
#1949=EDGE_CURVE('',#2303,#2303,#2304,.F.);
#1950=EDGE_CURVE('',#2305,#2305,#2306,.T.);
#1951=EDGE_CURVE('',#2307,#2307,#2308,.T.);
#1952=EDGE_CURVE('',#2309,#2309,#2310,.T.);
#1953=EDGE_CURVE('',#2311,#2311,#2312,.T.);
#1954=EDGE_CURVE('',#2313,#2313,#2314,.T.);
#1955=EDGE_CURVE('',#2315,#2315,#2316,.T.);
#1956=EDGE_CURVE('',#2317,#2317,#2318,.T.);
#1957=EDGE_CURVE('',#2319,#2319,#2320,.T.);
#1958=EDGE_CURVE('',#2321,#2321,#2322,.T.);
#1959=EDGE_CURVE('',#2323,#2323,#2324,.T.);
#1960=EDGE_CURVE('',#2325,#2325,#2326,.T.);
#1961=EDGE_CURVE('',#2327,#2327,#2328,.T.);
#1962=EDGE_CURVE('',#2329,#2329,#2330,.T.);
#1963=EDGE_CURVE('',#2331,#2331,#2332,.T.);
#1964=EDGE_CURVE('',#2333,#2333,#2334,.T.);
#1965=EDGE_CURVE('',#2335,#2335,#2336,.T.);
#1966=EDGE_CURVE('',#2337,#2337,#2338,.T.);
#1967=EDGE_CURVE('',#2339,#2339,#2340,.T.);
#1968=EDGE_CURVE('',#2341,#2341,#2342,.T.);
#1969=EDGE_CURVE('',#2343,#2343,#2344,.T.);
#1970=EDGE_CURVE('',#2345,#2345,#2346,.T.);
#1971=EDGE_CURVE('',#2347,#2347,#2348,.T.);
#1972=EDGE_CURVE('',#2349,#2349,#2350,.T.);
#1973=EDGE_CURVE('',#2351,#2351,#2352,.T.);
#1974=EDGE_CURVE('',#2353,#2353,#2354,.T.);
#1975=EDGE_CURVE('',#2355,#2355,#2356,.T.);
#1976=EDGE_CURVE('',#2357,#2357,#2358,.T.);
#1977=EDGE_CURVE('',#2359,#2359,#2360,.T.);
#1978=EDGE_CURVE('',#2361,#2361,#2362,.T.);
#1979=EDGE_CURVE('',#2363,#2363,#2364,.T.);
#1980=EDGE_CURVE('',#2365,#2365,#2366,.T.);
#1981=EDGE_CURVE('',#2367,#2367,#2368,.T.);
#1982=EDGE_CURVE('',#2369,#2369,#2370,.T.);
#1983=EDGE_CURVE('',#2371,#2371,#2372,.T.);
#1984=EDGE_CURVE('',#2373,#2373,#2374,.T.);
#1985=EDGE_CURVE('',#2375,#2375,#2376,.T.);
#1986=EDGE_CURVE('',#2377,#2377,#2378,.T.);
#1987=EDGE_CURVE('',#2379,#2379,#2380,.T.);
#1988=EDGE_CURVE('',#2381,#2381,#2382,.T.);
#1989=EDGE_CURVE('',#2383,#2383,#2384,.T.);
#1990=EDGE_CURVE('',#2385,#2385,#2386,.T.);
#1991=EDGE_CURVE('',#2387,#2387,#2388,.T.);
#1992=EDGE_CURVE('',#2389,#2389,#2390,.T.);
#1993=EDGE_CURVE('',#2391,#2391,#2392,.T.);
#1994=EDGE_CURVE('',#2393,#2393,#2394,.T.);
#1995=EDGE_CURVE('',#2395,#2395,#2396,.T.);
#1996=EDGE_CURVE('',#2397,#2397,#2398,.T.);
#1997=EDGE_CURVE('',#2399,#2399,#2400,.T.);
#1998=EDGE_CURVE('',#2401,#2401,#2402,.T.);
#1999=EDGE_CURVE('',#2403,#2403,#2404,.T.);
#2000=EDGE_CURVE('',#2405,#2406,#2407,.T.);
#2001=EDGE_CURVE('',#2406,#2408,#2409,.T.);
#2002=EDGE_CURVE('',#2408,#2410,#2411,.T.);
#2003=EDGE_CURVE('',#2410,#2412,#2413,.T.);
#2004=EDGE_CURVE('',#2412,#2414,#2415,.T.);
#2005=EDGE_CURVE('',#2414,#2416,#2417,.T.);
#2006=EDGE_CURVE('',#2416,#2418,#2419,.T.);
#2007=EDGE_CURVE('',#2418,#2420,#2421,.T.);
#2008=EDGE_CURVE('',#2420,#2422,#2423,.T.);
#2009=EDGE_CURVE('',#2422,#2424,#2425,.T.);
#2010=EDGE_CURVE('',#2424,#2426,#2427,.T.);
#2011=EDGE_CURVE('',#2426,#2428,#2429,.T.);
#2012=EDGE_CURVE('',#2428,#2430,#2431,.T.);
#2013=EDGE_CURVE('',#2430,#2292,#2432,.T.);
#2014=EDGE_CURVE('',#2293,#2433,#2434,.T.);
#2015=EDGE_CURVE('',#2433,#2435,#2436,.T.);
#2016=EDGE_CURVE('',#2435,#2437,#2438,.T.);
#2017=EDGE_CURVE('',#2437,#2439,#2440,.T.);
#2018=EDGE_CURVE('',#2439,#2441,#2442,.T.);
#2019=EDGE_CURVE('',#2441,#2443,#2444,.T.);
#2020=EDGE_CURVE('',#2443,#2445,#2446,.T.);
#2021=EDGE_CURVE('',#2445,#2447,#2448,.T.);
#2022=EDGE_CURVE('',#2447,#2449,#2450,.T.);
#2023=EDGE_CURVE('',#2449,#2451,#2452,.T.);
#2024=EDGE_CURVE('',#2451,#2453,#2454,.T.);
#2025=EDGE_CURVE('',#2453,#2455,#2456,.T.);
#2026=EDGE_CURVE('',#2455,#2457,#2458,.T.);
#2027=EDGE_CURVE('',#2457,#2459,#2460,.T.);
#2028=EDGE_CURVE('',#2459,#2461,#2462,.T.);
#2029=EDGE_CURVE('',#2461,#2463,#2464,.T.);
#2030=EDGE_CURVE('',#2463,#2465,#2466,.T.);
#2031=EDGE_CURVE('',#2465,#2467,#2468,.T.);
#2032=EDGE_CURVE('',#2467,#2469,#2470,.T.);
#2033=EDGE_CURVE('',#2469,#2471,#2472,.T.);
#2034=EDGE_CURVE('',#2471,#2473,#2474,.T.);
#2035=EDGE_CURVE('',#2473,#2475,#2476,.T.);
#2036=EDGE_CURVE('',#2475,#2477,#2478,.T.);
#2037=EDGE_CURVE('',#2477,#2479,#2480,.T.);
#2038=EDGE_CURVE('',#2479,#2481,#2482,.T.);
#2039=EDGE_CURVE('',#2481,#2483,#2484,.T.);
#2040=EDGE_CURVE('',#2483,#2485,#2486,.T.);
#2041=EDGE_CURVE('',#2485,#2487,#2488,.T.);
#2042=EDGE_CURVE('',#2487,#2489,#2490,.T.);
#2043=EDGE_CURVE('',#2489,#2491,#2492,.T.);
#2044=EDGE_CURVE('',#2491,#2493,#2494,.T.);
#2045=EDGE_CURVE('',#2493,#2495,#2496,.T.);
#2046=EDGE_CURVE('',#2495,#2497,#2498,.T.);
#2047=EDGE_CURVE('',#2497,#2499,#2500,.T.);
#2048=EDGE_CURVE('',#2499,#2501,#2502,.T.);
#2049=EDGE_CURVE('',#2501,#2503,#2504,.T.);
#2050=EDGE_CURVE('',#2503,#2505,#2506,.T.);
#2051=EDGE_CURVE('',#2505,#2507,#2508,.T.);
#2052=EDGE_CURVE('',#2507,#2509,#2510,.T.);
#2053=EDGE_CURVE('',#2509,#2511,#2512,.T.);
#2054=EDGE_CURVE('',#2511,#2405,#2513,.T.);
#2055=EDGE_CURVE('',#2514,#2430,#2515,.T.);
#2056=EDGE_CURVE('',#2295,#2514,#2516,.T.);
#2057=EDGE_CURVE('',#2517,#2518,#2519,.F.);
#2058=EDGE_CURVE('',#2518,#2520,#2521,.F.);
#2059=EDGE_CURVE('',#2520,#2522,#2523,.T.);
#2060=EDGE_CURVE('',#2522,#2524,#2525,.F.);
#2061=EDGE_CURVE('',#2524,#2526,#2527,.F.);
#2062=EDGE_CURVE('',#2526,#2528,#2529,.F.);
#2063=EDGE_CURVE('',#2528,#2530,#2531,.T.);
#2064=EDGE_CURVE('',#2530,#2532,#2533,.F.);
#2065=EDGE_CURVE('',#2532,#2534,#2535,.F.);
#2066=EDGE_CURVE('',#2534,#2536,#2537,.F.);
#2067=EDGE_CURVE('',#2536,#2538,#2539,.T.);
#2068=EDGE_CURVE('',#2538,#2540,#2541,.F.);
#2069=EDGE_CURVE('',#2540,#2542,#2543,.F.);
#2070=EDGE_CURVE('',#2297,#2542,#2544,.T.);
#2071=EDGE_CURVE('',#2514,#2545,#2546,.F.);
#2072=EDGE_CURVE('',#2545,#2547,#2548,.F.);
#2073=EDGE_CURVE('',#2547,#2549,#2550,.T.);
#2074=EDGE_CURVE('',#2549,#2551,#2552,.F.);
#2075=EDGE_CURVE('',#2551,#2553,#2554,.F.);
#2076=EDGE_CURVE('',#2553,#2555,#2556,.F.);
#2077=EDGE_CURVE('',#2555,#2557,#2558,.T.);
#2078=EDGE_CURVE('',#2557,#2559,#2560,.F.);
#2079=EDGE_CURVE('',#2559,#2561,#2562,.F.);
#2080=EDGE_CURVE('',#2561,#2563,#2564,.F.);
#2081=EDGE_CURVE('',#2563,#2565,#2566,.T.);
#2082=EDGE_CURVE('',#2565,#2567,#2568,.F.);
#2083=EDGE_CURVE('',#2567,#2569,#2570,.F.);
#2084=EDGE_CURVE('',#2569,#2571,#2572,.F.);
#2085=EDGE_CURVE('',#2571,#2573,#2574,.T.);
#2086=EDGE_CURVE('',#2573,#2575,#2576,.F.);
#2087=EDGE_CURVE('',#2575,#2577,#2578,.F.);
#2088=EDGE_CURVE('',#2577,#2579,#2580,.F.);
#2089=EDGE_CURVE('',#2579,#2581,#2582,.T.);
#2090=EDGE_CURVE('',#2581,#2583,#2584,.F.);
#2091=EDGE_CURVE('',#2583,#2585,#2586,.F.);
#2092=EDGE_CURVE('',#2585,#2587,#2588,.F.);
#2093=EDGE_CURVE('',#2587,#2589,#2590,.T.);
#2094=EDGE_CURVE('',#2589,#2591,#2592,.F.);
#2095=EDGE_CURVE('',#2591,#2593,#2594,.F.);
#2096=EDGE_CURVE('',#2593,#2595,#2596,.F.);
#2097=EDGE_CURVE('',#2595,#2597,#2598,.T.);
#2098=EDGE_CURVE('',#2597,#2599,#2600,.F.);
#2099=EDGE_CURVE('',#2599,#2601,#2602,.F.);
#2100=EDGE_CURVE('',#2601,#2603,#2604,.F.);
#2101=EDGE_CURVE('',#2603,#2605,#2606,.T.);
#2102=EDGE_CURVE('',#2605,#2607,#2608,.F.);
#2103=EDGE_CURVE('',#2607,#2609,#2610,.F.);
#2104=EDGE_CURVE('',#2609,#2611,#2612,.F.);
#2105=EDGE_CURVE('',#2611,#2613,#2614,.T.);
#2106=EDGE_CURVE('',#2613,#2615,#2616,.F.);
#2107=EDGE_CURVE('',#2615,#2617,#2618,.F.);
#2108=EDGE_CURVE('',#2617,#2619,#2620,.F.);
#2109=EDGE_CURVE('',#2619,#2621,#2622,.T.);
#2110=EDGE_CURVE('',#2621,#2517,#2623,.F.);
#2111=EDGE_CURVE('',#2542,#2433,#2624,.T.);
#2112=EDGE_CURVE('',#2625,#2625,#2626,.F.);
#2113=EDGE_CURVE('',#2567,#2406,#2627,.T.);
#2114=EDGE_CURVE('',#2569,#2405,#2628,.T.);
#2115=EDGE_CURVE('',#2565,#2408,#2629,.T.);
#2116=EDGE_CURVE('',#2563,#2410,#2630,.T.);
#2117=EDGE_CURVE('',#2561,#2412,#2631,.T.);
#2118=EDGE_CURVE('',#2559,#2414,#2632,.T.);
#2119=EDGE_CURVE('',#2557,#2416,#2633,.T.);
#2120=EDGE_CURVE('',#2555,#2418,#2634,.T.);
#2121=EDGE_CURVE('',#2553,#2420,#2635,.T.);
#2122=EDGE_CURVE('',#2551,#2422,#2636,.T.);
#2123=EDGE_CURVE('',#2549,#2424,#2637,.T.);
#2124=EDGE_CURVE('',#2547,#2426,#2638,.T.);
#2125=EDGE_CURVE('',#2545,#2428,#2639,.T.);
#2126=EDGE_CURVE('',#2540,#2435,#2640,.T.);
#2127=EDGE_CURVE('',#2538,#2437,#2641,.T.);
#2128=EDGE_CURVE('',#2536,#2439,#2642,.T.);
#2129=EDGE_CURVE('',#2534,#2441,#2643,.T.);
#2130=EDGE_CURVE('',#2532,#2443,#2644,.T.);
#2131=EDGE_CURVE('',#2530,#2445,#2645,.T.);
#2132=EDGE_CURVE('',#2528,#2447,#2646,.T.);
#2133=EDGE_CURVE('',#2526,#2449,#2647,.T.);
#2134=EDGE_CURVE('',#2524,#2451,#2648,.T.);
#2135=EDGE_CURVE('',#2522,#2453,#2649,.T.);
#2136=EDGE_CURVE('',#2520,#2455,#2650,.T.);
#2137=EDGE_CURVE('',#2518,#2457,#2651,.T.);
#2138=EDGE_CURVE('',#2517,#2459,#2652,.T.);
#2139=EDGE_CURVE('',#2621,#2461,#2653,.T.);
#2140=EDGE_CURVE('',#2619,#2463,#2654,.T.);
#2141=EDGE_CURVE('',#2617,#2465,#2655,.T.);
#2142=EDGE_CURVE('',#2615,#2467,#2656,.T.);
#2143=EDGE_CURVE('',#2613,#2469,#2657,.T.);
#2144=EDGE_CURVE('',#2611,#2471,#2658,.T.);
#2145=EDGE_CURVE('',#2609,#2473,#2659,.T.);
#2146=EDGE_CURVE('',#2607,#2475,#2660,.T.);
#2147=EDGE_CURVE('',#2605,#2477,#2661,.T.);
#2148=EDGE_CURVE('',#2603,#2479,#2662,.T.);
#2149=EDGE_CURVE('',#2601,#2481,#2663,.T.);
#2150=EDGE_CURVE('',#2599,#2483,#2664,.T.);
#2151=EDGE_CURVE('',#2597,#2485,#2665,.T.);
#2152=EDGE_CURVE('',#2595,#2487,#2666,.T.);
#2153=EDGE_CURVE('',#2593,#2489,#2667,.T.);
#2154=EDGE_CURVE('',#2591,#2491,#2668,.T.);
#2155=EDGE_CURVE('',#2589,#2493,#2669,.T.);
#2156=EDGE_CURVE('',#2587,#2495,#2670,.T.);
#2157=EDGE_CURVE('',#2585,#2497,#2671,.T.);
#2158=EDGE_CURVE('',#2583,#2499,#2672,.T.);
#2159=EDGE_CURVE('',#2581,#2501,#2673,.T.);
#2160=EDGE_CURVE('',#2579,#2503,#2674,.T.);
#2161=EDGE_CURVE('',#2577,#2505,#2675,.T.);
#2162=EDGE_CURVE('',#2575,#2507,#2676,.T.);
#2163=EDGE_CURVE('',#2573,#2509,#2677,.T.);
#2164=EDGE_CURVE('',#2571,#2511,#2678,.T.);
#2165=VERTEX_POINT('',#2679);
#2166=VERTEX_POINT('',#2680);
#2167=LINE('',#2681,#2682);
#2168=CIRCLE('',#2684,10.9);
#2169=VERTEX_POINT('',#2688);
#2170=VERTEX_POINT('',#2689);
#2171=LINE('',#2690,#2691);
#2172=VERTEX_POINT('',#2693);
#2173=CIRCLE('',#2694,10.9);
#2174=VERTEX_POINT('',#2698);
#2175=LINE('',#2699,#2700);
#2176=CIRCLE('',#2702,10.9);
#2177=VERTEX_POINT('',#2706);
#2178=LINE('',#2707,#2708);
#2179=VERTEX_POINT('',#2710);
#2180=CIRCLE('',#2711,10.9);
#2181=LINE('',#2715,#2716);
#2182=VERTEX_POINT('',#2718);
#2183=LINE('',#2719,#2720);
#2184=VERTEX_POINT('',#2722);
#2185=CIRCLE('',#2723,10.9);
#2186=LINE('',#2727,#2728);
#2187=VERTEX_POINT('',#2730);
#2188=LINE('',#2731,#2732);
#2189=VERTEX_POINT('',#2734);
#2190=CIRCLE('',#2735,10.9);
#2191=LINE('',#2739,#2740);
#2192=VERTEX_POINT('',#2742);
#2193=B_SPLINE_CURVE_WITH_KNOTS('',3,
(#2743,#2744,#2745,#2746,#2747,#2748,#2749,#2750,#2751,#2752,#2753,#2754,#2755,#2756,
#2757,#2758,#2759,#2760,#2761,#2762,#2763,#2764,#2765,#2766,#2767,#2768,#2769,#2770,
#2771,#2772,#2773,#2774,#2775,#2776,#2777,#2778,#2779,#2780,#2781,#2782,#2783,#2784,
#2785,#2786,#2787,#2788,#2789,#2790,#2791,#2792,#2793,#2794,#2795,#2796,#2797,#2798,
#2799,#2800),
.UNSPECIFIED.,.T.,.F.,
(4,1,1,1,1,1,1,1,1,1,1,1,1,1,1,1,1,1,1,1,1,1,1,1,1,1,1,1,1,1,1,1,1,1,1,1,1,1,1,1,
1,1,1,1,1,1,1,1,1,1,1,1,1,1,1,4),
(0.,0.0109440379241539,0.0253347638598147,0.043859638175536,0.063133549076989,0.0797087520520993,
0.0941089489511046,0.109727286483173,0.132731934037014,0.163310336533984,0.200071611759841,
0.231015844496667,0.254748499181964,0.256389269626293,0.278532609922077,0.302883561693257,
0.327801657263204,0.347214100053259,0.366412733459034,0.384691647813413,0.402249258722886,
0.4226175919048,0.446282541585699,0.468733057252851,0.486444114330171,0.498836941806025,
0.499998774008787,0.510420469843014,0.524001328669094,0.540406010089649,0.561999439466358,
0.582305414752645,0.601309805889309,0.617171427448838,0.633564708554349,0.651383842185937,
0.670106703608848,0.690513482840213,0.711711349265503,0.734642521005186,0.743608146067913,
0.758525894160663,0.782693926818792,0.806196096924095,0.828411014695077,0.849999536455741,
0.869772181009692,0.888342884855707,0.905297207878835,0.921823682746762,0.937138564950578,
0.951649209332967,0.96736758675495,0.980996035897261,0.992539999664232,1.),
.UNSPECIFIED.);
#2194=VERTEX_POINT('',#2801);
#2195=B_SPLINE_CURVE_WITH_KNOTS('',3,
(#2802,#2803,#2804,#2805,#2806,#2807,#2808,#2809,#2810,#2811,#2812,#2813,#2814,#2815,
#2816,#2817,#2818,#2819,#2820,#2821,#2822,#2823,#2824,#2825,#2826,#2827,#2828,#2829,
#2830,#2831,#2832,#2833,#2834,#2835,#2836,#2837,#2838,#2839,#2840,#2841,#2842,#2843,
#2844,#2845,#2846,#2847,#2848,#2849,#2850,#2851,#2852,#2853,#2854,#2855,#2856,#2857,
#2858),
.UNSPECIFIED.,.T.,.F.,
(4,1,1,1,1,1,1,1,1,1,1,1,1,1,1,1,1,1,1,1,1,1,1,1,1,1,1,1,1,1,1,1,1,1,1,1,1,1,1,1,
1,1,1,1,1,1,1,1,1,1,1,1,1,1,4),
(0.,0.0104649372122442,0.0238377375416634,0.0403497641721504,0.0621555546191023,
0.0826730881765429,0.101679168970935,0.117539886210951,0.133930730511998,0.15174252998058,
0.170454632802265,0.190839883500565,0.212008742922071,0.234888860510082,0.243607803234709,
0.258706442672737,0.28282759697843,0.306316292525167,0.32855726357648,0.350177758972061,
0.370002589600742,0.388639539532035,0.405643071079107,0.422187194979467,0.437532351730391,
0.452117397338099,0.465200128050097,0.477524257351727,0.491185177539108,0.499997773913269,
0.506475572645743,0.523503457346702,0.541706708872171,0.562350156850861,0.586799541104474,
0.609828963915003,0.630631888310723,0.654593368687047,0.686114891327644,0.724471411182788,
0.756391301383735,0.763384629537201,0.795614580966835,0.821884393405802,0.841416959538337,
0.860746064948826,0.879165291634649,0.896863176295792,0.913181610062073,0.928830056729444,
0.943587833765887,0.958116694714779,0.972248550013303,0.986215213989735,1.),
.UNSPECIFIED.);
#2196=VERTEX_POINT('',#2859);
#2197=B_SPLINE_CURVE_WITH_KNOTS('',3,
(#2860,#2861,#2862,#2863,#2864,#2865,#2866,#2867,#2868,#2869,#2870,#2871,#2872,#2873,
#2874,#2875,#2876,#2877,#2878,#2879,#2880,#2881,#2882,#2883,#2884,#2885,#2886,#2887,
#2888,#2889,#2890,#2891,#2892,#2893,#2894,#2895,#2896,#2897,#2898,#2899,#2900,#2901,
#2902,#2903,#2904,#2905,#2906,#2907,#2908,#2909,#2910,#2911,#2912,#2913,#2914,#2915,
#2916),
.UNSPECIFIED.,.T.,.F.,
(4,1,1,1,1,1,1,1,1,1,1,1,1,1,1,1,1,1,1,1,1,1,1,1,1,1,1,1,1,1,1,1,1,1,1,1,1,1,1,1,
1,1,1,1,1,1,1,1,1,1,1,1,1,1,4),
(0.,0.0104649372122361,0.0238377375416578,0.0403497641721482,0.0621555546191016,
0.0826730881765482,0.101679168970943,0.11753988621096,0.133930730512014,0.151742529980599,
0.170454632802293,0.190839883500601,0.21200874292212,0.234888860510155,0.243607803234706,
0.258706442672841,0.282827596978559,0.306316292525302,0.3285572635766,0.350177758972163,
0.37000258960082,0.388639539532073,0.405643071079119,0.422187194979465,0.437532351730389,
0.452117397338102,0.465200128050097,0.477524257351726,0.491185177539107,0.499997773913266,
0.506475572645738,0.523503457346697,0.541706708872158,0.562350156850848,0.586799541104453,
0.609828963914969,0.630631888310671,0.654593368686967,0.686114891327534,0.724471411182672,
0.756391301383726,0.763384629537128,0.795614580966808,0.821884393405804,0.841416959538335,
0.860746064948822,0.879165291634648,0.896863176295792,0.913181610062074,0.92883005672944,
0.94358783376588,0.958116694714775,0.972248550013306,0.986215213989737,1.),
.UNSPECIFIED.);
#2198=VERTEX_POINT('',#2917);
#2199=B_SPLINE_CURVE_WITH_KNOTS('',3,
(#2918,#2919,#2920,#2921,#2922,#2923,#2924,#2925,#2926,#2927,#2928,#2929,#2930,#2931,
#2932,#2933,#2934,#2935,#2936,#2937,#2938,#2939,#2940,#2941,#2942,#2943,#2944,#2945,
#2946,#2947,#2948,#2949,#2950,#2951,#2952,#2953,#2954,#2955,#2956,#2957,#2958,#2959,
#2960,#2961,#2962,#2963,#2964,#2965,#2966,#2967,#2968,#2969,#2970,#2971,#2972,#2973,
#2974),
.UNSPECIFIED.,.T.,.F.,
(4,1,1,1,1,1,1,1,1,1,1,1,1,1,1,1,1,1,1,1,1,1,1,1,1,1,1,1,1,1,1,1,1,1,1,1,1,1,1,1,
1,1,1,1,1,1,1,1,1,1,1,1,1,1,4),
(0.,0.0104649372122444,0.0238377375416694,0.0403497641721504,0.0621555546191011,
0.0826730881765491,0.101679168970938,0.117539886210956,0.133930730512007,0.151742529980593,
0.170454632802283,0.190839883500591,0.212008742922105,0.234888860510131,0.243607803234708,
0.258706442672807,0.282827596978518,0.306316292525256,0.328557263576559,0.350177758972129,
0.370002589600797,0.388639539532058,0.405643071079116,0.422187194979463,0.437532351730389,
0.452117397338102,0.465200128050098,0.477524257351729,0.49118517753911,0.499997773913272,
0.506475572645747,0.523503457346705,0.541706708872175,0.562350156850868,0.586799541104488,
0.60982896391503,0.630631888310762,0.654593368687114,0.686114891327723,0.724471411182874,
0.756391301383739,0.763384629537254,0.795614580966854,0.821884393405799,0.841416959538333,
0.860746064948829,0.879165291634651,0.896863176295794,0.913181610062074,0.928830056729445,
0.943587833765885,0.958116694714781,0.972248550013304,0.986215213989738,1.),
.UNSPECIFIED.);
#2200=VERTEX_POINT('',#2975);
#2201=B_SPLINE_CURVE_WITH_KNOTS('',3,
(#2976,#2977,#2978,#2979,#2980,#2981,#2982,#2983,#2984,#2985,#2986,#2987,#2988,#2989,
#2990,#2991,#2992,#2993,#2994,#2995,#2996,#2997,#2998,#2999,#3000,#3001,#3002,#3003,
#3004,#3005,#3006,#3007,#3008,#3009,#3010,#3011,#3012,#3013,#3014,#3015,#3016,#3017,
#3018,#3019,#3020,#3021,#3022,#3023,#3024,#3025,#3026,#3027,#3028,#3029,#3030,#3031,
#3032),
.UNSPECIFIED.,.T.,.F.,
(4,1,1,1,1,1,1,1,1,1,1,1,1,1,1,1,1,1,1,1,1,1,1,1,1,1,1,1,1,1,1,1,1,1,1,1,1,1,1,1,
1,1,1,1,1,1,1,1,1,1,1,1,1,1,4),
(0.,0.0104649372122362,0.0238377375416547,0.0403497641721473,0.0621555546191025,
0.0826730881765481,0.101679168970946,0.117539886210963,0.133930730512015,0.151742529980601,
0.170454632802296,0.1908398835006,0.212008742922122,0.234888860510152,0.24360780323471,
0.258706442672834,0.28282759697855,0.306316292525292,0.328557263576592,0.35017775897216,
0.370002589600817,0.38863953953207,0.405643071079117,0.422187194979464,0.437532351730391,
0.452117397338102,0.465200128050097,0.477524257351727,0.49118517753911,0.499997773913274,
0.506475572645746,0.523503457346704,0.54170670887217,0.562350156850867,0.586799541104479,
0.609828963915013,0.630631888310732,0.654593368687072,0.686114891327669,0.724471411182811,
0.756391301383729,0.76338462953721,0.795614580966841,0.821884393405805,0.841416959538339,
0.860746064948825,0.879165291634651,0.896863176295795,0.913181610062077,0.928830056729444,
0.943587833765882,0.958116694714782,0.972248550013309,0.986215213989741,1.),
.UNSPECIFIED.);
#2202=VERTEX_POINT('',#3033);
#2203=(BOUNDED_CURVE()B_SPLINE_CURVE(3,
(#3034,#3035,#3036,#3037,#3038,#3039,#3040,#3041,#3042,#3043,#3044,#3045,#3046,#3047,
#3048,#3049,#3050,#3051,#3052,#3053,#3054,#3055,#3056,#3057,#3058,#3059,#3060,#3061,
#3062,#3063,#3064,#3065,#3066,#3067,#3068,#3069,#3070,#3071,#3072,#3073,#3074,#3075,
#3076,#3077,#3078,#3079,#3080,#3081,#3082,#3083,#3084,#3085,#3086,#3087,#3088,#3089,
#3090),
.UNSPECIFIED.,.T.,.F.)B_SPLINE_CURVE_WITH_KNOTS((4,1,1,1,1,1,1,1,1,1,1,1,1,1,1,1,
1,1,1,1,1,1,1,1,1,1,1,1,1,1,1,1,1,1,1,1,1,1,1,1,1,1,1,1,1,1,1,1,1,1,1,1,1,1,4),
(0.,0.0104649372122391,0.0238377375416641,0.0403497641721512,0.0621555546191051,
0.0826730881765503,0.101679168970942,0.11753988621096,0.133930730512013,0.151742529980599,
0.170454632802295,0.190839883500601,0.212008742922114,0.234888860510144,0.243607803234704,
0.258706442672832,0.282827596978556,0.306316292525294,0.328557263576593,0.35017775897216,
0.370002589600815,0.388639539532069,0.405643071079115,0.422187194979465,0.437532351730391,
0.452117397338102,0.465200128050102,0.477524257351729,0.491185177539105,0.499997773913268,
0.506475572645742,0.523503457346705,0.541706708872172,0.562350156850864,0.586799541104478,
0.609828963915013,0.63063188831073,0.654593368687062,0.686114891327663,0.724471411182811,
0.756391301383744,0.76338462953722,0.795614580966841,0.821884393405804,0.84141695953834,
0.86074606494883,0.879165291634652,0.896863176295795,0.913181610062074,0.928830056729444,
0.943587833765883,0.958116694714782,0.972248550013305,0.986215213989736,1.),
.UNSPECIFIED.)CURVE()GEOMETRIC_REPRESENTATION_ITEM()RATIONAL_B_SPLINE_CURVE((1.,
1.,1.,1.,1.,1.,1.,1.,1.,1.,1.,1.,1.,1.,1.,1.,1.,1.,1.,1.,1.,1.,1.,1.,1.,1.,1.,1.,
1.,1.,1.,1.,1.,1.,1.,1.,1.,1.,1.,1.,1.,1.,1.,1.,1.,1.,1.,1.,1.,1.,1.,1.,1.,1.,1.,
1.,1.))REPRESENTATION_ITEM(''));
#2204=VERTEX_POINT('',#3091);
#2205=B_SPLINE_CURVE_WITH_KNOTS('',3,
(#3092,#3093,#3094,#3095,#3096,#3097,#3098,#3099,#3100,#3101,#3102,#3103,#3104,#3105,
#3106,#3107,#3108,#3109,#3110,#3111,#3112,#3113,#3114,#3115,#3116,#3117,#3118,#3119,
#3120,#3121,#3122,#3123,#3124,#3125,#3126,#3127,#3128,#3129,#3130,#3131,#3132,#3133,
#3134,#3135,#3136,#3137,#3138,#3139,#3140,#3141,#3142,#3143,#3144,#3145,#3146,#3147,
#3148),
.UNSPECIFIED.,.T.,.F.,
(4,1,1,1,1,1,1,1,1,1,1,1,1,1,1,1,1,1,1,1,1,1,1,1,1,1,1,1,1,1,1,1,1,1,1,1,1,1,1,1,
1,1,1,1,1,1,1,1,1,1,1,1,1,1,4),
(0.,0.0104649372122422,0.0238377375416617,0.040349764172148,0.0621555546190999,0.082673088176546,
0.101679168970941,0.117539886210958,0.133930730512006,0.151742529980595,0.170454632802284,
0.190839883500593,0.212008742922108,0.234888860510133,0.243607803234711,0.258706442672805,
0.282827596978513,0.306316292525253,0.328557263576556,0.350177758972128,0.37000258960079,
0.388639539532059,0.405643071079109,0.422187194979462,0.437532351730388,0.452117397338102,
0.465200128050097,0.477524257351723,0.491185177539109,0.499997773913272,0.506475572645743,
0.523503457346701,0.541706708872173,0.562350156850863,0.586799541104484,0.609828963915017,
0.630631888310734,0.65459336868708,0.686114891327679,0.724471411182825,0.756391301383739,
0.763384629537224,0.795614580966846,0.821884393405803,0.841416959538338,0.860746064948828,
0.879165291634653,0.896863176295795,0.913181610062075,0.928830056729445,0.943587833765885,
0.958116694714782,0.972248550013308,0.986215213989738,1.),
.UNSPECIFIED.);
#2206=VERTEX_POINT('',#3149);
#2207=B_SPLINE_CURVE_WITH_KNOTS('',3,
(#3150,#3151,#3152,#3153,#3154,#3155,#3156,#3157,#3158,#3159,#3160,#3161,#3162,#3163,
#3164,#3165,#3166,#3167,#3168,#3169,#3170,#3171,#3172,#3173,#3174,#3175,#3176,#3177,
#3178,#3179,#3180,#3181,#3182,#3183,#3184,#3185,#3186,#3187,#3188,#3189,#3190,#3191,
#3192,#3193,#3194,#3195,#3196,#3197,#3198,#3199,#3200,#3201,#3202,#3203,#3204,#3205,
#3206),
.UNSPECIFIED.,.T.,.F.,
(4,1,1,1,1,1,1,1,1,1,1,1,1,1,1,1,1,1,1,1,1,1,1,1,1,1,1,1,1,1,1,1,1,1,1,1,1,1,1,1,
1,1,1,1,1,1,1,1,1,1,1,1,1,1,4),
(0.,0.0104649372122451,0.023837737541669,0.0403497641721481,0.0621555546190986,0.0826730881765468,
0.101679168970944,0.11753988621096,0.133930730512011,0.151742529980589,0.170454632802279,
0.190839883500585,0.212008742922098,0.23488886051012,0.243607803234708,0.25870644267279,
0.282827596978494,0.306316292525232,0.328557263576541,0.350177758972115,0.370002589600783,
0.388639539532053,0.405643071079109,0.422187194979467,0.43753235173039,0.452117397338102,
0.465200128050097,0.477524257351729,0.491185177539106,0.499997773913268,0.506475572645739,
0.523503457346703,0.541706708872172,0.562350156850861,0.586799541104474,0.609828963915005,
0.630631888310722,0.654593368687046,0.686114891327638,0.724471411182779,0.756391301383729,
0.763384629537193,0.795614580966833,0.821884393405804,0.841416959538341,0.86074606494883,
0.879165291634653,0.896863176295797,0.913181610062078,0.92883005672945,0.943587833765894,
0.958116694714782,0.972248550013303,0.98621521398974,1.),
.UNSPECIFIED.);
#2208=VERTEX_POINT('',#3207);
#2209=B_SPLINE_CURVE_WITH_KNOTS('',3,
(#3208,#3209,#3210,#3211,#3212,#3213,#3214,#3215,#3216,#3217,#3218,#3219,#3220,#3221,
#3222,#3223,#3224,#3225,#3226,#3227,#3228,#3229,#3230,#3231,#3232,#3233,#3234,#3235,
#3236,#3237,#3238,#3239,#3240,#3241,#3242,#3243,#3244,#3245,#3246,#3247,#3248,#3249,
#3250,#3251,#3252,#3253,#3254,#3255,#3256,#3257,#3258,#3259,#3260,#3261,#3262,#3263,
#3264),
.UNSPECIFIED.,.T.,.F.,
(4,1,1,1,1,1,1,1,1,1,1,1,1,1,1,1,1,1,1,1,1,1,1,1,1,1,1,1,1,1,1,1,1,1,1,1,1,1,1,1,
1,1,1,1,1,1,1,1,1,1,1,1,1,1,4),
(0.,0.0104649372122421,0.0238377375416646,0.0403497641721454,0.0621555546190962,
0.0826730881765433,0.101679168970941,0.117539886210953,0.133930730512006,0.151742529980585,
0.170454632802275,0.19083988350058,0.212008742922095,0.234888860510119,0.243607803234711,
0.25870644267278,0.282827596978478,0.306316292525218,0.32855726357653,0.350177758972104,
0.370002589600776,0.38863953953205,0.405643071079113,0.422187194979469,0.437532351730391,
0.452117397338102,0.465200128050101,0.47752425735173,0.491185177539109,0.49999777391327,
0.506475572645743,0.523503457346701,0.541706708872165,0.562350156850863,0.586799541104471,
0.609828963915,0.630631888310714,0.65459336868703,0.68611489132762,0.724471411182758,
0.75639130138372,0.763384629537173,0.795614580966829,0.821884393405805,0.841416959538338,
0.860746064948825,0.879165291634649,0.896863176295794,0.913181610062075,0.928830056729446,
0.943587833765878,0.958116694714777,0.972248550013303,0.98621521398974,1.),
.UNSPECIFIED.);
#2210=VERTEX_POINT('',#3265);
#2211=(BOUNDED_CURVE()B_SPLINE_CURVE(3,
(#3266,#3267,#3268,#3269,#3270,#3271,#3272,#3273,#3274,#3275,#3276,#3277,#3278,#3279,
#3280,#3281,#3282,#3283,#3284,#3285,#3286,#3287,#3288,#3289,#3290,#3291,#3292,#3293,
#3294,#3295,#3296,#3297,#3298,#3299,#3300,#3301,#3302,#3303,#3304,#3305,#3306,#3307,
#3308,#3309,#3310,#3311,#3312,#3313,#3314,#3315,#3316,#3317,#3318,#3319,#3320,#3321,
#3322),
.UNSPECIFIED.,.T.,.F.)B_SPLINE_CURVE_WITH_KNOTS((4,1,1,1,1,1,1,1,1,1,1,1,1,1,1,1,
1,1,1,1,1,1,1,1,1,1,1,1,1,1,1,1,1,1,1,1,1,1,1,1,1,1,1,1,1,1,1,1,1,1,1,1,1,1,4),
(0.,0.0104649372122369,0.0238377375416591,0.0403497641721433,0.062155554619102,0.0826730881765495,
0.101679168970943,0.117539886210957,0.133930730512012,0.1517425299806,0.170454632802297,
0.190839883500606,0.212008742922129,0.234888860510171,0.243607803234711,0.258706442672856,
0.282827596978572,0.306316292525316,0.328557263576613,0.350177758972177,0.370002589600828,
0.388639539532076,0.405643071079122,0.422187194979465,0.43753235173039,0.452117397338098,
0.465200128050095,0.47752425735172,0.491185177539103,0.499997773913268,0.506475572645734,
0.5235034573467,0.541706708872168,0.562350156850852,0.586799541104457,0.609828963914977,
0.630631888310679,0.654593368686982,0.686114891327552,0.724471411182696,0.756391301383737,
0.763384629537146,0.79561458096681,0.821884393405799,0.841416959538332,0.860746064948822,
0.879165291634647,0.896863176295792,0.913181610062072,0.928830056729443,0.943587833765881,
0.958116694714776,0.972248550013302,0.986215213989738,1.),
.UNSPECIFIED.)CURVE()GEOMETRIC_REPRESENTATION_ITEM()RATIONAL_B_SPLINE_CURVE((1.,
1.,1.,1.,1.,1.,1.,1.,1.,1.,1.,1.,1.,1.,1.,1.,1.,1.,1.,1.,1.,1.,1.,1.,1.,1.,1.,1.,
1.,1.,1.,1.,1.,1.,1.,1.,1.,1.,1.,1.,1.,1.,1.,1.,1.,1.,1.,1.,1.,1.,1.,1.,1.,1.,1.,
1.,1.))REPRESENTATION_ITEM(''));
#2212=VERTEX_POINT('',#3323);
#2213=B_SPLINE_CURVE_WITH_KNOTS('',3,
(#3324,#3325,#3326,#3327,#3328,#3329,#3330,#3331,#3332,#3333,#3334,#3335,#3336,#3337,
#3338,#3339,#3340,#3341,#3342,#3343,#3344,#3345,#3346,#3347,#3348,#3349,#3350,#3351,
#3352,#3353,#3354,#3355,#3356,#3357,#3358,#3359,#3360,#3361,#3362,#3363,#3364,#3365,
#3366,#3367,#3368,#3369,#3370,#3371,#3372,#3373,#3374,#3375,#3376,#3377,#3378,#3379,
#3380),
.UNSPECIFIED.,.T.,.F.,
(4,1,1,1,1,1,1,1,1,1,1,1,1,1,1,1,1,1,1,1,1,1,1,1,1,1,1,1,1,1,1,1,1,1,1,1,1,1,1,1,
1,1,1,1,1,1,1,1,1,1,1,1,1,1,4),
(0.,0.0104649372122498,0.0238377375416663,0.0403497641721588,0.0621555546191125,
0.0826730881765639,0.101679168970957,0.117539886210983,0.13393073051205,0.151742529980657,
0.17045463280237,0.190839883500713,0.212008742922279,0.23488886051038,0.243607803234712,
0.25870644267314,0.28282759697891,0.306316292525664,0.328557263576928,0.350177758972445,
0.370002589601026,0.388639539532186,0.405643071079156,0.422187194979465,0.437532351730386,
0.452117397338101,0.465200128050096,0.47752425735173,0.49118517753911,0.49999777391327,
0.506475572645748,0.523503457346707,0.541706708872174,0.562350156850872,0.586799541104501,
0.609828963915047,0.630631888310781,0.654593368687149,0.68611489132777,0.72447141118293,
0.756391301383762,0.7633846295373,0.795614580966875,0.821884393405801,0.84141695953834,
0.860746064948829,0.879165291634657,0.8968631762958,0.913181610062075,0.928830056729454,
0.94358783376589,0.958116694714785,0.972248550013297,0.986215213989739,1.),
.UNSPECIFIED.);
#2214=VERTEX_POINT('',#3381);
#2215=(BOUNDED_CURVE()B_SPLINE_CURVE(3,
(#3382,#3383,#3384,#3385,#3386,#3387,#3388,#3389,#3390,#3391,#3392,#3393,#3394,#3395,
#3396,#3397,#3398,#3399,#3400,#3401,#3402,#3403,#3404,#3405,#3406,#3407,#3408,#3409,
#3410,#3411,#3412,#3413,#3414,#3415,#3416,#3417,#3418,#3419,#3420,#3421,#3422,#3423,
#3424,#3425,#3426,#3427,#3428,#3429,#3430,#3431,#3432,#3433,#3434),
.UNSPECIFIED.,.T.,.F.)B_SPLINE_CURVE_WITH_KNOTS((4,1,1,1,1,1,1,1,1,1,1,1,1,1,1,1,
1,1,1,1,1,1,1,1,1,1,1,1,1,1,1,1,1,1,1,1,1,1,1,1,1,1,1,1,1,1,1,1,1,1,4),
(0.,0.00948058269420718,0.0234317496429103,0.0387676885623513,0.0554831653590852,
0.0744352514313099,0.0945136287033668,0.115718232365119,0.133368831546647,0.151673587374674,
0.170579723496668,0.189436528339272,0.208099415163262,0.226620584716027,0.248241881348088,
0.249860968729444,0.278116987476938,0.311639524281402,0.346733570382131,0.383000930813781,
0.41391153290406,0.4382979675572,0.459211572587266,0.481751886832336,0.499996330754706,
0.505122612123301,0.524109854481317,0.539888697427817,0.553763528055736,0.568145150550129,
0.58329710865176,0.598715452386858,0.6197251122436,0.64644580288719,0.679409061520907,
0.714453559081266,0.751100727613514,0.751750772446938,0.781720550023505,0.805147465664331,
0.826976019255538,0.848882055889628,0.870866473625363,0.888255885831877,0.906459587161328,
0.92466459287015,0.942054769933303,0.957239711621846,0.971031967138452,0.984826340037078,
1.),
.UNSPECIFIED.)CURVE()GEOMETRIC_REPRESENTATION_ITEM()RATIONAL_B_SPLINE_CURVE((1.,
1.,1.,1.,1.,1.,1.,1.,1.,1.,1.,1.,1.,1.,1.,1.,1.,1.,1.,1.,1.,1.,1.,1.,1.,1.,1.,1.,
1.,1.,1.,1.,1.,1.,1.,1.,1.,1.,1.,1.,1.,1.,1.,1.,1.,1.,1.,1.,1.,1.,1.,1.,1.))REPRESENTATION_ITEM(
''));
#2216=VERTEX_POINT('',#3435);
#2217=B_SPLINE_CURVE_WITH_KNOTS('',3,
(#3436,#3437,#3438,#3439,#3440,#3441,#3442,#3443,#3444,#3445,#3446,#3447,#3448,#3449,
#3450,#3451,#3452,#3453,#3454,#3455,#3456,#3457,#3458,#3459,#3460,#3461,#3462,#3463,
#3464,#3465,#3466,#3467,#3468,#3469,#3470,#3471,#3472,#3473,#3474,#3475,#3476,#3477,
#3478,#3479,#3480,#3481,#3482,#3483,#3484,#3485,#3486,#3487,#3488),
.UNSPECIFIED.,.T.,.F.,
(4,1,1,1,1,1,1,1,1,1,1,1,1,1,1,1,1,1,1,1,1,1,1,1,1,1,1,1,1,1,1,1,1,1,1,1,1,1,1,1,
1,1,1,1,1,1,1,1,1,1,4),
(0.,0.00948058269420818,0.0234317496429121,0.0387676885623559,0.0554831653590904,
0.0744352514313083,0.0945136287033598,0.115718232365122,0.133368831546651,0.151673587374676,
0.170579723496661,0.18943652833927,0.20809941516326,0.226620584716025,0.248241881348086,
0.249860968729442,0.278116987476938,0.3116395242814,0.346733570382129,0.383000930813781,
0.413911532904061,0.438297967557207,0.45921157258727,0.481751886832333,0.499996330754708,
0.505122612123299,0.524109854481319,0.539888697427815,0.553763528055734,0.568145150550127,
0.58329710865176,0.598715452386855,0.619725112243602,0.646445802887188,0.679409061520907,
0.714453559081266,0.75110072761352,0.751750772446938,0.781720550023508,0.805147465664335,
0.826976019255539,0.848882055889627,0.870866473625359,0.888255885831875,0.906459587161327,
0.924664592870152,0.942054769933302,0.957239711621848,0.971031967138456,0.984826340037083,
1.),
.UNSPECIFIED.);
#2218=VERTEX_POINT('',#3489);
#2219=B_SPLINE_CURVE_WITH_KNOTS('',3,
(#3490,#3491,#3492,#3493,#3494,#3495,#3496,#3497,#3498,#3499,#3500,#3501,#3502,#3503,
#3504,#3505,#3506,#3507,#3508,#3509,#3510,#3511,#3512,#3513,#3514,#3515,#3516,#3517,
#3518,#3519,#3520,#3521,#3522,#3523,#3524,#3525,#3526,#3527,#3528,#3529,#3530,#3531,
#3532,#3533,#3534,#3535,#3536,#3537,#3538,#3539,#3540,#3541,#3542),
.UNSPECIFIED.,.T.,.F.,
(4,1,1,1,1,1,1,1,1,1,1,1,1,1,1,1,1,1,1,1,1,1,1,1,1,1,1,1,1,1,1,1,1,1,1,1,1,1,1,1,
1,1,1,1,1,1,1,1,1,1,4),
(0.,0.00948058269420241,0.0234317496429098,0.0387676885623565,0.0554831653590869,
0.0744352514313085,0.0945136287033593,0.11571823236512,0.133368831546648,0.151673587374682,
0.170579723496673,0.18943652833928,0.208099415163272,0.226620584716036,0.248241881348085,
0.249860968729456,0.278116987476953,0.31163952428141,0.34673357038213,0.38300093081378,
0.413911532904059,0.438297967557204,0.459211572587262,0.481751886832327,0.499996330754701,
0.505122612123291,0.524109854481321,0.539888697427814,0.553763528055735,0.568145150550127,
0.583297108651765,0.59871545238686,0.619725112243598,0.646445802887185,0.679409061520906,
0.714453559081267,0.75110072761352,0.751750772446934,0.781720550023505,0.805147465664332,
0.826976019255536,0.848882055889627,0.870866473625364,0.888255885831877,0.906459587161328,
0.924664592870152,0.942054769933307,0.957239711621848,0.971031967138458,0.984826340037085,
1.),
.UNSPECIFIED.);
#2220=VERTEX_POINT('',#3543);
#2221=B_SPLINE_CURVE_WITH_KNOTS('',3,
(#3544,#3545,#3546,#3547,#3548,#3549,#3550,#3551,#3552,#3553,#3554,#3555,#3556,#3557,
#3558,#3559,#3560,#3561,#3562,#3563,#3564,#3565,#3566,#3567,#3568,#3569,#3570,#3571,
#3572,#3573,#3574,#3575,#3576,#3577,#3578,#3579,#3580,#3581,#3582,#3583,#3584,#3585,
#3586,#3587,#3588,#3589,#3590,#3591,#3592,#3593,#3594,#3595,#3596),
.UNSPECIFIED.,.T.,.F.,
(4,1,1,1,1,1,1,1,1,1,1,1,1,1,1,1,1,1,1,1,1,1,1,1,1,1,1,1,1,1,1,1,1,1,1,1,1,1,1,1,
1,1,1,1,1,1,1,1,1,1,4),
(0.,0.00948058269420251,0.0234317496429107,0.0387676885623483,0.0554831653590902,
0.0744352514313161,0.0945136287033646,0.115718232365113,0.133368831546643,0.151673587374669,
0.170579723496653,0.189436528339258,0.208099415163242,0.226620584716002,0.248241881348087,
0.249860968729415,0.278116987476914,0.311639524281388,0.346733570382124,0.383000930813783,
0.413911532904061,0.438297967557204,0.459211572587264,0.48175188683234,0.499996330754703,
0.505122612123294,0.524109854481316,0.539888697427814,0.553763528055729,0.568145150550126,
0.58329710865176,0.598715452386863,0.6197251122436,0.646445802887187,0.679409061520906,
0.714453559081266,0.751100727613517,0.751750772446935,0.781720550023503,0.805147465664336,
0.82697601925554,0.848882055889628,0.870866473625363,0.888255885831879,0.906459587161332,
0.924664592870156,0.942054769933304,0.957239711621847,0.971031967138459,0.984826340037085,
1.),
.UNSPECIFIED.);
#2222=VERTEX_POINT('',#3597);
#2223=B_SPLINE_CURVE_WITH_KNOTS('',3,
(#3598,#3599,#3600,#3601,#3602,#3603,#3604,#3605,#3606,#3607,#3608,#3609,#3610,#3611,
#3612,#3613,#3614,#3615,#3616,#3617,#3618,#3619,#3620,#3621,#3622,#3623,#3624,#3625,
#3626,#3627,#3628,#3629,#3630,#3631,#3632,#3633,#3634,#3635,#3636,#3637,#3638,#3639,
#3640,#3641,#3642,#3643,#3644,#3645,#3646,#3647,#3648,#3649,#3650),
.UNSPECIFIED.,.T.,.F.,
(4,1,1,1,1,1,1,1,1,1,1,1,1,1,1,1,1,1,1,1,1,1,1,1,1,1,1,1,1,1,1,1,1,1,1,1,1,1,1,1,
1,1,1,1,1,1,1,1,1,1,4),
(0.,0.00948058269420808,0.0234317496429126,0.0387676885623558,0.0554831653590971,
0.0744352514313149,0.0945136287033683,0.115718232365123,0.13336883154665,0.15167358737468,
0.170579723496673,0.189436528339277,0.208099415163273,0.226620584716041,0.248241881348088,
0.249860968729462,0.278116987476958,0.311639524281408,0.346733570382126,0.383000930813777,
0.41391153290406,0.438297967557203,0.459211572587263,0.481751886832332,0.499996330754704,
0.505122612123298,0.524109854481319,0.53988869742781,0.553763528055732,0.568145150550124,
0.58329710865176,0.59871545238686,0.619725112243598,0.646445802887188,0.679409061520909,
0.714453559081268,0.751100727613521,0.751750772446935,0.781720550023515,0.805147465664343,
0.826976019255546,0.848882055889637,0.870866473625365,0.888255885831882,0.906459587161329,
0.924664592870151,0.9420547699333,0.957239711621841,0.97103196713845,0.984826340037085,
1.),
.UNSPECIFIED.);
#2224=VERTEX_POINT('',#3651);
#2225=B_SPLINE_CURVE_WITH_KNOTS('',3,
(#3652,#3653,#3654,#3655,#3656,#3657,#3658,#3659,#3660,#3661,#3662,#3663,#3664,#3665,
#3666,#3667,#3668,#3669,#3670,#3671,#3672,#3673,#3674,#3675,#3676,#3677,#3678,#3679,
#3680,#3681,#3682,#3683,#3684,#3685,#3686,#3687,#3688,#3689,#3690,#3691,#3692,#3693,
#3694,#3695,#3696,#3697,#3698,#3699,#3700,#3701,#3702,#3703,#3704),
.UNSPECIFIED.,.T.,.F.,
(4,1,1,1,1,1,1,1,1,1,1,1,1,1,1,1,1,1,1,1,1,1,1,1,1,1,1,1,1,1,1,1,1,1,1,1,1,1,1,1,
1,1,1,1,1,1,1,1,1,1,4),
(0.,0.00948058269420257,0.0234317496429114,0.038767688562353,0.0554831653590876,
0.0744352514313093,0.0945136287033641,0.115718232365124,0.133368831546651,0.151673587374686,
0.170579723496679,0.189436528339286,0.208099415163283,0.226620584716053,0.24824188134809,
0.249860968729481,0.278116987476978,0.311639524281424,0.346733570382139,0.383000930813782,
0.41391153290406,0.438297967557206,0.459211572587265,0.481751886832332,0.499996330754707,
0.505122612123298,0.524109854481322,0.539888697427818,0.553763528055735,0.568145150550135,
0.583297108651767,0.598715452386863,0.619725112243608,0.646445802887194,0.679409061520913,
0.714453559081268,0.75110072761352,0.751750772446935,0.781720550023508,0.805147465664337,
0.82697601925554,0.848882055889628,0.870866473625361,0.888255885831877,0.906459587161329,
0.924664592870148,0.942054769933306,0.957239711621852,0.971031967138459,0.984826340037085,
1.),
.UNSPECIFIED.);
#2226=VERTEX_POINT('',#3705);
#2227=B_SPLINE_CURVE_WITH_KNOTS('',3,
(#3706,#3707,#3708,#3709,#3710,#3711,#3712,#3713,#3714,#3715,#3716,#3717,#3718,#3719,
#3720,#3721,#3722,#3723,#3724,#3725,#3726,#3727,#3728,#3729,#3730,#3731,#3732,#3733,
#3734,#3735,#3736,#3737,#3738,#3739,#3740,#3741,#3742,#3743,#3744,#3745,#3746,#3747,
#3748,#3749,#3750,#3751,#3752,#3753,#3754,#3755,#3756,#3757,#3758),
.UNSPECIFIED.,.T.,.F.,
(4,1,1,1,1,1,1,1,1,1,1,1,1,1,1,1,1,1,1,1,1,1,1,1,1,1,1,1,1,1,1,1,1,1,1,1,1,1,1,1,
1,1,1,1,1,1,1,1,1,1,4),
(0.,0.00948058269420226,0.0234317496429116,0.0387676885623561,0.0554831653590881,
0.0744352514313098,0.0945136287033647,0.115718232365123,0.133368831546644,0.151673587374669,
0.170579723496649,0.189436528339249,0.208099415163231,0.226620584715982,0.248241881348086,
0.249860968729397,0.278116987476896,0.311639524281377,0.346733570382121,0.383000930813783,
0.41391153290406,0.438297967557205,0.45921157258726,0.481751886832324,0.499996330754702,
0.505122612123297,0.524109854481317,0.539888697427815,0.553763528055731,0.568145150550128,
0.583297108651759,0.59871545238685,0.619725112243587,0.646445802887178,0.679409061520901,
0.714453559081261,0.751100727613515,0.751750772446937,0.781720550023499,0.805147465664328,
0.826976019255533,0.848882055889627,0.87086647362536,0.888255885831877,0.906459587161329,
0.924664592870149,0.942054769933296,0.957239711621838,0.971031967138449,0.984826340037079,
1.),
.UNSPECIFIED.);
#2228=VERTEX_POINT('',#3759);
#2229=B_SPLINE_CURVE_WITH_KNOTS('',3,
(#3760,#3761,#3762,#3763,#3764,#3765,#3766,#3767,#3768,#3769,#3770,#3771,#3772,#3773,
#3774,#3775,#3776,#3777,#3778,#3779,#3780,#3781,#3782,#3783,#3784,#3785,#3786,#3787,
#3788,#3789,#3790,#3791,#3792,#3793,#3794,#3795,#3796,#3797,#3798,#3799,#3800,#3801,
#3802,#3803,#3804,#3805,#3806,#3807,#3808,#3809,#3810,#3811,#3812),
.UNSPECIFIED.,.T.,.F.,
(4,1,1,1,1,1,1,1,1,1,1,1,1,1,1,1,1,1,1,1,1,1,1,1,1,1,1,1,1,1,1,1,1,1,1,1,1,1,1,1,
1,1,1,1,1,1,1,1,1,1,4),
(0.,0.00948058269420919,0.0234317496429116,0.0387676885623477,0.0554831653590895,
0.0744352514313143,0.094513628703367,0.115718232365122,0.133368831546639,0.151673587374666,
0.170579723496648,0.189436528339245,0.208099415163229,0.226620584715979,0.248241881348086,
0.249860968729393,0.278116987476894,0.311639524281377,0.346733570382116,0.383000930813782,
0.413911532904058,0.438297967557199,0.459211572587263,0.481751886832333,0.499996330754708,
0.505122612123294,0.52410985448132,0.539888697427814,0.553763528055738,0.568145150550129,
0.58329710865176,0.598715452386858,0.619725112243604,0.646445802887189,0.679409061520909,
0.714453559081269,0.751100727613525,0.751750772446936,0.781720550023516,0.805147465664346,
0.826976019255546,0.848882055889636,0.870866473625367,0.888255885831877,0.906459587161328,
0.924664592870154,0.942054769933303,0.957239711621846,0.971031967138451,0.984826340037078,
1.),
.UNSPECIFIED.);
#2230=VERTEX_POINT('',#3813);
#2231=B_SPLINE_CURVE_WITH_KNOTS('',3,
(#3814,#3815,#3816,#3817,#3818,#3819,#3820,#3821,#3822,#3823,#3824,#3825,#3826,#3827,
#3828,#3829,#3830,#3831,#3832,#3833,#3834,#3835,#3836,#3837,#3838,#3839,#3840,#3841,
#3842,#3843,#3844,#3845,#3846,#3847,#3848,#3849,#3850,#3851,#3852,#3853,#3854,#3855,
#3856,#3857,#3858,#3859,#3860,#3861,#3862,#3863,#3864,#3865,#3866),
.UNSPECIFIED.,.T.,.F.,
(4,1,1,1,1,1,1,1,1,1,1,1,1,1,1,1,1,1,1,1,1,1,1,1,1,1,1,1,1,1,1,1,1,1,1,1,1,1,1,1,
1,1,1,1,1,1,1,1,1,1,4),
(0.,0.00948058269420182,0.0234317496429112,0.0387676885623504,0.0554831653590845,
0.0744352514313082,0.0945136287033637,0.115718232365121,0.133368831546647,0.151673587374677,
0.170579723496663,0.189436528339267,0.208099415163253,0.226620584716015,0.248241881348086,
0.249860968729432,0.278116987476933,0.311639524281397,0.346733570382128,0.38300093081378,
0.413911532904052,0.438297967557202,0.459211572587262,0.481751886832329,0.499996330754701,
0.505122612123294,0.52410985448132,0.539888697427816,0.553763528055736,0.568145150550132,
0.583297108651759,0.598715452386855,0.619725112243604,0.646445802887191,0.679409061520911,
0.71445355908127,0.751100727613526,0.751750772446937,0.781720550023518,0.805147465664349,
0.826976019255552,0.848882055889638,0.870866473625368,0.888255885831881,0.90645958716133,
0.924664592870151,0.9420547699333,0.957239711621843,0.971031967138455,0.984826340037083,
1.),
.UNSPECIFIED.);
#2232=VERTEX_POINT('',#3867);
#2233=B_SPLINE_CURVE_WITH_KNOTS('',3,
(#3868,#3869,#3870,#3871,#3872,#3873,#3874,#3875,#3876,#3877,#3878,#3879,#3880,#3881,
#3882,#3883,#3884,#3885,#3886,#3887,#3888,#3889,#3890,#3891,#3892,#3893,#3894,#3895,
#3896,#3897,#3898,#3899,#3900,#3901,#3902,#3903,#3904,#3905,#3906,#3907,#3908,#3909,
#3910,#3911,#3912,#3913,#3914,#3915,#3916,#3917,#3918,#3919,#3920),
.UNSPECIFIED.,.T.,.F.,
(4,1,1,1,1,1,1,1,1,1,1,1,1,1,1,1,1,1,1,1,1,1,1,1,1,1,1,1,1,1,1,1,1,1,1,1,1,1,1,1,
1,1,1,1,1,1,1,1,1,1,4),
(0.,0.00948058269419663,0.0234317496429076,0.0387676885623478,0.0554831653590966,
0.0744352514313195,0.0945136287033734,0.115718232365129,0.133368831546654,0.151673587374686,
0.170579723496677,0.189436528339291,0.208099415163283,0.226620584716059,0.248241881348086,
0.249860968729483,0.278116987476983,0.311639524281424,0.346733570382141,0.383000930813781,
0.413911532904064,0.4382979675572,0.459211572587258,0.48175188683233,0.4999963307547,
0.505122612123291,0.524109854481317,0.539888697427825,0.553763528055738,0.568145150550117,
0.583297108651752,0.598715452386848,0.619725112243597,0.646445802887181,0.679409061520901,
0.714453559081264,0.751100727613515,0.751750772446938,0.781720550023505,0.80514746566433,
0.826976019255537,0.848882055889626,0.87086647362536,0.888255885831872,0.906459587161326,
0.924664592870151,0.942054769933304,0.957239711621846,0.971031967138448,0.984826340037076,
1.),
.UNSPECIFIED.);
#2234=VERTEX_POINT('',#3921);
#2235=B_SPLINE_CURVE_WITH_KNOTS('',3,
(#3922,#3923,#3924,#3925,#3926,#3927,#3928,#3929,#3930,#3931,#3932,#3933,#3934,#3935,
#3936,#3937,#3938,#3939,#3940,#3941,#3942,#3943,#3944,#3945,#3946,#3947,#3948,#3949,
#3950,#3951,#3952,#3953,#3954,#3955,#3956,#3957,#3958,#3959,#3960,#3961,#3962,#3963,
#3964,#3965,#3966,#3967,#3968,#3969,#3970,#3971,#3972,#3973,#3974,#3975,#3976,#3977,
#3978,#3979,#3980,#3981,#3982,#3983,#3984,#3985),
.UNSPECIFIED.,.T.,.F.,
(4,1,1,1,1,1,1,1,1,1,1,1,1,1,1,1,1,1,1,1,1,1,1,1,1,1,1,1,1,1,1,1,1,1,1,1,1,1,1,1,
1,1,1,1,1,1,1,1,1,1,1,1,1,1,1,1,1,1,1,1,1,4),
(0.,0.0107469467527793,0.0222175199019579,0.0344266397049936,0.0523750679620196,
0.0760955348468954,0.101156545766486,0.122551150518975,0.139414247892819,0.156169697187425,
0.1717083330311,0.186138608864523,0.201698733629789,0.215626061877617,0.22790577192222,
0.24018310515642,0.249998219961408,0.256319432365818,0.277368122998255,0.298413275713137,
0.319455403398584,0.337223746415643,0.352766131855105,0.367188865992128,0.382720502933381,
0.400464674761363,0.419312042893429,0.439255456336721,0.459192246417778,0.478509459732233,
0.497213222924392,0.499995160306128,0.514690547230221,0.53155422260822,0.546815228619845,
0.561090228703414,0.580032305750463,0.600200486005003,0.621594470397773,0.63845712276734,
0.655212209508893,0.670750751715035,0.685181117259815,0.700741891710751,0.714722750241979,
0.727109164317223,0.739491693317859,0.749993710935984,0.755680122142396,0.776622096792149,
0.79756092685769,0.818497322091247,0.836265804375208,0.851808415020054,0.866231404069146,
0.88176327113317,0.899508030659274,0.918356409406533,0.941550532375938,0.964950143730519,
0.98551924496313,1.),
.UNSPECIFIED.);
#2236=VERTEX_POINT('',#3986);
#2237=B_SPLINE_CURVE_WITH_KNOTS('',3,
(#3987,#3988,#3989,#3990,#3991,#3992,#3993,#3994,#3995,#3996,#3997,#3998,#3999,#4000,
#4001,#4002,#4003,#4004,#4005,#4006,#4007,#4008,#4009,#4010,#4011,#4012,#4013,#4014,
#4015,#4016,#4017,#4018,#4019,#4020,#4021,#4022,#4023,#4024,#4025,#4026,#4027,#4028,
#4029,#4030,#4031,#4032,#4033,#4034,#4035,#4036,#4037,#4038,#4039,#4040,#4041,#4042,
#4043,#4044,#4045,#4046,#4047,#4048,#4049,#4050),
.UNSPECIFIED.,.T.,.F.,
(4,1,1,1,1,1,1,1,1,1,1,1,1,1,1,1,1,1,1,1,1,1,1,1,1,1,1,1,1,1,1,1,1,1,1,1,1,1,1,1,
1,1,1,1,1,1,1,1,1,1,1,1,1,1,1,1,1,1,1,1,1,4),
(0.,0.0107469467527797,0.0222175199019546,0.0344266397049907,0.0523750679620086,
0.0760955348468925,0.101156545766485,0.122551150518978,0.139414247892824,0.156169697187429,
0.171708333031099,0.186138608864521,0.20169873362979,0.215626061877616,0.227905771922218,
0.240183105156419,0.249998219961408,0.256319432365818,0.277368122998256,0.298413275713137,
0.319455403398584,0.337223746415644,0.352766131855104,0.367188865992131,0.382720502933382,
0.400464674761362,0.419312042893426,0.439255456336723,0.45919224641778,0.478509459732238,
0.497213222924392,0.499995160306122,0.514690547230225,0.531554222608222,0.546815228619851,
0.561090228703417,0.580032305750466,0.600200486005004,0.621594470397777,0.638457122767346,
0.655212209508898,0.670750751715038,0.685181117259817,0.700741891710753,0.714722750241982,
0.727109164317223,0.739491693317859,0.749993710935984,0.755680122142397,0.776622096792149,
0.797560926857691,0.818497322091247,0.836265804375205,0.851808415020053,0.866231404069144,
0.881763271133171,0.89950803065928,0.918356409406536,0.941550532375943,0.964950143730522,
0.985519244963138,1.),
.UNSPECIFIED.);
#2238=VERTEX_POINT('',#4051);
#2239=B_SPLINE_CURVE_WITH_KNOTS('',3,
(#4052,#4053,#4054,#4055,#4056,#4057,#4058,#4059,#4060,#4061,#4062,#4063,#4064,#4065,
#4066,#4067,#4068,#4069,#4070,#4071,#4072,#4073,#4074,#4075,#4076,#4077,#4078,#4079,
#4080,#4081,#4082,#4083,#4084,#4085,#4086,#4087,#4088,#4089,#4090,#4091,#4092,#4093,
#4094,#4095,#4096,#4097,#4098,#4099,#4100,#4101,#4102,#4103,#4104,#4105,#4106,#4107,
#4108,#4109,#4110,#4111,#4112,#4113,#4114,#4115),
.UNSPECIFIED.,.T.,.F.,
(4,1,1,1,1,1,1,1,1,1,1,1,1,1,1,1,1,1,1,1,1,1,1,1,1,1,1,1,1,1,1,1,1,1,1,1,1,1,1,1,
1,1,1,1,1,1,1,1,1,1,1,1,1,1,1,1,1,1,1,1,1,4),
(0.,0.0107469467527774,0.0222175199019586,0.0344266397050004,0.0523750679620161,
0.0760955348468929,0.101156545766488,0.12255115051898,0.139414247892824,0.156169697187423,
0.171708333031096,0.186138608864519,0.201698733629787,0.215626061877615,0.227905771922217,
0.240183105156419,0.249998219961407,0.256319432365819,0.277368122998257,0.298413275713136,
0.319455403398584,0.337223746415643,0.352766131855104,0.367188865992124,0.382720502933378,
0.400464674761361,0.419312042893431,0.439255456336722,0.45919224641778,0.478509459732236,
0.497213222924395,0.499995160306124,0.514690547230224,0.531554222608225,0.546815228619849,
0.56109022870342,0.580032305750465,0.600200486005003,0.621594470397772,0.638457122767339,
0.655212209508893,0.670750751715036,0.685181117259817,0.700741891710754,0.714722750241981,
0.727109164317223,0.739491693317858,0.749993710935982,0.755680122142393,0.776622096792149,
0.797560926857689,0.818497322091247,0.836265804375207,0.851808415020057,0.866231404069146,
0.881763271133168,0.899508030659275,0.91835640940653,0.941550532375935,0.964950143730515,
0.985519244963133,1.),
.UNSPECIFIED.);
#2240=VERTEX_POINT('',#4116);
#2241=B_SPLINE_CURVE_WITH_KNOTS('',3,
(#4117,#4118,#4119,#4120,#4121,#4122,#4123,#4124,#4125,#4126,#4127,#4128,#4129,#4130,
#4131,#4132,#4133,#4134,#4135,#4136,#4137,#4138,#4139,#4140,#4141,#4142,#4143,#4144,
#4145,#4146,#4147,#4148,#4149,#4150,#4151,#4152,#4153,#4154,#4155,#4156,#4157,#4158,
#4159,#4160,#4161,#4162,#4163,#4164,#4165,#4166,#4167,#4168,#4169,#4170,#4171,#4172,
#4173,#4174,#4175,#4176,#4177,#4178,#4179,#4180),
.UNSPECIFIED.,.T.,.F.,
(4,1,1,1,1,1,1,1,1,1,1,1,1,1,1,1,1,1,1,1,1,1,1,1,1,1,1,1,1,1,1,1,1,1,1,1,1,1,1,1,
1,1,1,1,1,1,1,1,1,1,1,1,1,1,1,1,1,1,1,1,1,4),
(0.,0.0107469467527727,0.022217519901953,0.0344266397049932,0.0523750679620223,0.0760955348468928,
0.101156545766485,0.122551150518976,0.139414247892821,0.156169697187429,0.171708333031105,
0.186138608864525,0.201698733629789,0.215626061877615,0.227905771922219,0.240183105156422,
0.249998219961407,0.256319432365819,0.277368122998256,0.298413275713137,0.319455403398584,
0.337223746415643,0.352766131855104,0.367188865992131,0.38272050293338,0.400464674761362,
0.419312042893432,0.439255456336724,0.459192246417778,0.478509459732235,0.497213222924388,
0.499995160306127,0.514690547230224,0.531554222608219,0.546815228619848,0.561090228703412,
0.580032305750462,0.600200486005001,0.621594470397778,0.638457122767339,0.655212209508893,
0.670750751715036,0.685181117259817,0.700741891710755,0.714722750241983,0.727109164317221,
0.739491693317859,0.749993710935984,0.755680122142397,0.77662209679215,0.79756092685769,
0.818497322091247,0.836265804375209,0.851808415020056,0.866231404069142,0.881763271133164,
0.899508030659272,0.91835640940653,0.94155053237594,0.964950143730525,0.985519244963138,
1.),
.UNSPECIFIED.);
#2242=VERTEX_POINT('',#4181);
#2243=B_SPLINE_CURVE_WITH_KNOTS('',3,
(#4182,#4183,#4184,#4185,#4186,#4187,#4188,#4189,#4190,#4191,#4192,#4193,#4194,#4195,
#4196,#4197,#4198,#4199,#4200,#4201,#4202,#4203,#4204,#4205,#4206,#4207,#4208,#4209,
#4210,#4211,#4212,#4213,#4214,#4215,#4216,#4217,#4218,#4219,#4220,#4221,#4222,#4223,
#4224,#4225,#4226,#4227,#4228,#4229,#4230,#4231,#4232,#4233,#4234,#4235,#4236,#4237,
#4238,#4239,#4240,#4241,#4242,#4243,#4244,#4245),
.UNSPECIFIED.,.T.,.F.,
(4,1,1,1,1,1,1,1,1,1,1,1,1,1,1,1,1,1,1,1,1,1,1,1,1,1,1,1,1,1,1,1,1,1,1,1,1,1,1,1,
1,1,1,1,1,1,1,1,1,1,1,1,1,1,1,1,1,1,1,1,1,4),
(0.,0.01074694675278,0.0222175199019587,0.0344266397049974,0.0523750679620221,0.0760955348468958,
0.101156545766491,0.122551150518981,0.139414247892823,0.156169697187426,0.171708333031095,
0.186138608864519,0.201698733629789,0.215626061877614,0.227905771922216,0.240183105156419,
0.249998219961408,0.256319432365818,0.277368122998256,0.298413275713137,0.319455403398584,
0.337223746415644,0.352766131855104,0.367188865992127,0.382720502933381,0.400464674761364,
0.419312042893432,0.439255456336725,0.459192246417778,0.478509459732236,0.497213222924399,
0.499995160306127,0.514690547230229,0.531554222608229,0.546815228619848,0.56109022870341,
0.580032305750463,0.600200486005,0.62159447039777,0.638457122767342,0.655212209508894,
0.670750751715036,0.685181117259815,0.700741891710754,0.714722750241982,0.727109164317224,
0.73949169331786,0.749993710935983,0.755680122142397,0.776622096792149,0.797560926857689,
0.818497322091247,0.836265804375207,0.851808415020056,0.866231404069138,0.881763271133165,
0.899508030659278,0.918356409406536,0.941550532375936,0.964950143730526,0.985519244963139,
1.),
.UNSPECIFIED.);
#2244=VERTEX_POINT('',#4246);
#2245=B_SPLINE_CURVE_WITH_KNOTS('',3,
(#4247,#4248,#4249,#4250,#4251,#4252,#4253,#4254,#4255,#4256,#4257,#4258,#4259,#4260,
#4261,#4262,#4263,#4264,#4265,#4266,#4267,#4268,#4269,#4270,#4271,#4272,#4273,#4274,
#4275,#4276,#4277,#4278,#4279,#4280,#4281,#4282,#4283,#4284,#4285,#4286,#4287,#4288,
#4289,#4290,#4291,#4292,#4293,#4294,#4295,#4296,#4297,#4298,#4299,#4300,#4301,#4302,
#4303,#4304,#4305,#4306,#4307,#4308,#4309,#4310),
.UNSPECIFIED.,.T.,.F.,
(4,1,1,1,1,1,1,1,1,1,1,1,1,1,1,1,1,1,1,1,1,1,1,1,1,1,1,1,1,1,1,1,1,1,1,1,1,1,1,1,
1,1,1,1,1,1,1,1,1,1,1,1,1,1,1,1,1,1,1,1,1,4),
(0.,0.0107469467527798,0.0222175199019579,0.0344266397049932,0.0523750679620176,
0.0760955348468976,0.101156545766489,0.122551150518981,0.139414247892826,0.156169697187428,
0.1717083330311,0.186138608864522,0.20169873362979,0.215626061877616,0.227905771922221,
0.240183105156421,0.249998219961407,0.256319432365819,0.277368122998255,0.298413275713136,
0.319455403398584,0.337223746415643,0.352766131855103,0.367188865992128,0.382720502933381,
0.400464674761361,0.419312042893432,0.439255456336725,0.459192246417776,0.478509459732236,
0.497213222924395,0.499995160306127,0.514690547230224,0.531554222608221,0.546815228619847,
0.561090228703418,0.580032305750467,0.600200486004999,0.621594470397772,0.638457122767342,
0.655212209508893,0.670750751715035,0.685181117259818,0.700741891710753,0.714722750241981,
0.727109164317224,0.73949169331786,0.749993710935985,0.755680122142397,0.776622096792152,
0.797560926857691,0.818497322091247,0.836265804375207,0.851808415020056,0.866231404069142,
0.881763271133168,0.899508030659279,0.918356409406536,0.941550532375936,0.964950143730519,
0.985519244963134,1.),
.UNSPECIFIED.);
#2246=VERTEX_POINT('',#4311);
#2247=B_SPLINE_CURVE_WITH_KNOTS('',3,
(#4312,#4313,#4314,#4315,#4316,#4317,#4318,#4319,#4320,#4321,#4322,#4323,#4324,#4325,
#4326,#4327,#4328,#4329,#4330,#4331,#4332,#4333,#4334,#4335,#4336,#4337,#4338,#4339,
#4340,#4341,#4342,#4343,#4344,#4345,#4346,#4347,#4348,#4349,#4350,#4351,#4352,#4353,
#4354,#4355,#4356,#4357,#4358,#4359,#4360,#4361,#4362,#4363,#4364,#4365,#4366,#4367,
#4368,#4369,#4370,#4371,#4372,#4373,#4374,#4375),
.UNSPECIFIED.,.T.,.F.,
(4,1,1,1,1,1,1,1,1,1,1,1,1,1,1,1,1,1,1,1,1,1,1,1,1,1,1,1,1,1,1,1,1,1,1,1,1,1,1,1,
1,1,1,1,1,1,1,1,1,1,1,1,1,1,1,1,1,1,1,1,1,4),
(0.,0.01074694675278,0.0222175199019594,0.0344266397049949,0.052375067962016,0.0760955348468906,
0.101156545766486,0.122551150518974,0.139414247892815,0.156169697187423,0.171708333031093,
0.186138608864516,0.201698733629786,0.215626061877613,0.227905771922219,0.240183105156421,
0.249998219961408,0.25631943236582,0.277368122998257,0.298413275713136,0.319455403398584,
0.337223746415644,0.352766131855102,0.36718886599213,0.38272050293338,0.400464674761362,
0.41931204289343,0.439255456336722,0.45919224641778,0.478509459732234,0.497213222924388,
0.499995160306122,0.514690547230219,0.531554222608213,0.546815228619846,0.561090228703412,
0.58003230575046,0.600200486004998,0.621594470397768,0.638457122767344,0.655212209508893,
0.670750751715034,0.685181117259816,0.700741891710754,0.714722750241981,0.727109164317224,
0.739491693317858,0.749993710935984,0.755680122142393,0.77662209679215,0.79756092685769,
0.818497322091247,0.836265804375206,0.851808415020054,0.866231404069142,0.881763271133167,
0.899508030659279,0.918356409406525,0.941550532375936,0.96495014373052,0.985519244963138,
1.),
.UNSPECIFIED.);
#2248=VERTEX_POINT('',#4376);
#2249=B_SPLINE_CURVE_WITH_KNOTS('',3,
(#4377,#4378,#4379,#4380,#4381,#4382,#4383,#4384,#4385,#4386,#4387,#4388,#4389,#4390,
#4391,#4392,#4393,#4394,#4395,#4396,#4397,#4398,#4399,#4400,#4401,#4402,#4403,#4404,
#4405,#4406,#4407,#4408,#4409,#4410,#4411,#4412,#4413,#4414,#4415,#4416,#4417,#4418,
#4419,#4420,#4421,#4422,#4423,#4424,#4425,#4426,#4427,#4428,#4429,#4430,#4431,#4432,
#4433,#4434,#4435,#4436,#4437,#4438,#4439,#4440),
.UNSPECIFIED.,.T.,.F.,
(4,1,1,1,1,1,1,1,1,1,1,1,1,1,1,1,1,1,1,1,1,1,1,1,1,1,1,1,1,1,1,1,1,1,1,1,1,1,1,1,
1,1,1,1,1,1,1,1,1,1,1,1,1,1,1,1,1,1,1,1,1,4),
(0.,0.01074694675278,0.022217519901964,0.0344266397050012,0.0523750679620095,0.0760955348468923,
0.10115654576649,0.122551150518976,0.139414247892817,0.156169697187423,0.171708333031098,
0.186138608864521,0.201698733629788,0.215626061877615,0.227905771922219,0.24018310515642,
0.249998219961407,0.256319432365817,0.277368122998254,0.298413275713136,0.319455403398584,
0.337223746415643,0.352766131855106,0.367188865992124,0.382720502933378,0.400464674761359,
0.419312042893424,0.439255456336715,0.459192246417774,0.478509459732235,0.497213222924394,
0.499995160306134,0.514690547230233,0.531554222608223,0.546815228619852,0.561090228703415,
0.580032305750463,0.600200486004999,0.62159447039777,0.638457122767341,0.655212209508894,
0.670750751715033,0.685181117259815,0.700741891710751,0.714722750241979,0.727109164317224,
0.739491693317858,0.749993710935984,0.755680122142395,0.77662209679215,0.79756092685769,
0.818497322091248,0.836265804375207,0.85180841502005,0.866231404069138,0.881763271133162,
0.899508030659273,0.918356409406529,0.941550532375935,0.964950143730524,0.985519244963139,
1.),
.UNSPECIFIED.);
#2250=VERTEX_POINT('',#4441);
#2251=B_SPLINE_CURVE_WITH_KNOTS('',3,
(#4442,#4443,#4444,#4445,#4446,#4447,#4448,#4449,#4450,#4451,#4452,#4453,#4454,#4455,
#4456,#4457,#4458,#4459,#4460,#4461,#4462,#4463,#4464,#4465,#4466,#4467,#4468,#4469,
#4470,#4471,#4472,#4473,#4474,#4475,#4476,#4477,#4478,#4479,#4480,#4481,#4482,#4483,
#4484,#4485,#4486,#4487,#4488,#4489,#4490,#4491,#4492,#4493,#4494,#4495,#4496,#4497,
#4498,#4499,#4500,#4501,#4502,#4503,#4504,#4505),
.UNSPECIFIED.,.T.,.F.,
(4,1,1,1,1,1,1,1,1,1,1,1,1,1,1,1,1,1,1,1,1,1,1,1,1,1,1,1,1,1,1,1,1,1,1,1,1,1,1,1,
1,1,1,1,1,1,1,1,1,1,1,1,1,1,1,1,1,1,1,1,1,4),
(0.,0.010746946752783,0.0222175199019503,0.034426639704982,0.052375067962012,0.0760955348468977,
0.101156545766485,0.122551150518982,0.139414247892827,0.15616969718743,0.171708333031101,
0.186138608864525,0.201698733629791,0.215626061877616,0.227905771922222,0.240183105156421,
0.249998219961408,0.25631943236582,0.277368122998256,0.298413275713136,0.319455403398584,
0.337223746415643,0.352766131855102,0.367188865992124,0.382720502933378,0.400464674761364,
0.41931204289343,0.439255456336724,0.45919224641778,0.478509459732232,0.497213222924389,
0.499995160306127,0.514690547230217,0.531554222608221,0.546815228619851,0.561090228703415,
0.580032305750459,0.600200486004998,0.621594470397778,0.638457122767338,0.655212209508893,
0.67075075171503,0.685181117259812,0.700741891710755,0.714722750241981,0.727109164317223,
0.739491693317857,0.749993710935982,0.755680122142397,0.776622096792149,0.797560926857689,
0.818497322091246,0.836265804375208,0.851808415020052,0.866231404069144,0.881763271133168,
0.899508030659275,0.91835640940653,0.941550532375934,0.964950143730527,0.985519244963131,
1.),
.UNSPECIFIED.);
#2252=VERTEX_POINT('',#4506);
#2253=B_SPLINE_CURVE_WITH_KNOTS('',3,
(#4507,#4508,#4509,#4510,#4511,#4512,#4513,#4514,#4515,#4516,#4517,#4518,#4519,#4520,
#4521,#4522,#4523,#4524,#4525,#4526,#4527,#4528,#4529,#4530,#4531,#4532,#4533,#4534,
#4535,#4536,#4537,#4538,#4539,#4540,#4541,#4542,#4543,#4544,#4545,#4546,#4547,#4548,
#4549,#4550,#4551,#4552,#4553,#4554,#4555,#4556,#4557,#4558,#4559,#4560,#4561,#4562,
#4563,#4564,#4565,#4566,#4567,#4568,#4569,#4570),
.UNSPECIFIED.,.T.,.F.,
(4,1,1,1,1,1,1,1,1,1,1,1,1,1,1,1,1,1,1,1,1,1,1,1,1,1,1,1,1,1,1,1,1,1,1,1,1,1,1,1,
1,1,1,1,1,1,1,1,1,1,1,1,1,1,1,1,1,1,1,1,1,4),
(0.,0.0107469467527812,0.02221751990195,0.0344266397049918,0.0523750679620228,0.0760955348468974,
0.101156545766483,0.122551150518988,0.139414247892827,0.156169697187433,0.171708333031107,
0.186138608864524,0.201698733629787,0.215626061877615,0.227905771922218,0.240183105156419,
0.249998219961408,0.256319432365818,0.277368122998256,0.298413275713138,0.319455403398584,
0.337223746415643,0.352766131855105,0.367188865992125,0.382720502933387,0.400464674761368,
0.419312042893438,0.439255456336723,0.459192246417786,0.478509459732232,0.497213222924387,
0.499995160306126,0.514690547230222,0.531554222608226,0.546815228619857,0.561090228703411,
0.580032305750457,0.600200486004998,0.621594470397778,0.638457122767347,0.655212209508899,
0.670750751715034,0.685181117259817,0.700741891710753,0.714722750241983,0.727109164317223,
0.739491693317859,0.749993710935982,0.755680122142396,0.77662209679215,0.79756092685769,
0.818497322091247,0.836265804375207,0.85180841502006,0.866231404069152,0.881763271133171,
0.89950803065928,0.918356409406538,0.941550532375941,0.96495014373051,0.98551924496313,
1.),
.UNSPECIFIED.);
#2254=VERTEX_POINT('',#4571);
#2255=B_SPLINE_CURVE_WITH_KNOTS('',3,
(#4572,#4573,#4574,#4575,#4576,#4577,#4578,#4579,#4580,#4581,#4582,#4583,#4584,#4585,
#4586,#4587,#4588,#4589,#4590,#4591,#4592,#4593,#4594,#4595,#4596,#4597,#4598,#4599,
#4600,#4601,#4602,#4603,#4604,#4605,#4606,#4607,#4608,#4609,#4610,#4611,#4612,#4613,
#4614,#4615,#4616,#4617,#4618,#4619,#4620,#4621,#4622,#4623,#4624,#4625,#4626,#4627,
#4628),
.UNSPECIFIED.,.T.,.F.,
(4,1,1,1,1,1,1,1,1,1,1,1,1,1,1,1,1,1,1,1,1,1,1,1,1,1,1,1,1,1,1,1,1,1,1,1,1,1,1,1,
1,1,1,1,1,1,1,1,1,1,1,1,1,1,4),
(0.,0.0145867171004819,0.0342126091726762,0.0540213203475203,0.0740160906626888,
0.0900286915385164,0.106915333256344,0.124534539652116,0.142017528572545,0.164360056345133,
0.186019474511946,0.20699575971061,0.222027912566297,0.236798096774821,0.251756796454384,
0.257270540353909,0.278820003057663,0.301437614725133,0.319696386513554,0.338491594103634,
0.357771960984241,0.376996811976932,0.396110825568309,0.415166611771348,0.433425788367673,
0.450944378404178,0.46633019789739,0.480321489897315,0.497128125842206,0.500000586560797,
0.517483285650196,0.544152359802761,0.567677966604424,0.588719278789604,0.60555072315405,
0.623423570367772,0.642296285453768,0.661131031304105,0.67954218043808,0.697570672973011,
0.720047928818901,0.742015586859855,0.748249026183713,0.763467457047981,0.78548151185952,
0.813018382195405,0.84604717788164,0.873271168232384,0.895061756625043,0.911069067238125,
0.926685394547737,0.946640506293483,0.966296495706379,0.98566952875587,1.),
.UNSPECIFIED.);
#2256=VERTEX_POINT('',#4629);
#2257=B_SPLINE_CURVE_WITH_KNOTS('',3,
(#4630,#4631,#4632,#4633,#4634,#4635,#4636,#4637,#4638,#4639,#4640,#4641,#4642,#4643,
#4644,#4645,#4646,#4647,#4648,#4649,#4650,#4651,#4652,#4653,#4654,#4655,#4656,#4657,
#4658,#4659,#4660,#4661,#4662,#4663,#4664,#4665,#4666,#4667,#4668,#4669,#4670,#4671,
#4672,#4673,#4674,#4675,#4676,#4677,#4678,#4679,#4680,#4681,#4682,#4683,#4684,#4685,
#4686),
.UNSPECIFIED.,.T.,.F.,
(4,1,1,1,1,1,1,1,1,1,1,1,1,1,1,1,1,1,1,1,1,1,1,1,1,1,1,1,1,1,1,1,1,1,1,1,1,1,1,1,
1,1,1,1,1,1,1,1,1,1,1,1,1,1,4),
(0.,0.0145867171004889,0.034212609172676,0.0540213203475173,0.0740160906626836,0.0900286915385149,
0.106915333256345,0.124534539652119,0.142017528572547,0.164360056345128,0.186019474511947,
0.206995759710607,0.222027912566299,0.236798096774847,0.251756796454421,0.257270540353938,
0.278820003057677,0.301437614725132,0.319696386513552,0.338491594103635,0.357771960984243,
0.376996811976935,0.396110825568311,0.415166611771351,0.433425788367675,0.450944378404178,
0.466330197897389,0.480321489897314,0.497128125842201,0.500000586560792,0.517483285650184,
0.544152359802764,0.567677966604425,0.588719278789602,0.605550723154053,0.623423570367778,
0.642296285453777,0.661131031304114,0.67954218043809,0.697570672973023,0.720047928818906,
0.742015586859845,0.748249026183684,0.763467457047974,0.785481511859542,0.813018382195426,
0.846047177881665,0.873271168232399,0.895061756625046,0.911069067238125,0.926685394547738,
0.946640506293488,0.966296495706383,0.985669528755869,1.),
.UNSPECIFIED.);
#2258=VERTEX_POINT('',#4687);
#2259=B_SPLINE_CURVE_WITH_KNOTS('',3,
(#4688,#4689,#4690,#4691,#4692,#4693,#4694,#4695,#4696,#4697,#4698,#4699,#4700,#4701,
#4702,#4703,#4704,#4705,#4706,#4707,#4708,#4709,#4710,#4711,#4712,#4713,#4714,#4715,
#4716,#4717,#4718,#4719,#4720,#4721,#4722,#4723,#4724,#4725,#4726,#4727,#4728,#4729,
#4730,#4731,#4732,#4733,#4734,#4735,#4736,#4737,#4738,#4739,#4740,#4741,#4742,#4743,
#4744),
.UNSPECIFIED.,.T.,.F.,
(4,1,1,1,1,1,1,1,1,1,1,1,1,1,1,1,1,1,1,1,1,1,1,1,1,1,1,1,1,1,1,1,1,1,1,1,1,1,1,1,
1,1,1,1,1,1,1,1,1,1,1,1,1,1,4),
(0.,0.0145867171004873,0.0342126091726818,0.0540213203475186,0.0740160906626902,
0.0900286915385182,0.106915333256344,0.124534539652115,0.142017528572543,0.164360056345128,
0.186019474511945,0.206995759710607,0.222027912566294,0.236798096774816,0.25175679645438,
0.257270540353903,0.27882000305766,0.301437614725131,0.319696386513552,0.338491594103635,
0.357771960984242,0.376996811976934,0.396110825568312,0.41516661177135,0.433425788367676,
0.45094437840418,0.466330197897388,0.48032148989731,0.497128125842203,0.500000586560794,
0.517483285650187,0.544152359802767,0.567677966604422,0.588719278789601,0.605550723154046,
0.623423570367761,0.642296285453758,0.661131031304092,0.679542180438066,0.697570672973,
0.720047928818896,0.742015586859856,0.748249026183717,0.763467457047989,0.785481511859538,
0.81301838219543,0.84604717788167,0.873271168232404,0.895061756625053,0.911069067238125,
0.926685394547736,0.946640506293484,0.966296495706374,0.985669528755865,1.),
.UNSPECIFIED.);
#2260=VERTEX_POINT('',#4745);
#2261=(BOUNDED_CURVE()B_SPLINE_CURVE(3,
(#4746,#4747,#4748,#4749,#4750,#4751,#4752,#4753,#4754,#4755,#4756,#4757,#4758,#4759,
#4760,#4761,#4762,#4763,#4764,#4765,#4766,#4767,#4768,#4769,#4770,#4771,#4772,#4773,
#4774,#4775,#4776,#4777,#4778,#4779,#4780,#4781,#4782,#4783,#4784,#4785,#4786,#4787,
#4788,#4789,#4790,#4791,#4792,#4793,#4794,#4795,#4796,#4797,#4798,#4799,#4800,#4801,
#4802),
.UNSPECIFIED.,.T.,.F.)B_SPLINE_CURVE_WITH_KNOTS((4,1,1,1,1,1,1,1,1,1,1,1,1,1,1,1,
1,1,1,1,1,1,1,1,1,1,1,1,1,1,1,1,1,1,1,1,1,1,1,1,1,1,1,1,1,1,1,1,1,1,1,1,1,1,4),
(0.,0.0145867171004819,0.0342126091726765,0.054021320347518,0.074016090662685,0.0900286915385148,
0.106915333256345,0.124534539652119,0.142017528572547,0.16436005634513,0.186019474511947,
0.206995759710614,0.222027912566299,0.236798096774818,0.251756796454375,0.257270540353905,
0.278820003057663,0.301437614725134,0.319696386513551,0.338491594103635,0.357771960984244,
0.376996811976936,0.396110825568308,0.415166611771344,0.433425788367673,0.450944378404177,
0.466330197897385,0.480321489897314,0.497128125842203,0.500000586560795,0.517483285650191,
0.544152359802763,0.567677966604426,0.588719278789603,0.605550723154053,0.623423570367775,
0.642296285453774,0.66113103130411,0.679542180438087,0.697570672973017,0.720047928818908,
0.742015586859861,0.748249026183724,0.763467457047977,0.7854815118595,0.813018382195378,
0.846047177881612,0.873271168232366,0.89506175662503,0.911069067238117,0.926685394547735,
0.946640506293489,0.966296495706377,0.985669528755873,1.),
.UNSPECIFIED.)CURVE()GEOMETRIC_REPRESENTATION_ITEM()RATIONAL_B_SPLINE_CURVE((1.,
1.,1.,1.,1.,1.,1.,1.,1.,1.,1.,1.,1.,1.,1.,1.,1.,1.,1.,1.,1.,1.,1.,1.,1.,1.,1.,1.,
1.,1.,1.,1.,1.,1.,1.,1.,1.,1.,1.,1.,1.,1.,1.,1.,1.,1.,1.,1.,1.,1.,1.,1.,1.,1.,1.,
1.,1.))REPRESENTATION_ITEM(''));
#2262=VERTEX_POINT('',#4803);
#2263=B_SPLINE_CURVE_WITH_KNOTS('',3,
(#4804,#4805,#4806,#4807,#4808,#4809,#4810,#4811,#4812,#4813,#4814,#4815,#4816,#4817,
#4818,#4819,#4820,#4821,#4822,#4823,#4824,#4825,#4826,#4827,#4828,#4829,#4830,#4831,
#4832,#4833,#4834,#4835,#4836,#4837,#4838,#4839,#4840,#4841,#4842,#4843,#4844,#4845,
#4846,#4847,#4848,#4849,#4850,#4851,#4852,#4853,#4854,#4855,#4856,#4857,#4858,#4859,
#4860),
.UNSPECIFIED.,.T.,.F.,
(4,1,1,1,1,1,1,1,1,1,1,1,1,1,1,1,1,1,1,1,1,1,1,1,1,1,1,1,1,1,1,1,1,1,1,1,1,1,1,1,
1,1,1,1,1,1,1,1,1,1,1,1,1,1,4),
(0.,0.0145867171004843,0.0342126091726767,0.054021320347521,0.0740160906626902,0.0900286915385163,
0.106915333256348,0.124534539652116,0.142017528572543,0.16436005634513,0.186019474511944,
0.206995759710605,0.222027912566288,0.236798096774809,0.251756796454384,0.257270540353896,
0.278820003057654,0.301437614725131,0.319696386513553,0.338491594103637,0.357771960984242,
0.37699681197693,0.39611082556831,0.415166611771348,0.433425788367671,0.450944378404176,
0.466330197897395,0.480321489897319,0.497128125842204,0.500000586560799,0.517483285650188,
0.544152359802767,0.567677966604429,0.58871927878961,0.605550723154058,0.623423570367777,
0.642296285453773,0.661131031304105,0.679542180438084,0.697570672973018,0.720047928818902,
0.742015586859843,0.74824902618367,0.763467457047984,0.785481511859582,0.81301838219548,
0.846047177881717,0.873271168232435,0.895061756625066,0.911069067238133,0.926685394547738,
0.946640506293486,0.966296495706377,0.985669528755866,1.),
.UNSPECIFIED.);
#2264=VERTEX_POINT('',#4861);
#2265=B_SPLINE_CURVE_WITH_KNOTS('',3,
(#4862,#4863,#4864,#4865,#4866,#4867,#4868,#4869,#4870,#4871,#4872,#4873,#4874,#4875,
#4876,#4877,#4878,#4879,#4880,#4881,#4882,#4883,#4884,#4885,#4886,#4887,#4888,#4889,
#4890,#4891,#4892,#4893,#4894,#4895,#4896,#4897,#4898,#4899,#4900,#4901,#4902,#4903,
#4904,#4905,#4906,#4907,#4908,#4909,#4910,#4911,#4912,#4913,#4914,#4915,#4916,#4917,
#4918),
.UNSPECIFIED.,.T.,.F.,
(4,1,1,1,1,1,1,1,1,1,1,1,1,1,1,1,1,1,1,1,1,1,1,1,1,1,1,1,1,1,1,1,1,1,1,1,1,1,1,1,
1,1,1,1,1,1,1,1,1,1,1,1,1,1,4),
(0.,0.0145867171004874,0.0342126091726768,0.0540213203475202,0.0740160906626888,
0.0900286915385212,0.10691533325635,0.124534539652121,0.142017528572553,0.164360056345144,
0.186019474511962,0.206995759710618,0.222027912566304,0.236798096774846,0.251756796454421,
0.257270540353931,0.278820003057668,0.301437614725125,0.319696386513553,0.338491594103634,
0.357771960984239,0.376996811976932,0.396110825568308,0.415166611771342,0.433425788367671,
0.450944378404179,0.466330197897391,0.480321489897315,0.497128125842203,0.500000586560797,
0.517483285650191,0.544152359802765,0.567677966604422,0.588719278789599,0.605550723154042,
0.623423570367766,0.642296285453761,0.661131031304094,0.679542180438066,0.697570672972998,
0.720047928818902,0.742015586859872,0.748249026183721,0.763467457048013,0.785481511859578,
0.81301838219548,0.846047177881721,0.873271168232439,0.895061756625072,0.911069067238133,
0.926685394547736,0.946640506293484,0.966296495706377,0.985669528755872,1.),
.UNSPECIFIED.);
#2266=VERTEX_POINT('',#4919);
#2267=B_SPLINE_CURVE_WITH_KNOTS('',3,
(#4920,#4921,#4922,#4923,#4924,#4925,#4926,#4927,#4928,#4929,#4930,#4931,#4932,#4933,
#4934,#4935,#4936,#4937,#4938,#4939,#4940,#4941,#4942,#4943,#4944,#4945,#4946,#4947,
#4948,#4949,#4950,#4951,#4952,#4953,#4954,#4955,#4956,#4957,#4958,#4959,#4960,#4961,
#4962,#4963,#4964,#4965,#4966,#4967,#4968,#4969,#4970,#4971,#4972,#4973,#4974,#4975,
#4976),
.UNSPECIFIED.,.T.,.F.,
(4,1,1,1,1,1,1,1,1,1,1,1,1,1,1,1,1,1,1,1,1,1,1,1,1,1,1,1,1,1,1,1,1,1,1,1,1,1,1,1,
1,1,1,1,1,1,1,1,1,1,1,1,1,1,4),
(0.,0.0145867171004908,0.034212609172681,0.0540213203475195,0.0740160906626879,0.090028691538522,
0.106915333256347,0.124534539652126,0.142017528572556,0.164360056345146,0.186019474511965,
0.206995759710636,0.222027912566325,0.236798096774842,0.251756796454374,0.257270540353927,
0.278820003057676,0.30143761472514,0.319696386513555,0.338491594103635,0.357771960984244,
0.376996811976932,0.396110825568311,0.41516661177135,0.433425788367673,0.450944378404179,
0.466330197897389,0.480321489897313,0.497128125842205,0.500000586560797,0.51748328565019,
0.544152359802761,0.567677966604422,0.588719278789608,0.605550723154054,0.623423570367777,
0.642296285453766,0.661131031304102,0.679542180438078,0.697570672973014,0.720047928818893,
0.74201558685983,0.748249026183675,0.763467457047965,0.785481511859543,0.81301838219543,
0.846047177881665,0.873271168232404,0.89506175662505,0.911069067238127,0.926685394547739,
0.946640506293485,0.966296495706376,0.985669528755876,1.),
.UNSPECIFIED.);
#2268=VERTEX_POINT('',#4977);
#2269=(BOUNDED_CURVE()B_SPLINE_CURVE(3,
(#4978,#4979,#4980,#4981,#4982,#4983,#4984,#4985,#4986,#4987,#4988,#4989,#4990,#4991,
#4992,#4993,#4994,#4995,#4996,#4997,#4998,#4999,#5000,#5001,#5002,#5003,#5004,#5005,
#5006,#5007,#5008,#5009,#5010,#5011,#5012,#5013,#5014,#5015,#5016,#5017,#5018,#5019,
#5020,#5021,#5022,#5023,#5024,#5025,#5026,#5027,#5028,#5029,#5030,#5031,#5032,#5033,
#5034),
.UNSPECIFIED.,.T.,.F.)B_SPLINE_CURVE_WITH_KNOTS((4,1,1,1,1,1,1,1,1,1,1,1,1,1,1,1,
1,1,1,1,1,1,1,1,1,1,1,1,1,1,1,1,1,1,1,1,1,1,1,1,1,1,1,1,1,1,1,1,1,1,1,1,1,1,4),
(0.,0.0145867171004895,0.0342126091726866,0.0540213203475239,0.074016090662692,0.0900286915385228,
0.106915333256347,0.124534539652122,0.142017528572552,0.164360056345142,0.18601947451196,
0.206995759710624,0.222027912566305,0.236798096774819,0.251756796454377,0.257270540353903,
0.278820003057655,0.301437614725127,0.319696386513549,0.338491594103634,0.357771960984239,
0.376996811976932,0.396110825568316,0.415166611771349,0.433425788367677,0.450944378404182,
0.466330197897386,0.480321489897315,0.497128125842197,0.500000586560796,0.517483285650183,
0.54415235980276,0.567677966604432,0.588719278789609,0.605550723154066,0.623423570367786,
0.642296285453783,0.661131031304125,0.679542180438097,0.697570672973025,0.72004792881887,
0.742015586859755,0.748249026183664,0.763467457047826,0.785481511859302,0.813018382195123,
0.846047177881348,0.873271168232172,0.895061756624936,0.911069067238085,0.926685394547737,
0.946640506293488,0.966296495706378,0.985669528755868,1.),
.UNSPECIFIED.)CURVE()GEOMETRIC_REPRESENTATION_ITEM()RATIONAL_B_SPLINE_CURVE((1.,
1.,1.,1.,1.,1.,1.,1.,1.,1.,1.,1.,1.,1.,1.,1.,1.,1.,1.,1.,1.,1.,1.,1.,1.,1.,1.,1.,
1.,1.,1.,1.,1.,1.,1.,1.,1.,1.,1.,1.,1.,1.,1.,1.,1.,1.,1.,1.,1.,1.,1.,1.,1.,1.,1.,
1.,1.))REPRESENTATION_ITEM(''));
#2270=VERTEX_POINT('',#5035);
#2271=B_SPLINE_CURVE_WITH_KNOTS('',3,
(#5036,#5037,#5038,#5039,#5040,#5041,#5042,#5043,#5044,#5045,#5046,#5047,#5048,#5049,
#5050,#5051,#5052,#5053,#5054,#5055,#5056,#5057,#5058,#5059,#5060,#5061,#5062,#5063,
#5064,#5065,#5066,#5067,#5068,#5069,#5070,#5071,#5072,#5073,#5074,#5075,#5076,#5077,
#5078,#5079,#5080,#5081,#5082,#5083,#5084,#5085,#5086,#5087,#5088,#5089,#5090,#5091,
#5092),
.UNSPECIFIED.,.T.,.F.,
(4,1,1,1,1,1,1,1,1,1,1,1,1,1,1,1,1,1,1,1,1,1,1,1,1,1,1,1,1,1,1,1,1,1,1,1,1,1,1,1,
1,1,1,1,1,1,1,1,1,1,1,1,1,1,4),
(0.,0.0145867171004858,0.0342126091726771,0.0540213203475149,0.0740160906626859,
0.0900286915385208,0.106915333256347,0.124534539652126,0.142017528572557,0.164360056345145,
0.186019474511959,0.206995759710642,0.222027912566305,0.236798096774753,0.251756796454264,
0.257270540353822,0.278820003057622,0.301437614725133,0.319696386513546,0.338491594103633,
0.357771960984244,0.37699681197693,0.396110825568311,0.415166611771345,0.433425788367678,
0.450944378404177,0.466330197897389,0.48032148989732,0.497128125842204,0.500000586560796,
0.517483285650194,0.544152359802765,0.567677966604429,0.588719278789608,0.605550723154059,
0.623423570367782,0.642296285453783,0.661131031304126,0.679542180438105,0.697570672973036,
0.720047928818917,0.742015586859854,0.748249026183685,0.763467457047981,0.785481511859544,
0.813018382195428,0.846047177881664,0.873271168232402,0.895061756625053,0.911069067238128,
0.92668539454774,0.94664050629349,0.966296495706383,0.985669528755872,1.),
.UNSPECIFIED.);
#2272=VERTEX_POINT('',#5093);
#2273=B_SPLINE_CURVE_WITH_KNOTS('',3,
(#5094,#5095,#5096,#5097,#5098,#5099,#5100,#5101,#5102,#5103,#5104,#5105,#5106,#5107,
#5108,#5109,#5110,#5111,#5112,#5113,#5114,#5115,#5116,#5117,#5118,#5119,#5120,#5121,
#5122,#5123,#5124,#5125,#5126,#5127,#5128,#5129,#5130,#5131,#5132,#5133,#5134,#5135,
#5136,#5137,#5138,#5139,#5140,#5141,#5142,#5143,#5144,#5145,#5146,#5147,#5148,#5149,
#5150),
.UNSPECIFIED.,.T.,.F.,
(4,1,1,1,1,1,1,1,1,1,1,1,1,1,1,1,1,1,1,1,1,1,1,1,1,1,1,1,1,1,1,1,1,1,1,1,1,1,1,1,
1,1,1,1,1,1,1,1,1,1,1,1,1,1,4),
(0.,0.0145867171004872,0.0342126091726885,0.0540213203475208,0.0740160906626911,
0.0900286915385154,0.106915333256347,0.124534539652109,0.142017528572539,0.164360056345118,
0.186019474511928,0.206995759710588,0.22202791256628,0.236798096774828,0.251756796454412,
0.257270540353926,0.278820003057673,0.301437614725135,0.319696386513555,0.338491594103632,
0.357771960984241,0.37699681197693,0.39611082556831,0.415166611771342,0.433425788367667,
0.450944378404177,0.466330197897396,0.480321489897314,0.497128125842188,0.500000586560793,
0.517483285650186,0.544152359802758,0.567677966604432,0.588719278789609,0.605550723154063,
0.623423570367786,0.642296285453774,0.661131031304112,0.679542180438087,0.697570672973016,
0.720047928818926,0.74201558685991,0.74824902618377,0.763467457048028,0.785481511859538,
0.813018382195433,0.84604717788167,0.873271168232407,0.895061756625054,0.911069067238119,
0.926685394547731,0.946640506293483,0.966296495706376,0.985669528755872,1.),
.UNSPECIFIED.);
#2274=VERTEX_POINT('',#5151);
#2275=(BOUNDED_CURVE()B_SPLINE_CURVE(3,
(#5152,#5153,#5154,#5155,#5156,#5157,#5158,#5159,#5160,#5161,#5162,#5163,#5164,#5165,
#5166,#5167,#5168,#5169,#5170,#5171,#5172,#5173,#5174,#5175,#5176,#5177,#5178,#5179,
#5180,#5181,#5182,#5183,#5184,#5185,#5186,#5187,#5188,#5189,#5190,#5191,#5192,#5193,
#5194,#5195,#5196,#5197,#5198,#5199,#5200,#5201,#5202,#5203,#5204,#5205,#5206,#5207,
#5208,#5209),
.UNSPECIFIED.,.T.,.F.)B_SPLINE_CURVE_WITH_KNOTS((4,1,1,1,1,1,1,1,1,1,1,1,1,1,1,1,
1,1,1,1,1,1,1,1,1,1,1,1,1,1,1,1,1,1,1,1,1,1,1,1,1,1,1,1,1,1,1,1,1,1,1,1,1,1,1,4),
(0.,0.0109440379241539,0.0253347638598234,0.0438596381755491,0.0631335490770073,
0.0797087520521261,0.0941089489511445,0.109727286483225,0.132731934037097,0.163310336534147,
0.200071611760079,0.231015844496974,0.254748499182342,0.256389269626313,0.278532609922191,
0.302883561693304,0.327801657263205,0.347214100053258,0.366412733459033,0.38469164781341,
0.402249258722878,0.422617591904795,0.446282541585701,0.468733057252847,0.486444114330163,
0.49883694180602,0.499998774008786,0.510420469843009,0.524001328669085,0.540406010089638,
0.561999439466346,0.582305414752641,0.601309805889305,0.617171427448838,0.63356470855435,
0.651383842185936,0.670106703608852,0.690513482840219,0.711711349265505,0.734642521005188,
0.743608146067905,0.75852589416068,0.782693926818824,0.806196096924128,0.828411014695101,
0.84999953645576,0.869772181009709,0.888342884855714,0.905297207878831,0.921823682746762,
0.937138564950574,0.951649209332963,0.967367586754944,0.98099603589726,0.992539999664229,
1.),
.UNSPECIFIED.)CURVE()GEOMETRIC_REPRESENTATION_ITEM()RATIONAL_B_SPLINE_CURVE((1.,
1.,1.,1.,1.,1.,1.,1.,1.,1.,1.,1.,1.,1.,1.,1.,1.,1.,1.,1.,1.,1.,1.,1.,1.,1.,1.,1.,
1.,1.,1.,1.,1.,1.,1.,1.,1.,1.,1.,1.,1.,1.,1.,1.,1.,1.,1.,1.,1.,1.,1.,1.,1.,1.,1.,
1.,1.,1.))REPRESENTATION_ITEM(''));
#2276=VERTEX_POINT('',#5210);
#2277=(BOUNDED_CURVE()B_SPLINE_CURVE(3,
(#5211,#5212,#5213,#5214,#5215,#5216,#5217,#5218,#5219,#5220,#5221,#5222,#5223,#5224,
#5225,#5226,#5227,#5228,#5229,#5230,#5231,#5232,#5233,#5234,#5235,#5236,#5237,#5238,
#5239,#5240,#5241,#5242,#5243,#5244,#5245,#5246,#5247,#5248,#5249,#5250,#5251,#5252,
#5253,#5254,#5255,#5256,#5257,#5258,#5259,#5260,#5261,#5262,#5263,#5264,#5265,#5266,
#5267,#5268),
.UNSPECIFIED.,.T.,.F.)B_SPLINE_CURVE_WITH_KNOTS((4,1,1,1,1,1,1,1,1,1,1,1,1,1,1,1,
1,1,1,1,1,1,1,1,1,1,1,1,1,1,1,1,1,1,1,1,1,1,1,1,1,1,1,1,1,1,1,1,1,1,1,1,1,1,1,4),
(0.,0.0109440379241549,0.0253347638598229,0.0438596381755494,0.063133549077014,0.0797087520521365,
0.0941089489511596,0.109727286483249,0.132731934037141,0.163310336534227,0.200071611760194,
0.231015844497119,0.254748499182511,0.25638926962632,0.27853260992225,0.302883561693328,
0.327801657263204,0.347214100053259,0.366412733459034,0.384691647813412,0.40224925872288,
0.422617591904795,0.4462825415857,0.468733057252842,0.486444114330165,0.498836941806019,
0.499998774008786,0.510420469843008,0.524001328669085,0.540406010089644,0.561999439466351,
0.582305414752648,0.601309805889312,0.617171427448846,0.633564708554359,0.651383842185952,
0.670106703608872,0.690513482840256,0.711711349265557,0.734642521005261,0.743608146067906,
0.758525894160777,0.782693926818935,0.806196096924244,0.828411014695207,0.849999536455852,
0.869772181009777,0.888342884855751,0.905297207878844,0.921823682746761,0.937138564950578,
0.951649209332961,0.967367586754943,0.980996035897257,0.992539999664229,1.),
.UNSPECIFIED.)CURVE()GEOMETRIC_REPRESENTATION_ITEM()RATIONAL_B_SPLINE_CURVE((1.,
1.,1.,1.,1.,1.,1.,1.,1.,1.,1.,1.,1.,1.,1.,1.,1.,1.,1.,1.,1.,1.,1.,1.,1.,1.,1.,1.,
1.,1.,1.,1.,1.,1.,1.,1.,1.,1.,1.,1.,1.,1.,1.,1.,1.,1.,1.,1.,1.,1.,1.,1.,1.,1.,1.,
1.,1.,1.))REPRESENTATION_ITEM(''));
#2278=VERTEX_POINT('',#5269);
#2279=B_SPLINE_CURVE_WITH_KNOTS('',3,
(#5270,#5271,#5272,#5273,#5274,#5275,#5276,#5277,#5278,#5279,#5280,#5281,#5282,#5283,
#5284,#5285,#5286,#5287,#5288,#5289,#5290,#5291,#5292,#5293,#5294,#5295,#5296,#5297,
#5298,#5299,#5300,#5301,#5302,#5303,#5304,#5305,#5306,#5307,#5308,#5309,#5310,#5311,
#5312,#5313,#5314,#5315,#5316,#5317,#5318,#5319,#5320,#5321,#5322,#5323,#5324,#5325,
#5326,#5327),
.UNSPECIFIED.,.T.,.F.,
(4,1,1,1,1,1,1,1,1,1,1,1,1,1,1,1,1,1,1,1,1,1,1,1,1,1,1,1,1,1,1,1,1,1,1,1,1,1,1,1,
1,1,1,1,1,1,1,1,1,1,1,1,1,1,1,4),
(0.,0.0109440379241539,0.0253347638598249,0.0438596381755428,0.0631335490769888,
0.0797087520521038,0.0941089489511127,0.109727286483174,0.132731934037017,0.163310336533998,
0.20007161175987,0.231015844496723,0.254748499182072,0.256389269626305,0.278532609922086,
0.302883561693261,0.327801657263206,0.347214100053261,0.366412733459039,0.384691647813417,
0.402249258722884,0.422617591904796,0.446282541585701,0.46873305725285,0.486444114330169,
0.498836941806021,0.499998774008788,0.51042046984301,0.524001328669089,0.540406010089645,
0.561999439466349,0.582305414752647,0.601309805889308,0.617171427448844,0.633564708554356,
0.651383842185944,0.67010670360886,0.690513482840232,0.711711349265523,0.734642521005213,
0.743608146067909,0.758525894160709,0.782693926818855,0.806196096924159,0.828411014695131,
0.849999536455786,0.869772181009727,0.888342884855726,0.905297207878833,0.921823682746764,
0.937138564950575,0.951649209332962,0.967367586754944,0.980996035897255,0.992539999664228,
1.),
.UNSPECIFIED.);
#2280=VERTEX_POINT('',#5328);
#2281=B_SPLINE_CURVE_WITH_KNOTS('',3,
(#5329,#5330,#5331,#5332,#5333,#5334,#5335,#5336,#5337,#5338,#5339,#5340,#5341,#5342,
#5343,#5344,#5345,#5346,#5347,#5348,#5349,#5350,#5351,#5352,#5353,#5354,#5355,#5356,
#5357,#5358,#5359,#5360,#5361,#5362,#5363,#5364,#5365,#5366,#5367,#5368,#5369,#5370,
#5371,#5372,#5373,#5374,#5375,#5376,#5377,#5378,#5379,#5380,#5381,#5382,#5383,#5384,
#5385,#5386),
.UNSPECIFIED.,.T.,.F.,
(4,1,1,1,1,1,1,1,1,1,1,1,1,1,1,1,1,1,1,1,1,1,1,1,1,1,1,1,1,1,1,1,1,1,1,1,1,1,1,1,
1,1,1,1,1,1,1,1,1,1,1,1,1,1,1,4),
(0.,0.0109440379241549,0.0253347638598226,0.0438596381755484,0.0631335490770034,
0.0797087520521243,0.0941089489511409,0.109727286483219,0.132731934037083,0.163310336534121,
0.200071611760039,0.231015844496925,0.254748499182294,0.256389269626312,0.278532609922171,
0.302883561693297,0.327801657263207,0.347214100053261,0.366412733459038,0.384691647813415,
0.402249258722881,0.422617591904795,0.446282541585702,0.468733057252849,0.486444114330167,
0.498836941806021,0.499998774008786,0.51042046984301,0.524001328669086,0.540406010089643,
0.561999439466351,0.58230541475265,0.601309805889312,0.617171427448846,0.633564708554361,
0.651383842185951,0.670106703608869,0.690513482840243,0.711711349265542,0.73464252100524,
0.743608146067908,0.758525894160746,0.782693926818898,0.806196096924207,0.828411014695174,
0.849999536455826,0.869772181009757,0.88834288485574,0.905297207878841,0.921823682746765,
0.937138564950573,0.951649209332962,0.967367586754945,0.980996035897258,0.992539999664229,
1.),
.UNSPECIFIED.);
#2282=VERTEX_POINT('',#5387);
#2283=(BOUNDED_CURVE()B_SPLINE_CURVE(3,
(#5388,#5389,#5390,#5391,#5392,#5393,#5394,#5395,#5396,#5397,#5398,#5399,#5400,#5401,
#5402,#5403,#5404,#5405,#5406,#5407,#5408,#5409,#5410,#5411,#5412,#5413,#5414,#5415,
#5416,#5417,#5418,#5419,#5420,#5421,#5422,#5423,#5424,#5425,#5426,#5427,#5428,#5429,
#5430,#5431,#5432,#5433,#5434,#5435,#5436,#5437,#5438,#5439,#5440,#5441,#5442,#5443,
#5444,#5445),
.UNSPECIFIED.,.T.,.F.)B_SPLINE_CURVE_WITH_KNOTS((4,1,1,1,1,1,1,1,1,1,1,1,1,1,1,1,
1,1,1,1,1,1,1,1,1,1,1,1,1,1,1,1,1,1,1,1,1,1,1,1,1,1,1,1,1,1,1,1,1,1,1,1,1,1,1,4),
(0.,0.010944037924154,0.0253347638598222,0.0438596381755534,0.063133549077018,0.0797087520521439,
0.0941089489511655,0.10972728648325,0.132731934037142,0.163310336534234,0.200071611760171,
0.23101584449701,0.254748499182203,0.256389269626282,0.278532609922263,0.302883561693338,
0.327801657263201,0.347214100053258,0.366412733459036,0.384691647813415,0.402249258722881,
0.422617591904792,0.446282541585698,0.468733057252844,0.486444114330168,0.498836941806017,
0.499998774008781,0.510420469843009,0.524001328669089,0.540406010089643,0.561999439466356,
0.58230541475265,0.601309805889307,0.617171427448841,0.63356470855435,0.65138384218594,
0.670106703608859,0.690513482840229,0.711711349265518,0.734642521005206,0.743608146067905,
0.758525894160703,0.782693926818849,0.806196096924153,0.828411014695123,0.84999953645578,
0.869772181009723,0.888342884855722,0.905297207878833,0.921823682746763,0.937138564950574,
0.951649209332962,0.967367586754946,0.98099603589726,0.992539999664229,1.),
.UNSPECIFIED.)CURVE()GEOMETRIC_REPRESENTATION_ITEM()RATIONAL_B_SPLINE_CURVE((1.,
1.,1.,1.,1.,1.,1.,1.,1.,1.,1.,1.,1.,1.,1.,1.,1.,1.,1.,1.,1.,1.,1.,1.,1.,1.,1.,1.,
1.,1.,1.,1.,1.,1.,1.,1.,1.,1.,1.,1.,1.,1.,1.,1.,1.,1.,1.,1.,1.,1.,1.,1.,1.,1.,1.,
1.,1.,1.))REPRESENTATION_ITEM(''));
#2284=VERTEX_POINT('',#5446);
#2285=B_SPLINE_CURVE_WITH_KNOTS('',3,
(#5447,#5448,#5449,#5450,#5451,#5452,#5453,#5454,#5455,#5456,#5457,#5458,#5459,#5460,
#5461,#5462,#5463,#5464,#5465,#5466,#5467,#5468,#5469,#5470,#5471,#5472,#5473,#5474,
#5475,#5476,#5477,#5478,#5479,#5480,#5481,#5482,#5483,#5484,#5485,#5486,#5487,#5488,
#5489,#5490,#5491,#5492,#5493,#5494,#5495,#5496,#5497,#5498,#5499,#5500,#5501,#5502,
#5503,#5504),
.UNSPECIFIED.,.T.,.F.,
(4,1,1,1,1,1,1,1,1,1,1,1,1,1,1,1,1,1,1,1,1,1,1,1,1,1,1,1,1,1,1,1,1,1,1,1,1,1,1,1,
1,1,1,1,1,1,1,1,1,1,1,1,1,1,1,4),
(0.,0.010944037924154,0.0253347638598227,0.0438596381755431,0.0631335490769945,0.0797087520521051,
0.0941089489511118,0.109727286483183,0.13273193403703,0.16331033653402,0.200071611759896,
0.231015844496737,0.254748499182051,0.256389269626298,0.278532609922105,0.302883561693267,
0.327801657263205,0.347214100053262,0.366412733459039,0.384691647813413,0.402249258722884,
0.422617591904796,0.446282541585702,0.468733057252851,0.486444114330172,0.498836941806025,
0.499998774008787,0.510420469843017,0.524001328669092,0.540406010089642,0.561999439466355,
0.582305414752648,0.60130980588931,0.617171427448841,0.633564708554355,0.651383842185941,
0.670106703608859,0.69051348284023,0.711711349265519,0.734642521005207,0.743608146067909,
0.758525894160699,0.782693926818844,0.806196096924147,0.82841101469512,0.84999953645578,
0.869772181009724,0.888342884855723,0.905297207878835,0.921823682746763,0.937138564950574,
0.951649209332964,0.967367586754947,0.98099603589726,0.992539999664231,1.),
.UNSPECIFIED.);
#2286=VERTEX_POINT('',#5505);
#2287=(BOUNDED_CURVE()B_SPLINE_CURVE(3,
(#5506,#5507,#5508,#5509,#5510,#5511,#5512,#5513,#5514,#5515,#5516,#5517,#5518,#5519,
#5520,#5521,#5522,#5523,#5524,#5525,#5526,#5527,#5528,#5529,#5530,#5531,#5532,#5533,
#5534,#5535,#5536,#5537,#5538,#5539,#5540,#5541,#5542,#5543,#5544,#5545,#5546,#5547,
#5548,#5549,#5550,#5551,#5552,#5553,#5554,#5555,#5556,#5557,#5558,#5559,#5560,#5561,
#5562,#5563),
.UNSPECIFIED.,.T.,.F.)B_SPLINE_CURVE_WITH_KNOTS((4,1,1,1,1,1,1,1,1,1,1,1,1,1,1,1,
1,1,1,1,1,1,1,1,1,1,1,1,1,1,1,1,1,1,1,1,1,1,1,1,1,1,1,1,1,1,1,1,1,1,1,1,1,1,1,4),
(0.,0.010944037924153,0.025334763859822,0.0438596381755484,0.0631335490770084,0.0797087520521304,
0.0941089489511464,0.109727286483223,0.1327319340371,0.163310336534157,0.200071611760073,
0.231015844496922,0.254748499182173,0.256389269626291,0.278532609922204,0.302883561693313,
0.327801657263202,0.34721410005326,0.366412733459037,0.38469164781341,0.402249258722878,
0.422617591904795,0.446282541585704,0.468733057252847,0.486444114330168,0.498836941806017,
0.499998774008786,0.510420469843013,0.524001328669087,0.540406010089641,0.56199943946635,
0.58230541475265,0.601309805889316,0.61717142744885,0.633564708554365,0.651383842185962,
0.670106703608888,0.690513482840271,0.711711349265572,0.734642521005284,0.743608146067902,
0.758525894160821,0.782693926818995,0.806196096924304,0.828411014695258,0.849999536455893,
0.869772181009807,0.888342884855769,0.90529720787885,0.921823682746764,0.937138564950575,
0.951649209332965,0.96736758675495,0.980996035897261,0.99253999966423,1.),
.UNSPECIFIED.)CURVE()GEOMETRIC_REPRESENTATION_ITEM()RATIONAL_B_SPLINE_CURVE((1.,
1.,1.,1.,1.,1.,1.,1.,1.,1.,1.,1.,1.,1.,1.,1.,1.,1.,1.,1.,1.,1.,1.,1.,1.,1.,1.,1.,
1.,1.,1.,1.,1.,1.,1.,1.,1.,1.,1.,1.,1.,1.,1.,1.,1.,1.,1.,1.,1.,1.,1.,1.,1.,1.,1.,
1.,1.,1.))REPRESENTATION_ITEM(''));
#2288=VERTEX_POINT('',#5564);
#2289=B_SPLINE_CURVE_WITH_KNOTS('',3,
(#5565,#5566,#5567,#5568,#5569,#5570,#5571,#5572,#5573,#5574,#5575,#5576,#5577,#5578,
#5579,#5580,#5581,#5582,#5583,#5584,#5585,#5586,#5587,#5588,#5589,#5590,#5591,#5592,
#5593,#5594,#5595,#5596,#5597,#5598,#5599,#5600,#5601,#5602,#5603,#5604,#5605,#5606,
#5607,#5608,#5609,#5610,#5611,#5612,#5613,#5614,#5615,#5616,#5617,#5618,#5619,#5620,
#5621,#5622),
.UNSPECIFIED.,.T.,.F.,
(4,1,1,1,1,1,1,1,1,1,1,1,1,1,1,1,1,1,1,1,1,1,1,1,1,1,1,1,1,1,1,1,1,1,1,1,1,1,1,1,
1,1,1,1,1,1,1,1,1,1,1,1,1,1,1,4),
(0.,0.0109440379241591,0.0253347638598289,0.0438596381755528,0.0631335490770071,
0.0797087520521304,0.0941089489511525,0.109727286483235,0.132731934037112,0.16331033653418,
0.200071611760099,0.231015844496934,0.254748499182152,0.256389269626286,0.27853260992222,
0.30288356169332,0.327801657263203,0.347214100053259,0.366412733459034,0.38469164781341,
0.402249258722881,0.422617591904799,0.446282541585702,0.468733057252851,0.486444114330167,
0.498836941806019,0.499998774008788,0.51042046984301,0.524001328669089,0.540406010089642,
0.561999439466354,0.582305414752645,0.601309805889302,0.617171427448837,0.633564708554347,
0.651383842185935,0.670106703608847,0.690513482840217,0.711711349265507,0.734642521005192,
0.743608146067909,0.758525894160673,0.782693926818804,0.806196096924107,0.828411014695088,
0.849999536455748,0.869772181009702,0.888342884855715,0.905297207878836,0.921823682746762,
0.937138564950574,0.951649209332957,0.967367586754941,0.980996035897259,0.992539999664231,
1.),
.UNSPECIFIED.);
#2290=VERTEX_POINT('',#5623);
#2291=B_SPLINE_CURVE_WITH_KNOTS('',3,
(#5624,#5625,#5626,#5627,#5628,#5629,#5630,#5631,#5632,#5633,#5634,#5635,#5636,#5637,
#5638,#5639,#5640,#5641,#5642,#5643,#5644,#5645,#5646,#5647,#5648,#5649,#5650,#5651,
#5652,#5653,#5654,#5655,#5656,#5657,#5658,#5659,#5660,#5661,#5662,#5663,#5664,#5665,
#5666,#5667,#5668,#5669,#5670,#5671,#5672,#5673,#5674,#5675,#5676,#5677,#5678,#5679,
#5680,#5681),
.UNSPECIFIED.,.T.,.F.,
(4,1,1,1,1,1,1,1,1,1,1,1,1,1,1,1,1,1,1,1,1,1,1,1,1,1,1,1,1,1,1,1,1,1,1,1,1,1,1,1,
1,1,1,1,1,1,1,1,1,1,1,1,1,1,1,4),
(0.,0.0109440379241581,0.0253347638598291,0.043859638175555,0.0631335490770146,0.0797087520521389,
0.0941089489511614,0.109727286483247,0.132731934037137,0.163310336534224,0.200071611760207,
0.231015844497183,0.254748499182702,0.256389269626346,0.27853260992224,0.302883561693323,
0.327801657263209,0.34721410005326,0.366412733459033,0.384691647813413,0.40224925872288,
0.422617591904798,0.446282541585702,0.46873305725285,0.48644411433017,0.498836941806024,
0.499998774008786,0.510420469843011,0.524001328669087,0.540406010089643,0.561999439466359,
0.582305414752649,0.601309805889312,0.617171427448846,0.633564708554364,0.651383842185954,
0.670106703608874,0.690513482840257,0.711711349265562,0.734642521005273,0.743608146067913,
0.758525894160781,0.782693926818929,0.806196096924238,0.828411014695204,0.849999536455852,
0.869772181009776,0.888342884855754,0.905297207878848,0.921823682746767,0.937138564950581,
0.951649209332967,0.967367586754944,0.980996035897261,0.992539999664227,1.),
.UNSPECIFIED.);
#2292=VERTEX_POINT('',#5682);
#2293=VERTEX_POINT('',#5683);
#2294=LINE('',#5684,#5685);
#2295=VERTEX_POINT('',#5687);
#2296=CIRCLE('',#5688,10.9);
#2297=VERTEX_POINT('',#5692);
#2298=LINE('',#5693,#5694);
#2299=CIRCLE('',#5696,10.9);
#2300=LINE('',#5700,#5701);
#2301=LINE('',#5703,#5704);
#2302=LINE('',#5706,#5707);
#2303=VERTEX_POINT('',#5709);
#2304=CIRCLE('',#5710,9.);
#2305=VERTEX_POINT('',#5714);
#2306=B_SPLINE_CURVE_WITH_KNOTS('',3,
(#5715,#5716,#5717,#5718,#5719,#5720,#5721,#5722,#5723,#5724,#5725,#5726,#5727,#5728,
#5729,#5730,#5731,#5732,#5733,#5734,#5735,#5736,#5737,#5738,#5739,#5740,#5741,#5742,
#5743,#5744,#5745,#5746,#5747,#5748,#5749,#5750,#5751,#5752,#5753,#5754,#5755,#5756,
#5757,#5758,#5759,#5760,#5761,#5762,#5763,#5764,#5765,#5766,#5767,#5768,#5769,#5770,
#5771,#5772,#5773,#5774,#5775,#5776,#5777,#5778,#5779,#5780,#5781,#5782,#5783,#5784,
#5785,#5786,#5787,#5788,#5789,#5790,#5791,#5792,#5793,#5794,#5795,#5796,#5797,#5798,
#5799,#5800,#5801),
.UNSPECIFIED.,.T.,.F.,
(4,1,1,1,1,1,1,1,1,1,1,1,1,1,1,1,1,1,1,1,1,1,1,1,1,1,1,1,1,1,1,1,1,1,1,1,1,1,1,1,
1,1,1,1,1,1,1,1,1,1,1,1,1,1,1,1,1,1,1,1,1,1,1,1,1,1,1,1,1,1,1,1,1,1,1,1,1,1,1,1,
1,1,1,1,4),
(0.,0.00297942098867033,0.00769665755724149,0.0150549924484011,0.0253622223684551,
0.0364364352624827,0.0470845734454069,0.057304386574856,0.068344263321986,0.0809860528636122,
0.0929593126565872,0.103456347661074,0.115201819838688,0.131282888629141,0.152430845133972,
0.176176539412538,0.201414392235627,0.227565817824323,0.249543960852893,0.266715591582559,
0.26733105717832,0.280592663324416,0.293671808515948,0.306305479067537,0.318675431376365,
0.334095907676331,0.349047714441121,0.363520576140577,0.373854791558705,0.383834735011529,
0.393198192759658,0.402299888939279,0.410712942589932,0.418696803040389,0.428410535313926,
0.438214106223226,0.448114436820999,0.458056976144556,0.469596400005875,0.48224660284318,
0.494000029188923,0.499999712680738,0.503494032352279,0.511219537311498,0.518409997016273,
0.52713588270526,0.537693929639849,0.548837921917877,0.560605555265143,0.572851248376165,
0.585894580516259,0.599744850008475,0.612092773422035,0.622528640889838,0.633899937351176,
0.645865230546775,0.658418762428226,0.668712740175917,0.679260243446449,0.690434798796774,
0.701983495171018,0.718141334082093,0.733282540423628,0.739263548865581,0.765815730337361,
0.793721320707144,0.821927821726721,0.844987166184256,0.862749959970779,0.875333723111432,
0.887712881616695,0.899232928097106,0.910096218297635,0.91982030680584,0.929062018283694,
0.937133942075105,0.944512869941694,0.950962145232883,0.95717467672107,0.962755658872981,
0.967937714082863,0.973959887065032,0.981299898084967,0.990394245454254,1.),
.UNSPECIFIED.);
#2307=VERTEX_POINT('',#5802);
#2308=B_SPLINE_CURVE_WITH_KNOTS('',3,
(#5803,#5804,#5805,#5806,#5807,#5808,#5809,#5810,#5811,#5812,#5813,#5814,#5815,#5816,
#5817,#5818,#5819,#5820,#5821,#5822,#5823,#5824,#5825,#5826,#5827,#5828,#5829,#5830,
#5831,#5832,#5833,#5834,#5835,#5836,#5837,#5838,#5839,#5840,#5841,#5842,#5843,#5844,
#5845,#5846,#5847,#5848,#5849,#5850,#5851,#5852,#5853,#5854,#5855,#5856,#5857,#5858,
#5859,#5860,#5861,#5862,#5863,#5864,#5865,#5866,#5867,#5868,#5869,#5870,#5871,#5872,
#5873,#5874,#5875,#5876,#5877,#5878,#5879,#5880,#5881,#5882,#5883,#5884,#5885,#5886,
#5887,#5888,#5889),
.UNSPECIFIED.,.T.,.F.,
(4,1,1,1,1,1,1,1,1,1,1,1,1,1,1,1,1,1,1,1,1,1,1,1,1,1,1,1,1,1,1,1,1,1,1,1,1,1,1,1,
1,1,1,1,1,1,1,1,1,1,1,1,1,1,1,1,1,1,1,1,1,1,1,1,1,1,1,1,1,1,1,1,1,1,1,1,1,1,1,1,
1,1,1,1,4),
(0.,0.00706522810474976,0.0131676297063588,0.0208893744799686,0.0325468889314499,
0.0478039392033779,0.0636715082305636,0.0780351316047362,0.0914556006298119,0.104967760502197,
0.119691484097954,0.133167230060043,0.144783059362589,0.154401370382375,0.164270651032393,
0.174773369720226,0.185659112219992,0.200968089634098,0.216852037547392,0.233278719874471,
0.233304777953991,0.251202510144161,0.274400698889669,0.302694702818642,0.326234287294829,
0.344634686835606,0.357959167396479,0.371148824294911,0.383591209084884,0.395419575994813,
0.406130051976196,0.416336558741844,0.425303922509167,0.433531460129441,0.440759505251988,
0.447727032087478,0.453933483227826,0.459635342769817,0.466036820208757,0.473488988918432,
0.482157347520827,0.491131223267249,0.49999711358197,0.5000592553828,0.508477596955262,
0.51649841126794,0.52492881469894,0.532650140435159,0.539249364438502,0.545829645503735,
0.554059554520436,0.564621097085968,0.576538674637662,0.587679005003434,0.597358420750494,
0.608002526947705,0.622287223219703,0.640720571054088,0.66344738705188,0.69001442536507,
0.72023997908288,0.748726882046325,0.766720089362555,0.774921800471481,0.798161459569753,
0.81706515308101,0.831853640615655,0.842621752636188,0.85314964393187,0.86324022921737,
0.873132898737845,0.882457176839777,0.891409766885151,0.899801828262451,0.908004563723668,
0.915727296929183,0.923158129761637,0.932449998286242,0.942026984339961,0.951895555199955,
0.962298805147415,0.972430183730524,0.982290913468717,0.990595172994295,1.),
.UNSPECIFIED.);
#2309=VERTEX_POINT('',#5890);
#2310=B_SPLINE_CURVE_WITH_KNOTS('',3,
(#5891,#5892,#5893,#5894,#5895,#5896,#5897,#5898,#5899,#5900,#5901,#5902,#5903,#5904,
#5905,#5906,#5907,#5908,#5909,#5910,#5911,#5912,#5913,#5914,#5915,#5916,#5917,#5918,
#5919,#5920,#5921,#5922,#5923,#5924,#5925,#5926,#5927,#5928,#5929,#5930,#5931,#5932,
#5933,#5934,#5935,#5936,#5937,#5938,#5939,#5940,#5941,#5942,#5943,#5944,#5945,#5946,
#5947,#5948,#5949,#5950,#5951,#5952,#5953,#5954,#5955,#5956,#5957,#5958,#5959,#5960,
#5961,#5962,#5963,#5964,#5965,#5966,#5967,#5968,#5969,#5970,#5971,#5972,#5973,#5974,
#5975,#5976,#5977),
.UNSPECIFIED.,.T.,.F.,
(4,1,1,1,1,1,1,1,1,1,1,1,1,1,1,1,1,1,1,1,1,1,1,1,1,1,1,1,1,1,1,1,1,1,1,1,1,1,1,1,
1,1,1,1,1,1,1,1,1,1,1,1,1,1,1,1,1,1,1,1,1,1,1,1,1,1,1,1,1,1,1,1,1,1,1,1,1,1,1,1,
1,1,1,1,4),
(0.,0.00706522810475785,0.0131676297063676,0.0208893744799734,0.0325468889314477,
0.0478039392033792,0.0636715082305593,0.0780351316047311,0.0914556006298089,0.104967760502197,
0.119691484097953,0.13316723006004,0.144783059362583,0.154401370382367,0.164270651032382,
0.174773369720213,0.185659112219977,0.200968089634079,0.216852037547371,0.233278719874471,
0.233304777953967,0.251202510144135,0.274400698889644,0.302694702818618,0.326234287294808,
0.344634686835589,0.357959167396465,0.371148824294899,0.383591209084875,0.395419575994807,
0.406130051976194,0.416336558741841,0.425303922509162,0.433531460129434,0.440759505251986,
0.447727032087474,0.453933483227825,0.459635342769814,0.466036820208758,0.473488988918435,
0.482157347520831,0.491131223267254,0.499997113581969,0.500059255382805,0.50847759695526,
0.51649841126794,0.524928814698938,0.532650140435161,0.5392493644385,0.545829645503731,
0.55405955452043,0.56462109708596,0.576538674637647,0.587679005003413,0.597358420750473,
0.608002526947682,0.622287223219671,0.640720571054041,0.663447387051819,0.690014425365001,
0.720239979082809,0.748726882046264,0.766720089362555,0.774921800471438,0.798161459569727,
0.817065153080998,0.831853640615651,0.842621752636187,0.85314964393187,0.863240229217372,
0.873132898737846,0.882457176839779,0.891409766885153,0.899801828262452,0.908004563723665,
0.91572729692918,0.923158129761632,0.93244999828624,0.942026984339964,0.951895555199958,
0.962298805147415,0.972430183730522,0.982290913468714,0.990595172994291,1.),
.UNSPECIFIED.);
#2311=VERTEX_POINT('',#5978);
#2312=B_SPLINE_CURVE_WITH_KNOTS('',3,
(#5979,#5980,#5981,#5982,#5983,#5984,#5985,#5986,#5987,#5988,#5989,#5990,#5991,#5992,
#5993,#5994,#5995,#5996,#5997,#5998,#5999,#6000,#6001,#6002,#6003,#6004,#6005,#6006,
#6007,#6008,#6009,#6010,#6011,#6012,#6013,#6014,#6015,#6016,#6017,#6018,#6019,#6020,
#6021,#6022,#6023,#6024,#6025,#6026,#6027,#6028,#6029,#6030,#6031,#6032,#6033,#6034,
#6035,#6036,#6037,#6038,#6039,#6040,#6041,#6042,#6043,#6044,#6045,#6046,#6047,#6048,
#6049,#6050,#6051,#6052,#6053,#6054,#6055,#6056,#6057,#6058,#6059,#6060,#6061,#6062,
#6063,#6064,#6065),
.UNSPECIFIED.,.T.,.F.,
(4,1,1,1,1,1,1,1,1,1,1,1,1,1,1,1,1,1,1,1,1,1,1,1,1,1,1,1,1,1,1,1,1,1,1,1,1,1,1,1,
1,1,1,1,1,1,1,1,1,1,1,1,1,1,1,1,1,1,1,1,1,1,1,1,1,1,1,1,1,1,1,1,1,1,1,1,1,1,1,1,
1,1,1,1,4),
(0.,0.00706522810475227,0.013167629706364,0.0208893744799684,0.0325468889314484,
0.0478039392033785,0.0636715082305596,0.0780351316047327,0.091455600629808,0.1049677605022,
0.119691484097959,0.133167230060049,0.144783059362595,0.154401370382381,0.1642706510324,
0.174773369720234,0.18565911222,0.20096808963411,0.216852037547408,0.233278719874472,
0.233304777954008,0.251202510144178,0.274400698889687,0.30269470281866,0.326234287294845,
0.34463468683562,0.357959167396491,0.37114882429492,0.383591209084889,0.395419575994812,
0.406130051976193,0.416336558741842,0.425303922509167,0.433531460129441,0.440759505251987,
0.447727032087479,0.453933483227822,0.459635342769814,0.466036820208758,0.473488988918431,
0.48215734752083,0.491131223267252,0.499997113581968,0.500059255382803,0.508477596955267,
0.516498411267943,0.524928814698945,0.532650140435169,0.539249364438515,0.545829645503754,
0.554059554520461,0.564621097086002,0.576538674637716,0.587679005003503,0.597358420750577,
0.608002526947813,0.62228722321985,0.640720571054296,0.663447387052152,0.69001442536538,
0.720239979083185,0.748726882046585,0.766720089362556,0.77492180047167,0.798161459569864,
0.817065153081062,0.831853640615672,0.842621752636192,0.853149643931868,0.863240229217369,
0.873132898737844,0.882457176839776,0.89140976688515,0.899801828262448,0.908004563723665,
0.915727296929182,0.923158129761632,0.93244999828624,0.942026984339959,0.951895555199954,
0.962298805147413,0.972430183730525,0.982290913468715,0.990595172994288,1.),
.UNSPECIFIED.);
#2313=VERTEX_POINT('',#6066);
#2314=(BOUNDED_CURVE()B_SPLINE_CURVE(3,
(#6067,#6068,#6069,#6070,#6071,#6072,#6073,#6074,#6075,#6076,#6077,#6078,#6079,#6080,
#6081,#6082,#6083,#6084,#6085,#6086,#6087,#6088,#6089,#6090,#6091,#6092,#6093,#6094,
#6095,#6096,#6097,#6098,#6099,#6100,#6101,#6102,#6103,#6104,#6105,#6106,#6107,#6108,
#6109,#6110,#6111,#6112,#6113,#6114,#6115,#6116,#6117,#6118,#6119,#6120,#6121,#6122,
#6123,#6124,#6125,#6126,#6127,#6128,#6129,#6130,#6131,#6132,#6133,#6134,#6135,#6136,
#6137,#6138,#6139,#6140,#6141,#6142,#6143,#6144,#6145,#6146,#6147,#6148,#6149,#6150,
#6151,#6152,#6153),
.UNSPECIFIED.,.T.,.F.)B_SPLINE_CURVE_WITH_KNOTS((4,1,1,1,1,1,1,1,1,1,1,1,1,1,1,1,
1,1,1,1,1,1,1,1,1,1,1,1,1,1,1,1,1,1,1,1,1,1,1,1,1,1,1,1,1,1,1,1,1,1,1,1,1,1,1,1,
1,1,1,1,1,1,1,1,1,1,1,1,1,1,1,1,1,1,1,1,1,1,1,1,1,1,1,1,4),
(0.,0.00706522810475643,0.0131676297063629,0.020889374479974,0.0325468889314534,
0.0478039392033766,0.0636715082305583,0.0780351316047311,0.0914556006298089,0.104967760502194,
0.119691484097946,0.133167230060032,0.144783059362572,0.154401370382354,0.164270651032369,
0.174773369720201,0.185659112219964,0.200968089634064,0.216852037547352,0.23327871987447,
0.233304777953943,0.251202510144108,0.274400698889618,0.302694702818596,0.326234287294788,
0.344634686835571,0.357959167396448,0.371148824294889,0.383591209084867,0.3954195759948,
0.406130051976188,0.416336558741836,0.425303922509162,0.433531460129438,0.440759505251989,
0.44772703208748,0.453933483227824,0.459635342769814,0.466036820208755,0.473488988918428,
0.48215734752083,0.491131223267254,0.499997113581968,0.500059255382804,0.508477596955267,
0.516498411267941,0.524928814698936,0.532650140435158,0.539249364438498,0.545829645503731,
0.554059554520435,0.564621097085959,0.57653867463765,0.587679005003417,0.597358420750474,
0.608002526947681,0.62228722321967,0.640720571054042,0.663447387051821,0.690014425365002,
0.720239979082811,0.748726882046264,0.766720089362556,0.774921800471437,0.798161459569725,
0.817065153080996,0.831853640615651,0.842621752636186,0.853149643931871,0.863240229217371,
0.873132898737844,0.882457176839777,0.891409766885151,0.899801828262449,0.908004563723666,
0.915727296929181,0.92315812976163,0.932449998286238,0.94202698433996,0.951895555199953,
0.962298805147411,0.972430183730521,0.982290913468715,0.990595172994293,1.),
.UNSPECIFIED.)CURVE()GEOMETRIC_REPRESENTATION_ITEM()RATIONAL_B_SPLINE_CURVE((1.,
1.,1.,1.,1.,1.,1.,1.,1.,1.,1.,1.,1.,1.,1.,1.,1.,1.,1.,1.,1.,1.,1.,1.,1.,1.,1.,1.,
1.,1.,1.,1.,1.,1.,1.,1.,1.,1.,1.,1.,1.,1.,1.,1.,1.,1.,1.,1.,1.,1.,1.,1.,1.,1.,1.,
1.,1.,1.,1.,1.,1.,1.,1.,1.,1.,1.,1.,1.,1.,1.,1.,1.,1.,1.,1.,1.,1.,1.,1.,1.,1.,1.,
1.,1.,1.,1.,1.))REPRESENTATION_ITEM(''));
#2315=VERTEX_POINT('',#6154);
#2316=B_SPLINE_CURVE_WITH_KNOTS('',3,
(#6155,#6156,#6157,#6158,#6159,#6160,#6161,#6162,#6163,#6164,#6165,#6166,#6167,#6168,
#6169,#6170,#6171,#6172,#6173,#6174,#6175,#6176,#6177,#6178,#6179,#6180,#6181,#6182,
#6183,#6184,#6185,#6186,#6187,#6188,#6189,#6190,#6191,#6192,#6193,#6194,#6195,#6196,
#6197,#6198,#6199,#6200,#6201,#6202,#6203,#6204,#6205,#6206,#6207,#6208,#6209,#6210,
#6211,#6212,#6213,#6214,#6215,#6216,#6217,#6218,#6219,#6220,#6221,#6222,#6223,#6224,
#6225,#6226,#6227,#6228,#6229,#6230,#6231,#6232,#6233,#6234,#6235,#6236,#6237,#6238,
#6239,#6240,#6241),
.UNSPECIFIED.,.T.,.F.,
(4,1,1,1,1,1,1,1,1,1,1,1,1,1,1,1,1,1,1,1,1,1,1,1,1,1,1,1,1,1,1,1,1,1,1,1,1,1,1,1,
1,1,1,1,1,1,1,1,1,1,1,1,1,1,1,1,1,1,1,1,1,1,1,1,1,1,1,1,1,1,1,1,1,1,1,1,1,1,1,1,
1,1,1,1,4),
(0.,0.00706522810475719,0.0131676297063701,0.0208893744799806,0.0325468889314585,
0.0478039392033836,0.0636715082305616,0.0780351316047371,0.0914556006298142,0.104967760502206,
0.119691484097969,0.133167230060063,0.144783059362612,0.154401370382402,0.164270651032425,
0.174773369720262,0.185659112220037,0.200968089634157,0.216852037547465,0.23327871987447,
0.233304777954074,0.25120251014425,0.27440069888976,0.302694702818728,0.326234287294903,
0.34463468683567,0.357959167396531,0.371148824294952,0.383591209084913,0.395419575994831,
0.406130051976207,0.416336558741848,0.425303922509164,0.433531460129435,0.440759505251982,
0.447727032087473,0.45393348322782,0.459635342769812,0.466036820208754,0.473488988918428,
0.482157347520831,0.491131223267253,0.499997113581971,0.5000592553828,0.508477596955264,
0.516498411267939,0.524928814698939,0.532650140435159,0.539249364438503,0.545829645503733,
0.554059554520435,0.56462109708596,0.576538674637648,0.587679005003418,0.597358420750477,
0.608002526947686,0.622287223219678,0.640720571054051,0.663447387051834,0.690014425365018,
0.720239979082828,0.748726882046279,0.766720089362555,0.774921800471447,0.79816145956973,
0.817065153080997,0.831853640615649,0.842621752636183,0.853149643931866,0.863240229217367,
0.873132898737843,0.882457176839775,0.891409766885148,0.899801828262446,0.908004563723662,
0.915727296929175,0.923158129761627,0.932449998286235,0.942026984339956,0.951895555199953,
0.962298805147407,0.972430183730521,0.982290913468715,0.990595172994295,1.),
.UNSPECIFIED.);
#2317=VERTEX_POINT('',#6242);
#2318=B_SPLINE_CURVE_WITH_KNOTS('',3,
(#6243,#6244,#6245,#6246,#6247,#6248,#6249,#6250,#6251,#6252,#6253,#6254,#6255,#6256,
#6257,#6258,#6259,#6260,#6261,#6262,#6263,#6264,#6265,#6266,#6267,#6268,#6269,#6270,
#6271,#6272,#6273,#6274,#6275,#6276,#6277,#6278,#6279,#6280,#6281,#6282,#6283,#6284,
#6285,#6286,#6287,#6288,#6289,#6290,#6291,#6292,#6293,#6294,#6295,#6296,#6297,#6298,
#6299,#6300,#6301,#6302,#6303,#6304,#6305,#6306,#6307,#6308,#6309,#6310,#6311,#6312,
#6313,#6314,#6315,#6316,#6317,#6318,#6319,#6320,#6321,#6322,#6323,#6324,#6325,#6326,
#6327,#6328,#6329),
.UNSPECIFIED.,.T.,.F.,
(4,1,1,1,1,1,1,1,1,1,1,1,1,1,1,1,1,1,1,1,1,1,1,1,1,1,1,1,1,1,1,1,1,1,1,1,1,1,1,1,
1,1,1,1,1,1,1,1,1,1,1,1,1,1,1,1,1,1,1,1,1,1,1,1,1,1,1,1,1,1,1,1,1,1,1,1,1,1,1,1,
1,1,1,1,4),
(0.,0.00706522810475049,0.013167629706359,0.0208893744799726,0.0325468889314535,
0.0478039392033752,0.0636715082305611,0.0780351316047324,0.0914556006298089,0.104967760502196,
0.119691484097952,0.13316723006004,0.144783059362587,0.15440137038237,0.164270651032388,
0.174773369720221,0.185659112219986,0.200968089634091,0.216852037547385,0.233278719874471,
0.233304777953983,0.251202510144152,0.274400698889661,0.302694702818635,0.326234287294823,
0.344634686835601,0.357959167396474,0.371148824294907,0.383591209084881,0.395419575994807,
0.406130051976194,0.416336558741842,0.425303922509163,0.433531460129437,0.440759505251983,
0.447727032087475,0.45393348322782,0.459635342769811,0.466036820208752,0.473488988918428,
0.48215734752082,0.491131223267247,0.499997113581968,0.5000592553828,0.508477596955262,
0.516498411267937,0.524928814698936,0.532650140435151,0.539249364438493,0.545829645503727,
0.554059554520423,0.564621097085947,0.576538674637631,0.587679005003392,0.597358420750444,
0.608002526947644,0.62228722321962,0.640720571053971,0.663447387051728,0.690014425364894,
0.720239979082705,0.748726882046172,0.766720089362556,0.774921800471369,0.798161459569683,
0.817065153080975,0.83185364061564,0.842621752636179,0.853149643931866,0.863240229217367,
0.873132898737842,0.882457176839775,0.891409766885147,0.899801828262447,0.908004563723664,
0.915727296929179,0.923158129761628,0.932449998286233,0.942026984339952,0.951895555199947,
0.962298805147408,0.972430183730518,0.982290913468715,0.990595172994292,1.),
.UNSPECIFIED.);
#2319=VERTEX_POINT('',#6330);
#2320=B_SPLINE_CURVE_WITH_KNOTS('',3,
(#6331,#6332,#6333,#6334,#6335,#6336,#6337,#6338,#6339,#6340,#6341,#6342,#6343,#6344,
#6345,#6346,#6347,#6348,#6349,#6350,#6351,#6352,#6353,#6354,#6355,#6356,#6357,#6358,
#6359,#6360,#6361,#6362,#6363,#6364,#6365,#6366,#6367,#6368,#6369,#6370,#6371,#6372,
#6373,#6374,#6375,#6376,#6377,#6378,#6379,#6380,#6381,#6382,#6383,#6384,#6385,#6386,
#6387,#6388,#6389,#6390,#6391,#6392,#6393,#6394,#6395,#6396,#6397,#6398,#6399,#6400,
#6401,#6402,#6403,#6404,#6405,#6406,#6407,#6408,#6409,#6410,#6411,#6412,#6413,#6414,
#6415,#6416,#6417),
.UNSPECIFIED.,.T.,.F.,
(4,1,1,1,1,1,1,1,1,1,1,1,1,1,1,1,1,1,1,1,1,1,1,1,1,1,1,1,1,1,1,1,1,1,1,1,1,1,1,1,
1,1,1,1,1,1,1,1,1,1,1,1,1,1,1,1,1,1,1,1,1,1,1,1,1,1,1,1,1,1,1,1,1,1,1,1,1,1,1,1,
1,1,1,1,4),
(0.,0.00706522810475323,0.0131676297063597,0.0208893744799672,0.0325468889314457,
0.0478039392033842,0.0636715082305703,0.0780351316047564,0.0914556006298451,0.104967760502242,
0.119691484098016,0.133167230060122,0.144783059362685,0.154401370382488,0.164270651032524,
0.174773369720385,0.185659112220183,0.20096808963434,0.216852037547686,0.233278719874471,
0.233304777954331,0.251202510144523,0.274400698890034,0.302694702818983,0.326234287295128,
0.344634686835859,0.357959167396691,0.371148824295076,0.383591209085006,0.395419575994892,
0.406130051976239,0.416336558741864,0.425303922509171,0.433531460129436,0.440759505251985,
0.447727032087475,0.453933483227819,0.459635342769809,0.466036820208746,0.473488988918425,
0.482157347520824,0.491131223267254,0.499997113581973,0.500059255382802,0.50847759695527,
0.516498411267945,0.524928814698941,0.532650140435157,0.5392493644385,0.545829645503733,
0.554059554520439,0.564621097085974,0.576538674637665,0.587679005003437,0.597358420750495,
0.608002526947713,0.622287223219717,0.640720571054108,0.663447387051909,0.690014425365105,
0.720239979082914,0.748726882046352,0.766720089362556,0.774921800471499,0.798161459569761,
0.817065153081011,0.831853640615652,0.842621752636185,0.853149643931866,0.863240229217365,
0.873132898737838,0.882457176839772,0.891409766885146,0.899801828262445,0.90800456372366,
0.915727296929174,0.923158129761628,0.932449998286233,0.942026984339949,0.951895555199942,
0.962298805147403,0.972430183730513,0.982290913468711,0.990595172994293,1.),
.UNSPECIFIED.);
#2321=VERTEX_POINT('',#6418);
#2322=B_SPLINE_CURVE_WITH_KNOTS('',3,
(#6419,#6420,#6421,#6422,#6423,#6424,#6425,#6426,#6427,#6428,#6429,#6430,#6431,#6432,
#6433,#6434,#6435,#6436,#6437,#6438,#6439,#6440,#6441,#6442,#6443,#6444,#6445,#6446,
#6447,#6448,#6449,#6450,#6451,#6452,#6453,#6454,#6455,#6456,#6457,#6458,#6459,#6460,
#6461,#6462,#6463,#6464,#6465,#6466,#6467,#6468,#6469,#6470,#6471,#6472,#6473,#6474,
#6475,#6476,#6477,#6478,#6479,#6480,#6481,#6482,#6483,#6484,#6485,#6486,#6487,#6488,
#6489,#6490,#6491,#6492,#6493,#6494,#6495,#6496,#6497,#6498,#6499,#6500,#6501,#6502,
#6503,#6504,#6505),
.UNSPECIFIED.,.T.,.F.,
(4,1,1,1,1,1,1,1,1,1,1,1,1,1,1,1,1,1,1,1,1,1,1,1,1,1,1,1,1,1,1,1,1,1,1,1,1,1,1,1,
1,1,1,1,1,1,1,1,1,1,1,1,1,1,1,1,1,1,1,1,1,1,1,1,1,1,1,1,1,1,1,1,1,1,1,1,1,1,1,1,
1,1,1,1,4),
(0.,0.00706522810475129,0.0131676297063664,0.0208893744799783,0.0325468889314562,
0.0478039392033839,0.0636715082305699,0.0780351316047569,0.0914556006298496,0.104967760502245,
0.119691484098013,0.133167230060117,0.144783059362682,0.154401370382486,0.164270651032525,
0.174773369720385,0.185659112220181,0.20096808963434,0.216852037547687,0.23327871987447,
0.233304777954332,0.251202510144526,0.274400698890036,0.302694702818985,0.326234287295128,
0.344634686835863,0.357959167396692,0.371148824295077,0.383591209085004,0.395419575994889,
0.40613005197624,0.416336558741862,0.425303922509172,0.433531460129441,0.440759505251988,
0.447727032087476,0.453933483227819,0.459635342769815,0.466036820208759,0.473488988918428,
0.482157347520822,0.491131223267254,0.499997113581968,0.5000592553828,0.508477596955264,
0.516498411267943,0.524928814698941,0.532650140435159,0.539249364438502,0.545829645503737,
0.554059554520442,0.564621097085974,0.57653867463767,0.587679005003441,0.597358420750504,
0.608002526947719,0.622287223219726,0.640720571054123,0.663447387051927,0.69001442536512,
0.720239979082927,0.748726882046364,0.766720089362556,0.774921800471508,0.798161459569769,
0.817065153081016,0.831853640615656,0.842621752636186,0.853149643931864,0.863240229217366,
0.873132898737842,0.882457176839775,0.89140976688515,0.899801828262447,0.908004563723664,
0.91572729692918,0.923158129761631,0.932449998286235,0.942026984339956,0.95189555519995,
0.962298805147409,0.972430183730518,0.982290913468716,0.990595172994291,1.),
.UNSPECIFIED.);
#2323=VERTEX_POINT('',#6506);
#2324=B_SPLINE_CURVE_WITH_KNOTS('',3,
(#6507,#6508,#6509,#6510,#6511,#6512,#6513,#6514,#6515,#6516,#6517,#6518,#6519,#6520,
#6521,#6522,#6523,#6524,#6525,#6526,#6527,#6528,#6529,#6530,#6531,#6532,#6533,#6534,
#6535,#6536,#6537,#6538,#6539,#6540,#6541,#6542,#6543,#6544,#6545,#6546,#6547,#6548,
#6549,#6550,#6551,#6552,#6553,#6554,#6555,#6556,#6557,#6558,#6559,#6560,#6561,#6562,
#6563,#6564,#6565,#6566,#6567,#6568,#6569,#6570,#6571,#6572,#6573,#6574,#6575,#6576,
#6577,#6578,#6579,#6580,#6581,#6582,#6583,#6584,#6585,#6586,#6587,#6588,#6589,#6590,
#6591,#6592,#6593),
.UNSPECIFIED.,.T.,.F.,
(4,1,1,1,1,1,1,1,1,1,1,1,1,1,1,1,1,1,1,1,1,1,1,1,1,1,1,1,1,1,1,1,1,1,1,1,1,1,1,1,
1,1,1,1,1,1,1,1,1,1,1,1,1,1,1,1,1,1,1,1,1,1,1,1,1,1,1,1,1,1,1,1,1,1,1,1,1,1,1,1,
1,1,1,1,4),
(0.,0.0070652281047573,0.0131676297063666,0.0208893744799768,0.0325468889314555,
0.0478039392033911,0.0636715082305761,0.0780351316047564,0.0914556006298406,0.104967760502244,
0.119691484098017,0.133167230060122,0.144783059362686,0.154401370382489,0.164270651032529,
0.174773369720389,0.185659112220187,0.200968089634346,0.216852037547693,0.233278719874471,
0.23330477795434,0.251202510144536,0.274400698890048,0.302694702818993,0.326234287295134,
0.344634686835866,0.357959167396696,0.371148824295083,0.383591209085008,0.395419575994893,
0.406130051976241,0.416336558741864,0.425303922509169,0.433531460129435,0.440759505251987,
0.447727032087479,0.453933483227829,0.459635342769819,0.466036820208763,0.473488988918434,
0.482157347520827,0.491131223267248,0.499997113581966,0.500059255382803,0.508477596955269,
0.516498411267942,0.524928814698946,0.532650140435157,0.539249364438503,0.545829645503746,
0.554059554520441,0.564621097085973,0.576538674637672,0.587679005003446,0.597358420750508,
0.608002526947723,0.622287223219727,0.640720571054127,0.663447387051929,0.690014425365125,
0.720239979082931,0.748726882046368,0.766720089362556,0.774921800471511,0.798161459569769,
0.817065153081016,0.831853640615654,0.842621752636185,0.853149643931865,0.863240229217368,
0.873132898737841,0.882457176839776,0.891409766885152,0.899801828262447,0.908004563723661,
0.915727296929176,0.923158129761624,0.932449998286232,0.942026984339956,0.951895555199948,
0.962298805147412,0.972430183730522,0.982290913468712,0.990595172994288,1.),
.UNSPECIFIED.);
#2325=VERTEX_POINT('',#6594);
#2326=B_SPLINE_CURVE_WITH_KNOTS('',3,
(#6595,#6596,#6597,#6598,#6599,#6600,#6601,#6602,#6603,#6604,#6605,#6606,#6607,#6608,
#6609,#6610,#6611,#6612,#6613,#6614,#6615,#6616,#6617,#6618,#6619,#6620,#6621,#6622,
#6623,#6624,#6625,#6626,#6627,#6628,#6629,#6630,#6631,#6632,#6633,#6634,#6635,#6636,
#6637,#6638,#6639,#6640,#6641,#6642,#6643,#6644,#6645,#6646,#6647,#6648,#6649,#6650,
#6651,#6652,#6653,#6654,#6655,#6656,#6657,#6658,#6659,#6660,#6661,#6662,#6663,#6664,
#6665,#6666,#6667,#6668,#6669,#6670,#6671,#6672,#6673,#6674,#6675,#6676,#6677,#6678,
#6679,#6680,#6681),
.UNSPECIFIED.,.T.,.F.,
(4,1,1,1,1,1,1,1,1,1,1,1,1,1,1,1,1,1,1,1,1,1,1,1,1,1,1,1,1,1,1,1,1,1,1,1,1,1,1,1,
1,1,1,1,1,1,1,1,1,1,1,1,1,1,1,1,1,1,1,1,1,1,1,1,1,1,1,1,1,1,1,1,1,1,1,1,1,1,1,1,
1,1,1,1,4),
(0.,0.00706522810474864,0.0131676297063689,0.0208893744799791,0.0325468889314626,
0.0478039392033922,0.063671508230572,0.0780351316047498,0.0914556006298395,0.104967760502238,
0.119691484098018,0.13316723006013,0.144783059362696,0.1544013703825,0.164270651032541,
0.174773369720407,0.185659112220207,0.200968089634372,0.216852037547724,0.23327871987447,
0.233304777954376,0.251202510144575,0.274400698890086,0.302694702819032,0.326234287295168,
0.344634686835894,0.35795916739672,0.371148824295099,0.38359120908502,0.395419575994898,
0.406130051976249,0.416336558741865,0.425303922509175,0.433531460129441,0.44075950525199,
0.447727032087482,0.453933483227836,0.459635342769829,0.466036820208762,0.473488988918436,
0.482157347520826,0.491131223267245,0.499997113581971,0.500059255382795,0.508477596955267,
0.51649841126795,0.524928814698935,0.532650140435155,0.539249364438508,0.545829645503745,
0.55405955452044,0.56462109708597,0.576538674637669,0.587679005003444,0.597358420750503,
0.60800252694772,0.622287223219723,0.64072057105412,0.663447387051923,0.690014425365116,
0.720239979082923,0.748726882046359,0.766720089362556,0.774921800471505,0.798161459569764,
0.817065153081013,0.831853640615652,0.842621752636184,0.853149643931862,0.863240229217363,
0.873132898737838,0.882457176839767,0.891409766885142,0.899801828262441,0.90800456372366,
0.91572729692918,0.92315812976163,0.932449998286236,0.942026984339956,0.951895555199947,
0.962298805147411,0.972430183730515,0.982290913468718,0.990595172994294,1.),
.UNSPECIFIED.);
#2327=VERTEX_POINT('',#6682);
#2328=B_SPLINE_CURVE_WITH_KNOTS('',3,
(#6683,#6684,#6685,#6686,#6687,#6688,#6689,#6690,#6691,#6692,#6693,#6694,#6695,#6696,
#6697,#6698,#6699,#6700,#6701,#6702,#6703,#6704,#6705,#6706,#6707,#6708,#6709,#6710,
#6711,#6712,#6713,#6714,#6715,#6716,#6717,#6718,#6719,#6720,#6721,#6722,#6723,#6724,
#6725,#6726,#6727,#6728,#6729,#6730,#6731,#6732,#6733,#6734),
.UNSPECIFIED.,.T.,.F.,
(4,1,1,1,1,1,1,1,1,1,1,1,1,1,1,1,1,1,1,1,1,1,1,1,1,1,1,1,1,1,1,1,1,1,1,1,1,1,1,1,
1,1,1,1,1,1,1,1,1,4),
(0.,0.013666012702927,0.0268604086899332,0.039592637613534,0.0570116073695824,0.0796901931170067,
0.107619580068593,0.134677909992777,0.161799002485071,0.185321636078037,0.206203037893864,
0.223896141548866,0.242069752343352,0.247199171787839,0.266705521292872,0.296805336901664,
0.330399418463199,0.360516382272644,0.387914254061315,0.4161475000179,0.440544346490773,
0.46088741601743,0.474394662326278,0.486725708979654,0.497874459667242,0.499993408031474,
0.509001891331702,0.520441094011753,0.53221250386426,0.550681146461376,0.574881746176946,
0.605934425330137,0.637646863590742,0.671445316533697,0.704953214464591,0.732824567135985,
0.752791009536326,0.754270165850764,0.770232576027088,0.785889220166971,0.806741742009978,
0.833010267019874,0.865541130405177,0.893616863327914,0.917326861762589,0.935278473172544,
0.952677387919757,0.968989450201306,0.984764503770143,1.),
.UNSPECIFIED.);
#2329=VERTEX_POINT('',#6735);
#2330=B_SPLINE_CURVE_WITH_KNOTS('',3,
(#6736,#6737,#6738,#6739,#6740,#6741,#6742,#6743,#6744,#6745,#6746,#6747,#6748,#6749,
#6750,#6751,#6752,#6753,#6754,#6755,#6756,#6757,#6758,#6759,#6760,#6761,#6762,#6763,
#6764,#6765,#6766,#6767,#6768,#6769,#6770,#6771,#6772,#6773,#6774,#6775,#6776,#6777,
#6778,#6779,#6780,#6781,#6782,#6783,#6784,#6785,#6786,#6787),
.UNSPECIFIED.,.T.,.F.,
(4,1,1,1,1,1,1,1,1,1,1,1,1,1,1,1,1,1,1,1,1,1,1,1,1,1,1,1,1,1,1,1,1,1,1,1,1,1,1,1,
1,1,1,1,1,1,1,1,1,4),
(0.,0.0136660127029298,0.026860408689938,0.0395926376135339,0.0570116073695776,0.0796901931170035,
0.10761958006859,0.134677909992778,0.161799002485069,0.185321636078035,0.20620303789386,
0.223896141548855,0.242069752343324,0.247199171787818,0.266705521292835,0.296805336901652,
0.330399418463201,0.36051638227265,0.387914254061317,0.416147500017899,0.440544346490771,
0.46088741601743,0.47439466232628,0.486725708979656,0.497874459667249,0.499993408031481,
0.509001891331703,0.520441094011752,0.532212503864263,0.550681146461379,0.574881746176945,
0.605934425330135,0.637646863590744,0.671445316533702,0.704953214464591,0.732824567135985,
0.752791009536326,0.754270165850763,0.770232576027087,0.785889220166971,0.806741742009978,
0.833010267019874,0.865541130405176,0.893616863327913,0.917326861762594,0.93527847317255,
0.95267738791976,0.968989450201303,0.984764503770142,1.),
.UNSPECIFIED.);
#2331=VERTEX_POINT('',#6788);
#2332=B_SPLINE_CURVE_WITH_KNOTS('',3,
(#6789,#6790,#6791,#6792,#6793,#6794,#6795,#6796,#6797,#6798,#6799,#6800,#6801,#6802,
#6803,#6804,#6805,#6806,#6807,#6808,#6809,#6810,#6811,#6812,#6813,#6814,#6815,#6816,
#6817,#6818,#6819,#6820,#6821,#6822,#6823,#6824,#6825,#6826,#6827,#6828,#6829,#6830,
#6831,#6832,#6833,#6834,#6835,#6836,#6837,#6838,#6839,#6840),
.UNSPECIFIED.,.T.,.F.,
(4,1,1,1,1,1,1,1,1,1,1,1,1,1,1,1,1,1,1,1,1,1,1,1,1,1,1,1,1,1,1,1,1,1,1,1,1,1,1,1,
1,1,1,1,1,1,1,1,1,4),
(0.,0.013666012702931,0.0268604086899377,0.0395926376135366,0.0570116073695838,0.079690193117004,
0.107619580068588,0.134677909992776,0.161799002485064,0.185321636078033,0.206203037893855,
0.223896141548844,0.242069752343294,0.2471991717878,0.266705521292798,0.296805336901631,
0.330399418463186,0.360516382272635,0.387914254061312,0.416147500017893,0.44054434649077,
0.460887416017429,0.474394662326275,0.486725708979645,0.497874459667239,0.499993408031476,
0.509001891331702,0.520441094011755,0.532212503864265,0.550681146461373,0.574881746176947,
0.605934425330137,0.637646863590744,0.671445316533697,0.70495321446459,0.732824567135985,
0.752791009536325,0.754270165850762,0.770232576027086,0.785889220166972,0.806741742009978,
0.833010267019873,0.865541130405178,0.893616863327913,0.917326861762592,0.935278473172549,
0.95267738791976,0.968989450201302,0.984764503770139,1.),
.UNSPECIFIED.);
#2333=VERTEX_POINT('',#6841);
#2334=B_SPLINE_CURVE_WITH_KNOTS('',3,
(#6842,#6843,#6844,#6845,#6846,#6847,#6848,#6849,#6850,#6851,#6852,#6853,#6854,#6855,
#6856,#6857,#6858,#6859,#6860,#6861,#6862,#6863,#6864,#6865,#6866,#6867,#6868,#6869,
#6870,#6871,#6872,#6873,#6874,#6875,#6876,#6877,#6878,#6879,#6880,#6881,#6882,#6883,
#6884,#6885,#6886,#6887,#6888,#6889,#6890,#6891,#6892,#6893),
.UNSPECIFIED.,.T.,.F.,
(4,1,1,1,1,1,1,1,1,1,1,1,1,1,1,1,1,1,1,1,1,1,1,1,1,1,1,1,1,1,1,1,1,1,1,1,1,1,1,1,
1,1,1,1,1,1,1,1,1,4),
(0.,0.0136660127029243,0.0268604086899349,0.0395926376135351,0.0570116073695844,
0.0796901931170049,0.10761958006859,0.134677909992776,0.161799002485066,0.185321636078034,
0.206203037893862,0.22389614154886,0.242069752343329,0.24719917178782,0.266705521292844,
0.296805336901662,0.330399418463211,0.360516382272658,0.387914254061323,0.416147500017906,
0.440544346490768,0.460887416017427,0.474394662326272,0.486725708979654,0.497874459667245,
0.499993408031479,0.509001891331705,0.520441094011755,0.532212503864266,0.550681146461378,
0.574881746176947,0.605934425330137,0.637646863590744,0.671445316533698,0.704953214464589,
0.732824567135985,0.752791009536325,0.754270165850762,0.770232576027086,0.785889220166971,
0.806741742009977,0.833010267019874,0.865541130405179,0.893616863327913,0.91732686176259,
0.935278473172542,0.952677387919754,0.968989450201296,0.98476450377014,1.),
.UNSPECIFIED.);
#2335=VERTEX_POINT('',#6894);
#2336=B_SPLINE_CURVE_WITH_KNOTS('',3,
(#6895,#6896,#6897,#6898,#6899,#6900,#6901,#6902,#6903,#6904,#6905,#6906,#6907,#6908,
#6909,#6910,#6911,#6912,#6913,#6914,#6915,#6916,#6917,#6918,#6919,#6920,#6921,#6922,
#6923,#6924,#6925,#6926,#6927,#6928,#6929,#6930,#6931,#6932,#6933,#6934,#6935,#6936,
#6937,#6938,#6939,#6940,#6941,#6942,#6943,#6944,#6945,#6946),
.UNSPECIFIED.,.T.,.F.,
(4,1,1,1,1,1,1,1,1,1,1,1,1,1,1,1,1,1,1,1,1,1,1,1,1,1,1,1,1,1,1,1,1,1,1,1,1,1,1,1,
1,1,1,1,1,1,1,1,1,4),
(0.,0.0136660127029242,0.0268604086899366,0.0395926376135337,0.0570116073695829,
0.0796901931170038,0.107619580068588,0.134677909992778,0.161799002485071,0.185321636078035,
0.206203037893863,0.223896141548861,0.242069752343334,0.247199171787823,0.26670552129285,
0.296805336901665,0.330399418463215,0.360516382272659,0.387914254061325,0.416147500017902,
0.440544346490771,0.46088741601743,0.474394662326277,0.48672570897965,0.497874459667246,
0.499993408031482,0.509001891331706,0.520441094011762,0.532212503864261,0.550681146461374,
0.574881746176946,0.605934425330134,0.637646863590739,0.671445316533696,0.704953214464589,
0.732824567135984,0.752791009536326,0.754270165850761,0.770232576027087,0.785889220166972,
0.806741742009979,0.833010267019873,0.865541130405176,0.893616863327916,0.917326861762586,
0.935278473172546,0.952677387919758,0.968989450201304,0.984764503770145,1.),
.UNSPECIFIED.);
#2337=VERTEX_POINT('',#6947);
#2338=B_SPLINE_CURVE_WITH_KNOTS('',3,
(#6948,#6949,#6950,#6951,#6952,#6953,#6954,#6955,#6956,#6957,#6958,#6959,#6960,#6961,
#6962,#6963,#6964,#6965,#6966,#6967,#6968,#6969,#6970,#6971,#6972,#6973,#6974,#6975,
#6976,#6977,#6978,#6979,#6980,#6981,#6982,#6983,#6984,#6985,#6986,#6987,#6988,#6989,
#6990,#6991,#6992,#6993,#6994,#6995,#6996,#6997,#6998,#6999),
.UNSPECIFIED.,.T.,.F.,
(4,1,1,1,1,1,1,1,1,1,1,1,1,1,1,1,1,1,1,1,1,1,1,1,1,1,1,1,1,1,1,1,1,1,1,1,1,1,1,1,
1,1,1,1,1,1,1,1,1,4),
(0.,0.0136660127029253,0.0268604086899357,0.0395926376135363,0.0570116073695838,
0.0796901931170012,0.107619580068587,0.134677909992776,0.161799002485068,0.185321636078036,
0.206203037893863,0.223896141548873,0.242069752343373,0.247199171787854,0.266705521292895,
0.296805336901663,0.330399418463188,0.360516382272629,0.387914254061301,0.416147500017892,
0.440544346490771,0.46088741601743,0.474394662326276,0.486725708979647,0.497874459667241,
0.499993408031477,0.509001891331707,0.520441094011763,0.532212503864268,0.550681146461377,
0.574881746176947,0.605934425330135,0.637646863590743,0.6714453165337,0.70495321446459,
0.732824567135984,0.752791009536326,0.754270165850762,0.770232576027086,0.785889220166972,
0.806741742009979,0.833010267019876,0.865541130405175,0.893616863327912,0.917326861762589,
0.935278473172543,0.95267738791976,0.968989450201305,0.984764503770141,1.),
.UNSPECIFIED.);
#2339=VERTEX_POINT('',#7000);
#2340=B_SPLINE_CURVE_WITH_KNOTS('',3,
(#7001,#7002,#7003,#7004,#7005,#7006,#7007,#7008,#7009,#7010,#7011,#7012,#7013,#7014,
#7015,#7016,#7017,#7018,#7019,#7020,#7021,#7022,#7023,#7024,#7025,#7026,#7027,#7028,
#7029,#7030,#7031,#7032,#7033,#7034,#7035,#7036,#7037,#7038,#7039,#7040,#7041,#7042,
#7043,#7044,#7045,#7046,#7047,#7048,#7049,#7050,#7051,#7052),
.UNSPECIFIED.,.T.,.F.,
(4,1,1,1,1,1,1,1,1,1,1,1,1,1,1,1,1,1,1,1,1,1,1,1,1,1,1,1,1,1,1,1,1,1,1,1,1,1,1,1,
1,1,1,1,1,1,1,1,1,4),
(0.,0.0136660127029287,0.0268604086899316,0.0395926376135294,0.0570116073695791,
0.0796901931169974,0.107619580068587,0.134677909992779,0.161799002485071,0.185321636078041,
0.206203037893871,0.223896141548877,0.242069752343364,0.247199171787835,0.266705521292893,
0.296805336901714,0.33039941846327,0.360516382272718,0.387914254061352,0.416147500017924,
0.440544346490772,0.460887416017427,0.474394662326274,0.486725708979656,0.497874459667248,
0.499993408031481,0.509001891331704,0.520441094011761,0.532212503864266,0.550681146461383,
0.574881746176951,0.605934425330139,0.637646863590744,0.671445316533699,0.70495321446459,
0.732824567135985,0.752791009536326,0.754270165850762,0.770232576027086,0.785889220166971,
0.806741742009977,0.833010267019874,0.865541130405175,0.893616863327912,0.917326861762593,
0.935278473172543,0.952677387919755,0.968989450201297,0.984764503770137,1.),
.UNSPECIFIED.);
#2341=VERTEX_POINT('',#7053);
#2342=B_SPLINE_CURVE_WITH_KNOTS('',3,
(#7054,#7055,#7056,#7057,#7058,#7059,#7060,#7061,#7062,#7063,#7064,#7065,#7066,#7067,
#7068,#7069,#7070,#7071,#7072,#7073,#7074,#7075,#7076,#7077,#7078,#7079,#7080,#7081,
#7082,#7083,#7084,#7085,#7086,#7087,#7088,#7089,#7090,#7091,#7092,#7093,#7094,#7095,
#7096,#7097,#7098,#7099,#7100,#7101,#7102,#7103,#7104,#7105),
.UNSPECIFIED.,.T.,.F.,
(4,1,1,1,1,1,1,1,1,1,1,1,1,1,1,1,1,1,1,1,1,1,1,1,1,1,1,1,1,1,1,1,1,1,1,1,1,1,1,1,
1,1,1,1,1,1,1,1,1,4),
(0.,0.0136660127029298,0.0268604086899363,0.0395926376135338,0.0570116073695773,
0.0796901931169996,0.107619580068587,0.134677909992774,0.16179900248507,0.185321636078038,
0.206203037893866,0.223896141548866,0.242069752343341,0.247199171787824,0.266705521292862,
0.296805336901681,0.330399418463235,0.360516382272683,0.387914254061338,0.416147500017907,
0.440544346490771,0.460887416017429,0.474394662326279,0.486725708979654,0.497874459667247,
0.499993408031479,0.509001891331698,0.520441094011745,0.532212503864255,0.550681146461374,
0.574881746176949,0.605934425330136,0.637646863590741,0.671445316533699,0.704953214464586,
0.732824567135981,0.752791009536327,0.75427016585076,0.770232576027086,0.785889220166971,
0.806741742009977,0.833010267019871,0.865541130405171,0.89361686332791,0.917326861762588,
0.935278473172544,0.952677387919755,0.9689894502013,0.984764503770142,1.),
.UNSPECIFIED.);
#2343=VERTEX_POINT('',#7106);
#2344=B_SPLINE_CURVE_WITH_KNOTS('',3,
(#7107,#7108,#7109,#7110,#7111,#7112,#7113,#7114,#7115,#7116,#7117,#7118,#7119,#7120,
#7121,#7122,#7123,#7124,#7125,#7126,#7127,#7128,#7129,#7130,#7131,#7132,#7133,#7134,
#7135,#7136,#7137,#7138,#7139,#7140,#7141,#7142,#7143,#7144,#7145,#7146,#7147,#7148,
#7149,#7150,#7151,#7152,#7153,#7154,#7155,#7156,#7157,#7158),
.UNSPECIFIED.,.T.,.F.,
(4,1,1,1,1,1,1,1,1,1,1,1,1,1,1,1,1,1,1,1,1,1,1,1,1,1,1,1,1,1,1,1,1,1,1,1,1,1,1,1,
1,1,1,1,1,1,1,1,1,4),
(0.,0.0136660127029354,0.0268604086899483,0.0395926376135461,0.0570116073695912,
0.0796901931170088,0.107619580068587,0.134677909992774,0.161799002485068,0.185321636078032,
0.206203037893853,0.223896141548841,0.242069752343294,0.247199171787808,0.266705521292792,
0.2968053369016,0.33039941846314,0.360516382272589,0.387914254061283,0.416147500017893,
0.440544346490768,0.460887416017427,0.474394662326272,0.486725708979649,0.497874459667247,
0.49999340803148,0.509001891331701,0.52044109401175,0.532212503864261,0.550681146461378,
0.574881746176954,0.605934425330143,0.637646863590742,0.6714453165337,0.704953214464593,
0.732824567135989,0.752791009536326,0.754270165850765,0.770232576027088,0.785889220166971,
0.806741742009976,0.833010267019873,0.865541130405178,0.893616863327908,0.917326861762584,
0.935278473172542,0.952677387919754,0.968989450201309,0.984764503770143,1.),
.UNSPECIFIED.);
#2345=VERTEX_POINT('',#7159);
#2346=B_SPLINE_CURVE_WITH_KNOTS('',3,
(#7160,#7161,#7162,#7163,#7164,#7165,#7166,#7167,#7168,#7169,#7170,#7171,#7172,#7173,
#7174,#7175,#7176,#7177,#7178,#7179,#7180,#7181,#7182,#7183,#7184,#7185,#7186,#7187,
#7188,#7189,#7190,#7191,#7192,#7193,#7194,#7195,#7196,#7197,#7198,#7199,#7200,#7201,
#7202,#7203,#7204,#7205,#7206,#7207,#7208,#7209,#7210,#7211),
.UNSPECIFIED.,.T.,.F.,
(4,1,1,1,1,1,1,1,1,1,1,1,1,1,1,1,1,1,1,1,1,1,1,1,1,1,1,1,1,1,1,1,1,1,1,1,1,1,1,1,
1,1,1,1,1,1,1,1,1,4),
(0.,0.0136660127029299,0.0268604086899332,0.0395926376135326,0.0570116073695779,
0.0796901931170041,0.107619580068594,0.134677909992776,0.16179900248507,0.185321636078038,
0.206203037893869,0.22389614154888,0.242069752343383,0.247199171787853,0.266705521292911,
0.296805336901695,0.330399418463235,0.360516382272681,0.387914254061334,0.416147500017909,
0.440544346490769,0.460887416017421,0.474394662326283,0.48672570897965,0.497874459667249,
0.499993408031479,0.509001891331697,0.520441094011756,0.532212503864263,0.550681146461374,
0.574881746176942,0.605934425330133,0.637646863590741,0.671445316533701,0.704953214464593,
0.732824567135989,0.752791009536327,0.754270165850766,0.770232576027088,0.785889220166971,
0.806741742009977,0.833010267019872,0.865541130405178,0.893616863327902,0.917326861762582,
0.935278473172535,0.952677387919748,0.968989450201305,0.984764503770142,1.),
.UNSPECIFIED.);
#2347=VERTEX_POINT('',#7212);
#2348=B_SPLINE_CURVE_WITH_KNOTS('',3,
(#7213,#7214,#7215,#7216,#7217,#7218,#7219,#7220,#7221,#7222,#7223,#7224,#7225,#7226,
#7227,#7228,#7229,#7230,#7231,#7232,#7233,#7234,#7235,#7236,#7237,#7238,#7239,#7240,
#7241,#7242,#7243,#7244,#7245,#7246,#7247,#7248,#7249,#7250,#7251,#7252,#7253,#7254,
#7255,#7256,#7257,#7258,#7259,#7260,#7261,#7262,#7263,#7264,#7265,#7266,#7267,#7268,
#7269,#7270,#7271,#7272,#7273,#7274,#7275,#7276),
.UNSPECIFIED.,.T.,.F.,
(4,1,1,1,1,1,1,1,1,1,1,1,1,1,1,1,1,1,1,1,1,1,1,1,1,1,1,1,1,1,1,1,1,1,1,1,1,1,1,1,
1,1,1,1,1,1,1,1,1,1,1,1,1,1,1,1,1,1,1,1,1,4),
(0.,0.010828530917462,0.0223458802493464,0.0345676870785653,0.052418784647568,0.0760340213815306,
0.100989274928715,0.122352792335145,0.139196526232928,0.155937201283307,0.171468438825624,
0.185893994282842,0.201456676473766,0.215399914162766,0.22770897161621,0.24001011418409,
0.249998367715514,0.256156563192667,0.277174353222363,0.298188742642746,0.31919958902562,
0.336963028181284,0.352499892127563,0.366914499608668,0.382435696410148,0.400163693468764,
0.418991463336937,0.438908882939621,0.458816557351487,0.478101616970294,0.496773123852684,
0.499995199641435,0.514219310028667,0.531053003865137,0.546287490086531,0.560538430483428,
0.579450661348532,0.59958801641777,0.620950190057577,0.637792971210242,0.654532870530826,
0.670063820789303,0.68448940031511,0.700053022472873,0.714074908108804,0.726540767446022,
0.738996411164762,0.749993930503026,0.755219383173061,0.776080267009192,0.796938401639954,
0.817793921150531,0.835557661087486,0.851094979918309,0.865510174390376,0.88103200587856,
0.898761088791552,0.91759039076292,0.940851822456354,0.964413062336934,0.985244766114549,
1.),
.UNSPECIFIED.);
#2349=VERTEX_POINT('',#7277);
#2350=B_SPLINE_CURVE_WITH_KNOTS('',3,
(#7278,#7279,#7280,#7281,#7282,#7283,#7284,#7285,#7286,#7287,#7288,#7289,#7290,#7291,
#7292,#7293,#7294,#7295,#7296,#7297,#7298,#7299,#7300,#7301,#7302,#7303,#7304,#7305,
#7306,#7307,#7308,#7309,#7310,#7311,#7312,#7313,#7314,#7315,#7316,#7317,#7318,#7319,
#7320,#7321,#7322,#7323,#7324,#7325,#7326,#7327,#7328,#7329,#7330,#7331,#7332,#7333,
#7334,#7335,#7336,#7337,#7338,#7339,#7340,#7341),
.UNSPECIFIED.,.T.,.F.,
(4,1,1,1,1,1,1,1,1,1,1,1,1,1,1,1,1,1,1,1,1,1,1,1,1,1,1,1,1,1,1,1,1,1,1,1,1,1,1,1,
1,1,1,1,1,1,1,1,1,1,1,1,1,1,1,1,1,1,1,1,1,4),
(0.,0.0108285309174645,0.0223458802493525,0.0345676870785682,0.0524187846475652,
0.0760340213815222,0.100989274928714,0.122352792335145,0.139196526232926,0.155937201283305,
0.171468438825624,0.185893994282843,0.201456676473768,0.215399914162765,0.227708971616208,
0.24001011418409,0.249998367715515,0.256156563192667,0.277174353222364,0.298188742642747,
0.319199589025621,0.336963028181285,0.352499892127564,0.366914499608665,0.382435696410146,
0.400163693468761,0.418991463336938,0.438908882939622,0.458816557351486,0.478101616970292,
0.49677312385268,0.499995199641436,0.514219310028669,0.531053003865146,0.546287490086535,
0.560538430483429,0.579450661348528,0.599588016417764,0.620950190057576,0.637792971210237,
0.654532870530826,0.670063820789298,0.684489400315107,0.700053022472872,0.714074908108804,
0.726540767446022,0.738996411164763,0.749993930503027,0.75521938317306,0.776080267009192,
0.796938401639954,0.817793921150532,0.835557661087486,0.85109497991831,0.86551017439038,
0.881032005878561,0.898761088791552,0.917590390762916,0.940851822456351,0.964413062336939,
0.985244766114555,1.),
.UNSPECIFIED.);
#2351=VERTEX_POINT('',#7342);
#2352=(BOUNDED_CURVE()B_SPLINE_CURVE(3,
(#7343,#7344,#7345,#7346,#7347,#7348,#7349,#7350,#7351,#7352,#7353,#7354,#7355,#7356,
#7357,#7358,#7359,#7360,#7361,#7362,#7363,#7364,#7365,#7366,#7367,#7368,#7369,#7370,
#7371,#7372,#7373,#7374,#7375,#7376,#7377,#7378,#7379,#7380,#7381,#7382,#7383,#7384,
#7385,#7386,#7387,#7388,#7389,#7390,#7391,#7392,#7393,#7394,#7395,#7396,#7397,#7398,
#7399,#7400,#7401,#7402,#7403,#7404,#7405,#7406),
.UNSPECIFIED.,.T.,.F.)B_SPLINE_CURVE_WITH_KNOTS((4,1,1,1,1,1,1,1,1,1,1,1,1,1,1,1,
1,1,1,1,1,1,1,1,1,1,1,1,1,1,1,1,1,1,1,1,1,1,1,1,1,1,1,1,1,1,1,1,1,1,1,1,1,1,1,1,
1,1,1,1,1,4),
(0.,0.0108285309174681,0.0223458802493515,0.0345676870785663,0.052418784647561,0.0760340213815254,
0.100989274928713,0.122352792335141,0.139196526232925,0.155937201283306,0.171468438825624,
0.185893994282842,0.201456676473767,0.215399914162765,0.227708971616208,0.240010114184089,
0.249998367715514,0.256156563192668,0.277174353222365,0.298188742642745,0.31919958902562,
0.336963028181285,0.352499892127558,0.366914499608665,0.382435696410148,0.400163693468765,
0.418991463336941,0.438908882939622,0.458816557351487,0.47810161697029,0.49677312385268,
0.499995199641438,0.51421931002867,0.531053003865149,0.546287490086532,0.560538430483428,
0.579450661348529,0.599588016417763,0.620950190057574,0.637792971210236,0.654532870530826,
0.6700638207893,0.684489400315109,0.700053022472871,0.714074908108804,0.726540767446021,
0.738996411164762,0.749993930503026,0.75521938317306,0.776080267009191,0.796938401639954,
0.817793921150531,0.835557661087485,0.851094979918309,0.865510174390382,0.881032005878564,
0.898761088791552,0.917590390762925,0.940851822456358,0.964413062336938,0.985244766114551,
1.),
.UNSPECIFIED.)CURVE()GEOMETRIC_REPRESENTATION_ITEM()RATIONAL_B_SPLINE_CURVE((1.,
1.,1.,1.,1.,1.,1.,1.,1.,1.,1.,1.,1.,1.,1.,1.,1.,1.,1.,1.,1.,1.,1.,1.,1.,1.,1.,1.,
1.,1.,1.,1.,1.,1.,1.,1.,1.,1.,1.,1.,1.,1.,1.,1.,1.,1.,1.,1.,1.,1.,1.,1.,1.,1.,1.,
1.,1.,1.,1.,1.,1.,1.,1.,1.))REPRESENTATION_ITEM(''));
#2353=VERTEX_POINT('',#7407);
#2354=(BOUNDED_CURVE()B_SPLINE_CURVE(3,
(#7408,#7409,#7410,#7411,#7412,#7413,#7414,#7415,#7416,#7417,#7418,#7419,#7420,#7421,
#7422,#7423,#7424,#7425,#7426,#7427,#7428,#7429,#7430,#7431,#7432,#7433,#7434,#7435,
#7436,#7437,#7438,#7439,#7440,#7441,#7442,#7443,#7444,#7445,#7446,#7447,#7448,#7449,
#7450,#7451,#7452,#7453,#7454,#7455,#7456,#7457,#7458,#7459,#7460,#7461,#7462,#7463,
#7464,#7465,#7466,#7467,#7468,#7469,#7470,#7471),
.UNSPECIFIED.,.T.,.F.)B_SPLINE_CURVE_WITH_KNOTS((4,1,1,1,1,1,1,1,1,1,1,1,1,1,1,1,
1,1,1,1,1,1,1,1,1,1,1,1,1,1,1,1,1,1,1,1,1,1,1,1,1,1,1,1,1,1,1,1,1,1,1,1,1,1,1,1,
1,1,1,1,1,4),
(0.,0.0108285309174624,0.0223458802493514,0.0345676870785664,0.0524187846475656,
0.0760340213815291,0.100989274928714,0.12235279233514,0.139196526232925,0.155937201283305,
0.171468438825622,0.185893994282841,0.201456676473768,0.215399914162765,0.22770897161621,
0.24001011418409,0.249998367715514,0.256156563192667,0.277174353222363,0.298188742642745,
0.31919958902562,0.336963028181284,0.352499892127562,0.366914499608669,0.382435696410148,
0.400163693468762,0.418991463336937,0.438908882939622,0.458816557351487,0.478101616970289,
0.49677312385268,0.499995199641438,0.514219310028672,0.531053003865136,0.546287490086527,
0.560538430483429,0.579450661348533,0.599588016417772,0.620950190057574,0.637792971210237,
0.654532870530823,0.670063820789298,0.684489400315107,0.70005302247287,0.714074908108804,
0.726540767446021,0.738996411164762,0.749993930503025,0.75521938317306,0.776080267009192,
0.796938401639955,0.817793921150531,0.835557661087485,0.851094979918308,0.865510174390375,
0.881032005878558,0.898761088791549,0.917590390762917,0.94085182245635,0.964413062336941,
0.985244766114557,1.),
.UNSPECIFIED.)CURVE()GEOMETRIC_REPRESENTATION_ITEM()RATIONAL_B_SPLINE_CURVE((1.,
1.,1.,1.,1.,1.,1.,1.,1.,1.,1.,1.,1.,1.,1.,1.,1.,1.,1.,1.,1.,1.,1.,1.,1.,1.,1.,1.,
1.,1.,1.,1.,1.,1.,1.,1.,1.,1.,1.,1.,1.,1.,1.,1.,1.,1.,1.,1.,1.,1.,1.,1.,1.,1.,1.,
1.,1.,1.,1.,1.,1.,1.,1.,1.))REPRESENTATION_ITEM(''));
#2355=VERTEX_POINT('',#7472);
#2356=B_SPLINE_CURVE_WITH_KNOTS('',3,
(#7473,#7474,#7475,#7476,#7477,#7478,#7479,#7480,#7481,#7482,#7483,#7484,#7485,#7486,
#7487,#7488,#7489,#7490,#7491,#7492,#7493,#7494,#7495,#7496,#7497,#7498,#7499,#7500,
#7501,#7502,#7503,#7504,#7505,#7506,#7507,#7508,#7509,#7510,#7511,#7512,#7513,#7514,
#7515,#7516,#7517,#7518,#7519,#7520,#7521,#7522,#7523,#7524,#7525,#7526,#7527,#7528,
#7529,#7530,#7531,#7532,#7533,#7534,#7535,#7536),
.UNSPECIFIED.,.T.,.F.,
(4,1,1,1,1,1,1,1,1,1,1,1,1,1,1,1,1,1,1,1,1,1,1,1,1,1,1,1,1,1,1,1,1,1,1,1,1,1,1,1,
1,1,1,1,1,1,1,1,1,1,1,1,1,1,1,1,1,1,1,1,1,4),
(0.,0.010828530917462,0.0223458802493475,0.0345676870785679,0.0524187846475662,0.0760340213815294,
0.100989274928716,0.122352792335141,0.139196526232925,0.155937201283303,0.17146843882562,
0.18589399428284,0.201456676473769,0.215399914162765,0.22770897161621,0.24001011418409,
0.249998367715514,0.256156563192667,0.277174353222364,0.298188742642748,0.319199589025621,
0.336963028181284,0.35249989212756,0.366914499608665,0.382435696410148,0.400163693468761,
0.418991463336938,0.438908882939622,0.458816557351489,0.478101616970291,0.496773123852684,
0.499995199641438,0.514219310028666,0.531053003865138,0.546287490086527,0.560538430483429,
0.579450661348533,0.599588016417766,0.62095019005757,0.637792971210237,0.654532870530827,
0.670063820789299,0.684489400315108,0.700053022472872,0.714074908108805,0.726540767446022,
0.738996411164762,0.749993930503026,0.755219383173061,0.776080267009192,0.796938401639954,
0.817793921150532,0.835557661087487,0.85109497991831,0.865510174390381,0.881032005878564,
0.898761088791553,0.917590390762917,0.940851822456353,0.964413062336939,0.985244766114543,
1.),
.UNSPECIFIED.);
#2357=VERTEX_POINT('',#7537);
#2358=B_SPLINE_CURVE_WITH_KNOTS('',3,
(#7538,#7539,#7540,#7541,#7542,#7543,#7544,#7545,#7546,#7547,#7548,#7549,#7550,#7551,
#7552,#7553,#7554,#7555,#7556,#7557,#7558,#7559,#7560,#7561,#7562,#7563,#7564,#7565,
#7566,#7567,#7568,#7569,#7570,#7571,#7572,#7573,#7574,#7575,#7576,#7577,#7578,#7579,
#7580,#7581,#7582,#7583,#7584,#7585,#7586,#7587,#7588,#7589,#7590,#7591,#7592,#7593,
#7594,#7595,#7596,#7597,#7598,#7599,#7600,#7601),
.UNSPECIFIED.,.T.,.F.,
(4,1,1,1,1,1,1,1,1,1,1,1,1,1,1,1,1,1,1,1,1,1,1,1,1,1,1,1,1,1,1,1,1,1,1,1,1,1,1,1,
1,1,1,1,1,1,1,1,1,1,1,1,1,1,1,1,1,1,1,1,1,4),
(0.,0.0108285309174623,0.0223458802493454,0.0345676870785674,0.0524187846475682,
0.0760340213815314,0.100989274928719,0.122352792335143,0.139196526232925,0.155937201283304,
0.171468438825623,0.18589399428284,0.201456676473767,0.215399914162765,0.22770897161621,
0.24001011418409,0.249998367715515,0.256156563192667,0.277174353222364,0.298188742642746,
0.319199589025621,0.336963028181286,0.352499892127563,0.366914499608669,0.38243569641015,
0.400163693468763,0.41899146333694,0.438908882939621,0.458816557351484,0.47810161697029,
0.496773123852683,0.49999519964144,0.514219310028671,0.53105300386514,0.546287490086527,
0.560538430483434,0.579450661348532,0.599588016417768,0.620950190057574,0.637792971210237,
0.654532870530824,0.670063820789302,0.684489400315109,0.700053022472872,0.714074908108804,
0.726540767446022,0.738996411164763,0.749993930503026,0.75521938317306,0.776080267009192,
0.796938401639954,0.817793921150532,0.835557661087486,0.851094979918309,0.86551017439038,
0.881032005878564,0.898761088791553,0.917590390762923,0.94085182245635,0.964413062336935,
0.985244766114543,1.),
.UNSPECIFIED.);
#2359=VERTEX_POINT('',#7602);
#2360=B_SPLINE_CURVE_WITH_KNOTS('',3,
(#7603,#7604,#7605,#7606,#7607,#7608,#7609,#7610,#7611,#7612,#7613,#7614,#7615,#7616,
#7617,#7618,#7619,#7620,#7621,#7622,#7623,#7624,#7625,#7626,#7627,#7628,#7629,#7630,
#7631,#7632,#7633,#7634,#7635,#7636,#7637,#7638,#7639,#7640,#7641,#7642,#7643,#7644,
#7645,#7646,#7647,#7648,#7649,#7650,#7651,#7652,#7653,#7654,#7655,#7656,#7657,#7658,
#7659,#7660,#7661,#7662,#7663,#7664,#7665,#7666),
.UNSPECIFIED.,.T.,.F.,
(4,1,1,1,1,1,1,1,1,1,1,1,1,1,1,1,1,1,1,1,1,1,1,1,1,1,1,1,1,1,1,1,1,1,1,1,1,1,1,1,
1,1,1,1,1,1,1,1,1,1,1,1,1,1,1,1,1,1,1,1,1,4),
(0.,0.010828530917466,0.0223458802493531,0.0345676870785725,0.0524187846475732,0.0760340213815358,
0.100989274928716,0.12235279233514,0.139196526232923,0.155937201283302,0.171468438825621,
0.185893994282839,0.201456676473765,0.215399914162764,0.22770897161621,0.240010114184091,
0.249998367715515,0.256156563192668,0.277174353222363,0.298188742642745,0.319199589025621,
0.336963028181286,0.352499892127563,0.366914499608666,0.382435696410148,0.400163693468759,
0.41899146333693,0.438908882939612,0.458816557351484,0.478101616970294,0.496773123852685,
0.499995199641438,0.514219310028671,0.53105300386514,0.546287490086532,0.560538430483433,
0.579450661348536,0.599588016417769,0.620950190057571,0.637792971210236,0.65453287053082,
0.670063820789297,0.684489400315108,0.700053022472873,0.714074908108804,0.726540767446022,
0.738996411164762,0.749993930503026,0.75521938317306,0.776080267009192,0.796938401639953,
0.817793921150532,0.835557661087485,0.851094979918308,0.865510174390376,0.88103200587856,
0.898761088791548,0.917590390762917,0.940851822456353,0.964413062336925,0.98524476611455,
1.),
.UNSPECIFIED.);
#2361=VERTEX_POINT('',#7667);
#2362=B_SPLINE_CURVE_WITH_KNOTS('',3,
(#7668,#7669,#7670,#7671,#7672,#7673,#7674,#7675,#7676,#7677,#7678,#7679,#7680,#7681,
#7682,#7683,#7684,#7685,#7686,#7687,#7688,#7689,#7690,#7691,#7692,#7693,#7694,#7695,
#7696,#7697,#7698,#7699,#7700,#7701,#7702,#7703,#7704,#7705,#7706,#7707,#7708,#7709,
#7710,#7711,#7712,#7713,#7714,#7715,#7716,#7717,#7718,#7719,#7720,#7721,#7722,#7723,
#7724,#7725,#7726,#7727,#7728,#7729,#7730,#7731),
.UNSPECIFIED.,.T.,.F.,
(4,1,1,1,1,1,1,1,1,1,1,1,1,1,1,1,1,1,1,1,1,1,1,1,1,1,1,1,1,1,1,1,1,1,1,1,1,1,1,1,
1,1,1,1,1,1,1,1,1,1,1,1,1,1,1,1,1,1,1,1,1,4),
(0.,0.0108285309174673,0.0223458802493504,0.0345676870785676,0.0524187846475638,
0.0760340213815338,0.100989274928717,0.122352792335143,0.139196526232919,0.155937201283302,
0.171468438825622,0.18589399428284,0.201456676473768,0.215399914162767,0.22770897161621,
0.240010114184091,0.249998367715515,0.256156563192668,0.277174353222364,0.298188742642748,
0.319199589025621,0.336963028181286,0.35249989212756,0.366914499608666,0.382435696410146,
0.400163693468758,0.418991463336935,0.438908882939618,0.45881655735149,0.478101616970299,
0.496773123852683,0.499995199641431,0.514219310028668,0.531053003865144,0.546287490086533,
0.560538430483433,0.579450661348532,0.599588016417771,0.620950190057576,0.637792971210246,
0.654532870530829,0.670063820789302,0.684489400315108,0.700053022472873,0.714074908108804,
0.726540767446023,0.738996411164763,0.749993930503027,0.755219383173061,0.776080267009193,
0.796938401639952,0.817793921150532,0.835557661087488,0.851094979918309,0.865510174390381,
0.881032005878564,0.89876108879155,0.917590390762915,0.940851822456345,0.964413062336935,
0.98524476611455,1.),
.UNSPECIFIED.);
#2363=VERTEX_POINT('',#7732);
#2364=B_SPLINE_CURVE_WITH_KNOTS('',3,
(#7733,#7734,#7735,#7736,#7737,#7738,#7739,#7740,#7741,#7742,#7743,#7744,#7745,#7746,
#7747,#7748,#7749,#7750,#7751,#7752,#7753,#7754,#7755,#7756,#7757,#7758,#7759,#7760,
#7761,#7762,#7763,#7764,#7765,#7766,#7767,#7768,#7769,#7770,#7771,#7772,#7773,#7774,
#7775,#7776,#7777,#7778,#7779,#7780,#7781,#7782,#7783,#7784,#7785,#7786,#7787,#7788,
#7789,#7790,#7791,#7792,#7793,#7794,#7795,#7796),
.UNSPECIFIED.,.T.,.F.,
(4,1,1,1,1,1,1,1,1,1,1,1,1,1,1,1,1,1,1,1,1,1,1,1,1,1,1,1,1,1,1,1,1,1,1,1,1,1,1,1,
1,1,1,1,1,1,1,1,1,1,1,1,1,1,1,1,1,1,1,1,1,4),
(0.,0.0108285309174623,0.0223458802493493,0.0345676870785721,0.0524187846475739,
0.0760340213815315,0.100989274928713,0.122352792335144,0.139196526232929,0.155937201283309,
0.17146843882563,0.185893994282844,0.201456676473767,0.215399914162766,0.227708971616207,
0.240010114184088,0.249998367715514,0.256156563192666,0.277174353222364,0.298188742642745,
0.319199589025621,0.336963028181284,0.35249989212756,0.366914499608665,0.382435696410152,
0.400163693468763,0.418991463336933,0.438908882939616,0.458816557351487,0.47810161697029,
0.49677312385268,0.499995199641438,0.51421931002867,0.531053003865142,0.54628749008653,
0.560538430483433,0.579450661348529,0.599588016417766,0.620950190057576,0.637792971210242,
0.654532870530827,0.670063820789298,0.684489400315107,0.700053022472872,0.714074908108804,
0.726540767446022,0.738996411164762,0.749993930503026,0.755219383173059,0.776080267009191,
0.796938401639952,0.817793921150531,0.835557661087486,0.851094979918307,0.865510174390375,
0.88103200587856,0.898761088791544,0.917590390762917,0.940851822456351,0.964413062336934,
0.985244766114549,1.),
.UNSPECIFIED.);
#2365=VERTEX_POINT('',#7797);
#2366=B_SPLINE_CURVE_WITH_KNOTS('',3,
(#7798,#7799,#7800,#7801,#7802,#7803,#7804,#7805,#7806,#7807,#7808,#7809,#7810,#7811,
#7812,#7813,#7814,#7815,#7816,#7817,#7818,#7819,#7820,#7821,#7822,#7823,#7824,#7825,
#7826,#7827,#7828,#7829,#7830,#7831,#7832,#7833,#7834,#7835,#7836,#7837,#7838,#7839,
#7840,#7841,#7842,#7843,#7844,#7845,#7846,#7847,#7848,#7849,#7850,#7851,#7852,#7853,
#7854,#7855,#7856,#7857,#7858,#7859,#7860,#7861),
.UNSPECIFIED.,.T.,.F.,
(4,1,1,1,1,1,1,1,1,1,1,1,1,1,1,1,1,1,1,1,1,1,1,1,1,1,1,1,1,1,1,1,1,1,1,1,1,1,1,1,
1,1,1,1,1,1,1,1,1,1,1,1,1,1,1,1,1,1,1,1,1,4),
(0.,0.0108285309174611,0.0223458802493521,0.0345676870785672,0.0524187846475724,
0.0760340213815358,0.100989274928721,0.122352792335142,0.13919652623293,0.155937201283304,
0.171468438825619,0.18589399428284,0.201456676473767,0.215399914162766,0.227708971616209,
0.24001011418409,0.249998367715514,0.256156563192668,0.277174353222364,0.298188742642745,
0.31919958902562,0.336963028181281,0.352499892127564,0.366914499608668,0.382435696410154,
0.400163693468761,0.41899146333693,0.438908882939614,0.45881655735148,0.478101616970296,
0.496773123852684,0.499995199641441,0.514219310028665,0.531053003865134,0.546287490086529,
0.560538430483419,0.579450661348521,0.599588016417769,0.62095019005758,0.637792971210238,
0.654532870530821,0.6700638207893,0.684489400315108,0.700053022472871,0.714074908108805,
0.726540767446023,0.738996411164763,0.749993930503026,0.75521938317306,0.776080267009193,
0.796938401639951,0.817793921150532,0.835557661087487,0.85109497991831,0.865510174390378,
0.881032005878566,0.898761088791552,0.917590390762915,0.940851822456353,0.964413062336935,
0.985244766114556,1.),
.UNSPECIFIED.);
#2367=VERTEX_POINT('',#7862);
#2368=B_SPLINE_CURVE_WITH_KNOTS('',3,
(#7863,#7864,#7865,#7866,#7867,#7868,#7869,#7870,#7871,#7872,#7873,#7874,#7875,#7876,
#7877,#7878,#7879,#7880,#7881,#7882,#7883,#7884,#7885,#7886,#7887,#7888,#7889,#7890,
#7891,#7892,#7893,#7894,#7895,#7896,#7897,#7898,#7899,#7900,#7901,#7902,#7903,#7904,
#7905,#7906,#7907,#7908,#7909,#7910,#7911,#7912,#7913,#7914,#7915,#7916,#7917,#7918,
#7919,#7920,#7921,#7922,#7923,#7924,#7925,#7926,#7927,#7928,#7929,#7930,#7931),
.UNSPECIFIED.,.T.,.F.,
(4,1,1,1,1,1,1,1,1,1,1,1,1,1,1,1,1,1,1,1,1,1,1,1,1,1,1,1,1,1,1,1,1,1,1,1,1,1,1,1,
1,1,1,1,1,1,1,1,1,1,1,1,1,1,1,1,1,1,1,1,1,1,1,1,1,1,4),
(0.,0.0103940805878469,0.018711874007823,0.0249827332439895,0.031264498594549,0.0414333923710686,
0.0573581039040835,0.0812636369810281,0.109797966490254,0.141786585510634,0.17312788301442,
0.197607516825062,0.214549295737768,0.224738467156714,0.233844810248543,0.241893291198747,
0.249958162752169,0.25280669586261,0.258011365339673,0.26601219611443,0.273929292865969,
0.281804689693987,0.292196559392037,0.305226342788066,0.322697792676262,0.344061892973316,
0.364853564599095,0.383274247904129,0.396574990266586,0.409143396771717,0.422939093193385,
0.438423414283201,0.452425243802247,0.46299151626242,0.472443614825366,0.484858676180553,
0.499993479383291,0.500506339033675,0.514620840548106,0.526277314880233,0.534861315666859,
0.543114101271934,0.554076475428146,0.568211375412415,0.585192489996427,0.599765798349093,
0.611820390366068,0.626085730175163,0.644781275694747,0.666525674543997,0.687254765352484,
0.708696766015618,0.734013808103075,0.747191281314136,0.763597902823899,0.795317289020592,
0.826598969114803,0.855784421813679,0.883623733811424,0.909908442044824,0.930848285589189,
0.946058688492443,0.955556778233538,0.964064515896067,0.973909392379278,0.985886838593908,
1.),
.UNSPECIFIED.);
#2369=VERTEX_POINT('',#7932);
#2370=B_SPLINE_CURVE_WITH_KNOTS('',3,
(#7933,#7934,#7935,#7936,#7937,#7938,#7939,#7940,#7941,#7942,#7943,#7944,#7945,#7946,
#7947,#7948,#7949,#7950,#7951,#7952,#7953,#7954,#7955,#7956,#7957,#7958,#7959,#7960,
#7961,#7962,#7963,#7964,#7965,#7966,#7967,#7968,#7969,#7970,#7971,#7972,#7973,#7974,
#7975,#7976,#7977,#7978,#7979,#7980,#7981,#7982,#7983,#7984,#7985,#7986,#7987,#7988,
#7989,#7990,#7991,#7992,#7993,#7994,#7995,#7996,#7997,#7998,#7999,#8000,#8001),
.UNSPECIFIED.,.T.,.F.,
(4,1,1,1,1,1,1,1,1,1,1,1,1,1,1,1,1,1,1,1,1,1,1,1,1,1,1,1,1,1,1,1,1,1,1,1,1,1,1,1,
1,1,1,1,1,1,1,1,1,1,1,1,1,1,1,1,1,1,1,1,1,1,1,1,1,1,4),
(0.,0.0103940805878524,0.0187118740078307,0.0249827332439928,0.0312644985945515,
0.0414333923710714,0.0573581039040763,0.0812636369810333,0.109797966490257,0.141786585510636,
0.173127883014421,0.197607516825064,0.214549295737782,0.224738467156741,0.233844810248581,
0.241893291198792,0.249958162752216,0.252806695862626,0.258011365339726,0.266012196114466,
0.273929292865991,0.281804689693997,0.292196559392042,0.305226342788066,0.32269779267626,
0.344061892973314,0.364853564599091,0.383274247904129,0.396574990266584,0.409143396771714,
0.422939093193377,0.438423414283194,0.452425243802243,0.462991516262423,0.472443614825371,
0.484858676180559,0.499993479383291,0.500506339033674,0.514620840548112,0.526277314880241,
0.534861315666863,0.543114101271938,0.554076475428149,0.568211375412416,0.585192489996435,
0.599765798349096,0.61182039036607,0.626085730175166,0.644781275694746,0.666525674543997,
0.687254765352487,0.70869676601561,0.734013808103049,0.747191281314122,0.763597902823872,
0.795317289020585,0.826598969114802,0.855784421813681,0.883623733811422,0.909908442044828,
0.930848285589187,0.946058688492441,0.95555677823354,0.96406451589606,0.973909392379274,
0.985886838593905,1.),
.UNSPECIFIED.);
#2371=VERTEX_POINT('',#8002);
#2372=B_SPLINE_CURVE_WITH_KNOTS('',3,
(#8003,#8004,#8005,#8006,#8007,#8008,#8009,#8010,#8011,#8012,#8013,#8014,#8015,#8016,
#8017,#8018,#8019,#8020,#8021,#8022,#8023,#8024,#8025,#8026,#8027,#8028,#8029,#8030,
#8031,#8032,#8033,#8034,#8035,#8036,#8037,#8038,#8039,#8040,#8041,#8042,#8043,#8044,
#8045,#8046,#8047,#8048,#8049,#8050,#8051,#8052,#8053,#8054,#8055,#8056,#8057,#8058,
#8059,#8060,#8061,#8062,#8063,#8064,#8065,#8066,#8067,#8068,#8069,#8070,#8071),
.UNSPECIFIED.,.T.,.F.,
(4,1,1,1,1,1,1,1,1,1,1,1,1,1,1,1,1,1,1,1,1,1,1,1,1,1,1,1,1,1,1,1,1,1,1,1,1,1,1,1,
1,1,1,1,1,1,1,1,1,1,1,1,1,1,1,1,1,1,1,1,1,1,1,1,1,1,4),
(0.,0.0103940805878436,0.0187118740078214,0.0249827332439819,0.0312644985945362,
0.0414333923710646,0.0573581039040844,0.0812636369810301,0.109797966490251,0.141786585510632,
0.17312788301442,0.197607516825062,0.214549295737762,0.2247384671567,0.233844810248523,
0.241893291198723,0.249958162752142,0.252806695862602,0.258011365339645,0.266012196114412,
0.273929292865958,0.281804689693979,0.292196559392034,0.305226342788063,0.322697792676259,
0.344061892973312,0.364853564599093,0.383274247904129,0.396574990266583,0.409143396771713,
0.422939093193373,0.438423414283193,0.452425243802242,0.462991516262422,0.472443614825369,
0.484858676180559,0.499993479383291,0.500506339033677,0.514620840548111,0.526277314880236,
0.534861315666866,0.543114101271932,0.554076475428143,0.568211375412415,0.585192489996433,
0.599765798349098,0.611820390366077,0.626085730175167,0.64478127569475,0.666525674543997,
0.687254765352485,0.708696766015621,0.734013808103078,0.747191281314137,0.763597902823901,
0.795317289020591,0.826598969114803,0.855784421813679,0.88362373381142,0.909908442044824,
0.930848285589186,0.946058688492444,0.955556778233543,0.964064515896068,0.973909392379279,
0.985886838593908,1.),
.UNSPECIFIED.);
#2373=VERTEX_POINT('',#8072);
#2374=(BOUNDED_CURVE()B_SPLINE_CURVE(3,
(#8073,#8074,#8075,#8076,#8077,#8078,#8079,#8080,#8081,#8082,#8083,#8084,#8085,#8086,
#8087,#8088,#8089,#8090,#8091,#8092,#8093,#8094,#8095,#8096,#8097,#8098,#8099,#8100,
#8101,#8102,#8103,#8104,#8105,#8106,#8107,#8108,#8109,#8110,#8111,#8112,#8113,#8114,
#8115,#8116,#8117,#8118,#8119,#8120,#8121,#8122,#8123,#8124,#8125,#8126,#8127,#8128,
#8129,#8130,#8131,#8132,#8133,#8134,#8135,#8136,#8137,#8138,#8139,#8140,#8141),
.UNSPECIFIED.,.T.,.F.)B_SPLINE_CURVE_WITH_KNOTS((4,1,1,1,1,1,1,1,1,1,1,1,1,1,1,1,
1,1,1,1,1,1,1,1,1,1,1,1,1,1,1,1,1,1,1,1,1,1,1,1,1,1,1,1,1,1,1,1,1,1,1,1,1,1,1,1,
1,1,1,1,1,1,1,1,1,1,4),
(0.,0.0103940805878474,0.0187118740078225,0.0249827332439896,0.0312644985945462,
0.0414333923710718,0.0573581039040814,0.081263636981031,0.109797966490255,0.141786585510636,
0.173127883014424,0.197607516825069,0.214549295737786,0.224738467156746,0.233844810248588,
0.241893291198801,0.249958162752226,0.252806695862628,0.258011365339737,0.266012196114473,
0.273929292865995,0.281804689694,0.292196559392043,0.305226342788066,0.322697792676261,
0.344061892973314,0.364853564599093,0.383274247904127,0.396574990266582,0.409143396771716,
0.422939093193382,0.438423414283201,0.452425243802246,0.462991516262423,0.472443614825373,
0.484858676180568,0.499993479383298,0.500506339033691,0.514620840548126,0.526277314880246,
0.534861315666872,0.543114101271933,0.554076475428141,0.568211375412409,0.585192489996426,
0.599765798349089,0.611820390366065,0.626085730175163,0.644781275694744,0.666525674543991,
0.687254765352485,0.708696766015611,0.734013808103051,0.747191281314123,0.763597902823877,
0.795317289020587,0.826598969114803,0.855784421813682,0.883623733811423,0.909908442044824,
0.930848285589189,0.946058688492448,0.955556778233544,0.964064515896064,0.973909392379272,
0.98588683859391,1.),
.UNSPECIFIED.)CURVE()GEOMETRIC_REPRESENTATION_ITEM()RATIONAL_B_SPLINE_CURVE((1.,
1.,1.,1.,1.,1.,1.,1.,1.,1.,1.,1.,1.,1.,1.,1.,1.,1.,1.,1.,1.,1.,1.,1.,1.,1.,1.,1.,
1.,1.,1.,1.,1.,1.,1.,1.,1.,1.,1.,1.,1.,1.,1.,1.,1.,1.,1.,1.,1.,1.,1.,1.,1.,1.,1.,
1.,1.,1.,1.,1.,1.,1.,1.,1.,1.,1.,1.,1.,1.))REPRESENTATION_ITEM(''));
#2375=VERTEX_POINT('',#8142);
#2376=B_SPLINE_CURVE_WITH_KNOTS('',3,
(#8143,#8144,#8145,#8146,#8147,#8148,#8149,#8150,#8151,#8152,#8153,#8154,#8155,#8156,
#8157,#8158,#8159,#8160,#8161,#8162,#8163,#8164,#8165,#8166,#8167,#8168,#8169,#8170,
#8171,#8172,#8173,#8174,#8175,#8176,#8177,#8178,#8179,#8180,#8181,#8182,#8183,#8184,
#8185,#8186,#8187,#8188,#8189,#8190,#8191,#8192,#8193,#8194,#8195,#8196,#8197,#8198,
#8199,#8200,#8201,#8202,#8203,#8204,#8205,#8206,#8207,#8208,#8209,#8210,#8211),
.UNSPECIFIED.,.T.,.F.,
(4,1,1,1,1,1,1,1,1,1,1,1,1,1,1,1,1,1,1,1,1,1,1,1,1,1,1,1,1,1,1,1,1,1,1,1,1,1,1,1,
1,1,1,1,1,1,1,1,1,1,1,1,1,1,1,1,1,1,1,1,1,1,1,1,1,1,4),
(0.,0.0103940805878512,0.018711874007826,0.024982733243989,0.0312644985945443,0.0414333923710655,
0.0573581039040761,0.0812636369810269,0.109797966490253,0.141786585510636,0.173127883014423,
0.197607516825061,0.214549295737754,0.224738467156683,0.233844810248498,0.241893291198693,
0.249958162752111,0.252806695862591,0.25801136533961,0.266012196114389,0.273929292865944,
0.281804689693971,0.292196559392031,0.30522634278806,0.322697792676259,0.344061892973311,
0.364853564599091,0.383274247904128,0.396574990266584,0.409143396771716,0.42293909319338,
0.438423414283195,0.452425243802238,0.462991516262418,0.472443614825365,0.484858676180548,
0.499993479383291,0.500506339033682,0.514620840548117,0.526277314880242,0.534861315666861,
0.543114101271926,0.554076475428136,0.568211375412403,0.585192489996427,0.599765798349092,
0.611820390366063,0.626085730175163,0.644781275694744,0.666525674543992,0.687254765352484,
0.708696766015607,0.734013808103038,0.747191281314117,0.763597902823863,0.795317289020582,
0.826598969114802,0.855784421813679,0.883623733811419,0.909908442044819,0.930848285589183,
0.946058688492434,0.955556778233534,0.964064515896058,0.973909392379275,0.985886838593909,
1.),
.UNSPECIFIED.);
#2377=VERTEX_POINT('',#8212);
#2378=B_SPLINE_CURVE_WITH_KNOTS('',3,
(#8213,#8214,#8215,#8216,#8217,#8218,#8219,#8220,#8221,#8222,#8223,#8224,#8225,#8226,
#8227,#8228,#8229,#8230,#8231,#8232,#8233,#8234,#8235,#8236,#8237,#8238,#8239,#8240,
#8241,#8242,#8243,#8244,#8245,#8246,#8247,#8248,#8249,#8250,#8251,#8252,#8253,#8254,
#8255,#8256,#8257,#8258,#8259,#8260,#8261,#8262,#8263,#8264,#8265,#8266,#8267,#8268,
#8269,#8270,#8271,#8272,#8273,#8274,#8275,#8276,#8277,#8278,#8279,#8280,#8281),
.UNSPECIFIED.,.T.,.F.,
(4,1,1,1,1,1,1,1,1,1,1,1,1,1,1,1,1,1,1,1,1,1,1,1,1,1,1,1,1,1,1,1,1,1,1,1,1,1,1,1,
1,1,1,1,1,1,1,1,1,1,1,1,1,1,1,1,1,1,1,1,1,1,1,1,1,1,4),
(0.,0.010394080587849,0.0187118740078274,0.024982733243999,0.0312644985945506,0.0414333923710731,
0.0573581039040831,0.0812636369810339,0.109797966490251,0.141786585510632,0.173127883014418,
0.197607516825058,0.214549295737746,0.224738467156671,0.233844810248481,0.241893291198674,
0.249958162752091,0.252806695862586,0.258011365339588,0.266012196114376,0.273929292865937,
0.281804689693968,0.292196559392028,0.305226342788062,0.32269779267626,0.344061892973315,
0.364853564599094,0.383274247904131,0.39657499026659,0.409143396771716,0.42293909319338,
0.438423414283194,0.452425243802242,0.462991516262418,0.472443614825366,0.484858676180551,
0.499993479383289,0.500506339033674,0.514620840548111,0.526277314880232,0.534861315666856,
0.543114101271924,0.554076475428138,0.568211375412404,0.585192489996417,0.599765798349082,
0.611820390366057,0.626085730175157,0.644781275694742,0.666525674543992,0.68725476535248,
0.708696766015633,0.734013808103118,0.747191281314158,0.76359790282394,0.795317289020605,
0.826598969114805,0.85578442181368,0.883623733811422,0.909908442044823,0.930848285589184,
0.946058688492439,0.955556778233539,0.964064515896061,0.973909392379274,0.985886838593908,
1.),
.UNSPECIFIED.);
#2379=VERTEX_POINT('',#8282);
#2380=B_SPLINE_CURVE_WITH_KNOTS('',3,
(#8283,#8284,#8285,#8286,#8287,#8288,#8289,#8290,#8291,#8292,#8293,#8294,#8295,#8296,
#8297,#8298,#8299,#8300,#8301,#8302,#8303,#8304,#8305,#8306,#8307,#8308,#8309,#8310,
#8311,#8312,#8313,#8314,#8315,#8316,#8317,#8318,#8319,#8320,#8321,#8322,#8323,#8324,
#8325,#8326,#8327,#8328,#8329,#8330,#8331,#8332,#8333,#8334,#8335,#8336,#8337,#8338,
#8339,#8340,#8341,#8342,#8343,#8344,#8345,#8346,#8347,#8348,#8349,#8350,#8351),
.UNSPECIFIED.,.T.,.F.,
(4,1,1,1,1,1,1,1,1,1,1,1,1,1,1,1,1,1,1,1,1,1,1,1,1,1,1,1,1,1,1,1,1,1,1,1,1,1,1,1,
1,1,1,1,1,1,1,1,1,1,1,1,1,1,1,1,1,1,1,1,1,1,1,1,1,1,4),
(0.,0.0103940805878379,0.0187118740078109,0.0249827332439802,0.031264498594538,0.0414333923710691,
0.0573581039040822,0.0812636369810267,0.109797966490254,0.141786585510634,0.173127883014417,
0.197607516825057,0.214549295737747,0.224738467156676,0.23384481024849,0.241893291198685,
0.249958162752102,0.25280669586259,0.258011365339602,0.266012196114383,0.27392929286594,
0.281804689693968,0.292196559392029,0.305226342788061,0.32269779267626,0.344061892973313,
0.364853564599092,0.383274247904127,0.396574990266583,0.409143396771711,0.422939093193374,
0.438423414283195,0.452425243802239,0.462991516262419,0.472443614825372,0.484858676180556,
0.499993479383294,0.500506339033681,0.514620840548116,0.526277314880238,0.534861315666857,
0.543114101271921,0.554076475428134,0.568211375412405,0.585192489996423,0.599765798349087,
0.611820390366068,0.626085730175159,0.644781275694741,0.666525674543994,0.687254765352488,
0.708696766015595,0.734013808102996,0.747191281314094,0.763597902823821,0.795317289020571,
0.826598969114802,0.855784421813683,0.883623733811423,0.909908442044826,0.930848285589191,
0.946058688492442,0.955556778233535,0.964064515896055,0.973909392379272,0.985886838593909,
1.),
.UNSPECIFIED.);
#2381=VERTEX_POINT('',#8352);
#2382=B_SPLINE_CURVE_WITH_KNOTS('',3,
(#8353,#8354,#8355,#8356,#8357,#8358,#8359,#8360,#8361,#8362,#8363,#8364,#8365,#8366,
#8367,#8368,#8369,#8370,#8371,#8372,#8373,#8374,#8375,#8376,#8377,#8378,#8379,#8380,
#8381,#8382,#8383,#8384,#8385,#8386,#8387,#8388,#8389,#8390,#8391,#8392,#8393,#8394,
#8395,#8396,#8397,#8398,#8399,#8400,#8401,#8402,#8403,#8404,#8405,#8406,#8407,#8408,
#8409,#8410,#8411,#8412,#8413,#8414,#8415,#8416,#8417,#8418,#8419,#8420,#8421),
.UNSPECIFIED.,.T.,.F.,
(4,1,1,1,1,1,1,1,1,1,1,1,1,1,1,1,1,1,1,1,1,1,1,1,1,1,1,1,1,1,1,1,1,1,1,1,1,1,1,1,
1,1,1,1,1,1,1,1,1,1,1,1,1,1,1,1,1,1,1,1,1,1,1,1,1,1,4),
(0.,0.0103940805878469,0.0187118740078231,0.0249827332439872,0.0312644985945441,
0.0414333923710724,0.0573581039040812,0.0812636369810276,0.109797966490253,0.141786585510635,
0.173127883014417,0.197607516825053,0.214549295737705,0.224738467156588,0.233844810248362,
0.241893291198533,0.24995816275194,0.252806695862536,0.258011365339421,0.266012196114267,
0.273929292865872,0.281804689693931,0.292196559392011,0.305226342788058,0.32269779267626,
0.344061892973313,0.364853564599093,0.383274247904127,0.396574990266583,0.409143396771714,
0.422939093193379,0.438423414283193,0.452425243802237,0.462991516262406,0.472443614825351,
0.484858676180549,0.499993479383289,0.500506339033673,0.514620840548109,0.526277314880231,
0.534861315666862,0.543114101271926,0.554076475428141,0.568211375412403,0.585192489996414,
0.599765798349083,0.611820390366056,0.626085730175157,0.644781275694741,0.666525674543992,
0.687254765352485,0.708696766015588,0.734013808102976,0.747191281314082,0.763597902823803,
0.795317289020565,0.8265989691148,0.85578442181368,0.883623733811424,0.909908442044825,
0.930848285589185,0.946058688492444,0.955556778233543,0.964064515896068,0.973909392379274,
0.985886838593907,1.),
.UNSPECIFIED.);
#2383=VERTEX_POINT('',#8422);
#2384=B_SPLINE_CURVE_WITH_KNOTS('',3,
(#8423,#8424,#8425,#8426,#8427,#8428,#8429,#8430,#8431,#8432,#8433,#8434,#8435,#8436,
#8437,#8438,#8439,#8440,#8441,#8442,#8443,#8444,#8445,#8446,#8447,#8448,#8449,#8450,
#8451,#8452,#8453,#8454,#8455,#8456,#8457,#8458,#8459,#8460,#8461,#8462,#8463,#8464,
#8465,#8466,#8467,#8468,#8469,#8470,#8471,#8472,#8473,#8474,#8475,#8476,#8477,#8478,
#8479,#8480,#8481,#8482,#8483,#8484,#8485,#8486,#8487,#8488,#8489,#8490,#8491),
.UNSPECIFIED.,.T.,.F.,
(4,1,1,1,1,1,1,1,1,1,1,1,1,1,1,1,1,1,1,1,1,1,1,1,1,1,1,1,1,1,1,1,1,1,1,1,1,1,1,1,
1,1,1,1,1,1,1,1,1,1,1,1,1,1,1,1,1,1,1,1,1,1,1,1,1,1,4),
(0.,0.0103940805878524,0.0187118740078295,0.024982733243991,0.0312644985945463,0.0414333923710682,
0.0573581039040803,0.0812636369810316,0.109797966490257,0.14178658551063,0.17312788301441,
0.197607516825046,0.214549295737679,0.224738467156542,0.233844810248301,0.241893291198462,
0.249958162751864,0.252806695862514,0.258011365339341,0.266012196114214,0.273929292865838,
0.281804689693913,0.292196559392,0.305226342788054,0.322697792676261,0.344061892973314,
0.364853564599095,0.383274247904127,0.396574990266583,0.409143396771718,0.42293909319338,
0.438423414283199,0.452425243802242,0.462991516262419,0.472443614825362,0.484858676180555,
0.499993479383295,0.500506339033683,0.514620840548125,0.526277314880238,0.534861315666861,
0.543114101271933,0.554076475428139,0.5682113754124,0.585192489996418,0.599765798349079,
0.611820390366057,0.626085730175157,0.644781275694743,0.666525674543993,0.687254765352483,
0.708696766015629,0.734013808103103,0.747191281314152,0.763597902823924,0.795317289020599,
0.826598969114805,0.855784421813678,0.883623733811414,0.909908442044817,0.930848285589186,
0.946058688492438,0.955556778233536,0.964064515896062,0.973909392379272,0.985886838593908,
1.),
.UNSPECIFIED.);
#2385=VERTEX_POINT('',#8492);
#2386=B_SPLINE_CURVE_WITH_KNOTS('',3,
(#8493,#8494,#8495,#8496,#8497,#8498,#8499,#8500,#8501,#8502,#8503,#8504,#8505,#8506,
#8507,#8508,#8509,#8510,#8511,#8512,#8513,#8514,#8515,#8516,#8517,#8518,#8519,#8520,
#8521,#8522,#8523,#8524,#8525,#8526,#8527,#8528,#8529,#8530,#8531,#8532,#8533,#8534,
#8535,#8536,#8537,#8538,#8539,#8540,#8541,#8542,#8543,#8544,#8545,#8546,#8547,#8548,
#8549,#8550,#8551,#8552,#8553,#8554,#8555,#8556,#8557,#8558,#8559,#8560,#8561),
.UNSPECIFIED.,.T.,.F.,
(4,1,1,1,1,1,1,1,1,1,1,1,1,1,1,1,1,1,1,1,1,1,1,1,1,1,1,1,1,1,1,1,1,1,1,1,1,1,1,1,
1,1,1,1,1,1,1,1,1,1,1,1,1,1,1,1,1,1,1,1,1,1,1,1,1,1,4),
(0.,0.0103940805878502,0.0187118740078218,0.0249827332439973,0.0312644985945558,
0.041433392371071,0.0573581039040746,0.0812636369810178,0.109797966490257,0.141786585510638,
0.173127883014423,0.197607516825066,0.214549295737802,0.22473846715678,0.233844810248638,
0.24189329119886,0.249958162752288,0.252806695862649,0.258011365339806,0.266012196114517,
0.27392929286602,0.281804689694012,0.292196559392048,0.305226342788066,0.322697792676263,
0.344061892973315,0.364853564599091,0.383274247904122,0.396574990266587,0.409143396771713,
0.422939093193384,0.438423414283205,0.452425243802243,0.462991516262425,0.472443614825373,
0.484858676180544,0.499993479383289,0.500506339033671,0.514620840548104,0.526277314880241,
0.534861315666874,0.543114101271941,0.554076475428146,0.568211375412414,0.585192489996427,
0.599765798349097,0.611820390366078,0.626085730175162,0.644781275694747,0.666525674543996,
0.687254765352488,0.708696766015592,0.734013808102984,0.747191281314087,0.763597902823808,
0.795317289020564,0.826598969114798,0.855784421813681,0.883623733811424,0.909908442044819,
0.930848285589193,0.946058688492441,0.955556778233537,0.96406451589607,0.973909392379282,
0.985886838593915,1.),
.UNSPECIFIED.);
#2387=VERTEX_POINT('',#8562);
#2388=B_SPLINE_CURVE_WITH_KNOTS('',3,
(#8563,#8564,#8565,#8566,#8567,#8568,#8569,#8570,#8571,#8572,#8573,#8574,#8575,#8576,
#8577,#8578,#8579,#8580,#8581,#8582,#8583,#8584,#8585,#8586,#8587,#8588,#8589,#8590,
#8591,#8592,#8593,#8594,#8595,#8596,#8597,#8598,#8599,#8600,#8601,#8602,#8603,#8604,
#8605,#8606,#8607,#8608,#8609,#8610,#8611,#8612,#8613,#8614,#8615,#8616,#8617,#8618,
#8619,#8620,#8621,#8622,#8623,#8624,#8625,#8626,#8627,#8628,#8629,#8630,#8631,#8632,
#8633,#8634,#8635,#8636,#8637,#8638,#8639,#8640,#8641,#8642,#8643,#8644,#8645,#8646,
#8647,#8648,#8649),
.UNSPECIFIED.,.T.,.F.,
(4,1,1,1,1,1,1,1,1,1,1,1,1,1,1,1,1,1,1,1,1,1,1,1,1,1,1,1,1,1,1,1,1,1,1,1,1,1,1,1,
1,1,1,1,1,1,1,1,1,1,1,1,1,1,1,1,1,1,1,1,1,1,1,1,1,1,1,1,1,1,1,1,1,1,1,1,1,1,1,1,
1,1,1,1,4),
(0.,0.00297942098867523,0.00769665755724728,0.0150549924484108,0.0253622223684602,
0.036436435262497,0.047084573445415,0.0573043865748677,0.0683442633220035,0.0809860528636366,
0.0929593126566178,0.103456347661113,0.115201819838733,0.131282888629199,0.152430845134053,
0.176176539412647,0.201414392235756,0.227565817824459,0.249543960853024,0.266715591582564,
0.267331057178447,0.280592663324524,0.293671808516042,0.306305479067616,0.318675431376427,
0.334095907676372,0.349047714441146,0.363520576140584,0.373854791558706,0.38383473501153,
0.393198192759659,0.402299888939281,0.41071294258994,0.418696803040394,0.428410535313933,
0.438214106223234,0.448114436821009,0.45805697614456,0.469596400005882,0.482246602843185,
0.494000029188923,0.499999712680744,0.503494032352272,0.51121953731149,0.518409997016273,
0.527135882705263,0.537693929639851,0.548837921917885,0.560605555265148,0.572851248376161,
0.58589458051625,0.59974485000847,0.612092773422035,0.622528640889837,0.633899937351182,
0.645865230546782,0.658418762428229,0.668712740175902,0.679260243446403,0.690434798796687,
0.701983495170889,0.718141334081903,0.733282540423562,0.739263548865375,0.765815730337184,
0.793721320707051,0.821927821726693,0.844987166184256,0.862749959970786,0.875333723111436,
0.887712881616695,0.899232928097105,0.910096218297631,0.919820306805838,0.92906201828369,
0.937133942075105,0.94451286994169,0.950962145232883,0.957174676721074,0.962755658872981,
0.96793771408287,0.973959887065037,0.981299898084976,0.990394245454259,1.),
.UNSPECIFIED.);
#2389=VERTEX_POINT('',#8650);
#2390=B_SPLINE_CURVE_WITH_KNOTS('',3,
(#8651,#8652,#8653,#8654,#8655,#8656,#8657,#8658,#8659,#8660,#8661,#8662,#8663,#8664,
#8665,#8666,#8667,#8668,#8669,#8670,#8671,#8672,#8673,#8674,#8675,#8676,#8677,#8678,
#8679,#8680,#8681,#8682,#8683,#8684,#8685,#8686,#8687,#8688,#8689,#8690,#8691,#8692,
#8693,#8694,#8695,#8696,#8697,#8698,#8699,#8700,#8701,#8702,#8703,#8704,#8705,#8706,
#8707,#8708,#8709,#8710,#8711,#8712,#8713,#8714,#8715,#8716,#8717,#8718,#8719,#8720,
#8721,#8722,#8723,#8724,#8725,#8726,#8727,#8728,#8729,#8730,#8731,#8732,#8733,#8734,
#8735,#8736,#8737),
.UNSPECIFIED.,.T.,.F.,
(4,1,1,1,1,1,1,1,1,1,1,1,1,1,1,1,1,1,1,1,1,1,1,1,1,1,1,1,1,1,1,1,1,1,1,1,1,1,1,1,
1,1,1,1,1,1,1,1,1,1,1,1,1,1,1,1,1,1,1,1,1,1,1,1,1,1,1,1,1,1,1,1,1,1,1,1,1,1,1,1,
1,1,1,1,4),
(0.,0.00297942098867187,0.00769665755724603,0.0150549924484067,0.0253622223684613,
0.0364364352624966,0.0470845734454187,0.0573043865748699,0.0683442633220053,0.0809860528636397,
0.0929593126566202,0.103456347661116,0.115201819838738,0.131282888629204,0.152430845134062,
0.176176539412658,0.201414392235752,0.227565817824418,0.249543960852959,0.266715591582535,
0.267331057178192,0.280592663324483,0.293671808516024,0.306305479067615,0.318675431376436,
0.334095907676381,0.349047714441151,0.363520576140586,0.373854791558709,0.383834735011531,
0.393198192759662,0.402299888939283,0.410712942589943,0.418696803040394,0.428410535313931,
0.438214106223233,0.448114436821011,0.458056976144564,0.469596400005887,0.482246602843185,
0.494000029188922,0.499999712680744,0.503494032352276,0.511219537311492,0.51840999701628,
0.527135882705258,0.537693929639849,0.548837921917884,0.56060555526515,0.572851248376167,
0.585894580516254,0.599744850008472,0.612092773422038,0.622528640889842,0.633899937351188,
0.645865230546788,0.658418762428239,0.668712740175917,0.679260243446427,0.690434798796723,
0.701983495170937,0.71814133408197,0.733282540423577,0.739263548865452,0.765815730337259,
0.793721320707109,0.821927821726735,0.844987166184288,0.862749959970811,0.87533372311146,
0.887712881616715,0.89923292809712,0.910096218297642,0.919820306805844,0.92906201828369,
0.937133942075103,0.94451286994169,0.950962145232882,0.957174676721073,0.962755658872978,
0.967937714082868,0.973959887065038,0.981299898084973,0.990394245454261,1.),
.UNSPECIFIED.);
#2391=VERTEX_POINT('',#8738);
#2392=B_SPLINE_CURVE_WITH_KNOTS('',3,
(#8739,#8740,#8741,#8742,#8743,#8744,#8745,#8746,#8747,#8748,#8749,#8750,#8751,#8752,
#8753,#8754,#8755,#8756,#8757,#8758,#8759,#8760,#8761,#8762,#8763,#8764,#8765,#8766,
#8767,#8768,#8769,#8770,#8771,#8772,#8773,#8774,#8775,#8776,#8777,#8778,#8779,#8780,
#8781,#8782,#8783,#8784,#8785,#8786,#8787,#8788,#8789,#8790,#8791,#8792,#8793,#8794,
#8795,#8796,#8797,#8798,#8799,#8800,#8801,#8802,#8803,#8804,#8805,#8806,#8807,#8808,
#8809,#8810,#8811,#8812,#8813,#8814,#8815,#8816,#8817,#8818,#8819,#8820,#8821,#8822,
#8823,#8824,#8825),
.UNSPECIFIED.,.T.,.F.,
(4,1,1,1,1,1,1,1,1,1,1,1,1,1,1,1,1,1,1,1,1,1,1,1,1,1,1,1,1,1,1,1,1,1,1,1,1,1,1,1,
1,1,1,1,1,1,1,1,1,1,1,1,1,1,1,1,1,1,1,1,1,1,1,1,1,1,1,1,1,1,1,1,1,1,1,1,1,1,1,1,
1,1,1,1,4),
(0.,0.00297942098867056,0.00769665755725166,0.0150549924484106,0.0253622223684612,
0.0364364352624948,0.0470845734454151,0.0573043865748665,0.0683442633220073,0.0809860528636417,
0.0929593126566223,0.10345634766112,0.115201819838739,0.131282888629202,0.152430845134058,
0.176176539412652,0.201414392235737,0.227565817824383,0.249543960852911,0.266715591582519,
0.267331057178043,0.28059266332445,0.293671808516004,0.306305479067607,0.318675431376435,
0.334095907676381,0.349047714441149,0.363520576140583,0.373854791558705,0.383834735011529,
0.393198192759655,0.402299888939279,0.410712942589938,0.418696803040391,0.428410535313931,
0.438214106223231,0.448114436821008,0.458056976144562,0.469596400005885,0.482246602843188,
0.494000029188923,0.499999712680744,0.503494032352274,0.51121953731149,0.518409997016274,
0.527135882705258,0.537693929639846,0.548837921917883,0.560605555265149,0.572851248376163,
0.585894580516249,0.59974485000847,0.612092773422034,0.622528640889837,0.633899937351185,
0.645865230546785,0.658418762428233,0.668712740175905,0.679260243446404,0.690434798796686,
0.701983495170885,0.718141334081896,0.733282540423556,0.739263548865369,0.765815730337182,
0.793721320707058,0.821927821726704,0.844987166184268,0.862749959970794,0.875333723111443,
0.887712881616703,0.899232928097111,0.910096218297637,0.919820306805842,0.92906201828369,
0.937133942075105,0.944512869941689,0.950962145232878,0.957174676721071,0.962755658872979,
0.967937714082867,0.973959887065038,0.981299898084973,0.990394245454263,1.),
.UNSPECIFIED.);
#2393=VERTEX_POINT('',#8826);
#2394=B_SPLINE_CURVE_WITH_KNOTS('',3,
(#8827,#8828,#8829,#8830,#8831,#8832,#8833,#8834,#8835,#8836,#8837,#8838,#8839,#8840,
#8841,#8842,#8843,#8844,#8845,#8846,#8847,#8848,#8849,#8850,#8851,#8852,#8853,#8854,
#8855,#8856,#8857,#8858,#8859,#8860,#8861,#8862,#8863,#8864,#8865,#8866,#8867,#8868,
#8869,#8870,#8871,#8872,#8873,#8874,#8875,#8876,#8877,#8878,#8879,#8880,#8881,#8882,
#8883,#8884,#8885,#8886,#8887,#8888,#8889,#8890,#8891,#8892,#8893,#8894,#8895,#8896,
#8897,#8898,#8899,#8900,#8901,#8902,#8903,#8904,#8905,#8906,#8907,#8908,#8909,#8910,
#8911,#8912,#8913),
.UNSPECIFIED.,.T.,.F.,
(4,1,1,1,1,1,1,1,1,1,1,1,1,1,1,1,1,1,1,1,1,1,1,1,1,1,1,1,1,1,1,1,1,1,1,1,1,1,1,1,
1,1,1,1,1,1,1,1,1,1,1,1,1,1,1,1,1,1,1,1,1,1,1,1,1,1,1,1,1,1,1,1,1,1,1,1,1,1,1,1,
1,1,1,1,4),
(0.,0.00297942098867054,0.00769665755724427,0.0150549924484037,0.0253622223684615,
0.0364364352624941,0.0470845734454126,0.0573043865748677,0.0683442633220097,0.0809860528636484,
0.0929593126566303,0.103456347661126,0.115201819838749,0.131282888629221,0.152430845134087,
0.176176539412691,0.201414392235795,0.227565817824472,0.249543960853017,0.266715591582543,
0.267331057178294,0.280592663324528,0.293671808516059,0.306305479067639,0.318675431376453,
0.334095907676391,0.349047714441156,0.363520576140587,0.373854791558707,0.38383473501153,
0.393198192759659,0.402299888939281,0.410712942589939,0.418696803040391,0.428410535313927,
0.438214106223229,0.448114436821007,0.458056976144564,0.469596400005888,0.482246602843188,
0.494000029188918,0.499999712680744,0.503494032352265,0.511219537311477,0.518409997016267,
0.527135882705259,0.537693929639853,0.548837921917887,0.560605555265149,0.572851248376162,
0.585894580516253,0.599744850008469,0.612092773422035,0.622528640889837,0.633899937351183,
0.645865230546784,0.658418762428232,0.668712740175905,0.679260243446402,0.690434798796681,
0.701983495170879,0.718141334081887,0.733282540423553,0.73926354886536,0.765815730337175,
0.793721320707055,0.821927821726705,0.844987166184269,0.862749959970796,0.875333723111444,
0.887712881616703,0.899232928097111,0.910096218297637,0.919820306805841,0.929062018283691,
0.937133942075103,0.94451286994169,0.950962145232883,0.957174676721075,0.962755658872982,
0.967937714082868,0.973959887065039,0.981299898084979,0.990394245454265,1.),
.UNSPECIFIED.);
#2395=VERTEX_POINT('',#8914);
#2396=B_SPLINE_CURVE_WITH_KNOTS('',3,
(#8915,#8916,#8917,#8918,#8919,#8920,#8921,#8922,#8923,#8924,#8925,#8926,#8927,#8928,
#8929,#8930,#8931,#8932,#8933,#8934,#8935,#8936,#8937,#8938,#8939,#8940,#8941,#8942,
#8943,#8944,#8945,#8946,#8947,#8948,#8949,#8950,#8951,#8952,#8953,#8954,#8955,#8956,
#8957,#8958,#8959,#8960,#8961,#8962,#8963,#8964,#8965,#8966,#8967,#8968,#8969,#8970,
#8971,#8972,#8973,#8974,#8975,#8976,#8977,#8978,#8979,#8980,#8981,#8982,#8983,#8984,
#8985,#8986,#8987,#8988,#8989,#8990,#8991,#8992,#8993,#8994,#8995,#8996,#8997,#8998,
#8999,#9000,#9001),
.UNSPECIFIED.,.T.,.F.,
(4,1,1,1,1,1,1,1,1,1,1,1,1,1,1,1,1,1,1,1,1,1,1,1,1,1,1,1,1,1,1,1,1,1,1,1,1,1,1,1,
1,1,1,1,1,1,1,1,1,1,1,1,1,1,1,1,1,1,1,1,1,1,1,1,1,1,1,1,1,1,1,1,1,1,1,1,1,1,1,1,
1,1,1,1,4),
(0.,0.00297942098867429,0.00769665755724932,0.0150549924484054,0.0253622223684593,
0.0364364352624916,0.0470845734454143,0.0573043865748653,0.0683442633220058,0.0809860528636426,
0.0929593126566208,0.103456347661117,0.115201819838737,0.131282888629205,0.152430845134065,
0.176176539412662,0.201414392235775,0.227565817824483,0.249543960853049,0.266715591582564,
0.267331057178487,0.280592663324543,0.293671808516056,0.306305479067625,0.318675431376433,
0.334095907676375,0.349047714441147,0.363520576140583,0.373854791558706,0.383834735011529,
0.393198192759656,0.402299888939279,0.410712942589939,0.418696803040394,0.428410535313928,
0.438214106223228,0.448114436821006,0.458056976144563,0.469596400005888,0.482246602843184,
0.494000029188921,0.499999712680746,0.503494032352278,0.511219537311494,0.518409997016277,
0.527135882705259,0.53769392963985,0.548837921917885,0.560605555265149,0.572851248376166,
0.585894580516254,0.599744850008471,0.612092773422036,0.622528640889841,0.633899937351188,
0.645865230546791,0.658418762428239,0.668712740175904,0.679260243446393,0.690434798796658,
0.701983495170838,0.718141334081826,0.733282540423522,0.739263548865298,0.765815730337131,
0.793721320707048,0.821927821726721,0.844987166184292,0.862749959970816,0.875333723111459,
0.887712881616715,0.899232928097116,0.910096218297641,0.919820306805842,0.929062018283688,
0.937133942075104,0.94451286994169,0.950962145232878,0.957174676721071,0.962755658872977,
0.967937714082868,0.973959887065038,0.981299898084971,0.990394245454252,1.),
.UNSPECIFIED.);
#2397=VERTEX_POINT('',#9002);
#2398=B_SPLINE_CURVE_WITH_KNOTS('',3,
(#9003,#9004,#9005,#9006,#9007,#9008,#9009,#9010,#9011,#9012,#9013,#9014,#9015,#9016,
#9017,#9018,#9019,#9020,#9021,#9022,#9023,#9024,#9025,#9026,#9027,#9028,#9029,#9030,
#9031,#9032,#9033,#9034,#9035,#9036,#9037,#9038,#9039,#9040,#9041,#9042,#9043,#9044,
#9045,#9046,#9047,#9048,#9049,#9050,#9051,#9052,#9053,#9054,#9055,#9056,#9057,#9058,
#9059,#9060,#9061,#9062,#9063,#9064,#9065,#9066,#9067,#9068,#9069,#9070,#9071,#9072,
#9073,#9074,#9075,#9076,#9077,#9078,#9079,#9080,#9081,#9082,#9083,#9084,#9085,#9086,
#9087,#9088,#9089),
.UNSPECIFIED.,.T.,.F.,
(4,1,1,1,1,1,1,1,1,1,1,1,1,1,1,1,1,1,1,1,1,1,1,1,1,1,1,1,1,1,1,1,1,1,1,1,1,1,1,1,
1,1,1,1,1,1,1,1,1,1,1,1,1,1,1,1,1,1,1,1,1,1,1,1,1,1,1,1,1,1,1,1,1,1,1,1,1,1,1,1,
1,1,1,1,4),
(0.,0.00297942098867236,0.00769665755724778,0.0150549924484094,0.0253622223684651,
0.0364364352625029,0.0470845734454284,0.0573043865748811,0.0683442633220254,0.0809860528636673,
0.0929593126566564,0.103456347661161,0.115201819838797,0.131282888629286,0.152430845134174,
0.176176539412806,0.201414392235943,0.227565817824649,0.249543960853203,0.266715591582561,
0.267331057178596,0.280592663324674,0.293671808516175,0.306305479067728,0.318675431376517,
0.334095907676432,0.349047714441178,0.363520576140594,0.373854791558711,0.383834735011529,
0.393198192759658,0.402299888939281,0.41071294258994,0.418696803040396,0.428410535313932,
0.438214106223229,0.448114436821002,0.458056976144556,0.469596400005881,0.482246602843194,
0.494000029188927,0.499999712680744,0.50349403235227,0.511219537311487,0.518409997016272,
0.527135882705262,0.537693929639859,0.548837921917892,0.560605555265163,0.572851248376187,
0.585894580516282,0.599744850008513,0.612092773422091,0.622528640889906,0.633899937351268,
0.645865230546892,0.658418762428364,0.66871274017606,0.679260243446581,0.690434798796892,
0.701983495171125,0.718141334082196,0.733282540423542,0.739263548865751,0.765815730337645,
0.793721320707555,0.82192782172718,0.844987166184689,0.862749959971156,0.875333723111748,
0.887712881616938,0.899232928097281,0.910096218297749,0.919820306805907,0.929062018283717,
0.937133942075113,0.94451286994169,0.950962145232874,0.957174676721071,0.962755658872979,
0.967937714082867,0.973959887065035,0.981299898084975,0.990394245454259,1.),
.UNSPECIFIED.);
#2399=VERTEX_POINT('',#9090);
#2400=B_SPLINE_CURVE_WITH_KNOTS('',3,
(#9091,#9092,#9093,#9094,#9095,#9096,#9097,#9098,#9099,#9100,#9101,#9102,#9103,#9104,
#9105,#9106,#9107,#9108,#9109,#9110,#9111,#9112,#9113,#9114,#9115,#9116,#9117,#9118,
#9119,#9120,#9121,#9122,#9123,#9124,#9125,#9126,#9127,#9128,#9129,#9130,#9131,#9132,
#9133,#9134,#9135,#9136,#9137,#9138,#9139,#9140,#9141,#9142,#9143,#9144,#9145,#9146,
#9147,#9148,#9149,#9150,#9151,#9152,#9153,#9154,#9155,#9156,#9157,#9158,#9159,#9160,
#9161,#9162,#9163,#9164,#9165,#9166,#9167,#9168,#9169,#9170,#9171,#9172,#9173,#9174,
#9175,#9176,#9177),
.UNSPECIFIED.,.T.,.F.,
(4,1,1,1,1,1,1,1,1,1,1,1,1,1,1,1,1,1,1,1,1,1,1,1,1,1,1,1,1,1,1,1,1,1,1,1,1,1,1,1,
1,1,1,1,1,1,1,1,1,1,1,1,1,1,1,1,1,1,1,1,1,1,1,1,1,1,1,1,1,1,1,1,1,1,1,1,1,1,1,1,
1,1,1,1,4),
(0.,0.00297942098867231,0.0076966575572442,0.015054992448408,0.0253622223684635,
0.0364364352625062,0.0470845734454265,0.057304386574881,0.0683442633220294,0.0809860528636745,
0.0929593126566649,0.103456347661174,0.115201819838809,0.131282888629305,0.152430845134194,
0.176176539412835,0.201414392236031,0.227565817824853,0.249543960853478,0.26671559158265,
0.267331057179451,0.280592663324863,0.293671808516287,0.306305479067774,0.318675431376523,
0.334095907676427,0.349047714441176,0.3635205761406,0.373854791558714,0.383834735011531,
0.393198192759655,0.402299888939278,0.410712942589934,0.418696803040391,0.428410535313926,
0.43821410622323,0.448114436821004,0.458056976144562,0.469596400005885,0.482246602843181,
0.494000029188926,0.499999712680751,0.50349403235229,0.511219537311507,0.518409997016288,
0.52713588270527,0.537693929639852,0.548837921917889,0.560605555265151,0.572851248376165,
0.585894580516252,0.599744850008469,0.612092773422036,0.62252864088984,0.633899937351184,
0.645865230546784,0.658418762428233,0.668712740175918,0.679260243446439,0.69043479879675,
0.701983495170979,0.718141334082034,0.733282540423606,0.73926354886552,0.765815730337311,
0.793721320707126,0.821927821726729,0.844987166184275,0.8627499599708,0.875333723111451,
0.887712881616711,0.899232928097116,0.910096218297642,0.919820306805843,0.929062018283692,
0.937133942075107,0.944512869941689,0.950962145232882,0.957174676721069,0.962755658872976,
0.967937714082864,0.973959887065033,0.981299898084974,0.990394245454261,1.),
.UNSPECIFIED.);
#2401=VERTEX_POINT('',#9178);
#2402=B_SPLINE_CURVE_WITH_KNOTS('',3,
(#9179,#9180,#9181,#9182,#9183,#9184,#9185,#9186,#9187,#9188,#9189,#9190,#9191,#9192,
#9193,#9194,#9195,#9196,#9197,#9198,#9199,#9200,#9201,#9202,#9203,#9204,#9205,#9206,
#9207,#9208,#9209,#9210,#9211,#9212,#9213,#9214,#9215,#9216,#9217,#9218,#9219,#9220,
#9221,#9222,#9223,#9224,#9225,#9226,#9227,#9228,#9229,#9230,#9231,#9232,#9233,#9234,
#9235,#9236,#9237,#9238,#9239,#9240,#9241,#9242,#9243,#9244,#9245,#9246,#9247,#9248,
#9249,#9250,#9251,#9252,#9253,#9254,#9255,#9256,#9257,#9258,#9259,#9260,#9261,#9262,
#9263,#9264,#9265),
.UNSPECIFIED.,.T.,.F.,
(4,1,1,1,1,1,1,1,1,1,1,1,1,1,1,1,1,1,1,1,1,1,1,1,1,1,1,1,1,1,1,1,1,1,1,1,1,1,1,1,
1,1,1,1,1,1,1,1,1,1,1,1,1,1,1,1,1,1,1,1,1,1,1,1,1,1,1,1,1,1,1,1,1,1,1,1,1,1,1,1,
1,1,1,1,4),
(0.,0.00297942098867504,0.00769665755725284,0.0150549924484193,0.0253622223684686,
0.0364364352625055,0.0470845734454278,0.057304386574889,0.0683442633220301,0.0809860528636769,
0.0929593126566685,0.103456347661174,0.115201819838808,0.131282888629304,0.152430845134204,
0.176176539412844,0.201414392235941,0.227565817824551,0.249543960853041,0.266715591582486,
0.267331057177933,0.280592663324573,0.293671808516133,0.306305479067732,0.318675431376545,
0.334095907676457,0.349047714441192,0.363520576140596,0.373854791558708,0.383834735011527,
0.393198192759656,0.402299888939279,0.410712942589941,0.418696803040394,0.428410535313931,
0.438214106223237,0.448114436821013,0.458056976144567,0.46959640000589,0.482246602843184,
0.494000029188925,0.499999712680746,0.503494032352283,0.511219537311503,0.51840999701628,
0.527135882705261,0.537693929639846,0.548837921917883,0.560605555265148,0.572851248376167,
0.585894580516252,0.599744850008468,0.612092773422034,0.622528640889836,0.633899937351183,
0.645865230546786,0.658418762428234,0.668712740175914,0.679260243446422,0.690434798796718,
0.701983495170931,0.718141334081963,0.73328254042358,0.739263548865443,0.765815730337247,
0.793721320707095,0.821927821726719,0.844987166184274,0.862749959970798,0.875333723111449,
0.887712881616705,0.899232928097113,0.910096218297637,0.919820306805841,0.929062018283692,
0.93713394207511,0.944512869941693,0.950962145232882,0.957174676721074,0.962755658872984,
0.967937714082875,0.973959887065039,0.981299898084972,0.990394245454264,1.),
.UNSPECIFIED.);
#2403=VERTEX_POINT('',#9266);
#2404=B_SPLINE_CURVE_WITH_KNOTS('',3,
(#9267,#9268,#9269,#9270,#9271,#9272,#9273,#9274,#9275,#9276,#9277,#9278,#9279,#9280,
#9281,#9282,#9283,#9284,#9285,#9286,#9287,#9288,#9289,#9290,#9291,#9292,#9293,#9294,
#9295,#9296,#9297,#9298,#9299,#9300,#9301,#9302,#9303,#9304,#9305,#9306,#9307,#9308,
#9309,#9310,#9311,#9312,#9313,#9314,#9315,#9316,#9317,#9318,#9319,#9320,#9321,#9322,
#9323,#9324,#9325,#9326,#9327,#9328,#9329,#9330,#9331,#9332,#9333,#9334,#9335,#9336,
#9337,#9338,#9339,#9340,#9341,#9342,#9343,#9344,#9345,#9346,#9347,#9348,#9349,#9350,
#9351,#9352,#9353),
.UNSPECIFIED.,.T.,.F.,
(4,1,1,1,1,1,1,1,1,1,1,1,1,1,1,1,1,1,1,1,1,1,1,1,1,1,1,1,1,1,1,1,1,1,1,1,1,1,1,1,
1,1,1,1,1,1,1,1,1,1,1,1,1,1,1,1,1,1,1,1,1,1,1,1,1,1,1,1,1,1,1,1,1,1,1,1,1,1,1,1,
1,1,1,1,4),
(0.,0.00297942098867904,0.00769665755725373,0.0150549924484217,0.025362222368472,
0.0364364352625013,0.0470845734454263,0.0573043865748806,0.0683442633220263,0.0809860528636725,
0.0929593126566638,0.103456347661169,0.115201819838809,0.1312828886293,0.152430845134197,
0.176176539412834,0.201414392235944,0.227565817824585,0.249543960853097,0.266715591582512,
0.267331057178161,0.280592663324608,0.293671808516148,0.306305479067731,0.318675431376535,
0.334095907676448,0.349047714441186,0.363520576140595,0.373854791558708,0.383834735011529,
0.393198192759657,0.402299888939281,0.41071294258994,0.418696803040391,0.428410535313929,
0.438214106223227,0.448114436821007,0.458056976144561,0.469596400005886,0.482246602843189,
0.494000029188926,0.499999712680749,0.503494032352278,0.5112195373115,0.518409997016286,
0.527135882705267,0.537693929639851,0.548837921917888,0.560605555265147,0.572851248376168,
0.585894580516256,0.599744850008476,0.612092773422041,0.622528640889843,0.633899937351192,
0.645865230546795,0.658418762428245,0.668712740175913,0.679260243446405,0.690434798796678,
0.701983495170866,0.718141334081863,0.733282540423533,0.739263548865339,0.765815730337168,
0.793721320707073,0.821927821726736,0.844987166184304,0.862749959970823,0.875333723111467,
0.887712881616721,0.899232928097125,0.910096218297647,0.919820306805846,0.929062018283696,
0.937133942075107,0.944512869941689,0.950962145232884,0.957174676721071,0.962755658872981,
0.967937714082866,0.973959887065042,0.981299898084976,0.990394245454263,1.),
.UNSPECIFIED.);
#2405=VERTEX_POINT('',#9354);
#2406=VERTEX_POINT('',#9355);
#2407=LINE('',#9356,#9357);
#2408=VERTEX_POINT('',#9359);
#2409=LINE('',#9360,#9361);
#2410=VERTEX_POINT('',#9363);
#2411=LINE('',#9364,#9365);
#2412=VERTEX_POINT('',#9367);
#2413=LINE('',#9368,#9369);
#2414=VERTEX_POINT('',#9371);
#2415=LINE('',#9372,#9373);
#2416=VERTEX_POINT('',#9375);
#2417=LINE('',#9376,#9377);
#2418=VERTEX_POINT('',#9379);
#2419=LINE('',#9380,#9381);
#2420=VERTEX_POINT('',#9383);
#2421=LINE('',#9384,#9385);
#2422=VERTEX_POINT('',#9387);
#2423=LINE('',#9388,#9389);
#2424=VERTEX_POINT('',#9391);
#2425=LINE('',#9392,#9393);
#2426=VERTEX_POINT('',#9395);
#2427=LINE('',#9396,#9397);
#2428=VERTEX_POINT('',#9399);
#2429=LINE('',#9400,#9401);
#2430=VERTEX_POINT('',#9403);
#2431=LINE('',#9404,#9405);
#2432=LINE('',#9407,#9408);
#2433=VERTEX_POINT('',#9410);
#2434=LINE('',#9411,#9412);
#2435=VERTEX_POINT('',#9414);
#2436=LINE('',#9415,#9416);
#2437=VERTEX_POINT('',#9418);
#2438=LINE('',#9419,#9420);
#2439=VERTEX_POINT('',#9422);
#2440=LINE('',#9423,#9424);
#2441=VERTEX_POINT('',#9426);
#2442=LINE('',#9427,#9428);
#2443=VERTEX_POINT('',#9430);
#2444=LINE('',#9431,#9432);
#2445=VERTEX_POINT('',#9434);
#2446=LINE('',#9435,#9436);
#2447=VERTEX_POINT('',#9438);
#2448=LINE('',#9439,#9440);
#2449=VERTEX_POINT('',#9442);
#2450=LINE('',#9443,#9444);
#2451=VERTEX_POINT('',#9446);
#2452=LINE('',#9447,#9448);
#2453=VERTEX_POINT('',#9450);
#2454=LINE('',#9451,#9452);
#2455=VERTEX_POINT('',#9454);
#2456=LINE('',#9455,#9456);
#2457=VERTEX_POINT('',#9458);
#2458=LINE('',#9459,#9460);
#2459=VERTEX_POINT('',#9462);
#2460=LINE('',#9463,#9464);
#2461=VERTEX_POINT('',#9466);
#2462=LINE('',#9467,#9468);
#2463=VERTEX_POINT('',#9470);
#2464=LINE('',#9471,#9472);
#2465=VERTEX_POINT('',#9474);
#2466=LINE('',#9475,#9476);
#2467=VERTEX_POINT('',#9478);
#2468=LINE('',#9479,#9480);
#2469=VERTEX_POINT('',#9482);
#2470=LINE('',#9483,#9484);
#2471=VERTEX_POINT('',#9486);
#2472=LINE('',#9487,#9488);
#2473=VERTEX_POINT('',#9490);
#2474=LINE('',#9491,#9492);
#2475=VERTEX_POINT('',#9494);
#2476=LINE('',#9495,#9496);
#2477=VERTEX_POINT('',#9498);
#2478=LINE('',#9499,#9500);
#2479=VERTEX_POINT('',#9502);
#2480=LINE('',#9503,#9504);
#2481=VERTEX_POINT('',#9506);
#2482=LINE('',#9507,#9508);
#2483=VERTEX_POINT('',#9510);
#2484=LINE('',#9511,#9512);
#2485=VERTEX_POINT('',#9514);
#2486=LINE('',#9515,#9516);
#2487=VERTEX_POINT('',#9518);
#2488=LINE('',#9519,#9520);
#2489=VERTEX_POINT('',#9522);
#2490=LINE('',#9523,#9524);
#2491=VERTEX_POINT('',#9526);
#2492=LINE('',#9527,#9528);
#2493=VERTEX_POINT('',#9530);
#2494=LINE('',#9531,#9532);
#2495=VERTEX_POINT('',#9534);
#2496=LINE('',#9535,#9536);
#2497=VERTEX_POINT('',#9538);
#2498=LINE('',#9539,#9540);
#2499=VERTEX_POINT('',#9542);
#2500=LINE('',#9543,#9544);
#2501=VERTEX_POINT('',#9546);
#2502=LINE('',#9547,#9548);
#2503=VERTEX_POINT('',#9550);
#2504=LINE('',#9551,#9552);
#2505=VERTEX_POINT('',#9554);
#2506=LINE('',#9555,#9556);
#2507=VERTEX_POINT('',#9558);
#2508=LINE('',#9559,#9560);
#2509=VERTEX_POINT('',#9562);
#2510=LINE('',#9563,#9564);
#2511=VERTEX_POINT('',#9566);
#2512=LINE('',#9567,#9568);
#2513=LINE('',#9570,#9571);
#2514=VERTEX_POINT('',#9573);
#2515=LINE('',#9574,#9575);
#2516=LINE('',#9577,#9578);
#2517=VERTEX_POINT('',#9580);
#2518=VERTEX_POINT('',#9581);
#2519=LINE('',#9582,#9583);
#2520=VERTEX_POINT('',#9585);
#2521=LINE('',#9586,#9587);
#2522=VERTEX_POINT('',#9589);
#2523=LINE('',#9590,#9591);
#2524=VERTEX_POINT('',#9593);
#2525=LINE('',#9594,#9595);
#2526=VERTEX_POINT('',#9597);
#2527=LINE('',#9598,#9599);
#2528=VERTEX_POINT('',#9601);
#2529=LINE('',#9602,#9603);
#2530=VERTEX_POINT('',#9605);
#2531=LINE('',#9606,#9607);
#2532=VERTEX_POINT('',#9609);
#2533=LINE('',#9610,#9611);
#2534=VERTEX_POINT('',#9613);
#2535=LINE('',#9614,#9615);
#2536=VERTEX_POINT('',#9617);
#2537=LINE('',#9618,#9619);
#2538=VERTEX_POINT('',#9621);
#2539=LINE('',#9622,#9623);
#2540=VERTEX_POINT('',#9625);
#2541=LINE('',#9626,#9627);
#2542=VERTEX_POINT('',#9629);
#2543=LINE('',#9630,#9631);
#2544=LINE('',#9633,#9634);
#2545=VERTEX_POINT('',#9636);
#2546=LINE('',#9637,#9638);
#2547=VERTEX_POINT('',#9640);
#2548=LINE('',#9641,#9642);
#2549=VERTEX_POINT('',#9644);
#2550=LINE('',#9645,#9646);
#2551=VERTEX_POINT('',#9648);
#2552=LINE('',#9649,#9650);
#2553=VERTEX_POINT('',#9652);
#2554=LINE('',#9653,#9654);
#2555=VERTEX_POINT('',#9656);
#2556=LINE('',#9657,#9658);
#2557=VERTEX_POINT('',#9660);
#2558=LINE('',#9661,#9662);
#2559=VERTEX_POINT('',#9664);
#2560=LINE('',#9665,#9666);
#2561=VERTEX_POINT('',#9668);
#2562=LINE('',#9669,#9670);
#2563=VERTEX_POINT('',#9672);
#2564=LINE('',#9673,#9674);
#2565=VERTEX_POINT('',#9676);
#2566=LINE('',#9677,#9678);
#2567=VERTEX_POINT('',#9680);
#2568=LINE('',#9681,#9682);
#2569=VERTEX_POINT('',#9684);
#2570=LINE('',#9685,#9686);
#2571=VERTEX_POINT('',#9688);
#2572=LINE('',#9689,#9690);
#2573=VERTEX_POINT('',#9692);
#2574=LINE('',#9693,#9694);
#2575=VERTEX_POINT('',#9696);
#2576=LINE('',#9697,#9698);
#2577=VERTEX_POINT('',#9700);
#2578=LINE('',#9701,#9702);
#2579=VERTEX_POINT('',#9704);
#2580=LINE('',#9705,#9706);
#2581=VERTEX_POINT('',#9708);
#2582=LINE('',#9709,#9710);
#2583=VERTEX_POINT('',#9712);
#2584=LINE('',#9713,#9714);
#2585=VERTEX_POINT('',#9716);
#2586=LINE('',#9717,#9718);
#2587=VERTEX_POINT('',#9720);
#2588=LINE('',#9721,#9722);
#2589=VERTEX_POINT('',#9724);
#2590=LINE('',#9725,#9726);
#2591=VERTEX_POINT('',#9728);
#2592=LINE('',#9729,#9730);
#2593=VERTEX_POINT('',#9732);
#2594=LINE('',#9733,#9734);
#2595=VERTEX_POINT('',#9736);
#2596=LINE('',#9737,#9738);
#2597=VERTEX_POINT('',#9740);
#2598=LINE('',#9741,#9742);
#2599=VERTEX_POINT('',#9744);
#2600=LINE('',#9745,#9746);
#2601=VERTEX_POINT('',#9748);
#2602=LINE('',#9749,#9750);
#2603=VERTEX_POINT('',#9752);
#2604=LINE('',#9753,#9754);
#2605=VERTEX_POINT('',#9756);
#2606=LINE('',#9757,#9758);
#2607=VERTEX_POINT('',#9760);
#2608=LINE('',#9761,#9762);
#2609=VERTEX_POINT('',#9764);
#2610=LINE('',#9765,#9766);
#2611=VERTEX_POINT('',#9768);
#2612=LINE('',#9769,#9770);
#2613=VERTEX_POINT('',#9772);
#2614=LINE('',#9773,#9774);
#2615=VERTEX_POINT('',#9776);
#2616=LINE('',#9777,#9778);
#2617=VERTEX_POINT('',#9780);
#2618=LINE('',#9781,#9782);
#2619=VERTEX_POINT('',#9784);
#2620=LINE('',#9785,#9786);
#2621=VERTEX_POINT('',#9788);
#2622=LINE('',#9789,#9790);
#2623=LINE('',#9792,#9793);
#2624=LINE('',#9795,#9796);
#2625=VERTEX_POINT('',#9798);
#2626=CIRCLE('',#9799,9.);
#2627=LINE('',#9803,#9804);
#2628=LINE('',#9806,#9807);
#2629=LINE('',#9809,#9810);
#2630=LINE('',#9812,#9813);
#2631=LINE('',#9815,#9816);
#2632=LINE('',#9818,#9819);
#2633=LINE('',#9821,#9822);
#2634=LINE('',#9824,#9825);
#2635=LINE('',#9827,#9828);
#2636=LINE('',#9830,#9831);
#2637=LINE('',#9833,#9834);
#2638=LINE('',#9836,#9837);
#2639=LINE('',#9839,#9840);
#2640=LINE('',#9842,#9843);
#2641=LINE('',#9845,#9846);
#2642=LINE('',#9848,#9849);
#2643=LINE('',#9851,#9852);
#2644=LINE('',#9854,#9855);
#2645=LINE('',#9857,#9858);
#2646=LINE('',#9860,#9861);
#2647=LINE('',#9863,#9864);
#2648=LINE('',#9866,#9867);
#2649=LINE('',#9869,#9870);
#2650=LINE('',#9872,#9873);
#2651=LINE('',#9875,#9876);
#2652=LINE('',#9878,#9879);
#2653=LINE('',#9881,#9882);
#2654=LINE('',#9884,#9885);
#2655=LINE('',#9887,#9888);
#2656=LINE('',#9890,#9891);
#2657=LINE('',#9893,#9894);
#2658=LINE('',#9896,#9897);
#2659=LINE('',#9899,#9900);
#2660=LINE('',#9902,#9903);
#2661=LINE('',#9905,#9906);
#2662=LINE('',#9908,#9909);
#2663=LINE('',#9911,#9912);
#2664=LINE('',#9914,#9915);
#2665=LINE('',#9917,#9918);
#2666=LINE('',#9920,#9921);
#2667=LINE('',#9923,#9924);
#2668=LINE('',#9926,#9927);
#2669=LINE('',#9929,#9930);
#2670=LINE('',#9932,#9933);
#2671=LINE('',#9935,#9936);
#2672=LINE('',#9938,#9939);
#2673=LINE('',#9941,#9942);
#2674=LINE('',#9944,#9945);
#2675=LINE('',#9947,#9948);
#2676=LINE('',#9950,#9951);
#2677=LINE('',#9953,#9954);
#2678=LINE('',#9956,#9957);
#2679=CARTESIAN_POINT('',(-20.,-22.5947940453767,4.07347370181714));
#2680=CARTESIAN_POINT('',(-20.,-7.32652629818289,-11.1947940453767));
#2681=CARTESIAN_POINT('',(-20.,-7.32652629818289,-11.1947940453767));
#2682=VECTOR('',#2683,1.);
#2683=DIRECTION('',(0.,-0.707106781186547,0.707106781186548));
#2684=AXIS2_PLACEMENT_3D('',#2685,#2686,#2687);
#2685=CARTESIAN_POINT('',(-20.,-13.9,-2.5));
#2686=DIRECTION('',(-1.,0.,6.12323399573677E-17));
#2687=DIRECTION('',(-4.88442738390646E-17,0.603070981818084,-0.797687527098784));
#2688=CARTESIAN_POINT('',(-20.,-5.2052059546233,-9.07347370181716));
#2689=CARTESIAN_POINT('',(-20.,-20.4734737018171,6.19479404537674));
#2690=CARTESIAN_POINT('',(-20.,-20.4734737018171,6.19479404537675));
#2691=VECTOR('',#2692,1.);
#2692=DIRECTION('',(0.,0.707106781186548,-0.707106781186548));
#2693=CARTESIAN_POINT('',(-20.,-18.2370496884403,7.5));
#2694=AXIS2_PLACEMENT_3D('',#2695,#2696,#2697);
#2695=CARTESIAN_POINT('',(-20.,-13.9,-2.5));
#2696=DIRECTION('',(-1.,0.,6.12323399573677E-17));
#2697=DIRECTION('',(4.88442738390646E-17,-0.603070981818084,0.797687527098783));
#2698=CARTESIAN_POINT('',(-20.,-9.56295031155971,7.5));
#2699=CARTESIAN_POINT('',(-20.,-18.2370496884403,7.5));
#2700=VECTOR('',#2701,1.);
#2701=DIRECTION('',(0.,1.,-4.09577239600193E-16));
#2702=AXIS2_PLACEMENT_3D('',#2703,#2704,#2705);
#2703=CARTESIAN_POINT('',(-20.,-13.9,-2.5));
#2704=DIRECTION('',(-1.,0.,6.12323399573677E-17));
#2705=DIRECTION('',(5.61764586764841E-17,0.397894466829385,0.91743119266055));
#2706=CARTESIAN_POINT('',(-17.,-7.32652629818289,-11.1947940453767));
#2707=CARTESIAN_POINT('',(-17.,-7.32652629818289,-11.1947940453767));
#2708=VECTOR('',#2709,1.);
#2709=DIRECTION('',(-1.,0.,0.));
#2710=CARTESIAN_POINT('',(-17.,-5.20520595462325,-9.0734737018171));
#2711=AXIS2_PLACEMENT_3D('',#2712,#2713,#2714);
#2712=CARTESIAN_POINT('',(-17.,-13.9,-2.5));
#2713=DIRECTION('',(-1.,0.,6.12323399573677E-17));
#2714=DIRECTION('',(-3.69274473771084E-17,0.797687527098784,-0.603070981818083));
#2715=CARTESIAN_POINT('',(-17.,-5.20520595462327,-9.07347370181713));
#2716=VECTOR('',#2717,1.);
#2717=DIRECTION('',(-1.,0.,0.));
#2718=CARTESIAN_POINT('',(130.841,-9.5629503115597,7.49999999999999));
#2719=CARTESIAN_POINT('',(130.841,-9.5629503115597,7.49999999999999));
#2720=VECTOR('',#2721,1.);
#2721=DIRECTION('',(-1.,-5.88817642219373E-17,7.06581170663248E-17));
#2722=CARTESIAN_POINT('',(130.841,-18.2370496884403,7.49999999999998));
#2723=AXIS2_PLACEMENT_3D('',#2724,#2725,#2726);
#2724=CARTESIAN_POINT('',(130.841,-13.9,-2.50000000000001));
#2725=DIRECTION('',(1.,0.,-6.12323399573676E-17));
#2726=DIRECTION('',(5.6176458676484E-17,-0.397894466829386,0.91743119266055));
#2727=CARTESIAN_POINT('',(130.841,-18.2370496884403,7.49999999999999));
#2728=VECTOR('',#2729,1.);
#2729=DIRECTION('',(-1.,4.71054113775499E-17,5.88817642219373E-17));
#2730=CARTESIAN_POINT('',(-17.,-20.4734737018171,6.19479404537675));
#2731=CARTESIAN_POINT('',(-17.,-20.4734737018171,6.19479404537674));
#2732=VECTOR('',#2733,1.);
#2733=DIRECTION('',(-1.,0.,0.));
#2734=CARTESIAN_POINT('',(-17.,-22.5947940453768,4.07347370181711));
#2735=AXIS2_PLACEMENT_3D('',#2736,#2737,#2738);
#2736=CARTESIAN_POINT('',(-17.,-13.9,-2.5));
#2737=DIRECTION('',(-1.,0.,6.12323399573677E-17));
#2738=DIRECTION('',(3.69274473771083E-17,-0.797687527098785,0.603070981818082));
#2739=CARTESIAN_POINT('',(-17.,-22.5947940453767,4.07347370181713));
#2740=VECTOR('',#2741,1.);
#2741=DIRECTION('',(-1.,0.,0.));
#2742=CARTESIAN_POINT('',(128.737703771642,-5.95,-9.95704365012351));
#2743=CARTESIAN_POINT('',(128.737703771638,-5.95000000000001,-9.95704365012863));
#2744=CARTESIAN_POINT('',(128.763007330109,-5.95000039857596,-9.957044135718));
#2745=CARTESIAN_POINT('',(128.821586917026,-5.95234615262564,-9.95954574206554));
#2746=CARTESIAN_POINT('',(128.921394737494,-5.96565739258311,-9.97371930062634));
#2747=CARTESIAN_POINT('',(129.034797948993,-5.99477230139953,-10.0045597572816));
#2748=CARTESIAN_POINT('',(129.143686367483,-6.0386230746083,-10.0505261194918));
#2749=CARTESIAN_POINT('',(129.234983693828,-6.08871127389904,-10.1023340024604));
#2750=CARTESIAN_POINT('',(129.312005582908,-6.14150638621095,-10.156220293705));
#2751=CARTESIAN_POINT('',(129.391218231863,-6.20747414570088,-10.2226167969248));
#2752=CARTESIAN_POINT('',(129.48088382768,-6.30198984096206,-10.3159323426498));
#2753=CARTESIAN_POINT('',(129.573954401468,-6.43728797453931,-10.445662250457));
#2754=CARTESIAN_POINT('',(129.643879204121,-6.59675156316157,-10.5925972366984));
#2755=CARTESIAN_POINT('',(129.679984715193,-6.75317153944117,-10.7307235579017));
#2756=CARTESIAN_POINT('',(129.687497509304,-6.85216952082492,-10.8151257035535));
#2757=CARTESIAN_POINT('',(129.687883759622,-6.93629896337099,-10.885683906702));
#2758=CARTESIAN_POINT('',(129.682607022905,-7.02206236653446,-10.9565116522333));
#2759=CARTESIAN_POINT('',(129.657692848888,-7.14956111884196,-11.0586758726419));
#2760=CARTESIAN_POINT('',(129.615436430405,-7.27068401436637,-11.1527015597324));
#2761=CARTESIAN_POINT('',(129.560421413879,-7.37943739919085,-11.2348258301848));
#2762=CARTESIAN_POINT('',(129.498294014281,-7.47289892299128,-11.3037767034973));
#2763=CARTESIAN_POINT('',(129.426005286063,-7.55788416318671,-11.3651438024492));
#2764=CARTESIAN_POINT('',(129.340227116552,-7.63775320990389,-11.4217272135312));
#2765=CARTESIAN_POINT('',(129.232927872249,-7.71495442193116,-11.4754140834703));
#2766=CARTESIAN_POINT('',(129.101740721364,-7.78206022382321,-11.5212229999453));
#2767=CARTESIAN_POINT('',(128.963507424762,-7.82623163982478,-11.5509535937481));
#2768=CARTESIAN_POINT('',(128.843989598524,-7.84597791440867,-11.5641520542243));
#2769=CARTESIAN_POINT('',(128.7717336862,-7.84986707287514,-11.5667464678985));
#2770=CARTESIAN_POINT('',(128.716291566954,-7.85010222387806,-11.5669033804621));
#2771=CARTESIAN_POINT('',(128.658103798522,-7.84788583395027,-11.5654248342173));
#2772=CARTESIAN_POINT('',(128.565579888781,-7.83619073214924,-11.5576133658213));
#2773=CARTESIAN_POINT('',(128.450745109004,-7.80873416782294,-11.5391992587646));
#2774=CARTESIAN_POINT('',(128.328345599183,-7.76106402925162,-11.5069552370123));
#2775=CARTESIAN_POINT('',(128.212235785419,-7.6948550928981,-11.4615092720146));
#2776=CARTESIAN_POINT('',(128.118736581276,-7.62346802315354,-11.4116643694409));
#2777=CARTESIAN_POINT('',(128.042150054689,-7.54960141362483,-11.3591807444608));
#2778=CARTESIAN_POINT('',(127.976918497743,-7.47202850639706,-11.3031020120473));
#2779=CARTESIAN_POINT('',(127.918670847492,-7.38526726763289,-11.2391433935198));
#2780=CARTESIAN_POINT('',(127.868204534264,-7.2880906392717,-11.1659164558929));
#2781=CARTESIAN_POINT('',(127.828138950741,-7.18222008392044,-11.0841710804251));
#2782=CARTESIAN_POINT('',(127.799994802124,-7.0673505292806,-10.9930898065492));
#2783=CARTESIAN_POINT('',(127.789120187543,-6.972513366346,-10.9157154803475));
#2784=CARTESIAN_POINT('',(127.787041350765,-6.88939392556617,-10.8464803131694));
#2785=CARTESIAN_POINT('',(127.790591485383,-6.80462172880909,-10.7747709768454));
#2786=CARTESIAN_POINT('',(127.807066195146,-6.69592058591677,-10.6804726255665));
#2787=CARTESIAN_POINT('',(127.841200489553,-6.5780855450294,-10.5751099323262));
#2788=CARTESIAN_POINT('',(127.888468184126,-6.46889812600128,-10.4746784193225));
#2789=CARTESIAN_POINT('',(127.946266213317,-6.37053075193357,-10.3817919148965));
#2790=CARTESIAN_POINT('',(128.0126562304,-6.28306880485591,-10.2972210930309));
#2791=CARTESIAN_POINT('',(128.084493655344,-6.2077049079955,-10.2228117400028));
#2792=CARTESIAN_POINT('',(128.161561531837,-6.14248517265815,-10.1572443955807));
#2793=CARTESIAN_POINT('',(128.24249929523,-6.08732414862311,-10.1009109061242));
#2794=CARTESIAN_POINT('',(128.32711524322,-6.04157525282881,-10.0535623341174));
#2795=CARTESIAN_POINT('',(128.417358712428,-6.00382107288609,-10.0140635596771));
#2796=CARTESIAN_POINT('',(128.510401073857,-5.97582217645139,-9.9845020926732));
#2797=CARTESIAN_POINT('',(128.601693376596,-5.95845574234581,-9.96605428014472));
#2798=CARTESIAN_POINT('',(128.676518560081,-5.95119798382869,-9.95832101018378));
#2799=CARTESIAN_POINT('',(128.720455608209,-5.94999972831082,-9.95704331912678));
#2800=CARTESIAN_POINT('',(128.737703771638,-5.95000000000001,-9.95704365012863));
#2801=CARTESIAN_POINT('',(61.2377037716424,-19.95,-11.5668351700035));
#2802=CARTESIAN_POINT('',(61.2377037716371,-19.95,-11.5668351700032));
#2803=CARTESIAN_POINT('',(61.2619019352396,-19.9499996565145,-11.5668353398588));
#2804=CARTESIAN_POINT('',(61.3170228838115,-19.9521086862668,-11.5654285501162));
#2805=CARTESIAN_POINT('',(61.4094197623855,-19.9637452866666,-11.557655993481));
#2806=CARTESIAN_POINT('',(61.5245393840695,-19.9911733342736,-11.5392620570033));
#2807=CARTESIAN_POINT('',(61.6480395521043,-20.0393256090536,-11.5066920981429));
#2808=CARTESIAN_POINT('',(61.7648036824453,-20.1061925186453,-11.4607863389926));
#2809=CARTESIAN_POINT('',(61.8584339529356,-20.1780470554722,-11.4105977993025));
#2810=CARTESIAN_POINT('',(61.9347966938487,-20.2520539585584,-11.3579944211365));
#2811=CARTESIAN_POINT('',(61.9997964998919,-20.3297196666577,-11.3018256526108));
#2812=CARTESIAN_POINT('',(62.057795536278,-20.4165321645688,-11.2378019209768));
#2813=CARTESIAN_POINT('',(62.1079950958215,-20.5137025633753,-11.1645478745804));
#2814=CARTESIAN_POINT('',(62.1477934151789,-20.6195019449474,-11.0828225501967));
#2815=CARTESIAN_POINT('',(62.1756784658705,-20.7342056071759,-10.9918361996957));
#2816=CARTESIAN_POINT('',(62.1863391632829,-20.8284555612446,-10.9149137418757));
#2817=CARTESIAN_POINT('',(62.1883557821461,-20.911362509376,-10.8458445592577));
#2818=CARTESIAN_POINT('',(62.1847710452054,-20.9959318072956,-10.7742984740646));
#2819=CARTESIAN_POINT('',(62.1681706091999,-21.1048240802987,-10.6798153015551));
#2820=CARTESIAN_POINT('',(62.1339693949721,-21.222580254886,-10.5745063302001));
#2821=CARTESIAN_POINT('',(62.0865855529578,-21.3318132273495,-10.4740164296142));
#2822=CARTESIAN_POINT('',(62.0285882732369,-21.430312585321,-10.3809873443833));
#2823=CARTESIAN_POINT('',(61.9619113533456,-21.5179380355339,-10.2962387323584));
#2824=CARTESIAN_POINT('',(61.8897069643083,-21.5934507394454,-10.2216613272181));
#2825=CARTESIAN_POINT('',(61.8122673369261,-21.6587246614225,-10.1560185203735));
#2826=CARTESIAN_POINT('',(61.7309821625595,-21.7138552527527,-10.099698137114));
#2827=CARTESIAN_POINT('',(61.6459576178041,-21.7595530495991,-10.0523881573542));
#2828=CARTESIAN_POINT('',(61.5605397511281,-21.7949947446301,-10.0152978615301));
#2829=CARTESIAN_POINT('',(61.4760382590154,-21.8209355638067,-9.98792981999856));
#2830=CARTESIAN_POINT('',(61.389554217526,-21.8391920295888,-9.96855909093791));
#2831=CARTESIAN_POINT('',(61.3100386601053,-21.848326345608,-9.95882817670145));
#2832=CARTESIAN_POINT('',(61.2431011774404,-21.8504818908238,-9.95652990544678));
#2833=CARTESIAN_POINT('',(61.1683841788064,-21.8487157611673,-9.95841263440035));
#2834=CARTESIAN_POINT('',(61.0728398858503,-21.8381767066858,-9.96964677374157));
#2835=CARTESIAN_POINT('',(60.9505736833324,-21.8086322037923,-10.0009690256493));
#2836=CARTESIAN_POINT('',(60.8228583038913,-21.7586400788057,-10.0534334833133));
#2837=CARTESIAN_POINT('',(60.701308160825,-21.6883908912066,-10.1259717391036));
#2838=CARTESIAN_POINT('',(60.5967267872462,-21.6049340960767,-10.2103088649483));
#2839=CARTESIAN_POINT('',(60.5082192787786,-21.5128083620912,-10.3013475039998));
#2840=CARTESIAN_POINT('',(60.4255575721661,-21.4004837901407,-10.4096763339231));
#2841=CARTESIAN_POINT('',(60.348811423829,-21.2518546046992,-10.5484966728161));
#2842=CARTESIAN_POINT('',(60.2988021662394,-21.0799587772759,-10.7023077402181));
#2843=CARTESIAN_POINT('',(60.2865981359913,-20.9442572261905,-10.8183733799103));
#2844=CARTESIAN_POINT('',(60.2890629204537,-20.8180081033747,-10.9236678303329));
#2845=CARTESIAN_POINT('',(60.304189674334,-20.7008565879177,-11.0189063970149));
#2846=CARTESIAN_POINT('',(60.3465181327152,-20.5625097777158,-11.1272057533986));
#2847=CARTESIAN_POINT('',(60.3985491832249,-20.4499659381032,-11.2128109200521));
#2848=CARTESIAN_POINT('',(60.4572364951579,-20.3544997583052,-11.2837220498417));
#2849=CARTESIAN_POINT('',(60.526376413613,-20.2670871787506,-11.34723903043));
#2850=CARTESIAN_POINT('',(60.6030465526325,-20.1904081057394,-11.4018696934292));
#2851=CARTESIAN_POINT('',(60.6854022533709,-20.1247618830448,-11.4478541139974));
#2852=CARTESIAN_POINT('',(60.7711302253094,-20.0704527282237,-11.4853592246461));
#2853=CARTESIAN_POINT('',(60.8603450134079,-20.0263226603052,-11.5154812670961));
#2854=CARTESIAN_POINT('',(60.9520516329234,-19.9922147770954,-11.5385466665128));
#2855=CARTESIAN_POINT('',(61.0462457212143,-19.9678196905301,-11.5549290213515));
#2856=CARTESIAN_POINT('',(61.1416603207088,-19.9532367622708,-11.5646765891099));
#2857=CARTESIAN_POINT('',(61.205829093334,-19.9500004524512,-11.5668349462633));
#2858=CARTESIAN_POINT('',(61.2377037716371,-19.95,-11.5668351700032));
#2859=CARTESIAN_POINT('',(68.7377037716424,-19.95,-11.5668351700035));
#2860=CARTESIAN_POINT('',(68.7377037716371,-19.95,-11.5668351700032));
#2861=CARTESIAN_POINT('',(68.7619019352396,-19.9499996565145,-11.5668353398588));
#2862=CARTESIAN_POINT('',(68.8170228838116,-19.9521086862668,-11.5654285501162));
#2863=CARTESIAN_POINT('',(68.9094197623855,-19.9637452866666,-11.557655993481));
#2864=CARTESIAN_POINT('',(69.0245393840694,-19.9911733342736,-11.5392620570033));
#2865=CARTESIAN_POINT('',(69.1480395521043,-20.0393256090536,-11.5066920981429));
#2866=CARTESIAN_POINT('',(69.2648036824454,-20.1061925186453,-11.4607863389926));
#2867=CARTESIAN_POINT('',(69.3584339529357,-20.1780470554723,-11.4105977993025));
#2868=CARTESIAN_POINT('',(69.4347966938487,-20.2520539585584,-11.3579944211365));
#2869=CARTESIAN_POINT('',(69.499796499892,-20.3297196666578,-11.3018256526107));
#2870=CARTESIAN_POINT('',(69.5577955362781,-20.4165321645689,-11.2378019209767));
#2871=CARTESIAN_POINT('',(69.6079950958216,-20.5137025633754,-11.1645478745803));
#2872=CARTESIAN_POINT('',(69.647793415179,-20.6195019449476,-11.0828225501966));
#2873=CARTESIAN_POINT('',(69.6756784658706,-20.7342056071762,-10.9918361996954));
#2874=CARTESIAN_POINT('',(69.6863391632828,-20.8284555612449,-10.9149137418755));
#2875=CARTESIAN_POINT('',(69.6883557821461,-20.9113625093764,-10.8458445592574));
#2876=CARTESIAN_POINT('',(69.6847710452054,-20.995931807296,-10.7742984740643));
#2877=CARTESIAN_POINT('',(69.6681706091997,-21.1048240802994,-10.6798153015545));
#2878=CARTESIAN_POINT('',(69.6339693949718,-21.2225802548867,-10.5745063301995));
#2879=CARTESIAN_POINT('',(69.5865855529575,-21.3318132273501,-10.4740164296136));
#2880=CARTESIAN_POINT('',(69.5285882732366,-21.4303125853214,-10.3809873443829));
#2881=CARTESIAN_POINT('',(69.4619113533453,-21.5179380355342,-10.2962387323581));
#2882=CARTESIAN_POINT('',(69.3897069643081,-21.5934507394455,-10.221661327218));
#2883=CARTESIAN_POINT('',(69.3122673369261,-21.6587246614226,-10.1560185203734));
#2884=CARTESIAN_POINT('',(69.2309821625594,-21.7138552527527,-10.099698137114));
#2885=CARTESIAN_POINT('',(69.1459576178041,-21.7595530495991,-10.0523881573542));
#2886=CARTESIAN_POINT('',(69.0605397511281,-21.7949947446301,-10.0152978615301));
#2887=CARTESIAN_POINT('',(68.9760382590155,-21.8209355638067,-9.98792981999856));
#2888=CARTESIAN_POINT('',(68.8895542175261,-21.8391920295888,-9.9685590909379));
#2889=CARTESIAN_POINT('',(68.8100386601053,-21.848326345608,-9.95882817670145));
#2890=CARTESIAN_POINT('',(68.7431011774404,-21.8504818908238,-9.95652990544678));
#2891=CARTESIAN_POINT('',(68.6683841788064,-21.8487157611673,-9.95841263440035));
#2892=CARTESIAN_POINT('',(68.5728398858504,-21.8381767066858,-9.96964677374155));
#2893=CARTESIAN_POINT('',(68.4505736833324,-21.8086322037923,-10.0009690256493));
#2894=CARTESIAN_POINT('',(68.3228583038914,-21.7586400788057,-10.0534334833133));
#2895=CARTESIAN_POINT('',(68.2013081608251,-21.6883908912066,-10.1259717391035));
#2896=CARTESIAN_POINT('',(68.0967267872464,-21.6049340960769,-10.2103088649482));
#2897=CARTESIAN_POINT('',(68.0082192787788,-21.5128083620914,-10.3013475039995));
#2898=CARTESIAN_POINT('',(67.9255575721664,-21.400483790141,-10.4096763339227));
#2899=CARTESIAN_POINT('',(67.8488114238291,-21.2518546046997,-10.5484966728156));
#2900=CARTESIAN_POINT('',(67.7988021662394,-21.0799587772763,-10.7023077402178));
#2901=CARTESIAN_POINT('',(67.7865981359913,-20.9442572261908,-10.81837337991));
#2902=CARTESIAN_POINT('',(67.7890629204537,-20.8180081033748,-10.9236678303328));
#2903=CARTESIAN_POINT('',(67.8041896743339,-20.7008565879179,-11.0189063970147));
#2904=CARTESIAN_POINT('',(67.8465181327151,-20.5625097777159,-11.1272057533985));
#2905=CARTESIAN_POINT('',(67.8985491832249,-20.4499659381032,-11.2128109200521));
#2906=CARTESIAN_POINT('',(67.9572364951579,-20.3544997583052,-11.2837220498417));
#2907=CARTESIAN_POINT('',(68.026376413613,-20.2670871787506,-11.34723903043));
#2908=CARTESIAN_POINT('',(68.1030465526325,-20.1904081057394,-11.4018696934292));
#2909=CARTESIAN_POINT('',(68.1854022533709,-20.1247618830449,-11.4478541139974));
#2910=CARTESIAN_POINT('',(68.2711302253094,-20.0704527282237,-11.4853592246461));
#2911=CARTESIAN_POINT('',(68.3603450134079,-20.0263226603052,-11.5154812670961));
#2912=CARTESIAN_POINT('',(68.4520516329234,-19.9922147770954,-11.5385466665128));
#2913=CARTESIAN_POINT('',(68.5462457212143,-19.9678196905301,-11.5549290213515));
#2914=CARTESIAN_POINT('',(68.6416603207088,-19.9532367622708,-11.5646765891099));
#2915=CARTESIAN_POINT('',(68.705829093334,-19.9500004524512,-11.5668349462633));
#2916=CARTESIAN_POINT('',(68.7377037716371,-19.95,-11.5668351700032));
#2917=CARTESIAN_POINT('',(76.2377037716424,-19.95,-11.5668351700035));
#2918=CARTESIAN_POINT('',(76.2377037716371,-19.95,-11.5668351700032));
#2919=CARTESIAN_POINT('',(76.2619019352396,-19.9499996565145,-11.5668353398588));
#2920=CARTESIAN_POINT('',(76.3170228838115,-19.9521086862668,-11.5654285501162));
#2921=CARTESIAN_POINT('',(76.4094197623855,-19.9637452866667,-11.557655993481));
#2922=CARTESIAN_POINT('',(76.5245393840694,-19.9911733342736,-11.5392620570033));
#2923=CARTESIAN_POINT('',(76.6480395521043,-20.0393256090536,-11.5066920981429));
#2924=CARTESIAN_POINT('',(76.7648036824454,-20.1061925186453,-11.4607863389927));
#2925=CARTESIAN_POINT('',(76.8584339529356,-20.1780470554722,-11.4105977993025));
#2926=CARTESIAN_POINT('',(76.9347966938487,-20.2520539585584,-11.3579944211365));
#2927=CARTESIAN_POINT('',(76.999796499892,-20.3297196666577,-11.3018256526107));
#2928=CARTESIAN_POINT('',(77.057795536278,-20.4165321645689,-11.2378019209767));
#2929=CARTESIAN_POINT('',(77.1079950958216,-20.5137025633753,-11.1645478745803));
#2930=CARTESIAN_POINT('',(77.1477934151789,-20.6195019449476,-11.0828225501966));
#2931=CARTESIAN_POINT('',(77.1756784658706,-20.7342056071761,-10.9918361996955));
#2932=CARTESIAN_POINT('',(77.1863391632829,-20.8284555612448,-10.9149137418755));
#2933=CARTESIAN_POINT('',(77.1883557821461,-20.9113625093762,-10.8458445592575));
#2934=CARTESIAN_POINT('',(77.1847710452055,-20.9959318072959,-10.7742984740644));
#2935=CARTESIAN_POINT('',(77.1681706091998,-21.1048240802992,-10.6798153015547));
#2936=CARTESIAN_POINT('',(77.1339693949719,-21.2225802548865,-10.5745063301997));
#2937=CARTESIAN_POINT('',(77.0865855529576,-21.3318132273499,-10.4740164296138));
#2938=CARTESIAN_POINT('',(77.0285882732367,-21.4303125853213,-10.380987344383));
#2939=CARTESIAN_POINT('',(76.9619113533454,-21.5179380355341,-10.2962387323582));
#2940=CARTESIAN_POINT('',(76.8897069643081,-21.5934507394455,-10.221661327218));
#2941=CARTESIAN_POINT('',(76.8122673369261,-21.6587246614225,-10.1560185203735));
#2942=CARTESIAN_POINT('',(76.7309821625595,-21.7138552527527,-10.099698137114));
#2943=CARTESIAN_POINT('',(76.645957617804,-21.7595530495991,-10.0523881573542));
#2944=CARTESIAN_POINT('',(76.5605397511281,-21.7949947446301,-10.0152978615301));
#2945=CARTESIAN_POINT('',(76.4760382590154,-21.8209355638067,-9.98792981999855));
#2946=CARTESIAN_POINT('',(76.389554217526,-21.8391920295888,-9.96855909093791));
#2947=CARTESIAN_POINT('',(76.3100386601053,-21.848326345608,-9.95882817670144));
#2948=CARTESIAN_POINT('',(76.2431011774404,-21.8504818908238,-9.95652990544678));
#2949=CARTESIAN_POINT('',(76.1683841788064,-21.8487157611673,-9.95841263440035));
#2950=CARTESIAN_POINT('',(76.0728398858502,-21.8381767066858,-9.96964677374157));
#2951=CARTESIAN_POINT('',(75.9505736833324,-21.8086322037923,-10.0009690256493));
#2952=CARTESIAN_POINT('',(75.8228583038912,-21.7586400788056,-10.0534334833133));
#2953=CARTESIAN_POINT('',(75.7013081608249,-21.6883908912065,-10.1259717391037));
#2954=CARTESIAN_POINT('',(75.5967267872461,-21.6049340960767,-10.2103088649484));
#2955=CARTESIAN_POINT('',(75.5082192787785,-21.512808362091,-10.3013475039999));
#2956=CARTESIAN_POINT('',(75.4255575721659,-21.4004837901404,-10.4096763339233));
#2957=CARTESIAN_POINT('',(75.3488114238288,-21.2518546046988,-10.5484966728164));
#2958=CARTESIAN_POINT('',(75.2988021662393,-21.0799587772756,-10.7023077402184));
#2959=CARTESIAN_POINT('',(75.2865981359913,-20.9442572261903,-10.8183733799105));
#2960=CARTESIAN_POINT('',(75.2890629204537,-20.8180081033746,-10.923667830333));
#2961=CARTESIAN_POINT('',(75.304189674334,-20.7008565879176,-11.018906397015));
#2962=CARTESIAN_POINT('',(75.3465181327151,-20.5625097777158,-11.1272057533986));
#2963=CARTESIAN_POINT('',(75.398549183225,-20.4499659381033,-11.2128109200521));
#2964=CARTESIAN_POINT('',(75.4572364951579,-20.3544997583052,-11.2837220498416));
#2965=CARTESIAN_POINT('',(75.526376413613,-20.2670871787506,-11.34723903043));
#2966=CARTESIAN_POINT('',(75.6030465526325,-20.1904081057394,-11.4018696934292));
#2967=CARTESIAN_POINT('',(75.6854022533709,-20.1247618830448,-11.4478541139974));
#2968=CARTESIAN_POINT('',(75.7711302253094,-20.0704527282237,-11.4853592246461));
#2969=CARTESIAN_POINT('',(75.8603450134079,-20.0263226603052,-11.5154812670961));
#2970=CARTESIAN_POINT('',(75.9520516329234,-19.9922147770954,-11.5385466665128));
#2971=CARTESIAN_POINT('',(76.0462457212143,-19.9678196905301,-11.5549290213515));
#2972=CARTESIAN_POINT('',(76.1416603207089,-19.9532367622708,-11.5646765891099));
#2973=CARTESIAN_POINT('',(76.205829093334,-19.9500004524512,-11.5668349462633));
#2974=CARTESIAN_POINT('',(76.2377037716371,-19.95,-11.5668351700032));
#2975=CARTESIAN_POINT('',(83.7377037716424,-19.95,-11.5668351700035));
#2976=CARTESIAN_POINT('',(83.7377037716371,-19.95,-11.5668351700032));
#2977=CARTESIAN_POINT('',(83.7619019352396,-19.9499996565145,-11.5668353398588));
#2978=CARTESIAN_POINT('',(83.8170228838115,-19.9521086862668,-11.5654285501162));
#2979=CARTESIAN_POINT('',(83.9094197623855,-19.9637452866666,-11.557655993481));
#2980=CARTESIAN_POINT('',(84.0245393840694,-19.9911733342736,-11.5392620570033));
#2981=CARTESIAN_POINT('',(84.1480395521043,-20.0393256090536,-11.5066920981429));
#2982=CARTESIAN_POINT('',(84.2648036824453,-20.1061925186453,-11.4607863389926));
#2983=CARTESIAN_POINT('',(84.3584339529357,-20.1780470554722,-11.4105977993025));
#2984=CARTESIAN_POINT('',(84.4347966938487,-20.2520539585585,-11.3579944211364));
#2985=CARTESIAN_POINT('',(84.4997964998921,-20.3297196666578,-11.3018256526107));
#2986=CARTESIAN_POINT('',(84.5577955362781,-20.4165321645689,-11.2378019209767));
#2987=CARTESIAN_POINT('',(84.6079950958216,-20.5137025633754,-11.1645478745803));
#2988=CARTESIAN_POINT('',(84.647793415179,-20.6195019449476,-11.0828225501966));
#2989=CARTESIAN_POINT('',(84.6756784658707,-20.7342056071762,-10.9918361996954));
#2990=CARTESIAN_POINT('',(84.6863391632828,-20.8284555612449,-10.9149137418755));
#2991=CARTESIAN_POINT('',(84.6883557821461,-20.9113625093763,-10.8458445592575));
#2992=CARTESIAN_POINT('',(84.6847710452054,-20.995931807296,-10.7742984740643));
#2993=CARTESIAN_POINT('',(84.6681706091998,-21.1048240802993,-10.6798153015546));
#2994=CARTESIAN_POINT('',(84.6339693949719,-21.2225802548866,-10.5745063301996));
#2995=CARTESIAN_POINT('',(84.5865855529575,-21.33181322735,-10.4740164296137));
#2996=CARTESIAN_POINT('',(84.5285882732366,-21.4303125853214,-10.3809873443829));
#2997=CARTESIAN_POINT('',(84.4619113533453,-21.5179380355342,-10.2962387323581));
#2998=CARTESIAN_POINT('',(84.3897069643081,-21.5934507394455,-10.221661327218));
#2999=CARTESIAN_POINT('',(84.3122673369261,-21.6587246614226,-10.1560185203734));
#3000=CARTESIAN_POINT('',(84.2309821625595,-21.7138552527527,-10.099698137114));
#3001=CARTESIAN_POINT('',(84.1459576178041,-21.7595530495991,-10.0523881573542));
#3002=CARTESIAN_POINT('',(84.0605397511281,-21.7949947446301,-10.0152978615301));
#3003=CARTESIAN_POINT('',(83.9760382590155,-21.8209355638067,-9.98792981999855));
#3004=CARTESIAN_POINT('',(83.8895542175261,-21.8391920295888,-9.96855909093791));
#3005=CARTESIAN_POINT('',(83.8100386601053,-21.848326345608,-9.95882817670143));
#3006=CARTESIAN_POINT('',(83.7431011774404,-21.8504818908238,-9.95652990544679));
#3007=CARTESIAN_POINT('',(83.6683841788064,-21.8487157611673,-9.95841263440035));
#3008=CARTESIAN_POINT('',(83.5728398858503,-21.8381767066858,-9.96964677374156));
#3009=CARTESIAN_POINT('',(83.4505736833324,-21.8086322037923,-10.0009690256493));
#3010=CARTESIAN_POINT('',(83.3228583038913,-21.7586400788057,-10.0534334833133));
#3011=CARTESIAN_POINT('',(83.201308160825,-21.6883908912065,-10.1259717391036));
#3012=CARTESIAN_POINT('',(83.0967267872462,-21.6049340960767,-10.2103088649483));
#3013=CARTESIAN_POINT('',(83.0082192787786,-21.5128083620911,-10.3013475039998));
#3014=CARTESIAN_POINT('',(82.9255575721661,-21.4004837901406,-10.4096763339231));
#3015=CARTESIAN_POINT('',(82.8488114238289,-21.2518546046991,-10.5484966728162));
#3016=CARTESIAN_POINT('',(82.7988021662394,-21.0799587772758,-10.7023077402182));
#3017=CARTESIAN_POINT('',(82.7865981359913,-20.9442572261904,-10.8183733799103));
#3018=CARTESIAN_POINT('',(82.7890629204537,-20.8180081033746,-10.9236678303329));
#3019=CARTESIAN_POINT('',(82.804189674334,-20.7008565879177,-11.0189063970149));
#3020=CARTESIAN_POINT('',(82.8465181327152,-20.5625097777158,-11.1272057533986));
#3021=CARTESIAN_POINT('',(82.8985491832249,-20.4499659381033,-11.2128109200521));
#3022=CARTESIAN_POINT('',(82.957236495158,-20.3544997583052,-11.2837220498417));
#3023=CARTESIAN_POINT('',(83.026376413613,-20.2670871787506,-11.34723903043));
#3024=CARTESIAN_POINT('',(83.1030465526324,-20.1904081057394,-11.4018696934292));
#3025=CARTESIAN_POINT('',(83.1854022533709,-20.1247618830449,-11.4478541139974));
#3026=CARTESIAN_POINT('',(83.2711302253094,-20.0704527282237,-11.4853592246461));
#3027=CARTESIAN_POINT('',(83.3603450134079,-20.0263226603052,-11.5154812670961));
#3028=CARTESIAN_POINT('',(83.4520516329234,-19.9922147770954,-11.5385466665128));
#3029=CARTESIAN_POINT('',(83.5462457212143,-19.9678196905301,-11.5549290213515));
#3030=CARTESIAN_POINT('',(83.6416603207088,-19.9532367622708,-11.5646765891099));
#3031=CARTESIAN_POINT('',(83.705829093334,-19.9500004524512,-11.5668349462633));
#3032=CARTESIAN_POINT('',(83.7377037716371,-19.95,-11.5668351700032));
#3033=CARTESIAN_POINT('',(91.2377037716424,-19.95,-11.5668351700035));
#3034=CARTESIAN_POINT('',(91.2377037716371,-19.95,-11.5668351700032));
#3035=CARTESIAN_POINT('',(91.2619019352396,-19.9499996565145,-11.5668353398588));
#3036=CARTESIAN_POINT('',(91.3170228838116,-19.9521086862668,-11.5654285501162));
#3037=CARTESIAN_POINT('',(91.4094197623855,-19.9637452866667,-11.557655993481));
#3038=CARTESIAN_POINT('',(91.5245393840694,-19.9911733342736,-11.5392620570033));
#3039=CARTESIAN_POINT('',(91.6480395521043,-20.0393256090536,-11.5066920981429));
#3040=CARTESIAN_POINT('',(91.7648036824453,-20.1061925186453,-11.4607863389926));
#3041=CARTESIAN_POINT('',(91.8584339529357,-20.1780470554723,-11.4105977993025));
#3042=CARTESIAN_POINT('',(91.9347966938487,-20.2520539585584,-11.3579944211365));
#3043=CARTESIAN_POINT('',(91.999796499892,-20.3297196666578,-11.3018256526107));
#3044=CARTESIAN_POINT('',(92.0577955362781,-20.4165321645689,-11.2378019209767));
#3045=CARTESIAN_POINT('',(92.1079950958216,-20.5137025633754,-11.1645478745803));
#3046=CARTESIAN_POINT('',(92.1477934151789,-20.6195019449476,-11.0828225501966));
#3047=CARTESIAN_POINT('',(92.1756784658706,-20.7342056071762,-10.9918361996954));
#3048=CARTESIAN_POINT('',(92.1863391632829,-20.8284555612449,-10.9149137418755));
#3049=CARTESIAN_POINT('',(92.1883557821461,-20.9113625093763,-10.8458445592575));
#3050=CARTESIAN_POINT('',(92.1847710452055,-20.995931807296,-10.7742984740643));
#3051=CARTESIAN_POINT('',(92.1681706091997,-21.1048240802993,-10.6798153015546));
#3052=CARTESIAN_POINT('',(92.1339693949719,-21.2225802548866,-10.5745063301996));
#3053=CARTESIAN_POINT('',(92.0865855529575,-21.3318132273501,-10.4740164296137));
#3054=CARTESIAN_POINT('',(92.0285882732366,-21.4303125853214,-10.3809873443829));
#3055=CARTESIAN_POINT('',(91.9619113533453,-21.5179380355342,-10.2962387323581));
#3056=CARTESIAN_POINT('',(91.8897069643081,-21.5934507394456,-10.221661327218));
#3057=CARTESIAN_POINT('',(91.8122673369261,-21.6587246614226,-10.1560185203734));
#3058=CARTESIAN_POINT('',(91.7309821625595,-21.7138552527527,-10.099698137114));
#3059=CARTESIAN_POINT('',(91.6459576178041,-21.7595530495991,-10.0523881573542));
#3060=CARTESIAN_POINT('',(91.5605397511281,-21.7949947446301,-10.0152978615301));
#3061=CARTESIAN_POINT('',(91.4760382590154,-21.8209355638067,-9.98792981999854));
#3062=CARTESIAN_POINT('',(91.3895542175261,-21.8391920295888,-9.96855909093791));
#3063=CARTESIAN_POINT('',(91.3100386601053,-21.848326345608,-9.95882817670143));
#3064=CARTESIAN_POINT('',(91.2431011774404,-21.8504818908238,-9.95652990544677));
#3065=CARTESIAN_POINT('',(91.1683841788065,-21.8487157611674,-9.95841263440034));
#3066=CARTESIAN_POINT('',(91.0728398858503,-21.8381767066858,-9.96964677374157));
#3067=CARTESIAN_POINT('',(90.9505736833324,-21.8086322037923,-10.0009690256493));
#3068=CARTESIAN_POINT('',(90.8228583038913,-21.7586400788057,-10.0534334833133));
#3069=CARTESIAN_POINT('',(90.701308160825,-21.6883908912065,-10.1259717391036));
#3070=CARTESIAN_POINT('',(90.5967267872463,-21.6049340960767,-10.2103088649483));
#3071=CARTESIAN_POINT('',(90.5082192787786,-21.5128083620911,-10.3013475039998));
#3072=CARTESIAN_POINT('',(90.4255575721661,-21.4004837901406,-10.4096763339231));
#3073=CARTESIAN_POINT('',(90.3488114238289,-21.2518546046992,-10.5484966728162));
#3074=CARTESIAN_POINT('',(90.2988021662394,-21.0799587772758,-10.7023077402182));
#3075=CARTESIAN_POINT('',(90.2865981359913,-20.9442572261905,-10.8183733799103));
#3076=CARTESIAN_POINT('',(90.2890629204537,-20.8180081033747,-10.9236678303329));
#3077=CARTESIAN_POINT('',(90.304189674334,-20.7008565879177,-11.0189063970149));
#3078=CARTESIAN_POINT('',(90.3465181327152,-20.5625097777158,-11.1272057533986));
#3079=CARTESIAN_POINT('',(90.3985491832249,-20.4499659381032,-11.2128109200521));
#3080=CARTESIAN_POINT('',(90.457236495158,-20.3544997583052,-11.2837220498417));
#3081=CARTESIAN_POINT('',(90.526376413613,-20.2670871787506,-11.34723903043));
#3082=CARTESIAN_POINT('',(90.6030465526325,-20.1904081057394,-11.4018696934292));
#3083=CARTESIAN_POINT('',(90.6854022533709,-20.1247618830449,-11.4478541139974));
#3084=CARTESIAN_POINT('',(90.7711302253094,-20.0704527282237,-11.4853592246461));
#3085=CARTESIAN_POINT('',(90.8603450134079,-20.0263226603052,-11.5154812670961));
#3086=CARTESIAN_POINT('',(90.9520516329234,-19.9922147770954,-11.5385466665128));
#3087=CARTESIAN_POINT('',(91.0462457212143,-19.9678196905301,-11.5549290213515));
#3088=CARTESIAN_POINT('',(91.1416603207088,-19.9532367622708,-11.5646765891099));
#3089=CARTESIAN_POINT('',(91.205829093334,-19.9500004524513,-11.5668349462633));
#3090=CARTESIAN_POINT('',(91.2377037716371,-19.95,-11.5668351700032));
#3091=CARTESIAN_POINT('',(98.7377037716424,-19.95,-11.5668351700035));
#3092=CARTESIAN_POINT('',(98.7377037716371,-19.95,-11.5668351700032));
#3093=CARTESIAN_POINT('',(98.7619019352396,-19.9499996565145,-11.5668353398588));
#3094=CARTESIAN_POINT('',(98.8170228838115,-19.9521086862668,-11.5654285501162));
#3095=CARTESIAN_POINT('',(98.9094197623856,-19.9637452866667,-11.557655993481));
#3096=CARTESIAN_POINT('',(99.0245393840694,-19.9911733342736,-11.5392620570032));
#3097=CARTESIAN_POINT('',(99.1480395521043,-20.0393256090536,-11.5066920981429));
#3098=CARTESIAN_POINT('',(99.2648036824453,-20.1061925186453,-11.4607863389926));
#3099=CARTESIAN_POINT('',(99.3584339529357,-20.1780470554723,-11.4105977993025));
#3100=CARTESIAN_POINT('',(99.4347966938487,-20.2520539585584,-11.3579944211365));
#3101=CARTESIAN_POINT('',(99.499796499892,-20.3297196666577,-11.3018256526107));
#3102=CARTESIAN_POINT('',(99.557795536278,-20.4165321645689,-11.2378019209767));
#3103=CARTESIAN_POINT('',(99.6079950958216,-20.5137025633754,-11.1645478745803));
#3104=CARTESIAN_POINT('',(99.6477934151789,-20.6195019449476,-11.0828225501966));
#3105=CARTESIAN_POINT('',(99.6756784658706,-20.7342056071761,-10.9918361996955));
#3106=CARTESIAN_POINT('',(99.6863391632828,-20.8284555612448,-10.9149137418755));
#3107=CARTESIAN_POINT('',(99.6883557821461,-20.9113625093763,-10.8458445592575));
#3108=CARTESIAN_POINT('',(99.6847710452055,-20.9959318072959,-10.7742984740644));
#3109=CARTESIAN_POINT('',(99.6681706091998,-21.1048240802992,-10.6798153015547));
#3110=CARTESIAN_POINT('',(99.6339693949719,-21.2225802548864,-10.5745063301997));
#3111=CARTESIAN_POINT('',(99.5865855529576,-21.3318132273499,-10.4740164296138));
#3112=CARTESIAN_POINT('',(99.5285882732367,-21.4303125853213,-10.380987344383));
#3113=CARTESIAN_POINT('',(99.4619113533454,-21.5179380355341,-10.2962387323582));
#3114=CARTESIAN_POINT('',(99.3897069643082,-21.5934507394455,-10.221661327218));
#3115=CARTESIAN_POINT('',(99.3122673369261,-21.6587246614225,-10.1560185203734));
#3116=CARTESIAN_POINT('',(99.2309821625595,-21.7138552527527,-10.099698137114));
#3117=CARTESIAN_POINT('',(99.1459576178041,-21.7595530495991,-10.0523881573542));
#3118=CARTESIAN_POINT('',(99.060539751128,-21.79499474463,-10.0152978615301));
#3119=CARTESIAN_POINT('',(98.9760382590155,-21.8209355638067,-9.98792981999856));
#3120=CARTESIAN_POINT('',(98.889554217526,-21.8391920295888,-9.9685590909379));
#3121=CARTESIAN_POINT('',(98.8100386601053,-21.848326345608,-9.95882817670144));
#3122=CARTESIAN_POINT('',(98.7431011774404,-21.8504818908238,-9.95652990544678));
#3123=CARTESIAN_POINT('',(98.6683841788065,-21.8487157611674,-9.95841263440034));
#3124=CARTESIAN_POINT('',(98.5728398858502,-21.8381767066858,-9.96964677374158));
#3125=CARTESIAN_POINT('',(98.4505736833324,-21.8086322037923,-10.0009690256493));
#3126=CARTESIAN_POINT('',(98.3228583038912,-21.7586400788056,-10.0534334833133));
#3127=CARTESIAN_POINT('',(98.2013081608249,-21.6883908912065,-10.1259717391036));
#3128=CARTESIAN_POINT('',(98.0967267872462,-21.6049340960767,-10.2103088649483));
#3129=CARTESIAN_POINT('',(98.0082192787786,-21.5128083620911,-10.3013475039998));
#3130=CARTESIAN_POINT('',(97.9255575721661,-21.4004837901406,-10.4096763339232));
#3131=CARTESIAN_POINT('',(97.8488114238289,-21.2518546046991,-10.5484966728163));
#3132=CARTESIAN_POINT('',(97.7988021662394,-21.0799587772758,-10.7023077402182));
#3133=CARTESIAN_POINT('',(97.7865981359913,-20.9442572261904,-10.8183733799103));
#3134=CARTESIAN_POINT('',(97.7890629204537,-20.8180081033746,-10.9236678303329));
#3135=CARTESIAN_POINT('',(97.804189674334,-20.7008565879176,-11.0189063970149));
#3136=CARTESIAN_POINT('',(97.8465181327151,-20.5625097777158,-11.1272057533986));
#3137=CARTESIAN_POINT('',(97.898549183225,-20.4499659381032,-11.2128109200521));
#3138=CARTESIAN_POINT('',(97.9572364951579,-20.3544997583052,-11.2837220498417));
#3139=CARTESIAN_POINT('',(98.026376413613,-20.2670871787506,-11.34723903043));
#3140=CARTESIAN_POINT('',(98.1030465526325,-20.1904081057394,-11.4018696934292));
#3141=CARTESIAN_POINT('',(98.1854022533709,-20.1247618830449,-11.4478541139974));
#3142=CARTESIAN_POINT('',(98.2711302253094,-20.0704527282237,-11.4853592246461));
#3143=CARTESIAN_POINT('',(98.3603450134079,-20.0263226603052,-11.5154812670961));
#3144=CARTESIAN_POINT('',(98.4520516329234,-19.9922147770954,-11.5385466665128));
#3145=CARTESIAN_POINT('',(98.5462457212143,-19.9678196905301,-11.5549290213515));
#3146=CARTESIAN_POINT('',(98.6416603207089,-19.9532367622708,-11.5646765891099));
#3147=CARTESIAN_POINT('',(98.705829093334,-19.9500004524513,-11.5668349462633));
#3148=CARTESIAN_POINT('',(98.7377037716371,-19.95,-11.5668351700032));
#3149=CARTESIAN_POINT('',(106.237703771642,-19.95,-11.5668351700035));
#3150=CARTESIAN_POINT('',(106.237703771637,-19.95,-11.5668351700032));
#3151=CARTESIAN_POINT('',(106.26190193524,-19.9499996565145,-11.5668353398588));
#3152=CARTESIAN_POINT('',(106.317022883811,-19.9521086862668,-11.5654285501162));
#3153=CARTESIAN_POINT('',(106.409419762386,-19.9637452866667,-11.557655993481));
#3154=CARTESIAN_POINT('',(106.524539384069,-19.9911733342736,-11.5392620570033));
#3155=CARTESIAN_POINT('',(106.648039552104,-20.0393256090536,-11.5066920981429));
#3156=CARTESIAN_POINT('',(106.764803682445,-20.1061925186453,-11.4607863389926));
#3157=CARTESIAN_POINT('',(106.858433952936,-20.1780470554722,-11.4105977993025));
#3158=CARTESIAN_POINT('',(106.934796693849,-20.2520539585584,-11.3579944211365));
#3159=CARTESIAN_POINT('',(106.999796499892,-20.3297196666577,-11.3018256526107));
#3160=CARTESIAN_POINT('',(107.057795536278,-20.4165321645689,-11.2378019209767));
#3161=CARTESIAN_POINT('',(107.107995095822,-20.5137025633753,-11.1645478745803));
#3162=CARTESIAN_POINT('',(107.147793415179,-20.6195019449475,-11.0828225501966));
#3163=CARTESIAN_POINT('',(107.175678465871,-20.734205607176,-10.9918361996955));
#3164=CARTESIAN_POINT('',(107.186339163283,-20.8284555612448,-10.9149137418756));
#3165=CARTESIAN_POINT('',(107.188355782146,-20.9113625093762,-10.8458445592576));
#3166=CARTESIAN_POINT('',(107.184771045205,-20.9959318072958,-10.7742984740644));
#3167=CARTESIAN_POINT('',(107.1681706092,-21.1048240802991,-10.6798153015548));
#3168=CARTESIAN_POINT('',(107.133969394972,-21.2225802548864,-10.5745063301998));
#3169=CARTESIAN_POINT('',(107.086585552958,-21.3318132273498,-10.4740164296139));
#3170=CARTESIAN_POINT('',(107.028588273237,-21.4303125853212,-10.3809873443831));
#3171=CARTESIAN_POINT('',(106.961911353345,-21.5179380355341,-10.2962387323583));
#3172=CARTESIAN_POINT('',(106.889706964308,-21.5934507394455,-10.221661327218));
#3173=CARTESIAN_POINT('',(106.812267336926,-21.6587246614226,-10.1560185203734));
#3174=CARTESIAN_POINT('',(106.730982162559,-21.7138552527527,-10.099698137114));
#3175=CARTESIAN_POINT('',(106.645957617804,-21.7595530495991,-10.0523881573542));
#3176=CARTESIAN_POINT('',(106.560539751128,-21.7949947446301,-10.0152978615301));
#3177=CARTESIAN_POINT('',(106.476038259015,-21.8209355638067,-9.98792981999854));
#3178=CARTESIAN_POINT('',(106.389554217526,-21.8391920295888,-9.96855909093789));
#3179=CARTESIAN_POINT('',(106.310038660105,-21.848326345608,-9.95882817670144));
#3180=CARTESIAN_POINT('',(106.24310117744,-21.8504818908238,-9.95652990544677));
#3181=CARTESIAN_POINT('',(106.168384178806,-21.8487157611674,-9.95841263440034));
#3182=CARTESIAN_POINT('',(106.07283988585,-21.8381767066858,-9.96964677374156));
#3183=CARTESIAN_POINT('',(105.950573683332,-21.8086322037923,-10.0009690256493));
#3184=CARTESIAN_POINT('',(105.822858303891,-21.7586400788057,-10.0534334833133));
#3185=CARTESIAN_POINT('',(105.701308160825,-21.6883908912066,-10.1259717391036));
#3186=CARTESIAN_POINT('',(105.596726787246,-21.6049340960768,-10.2103088649483));
#3187=CARTESIAN_POINT('',(105.508219278779,-21.5128083620912,-10.3013475039997));
#3188=CARTESIAN_POINT('',(105.425557572166,-21.4004837901407,-10.409676333923));
#3189=CARTESIAN_POINT('',(105.348811423829,-21.2518546046993,-10.5484966728161));
#3190=CARTESIAN_POINT('',(105.298802166239,-21.079958777276,-10.7023077402181));
#3191=CARTESIAN_POINT('',(105.286598135991,-20.9442572261905,-10.8183733799103));
#3192=CARTESIAN_POINT('',(105.289062920454,-20.8180081033747,-10.9236678303329));
#3193=CARTESIAN_POINT('',(105.304189674334,-20.7008565879177,-11.0189063970149));
#3194=CARTESIAN_POINT('',(105.346518132715,-20.5625097777158,-11.1272057533986));
#3195=CARTESIAN_POINT('',(105.398549183225,-20.4499659381032,-11.2128109200521));
#3196=CARTESIAN_POINT('',(105.457236495158,-20.3544997583052,-11.2837220498417));
#3197=CARTESIAN_POINT('',(105.526376413613,-20.2670871787506,-11.34723903043));
#3198=CARTESIAN_POINT('',(105.603046552632,-20.1904081057394,-11.4018696934292));
#3199=CARTESIAN_POINT('',(105.685402253371,-20.1247618830448,-11.4478541139974));
#3200=CARTESIAN_POINT('',(105.771130225309,-20.0704527282237,-11.4853592246461));
#3201=CARTESIAN_POINT('',(105.860345013408,-20.0263226603052,-11.5154812670961));
#3202=CARTESIAN_POINT('',(105.952051632923,-19.9922147770954,-11.5385466665128));
#3203=CARTESIAN_POINT('',(106.046245721214,-19.9678196905301,-11.5549290213515));
#3204=CARTESIAN_POINT('',(106.141660320709,-19.9532367622708,-11.5646765891099));
#3205=CARTESIAN_POINT('',(106.205829093334,-19.9500004524513,-11.5668349462633));
#3206=CARTESIAN_POINT('',(106.237703771637,-19.95,-11.5668351700032));
#3207=CARTESIAN_POINT('',(113.737703771642,-19.95,-11.5668351700035));
#3208=CARTESIAN_POINT('',(113.737703771637,-19.95,-11.5668351700031));
#3209=CARTESIAN_POINT('',(113.76190193524,-19.9499996565145,-11.5668353398588));
#3210=CARTESIAN_POINT('',(113.817022883812,-19.9521086862668,-11.5654285501162));
#3211=CARTESIAN_POINT('',(113.909419762386,-19.9637452866667,-11.557655993481));
#3212=CARTESIAN_POINT('',(114.024539384069,-19.9911733342736,-11.5392620570033));
#3213=CARTESIAN_POINT('',(114.148039552104,-20.0393256090536,-11.5066920981429));
#3214=CARTESIAN_POINT('',(114.264803682445,-20.1061925186453,-11.4607863389927));
#3215=CARTESIAN_POINT('',(114.358433952936,-20.1780470554722,-11.4105977993025));
#3216=CARTESIAN_POINT('',(114.434796693849,-20.2520539585584,-11.3579944211365));
#3217=CARTESIAN_POINT('',(114.499796499892,-20.3297196666577,-11.3018256526108));
#3218=CARTESIAN_POINT('',(114.557795536278,-20.4165321645689,-11.2378019209767));
#3219=CARTESIAN_POINT('',(114.607995095822,-20.5137025633753,-11.1645478745804));
#3220=CARTESIAN_POINT('',(114.647793415179,-20.6195019449475,-11.0828225501967));
#3221=CARTESIAN_POINT('',(114.675678465871,-20.734205607176,-10.9918361996956));
#3222=CARTESIAN_POINT('',(114.686339163283,-20.8284555612447,-10.9149137418756));
#3223=CARTESIAN_POINT('',(114.688355782146,-20.9113625093762,-10.8458445592576));
#3224=CARTESIAN_POINT('',(114.684771045205,-20.9959318072958,-10.7742984740645));
#3225=CARTESIAN_POINT('',(114.6681706092,-21.104824080299,-10.6798153015548));
#3226=CARTESIAN_POINT('',(114.633969394972,-21.2225802548863,-10.5745063301999));
#3227=CARTESIAN_POINT('',(114.586585552958,-21.3318132273497,-10.4740164296139));
#3228=CARTESIAN_POINT('',(114.528588273237,-21.4303125853212,-10.3809873443831));
#3229=CARTESIAN_POINT('',(114.461911353345,-21.517938035534,-10.2962387323583));
#3230=CARTESIAN_POINT('',(114.389706964308,-21.5934507394455,-10.2216613272181));
#3231=CARTESIAN_POINT('',(114.312267336926,-21.6587246614225,-10.1560185203735));
#3232=CARTESIAN_POINT('',(114.23098216256,-21.7138552527527,-10.099698137114));
#3233=CARTESIAN_POINT('',(114.145957617804,-21.7595530495991,-10.0523881573542));
#3234=CARTESIAN_POINT('',(114.060539751128,-21.7949947446301,-10.0152978615301));
#3235=CARTESIAN_POINT('',(113.976038259015,-21.8209355638067,-9.98792981999856));
#3236=CARTESIAN_POINT('',(113.889554217526,-21.8391920295888,-9.96855909093789));
#3237=CARTESIAN_POINT('',(113.810038660105,-21.848326345608,-9.95882817670145));
#3238=CARTESIAN_POINT('',(113.74310117744,-21.8504818908238,-9.95652990544677));
#3239=CARTESIAN_POINT('',(113.668384178806,-21.8487157611674,-9.95841263440034));
#3240=CARTESIAN_POINT('',(113.57283988585,-21.8381767066858,-9.96964677374156));
#3241=CARTESIAN_POINT('',(113.450573683332,-21.8086322037923,-10.0009690256493));
#3242=CARTESIAN_POINT('',(113.322858303891,-21.7586400788057,-10.0534334833133));
#3243=CARTESIAN_POINT('',(113.201308160825,-21.6883908912066,-10.1259717391036));
#3244=CARTESIAN_POINT('',(113.096726787246,-21.6049340960768,-10.2103088649482));
#3245=CARTESIAN_POINT('',(113.008219278779,-21.5128083620912,-10.3013475039997));
#3246=CARTESIAN_POINT('',(112.925557572166,-21.4004837901407,-10.409676333923));
#3247=CARTESIAN_POINT('',(112.848811423829,-21.2518546046993,-10.548496672816));
#3248=CARTESIAN_POINT('',(112.798802166239,-21.079958777276,-10.702307740218));
#3249=CARTESIAN_POINT('',(112.786598135991,-20.9442572261906,-10.8183733799102));
#3250=CARTESIAN_POINT('',(112.789062920454,-20.8180081033747,-10.9236678303329));
#3251=CARTESIAN_POINT('',(112.804189674334,-20.7008565879178,-11.0189063970148));
#3252=CARTESIAN_POINT('',(112.846518132715,-20.5625097777159,-11.1272057533985));
#3253=CARTESIAN_POINT('',(112.898549183225,-20.4499659381033,-11.2128109200521));
#3254=CARTESIAN_POINT('',(112.957236495158,-20.3544997583052,-11.2837220498417));
#3255=CARTESIAN_POINT('',(113.026376413613,-20.2670871787506,-11.34723903043));
#3256=CARTESIAN_POINT('',(113.103046552632,-20.1904081057394,-11.4018696934292));
#3257=CARTESIAN_POINT('',(113.185402253371,-20.1247618830449,-11.4478541139974));
#3258=CARTESIAN_POINT('',(113.271130225309,-20.0704527282237,-11.4853592246461));
#3259=CARTESIAN_POINT('',(113.360345013408,-20.0263226603052,-11.5154812670961));
#3260=CARTESIAN_POINT('',(113.452051632923,-19.9922147770954,-11.5385466665128));
#3261=CARTESIAN_POINT('',(113.546245721214,-19.9678196905302,-11.5549290213515));
#3262=CARTESIAN_POINT('',(113.641660320709,-19.9532367622708,-11.5646765891099));
#3263=CARTESIAN_POINT('',(113.705829093334,-19.9500004524513,-11.5668349462633));
#3264=CARTESIAN_POINT('',(113.737703771637,-19.95,-11.5668351700031));
#3265=CARTESIAN_POINT('',(121.237703771642,-19.95,-11.5668351700035));
#3266=CARTESIAN_POINT('',(121.237703771637,-19.95,-11.5668351700032));
#3267=CARTESIAN_POINT('',(121.26190193524,-19.9499996565145,-11.5668353398588));
#3268=CARTESIAN_POINT('',(121.317022883812,-19.9521086862668,-11.5654285501162));
#3269=CARTESIAN_POINT('',(121.409419762386,-19.9637452866667,-11.557655993481));
#3270=CARTESIAN_POINT('',(121.524539384069,-19.9911733342736,-11.5392620570033));
#3271=CARTESIAN_POINT('',(121.648039552104,-20.0393256090536,-11.5066920981429));
#3272=CARTESIAN_POINT('',(121.764803682445,-20.1061925186453,-11.4607863389926));
#3273=CARTESIAN_POINT('',(121.858433952936,-20.1780470554723,-11.4105977993025));
#3274=CARTESIAN_POINT('',(121.934796693849,-20.2520539585584,-11.3579944211365));
#3275=CARTESIAN_POINT('',(121.999796499892,-20.3297196666578,-11.3018256526107));
#3276=CARTESIAN_POINT('',(122.057795536278,-20.4165321645689,-11.2378019209767));
#3277=CARTESIAN_POINT('',(122.107995095822,-20.5137025633754,-11.1645478745803));
#3278=CARTESIAN_POINT('',(122.147793415179,-20.6195019449477,-11.0828225501965));
#3279=CARTESIAN_POINT('',(122.175678465871,-20.7342056071762,-10.9918361996954));
#3280=CARTESIAN_POINT('',(122.186339163283,-20.8284555612449,-10.9149137418754));
#3281=CARTESIAN_POINT('',(122.188355782146,-20.9113625093764,-10.8458445592574));
#3282=CARTESIAN_POINT('',(122.184771045205,-20.9959318072961,-10.7742984740642));
#3283=CARTESIAN_POINT('',(122.1681706092,-21.1048240802995,-10.6798153015544));
#3284=CARTESIAN_POINT('',(122.133969394972,-21.2225802548868,-10.5745063301994));
#3285=CARTESIAN_POINT('',(122.086585552957,-21.3318132273501,-10.4740164296136));
#3286=CARTESIAN_POINT('',(122.028588273237,-21.4303125853215,-10.3809873443828));
#3287=CARTESIAN_POINT('',(121.961911353345,-21.5179380355343,-10.2962387323581));
#3288=CARTESIAN_POINT('',(121.889706964308,-21.5934507394456,-10.2216613272179));
#3289=CARTESIAN_POINT('',(121.812267336926,-21.6587246614226,-10.1560185203734));
#3290=CARTESIAN_POINT('',(121.730982162559,-21.7138552527527,-10.099698137114));
#3291=CARTESIAN_POINT('',(121.645957617804,-21.7595530495991,-10.0523881573542));
#3292=CARTESIAN_POINT('',(121.560539751128,-21.7949947446301,-10.0152978615301));
#3293=CARTESIAN_POINT('',(121.476038259015,-21.8209355638067,-9.98792981999856));
#3294=CARTESIAN_POINT('',(121.389554217526,-21.8391920295888,-9.9685590909379));
#3295=CARTESIAN_POINT('',(121.310038660105,-21.848326345608,-9.95882817670145));
#3296=CARTESIAN_POINT('',(121.24310117744,-21.8504818908238,-9.95652990544676));
#3297=CARTESIAN_POINT('',(121.168384178806,-21.8487157611673,-9.95841263440034));
#3298=CARTESIAN_POINT('',(121.07283988585,-21.8381767066858,-9.96964677374155));
#3299=CARTESIAN_POINT('',(120.950573683332,-21.8086322037923,-10.0009690256493));
#3300=CARTESIAN_POINT('',(120.822858303891,-21.7586400788057,-10.0534334833133));
#3301=CARTESIAN_POINT('',(120.701308160825,-21.6883908912066,-10.1259717391035));
#3302=CARTESIAN_POINT('',(120.596726787246,-21.6049340960769,-10.2103088649482));
#3303=CARTESIAN_POINT('',(120.508219278779,-21.5128083620914,-10.3013475039996));
#3304=CARTESIAN_POINT('',(120.425557572166,-21.400483790141,-10.4096763339227));
#3305=CARTESIAN_POINT('',(120.348811423829,-21.2518546046996,-10.5484966728157));
#3306=CARTESIAN_POINT('',(120.298802166239,-21.0799587772762,-10.7023077402178));
#3307=CARTESIAN_POINT('',(120.286598135991,-20.9442572261908,-10.81837337991));
#3308=CARTESIAN_POINT('',(120.289062920454,-20.8180081033748,-10.9236678303328));
#3309=CARTESIAN_POINT('',(120.304189674334,-20.7008565879178,-11.0189063970148));
#3310=CARTESIAN_POINT('',(120.346518132715,-20.5625097777159,-11.1272057533985));
#3311=CARTESIAN_POINT('',(120.398549183225,-20.4499659381033,-11.2128109200521));
#3312=CARTESIAN_POINT('',(120.457236495158,-20.3544997583052,-11.2837220498417));
#3313=CARTESIAN_POINT('',(120.526376413613,-20.2670871787506,-11.34723903043));
#3314=CARTESIAN_POINT('',(120.603046552632,-20.1904081057395,-11.4018696934292));
#3315=CARTESIAN_POINT('',(120.685402253371,-20.1247618830449,-11.4478541139974));
#3316=CARTESIAN_POINT('',(120.771130225309,-20.0704527282237,-11.4853592246461));
#3317=CARTESIAN_POINT('',(120.860345013408,-20.0263226603052,-11.5154812670961));
#3318=CARTESIAN_POINT('',(120.952051632923,-19.9922147770954,-11.5385466665128));
#3319=CARTESIAN_POINT('',(121.046245721214,-19.9678196905302,-11.5549290213515));
#3320=CARTESIAN_POINT('',(121.141660320709,-19.9532367622708,-11.5646765891099));
#3321=CARTESIAN_POINT('',(121.205829093334,-19.9500004524513,-11.5668349462633));
#3322=CARTESIAN_POINT('',(121.237703771637,-19.95,-11.5668351700032));
#3323=CARTESIAN_POINT('',(128.737703771642,-19.95,-11.5668351700035));
#3324=CARTESIAN_POINT('',(128.737703771637,-19.95,-11.5668351700031));
#3325=CARTESIAN_POINT('',(128.76190193524,-19.9499996565145,-11.5668353398588));
#3326=CARTESIAN_POINT('',(128.817022883811,-19.9521086862668,-11.5654285501162));
#3327=CARTESIAN_POINT('',(128.909419762386,-19.9637452866667,-11.557655993481));
#3328=CARTESIAN_POINT('',(129.02453938407,-19.9911733342737,-11.5392620570032));
#3329=CARTESIAN_POINT('',(129.148039552104,-20.0393256090537,-11.5066920981429));
#3330=CARTESIAN_POINT('',(129.264803682445,-20.1061925186454,-11.4607863389926));
#3331=CARTESIAN_POINT('',(129.358433952936,-20.1780470554723,-11.4105977993024));
#3332=CARTESIAN_POINT('',(129.434796693849,-20.2520539585586,-11.3579944211364));
#3333=CARTESIAN_POINT('',(129.499796499892,-20.3297196666579,-11.3018256526106));
#3334=CARTESIAN_POINT('',(129.557795536278,-20.4165321645692,-11.2378019209765));
#3335=CARTESIAN_POINT('',(129.607995095822,-20.5137025633758,-11.16454787458));
#3336=CARTESIAN_POINT('',(129.647793415179,-20.6195019449482,-11.0828225501961));
#3337=CARTESIAN_POINT('',(129.675678465871,-20.734205607177,-10.9918361996947));
#3338=CARTESIAN_POINT('',(129.686339163283,-20.8284555612455,-10.9149137418749));
#3339=CARTESIAN_POINT('',(129.688355782146,-20.9113625093773,-10.8458445592567));
#3340=CARTESIAN_POINT('',(129.684771045205,-20.9959318072972,-10.7742984740633));
#3341=CARTESIAN_POINT('',(129.668170609199,-21.1048240803011,-10.679815301553));
#3342=CARTESIAN_POINT('',(129.633969394971,-21.2225802548884,-10.5745063301979));
#3343=CARTESIAN_POINT('',(129.586585552957,-21.3318132273516,-10.4740164296122));
#3344=CARTESIAN_POINT('',(129.528588273236,-21.4303125853227,-10.3809873443817));
#3345=CARTESIAN_POINT('',(129.461911353345,-21.517938035535,-10.2962387323573));
#3346=CARTESIAN_POINT('',(129.389706964308,-21.593450739446,-10.2216613272175));
#3347=CARTESIAN_POINT('',(129.312267336926,-21.6587246614227,-10.1560185203733));
#3348=CARTESIAN_POINT('',(129.230982162559,-21.7138552527528,-10.099698137114));
#3349=CARTESIAN_POINT('',(129.145957617804,-21.7595530495991,-10.0523881573542));
#3350=CARTESIAN_POINT('',(129.060539751128,-21.7949947446301,-10.0152978615301));
#3351=CARTESIAN_POINT('',(128.976038259015,-21.8209355638067,-9.98792981999854));
#3352=CARTESIAN_POINT('',(128.889554217526,-21.8391920295888,-9.9685590909379));
#3353=CARTESIAN_POINT('',(128.810038660105,-21.848326345608,-9.95882817670144));
#3354=CARTESIAN_POINT('',(128.74310117744,-21.8504818908238,-9.95652990544678));
#3355=CARTESIAN_POINT('',(128.668384178806,-21.8487157611674,-9.95841263440034));
#3356=CARTESIAN_POINT('',(128.57283988585,-21.8381767066858,-9.96964677374156));
#3357=CARTESIAN_POINT('',(128.450573683332,-21.8086322037923,-10.0009690256493));
#3358=CARTESIAN_POINT('',(128.322858303891,-21.7586400788056,-10.0534334833134));
#3359=CARTESIAN_POINT('',(128.201308160825,-21.6883908912065,-10.1259717391037));
#3360=CARTESIAN_POINT('',(128.096726787246,-21.6049340960766,-10.2103088649484));
#3361=CARTESIAN_POINT('',(128.008219278778,-21.5128083620909,-10.301347504));
#3362=CARTESIAN_POINT('',(127.925557572166,-21.4004837901403,-10.4096763339234));
#3363=CARTESIAN_POINT('',(127.848811423829,-21.2518546046986,-10.5484966728166));
#3364=CARTESIAN_POINT('',(127.798802166239,-21.0799587772754,-10.7023077402185));
#3365=CARTESIAN_POINT('',(127.786598135991,-20.9442572261902,-10.8183733799105));
#3366=CARTESIAN_POINT('',(127.789062920454,-20.8180081033745,-10.923667830333));
#3367=CARTESIAN_POINT('',(127.804189674334,-20.7008565879175,-11.018906397015));
#3368=CARTESIAN_POINT('',(127.846518132715,-20.5625097777158,-11.1272057533986));
#3369=CARTESIAN_POINT('',(127.898549183225,-20.4499659381033,-11.2128109200521));
#3370=CARTESIAN_POINT('',(127.957236495158,-20.3544997583052,-11.2837220498417));
#3371=CARTESIAN_POINT('',(128.026376413613,-20.2670871787506,-11.34723903043));
#3372=CARTESIAN_POINT('',(128.103046552632,-20.1904081057394,-11.4018696934292));
#3373=CARTESIAN_POINT('',(128.185402253371,-20.1247618830448,-11.4478541139974));
#3374=CARTESIAN_POINT('',(128.271130225309,-20.0704527282237,-11.4853592246461));
#3375=CARTESIAN_POINT('',(128.360345013408,-20.0263226603052,-11.5154812670961));
#3376=CARTESIAN_POINT('',(128.452051632923,-19.9922147770954,-11.5385466665128));
#3377=CARTESIAN_POINT('',(128.546245721214,-19.9678196905301,-11.5549290213515));
#3378=CARTESIAN_POINT('',(128.641660320709,-19.9532367622708,-11.5646765891099));
#3379=CARTESIAN_POINT('',(128.705829093334,-19.9500004524513,-11.5668349462633));
#3380=CARTESIAN_POINT('',(128.737703771637,-19.95,-11.5668351700031));
#3381=CARTESIAN_POINT('',(61.2377037716424,-16.45,-13.097523295563));
#3382=CARTESIAN_POINT('',(61.23770377168,-16.45,-13.097523295563));
#3383=CARTESIAN_POINT('',(61.2571093787374,-16.4499999982115,-13.0975232579132));
#3384=CARTESIAN_POINT('',(61.3050840484029,-16.4514701122152,-13.097169668107));
#3385=CARTESIAN_POINT('',(61.3840807766959,-16.459907549178,-13.0951372187376));
#3386=CARTESIAN_POINT('',(61.4763764918364,-16.478717506967,-13.090581598342));
#3387=CARTESIAN_POINT('',(61.575886633644,-16.5099898249974,-13.0829324713319));
#3388=CARTESIAN_POINT('',(61.679806931967,-16.5563258030009,-13.0714235981908));
#3389=CARTESIAN_POINT('',(61.7846036709469,-16.6198312420076,-13.0552993174701));
#3390=CARTESIAN_POINT('',(61.877643691181,-16.6945933609829,-13.0357741470069));
#3391=CARTESIAN_POINT('',(61.9577860931493,-16.7771933346302,-13.0135224413488));
#3392=CARTESIAN_POINT('',(62.0248438899374,-16.8642302602631,-12.989346488818));
#3393=CARTESIAN_POINT('',(62.0821831239818,-16.9600402994937,-12.9618237026189));
#3394=CARTESIAN_POINT('',(62.1278288916126,-17.0619435079264,-12.9314927353259));
#3395=CARTESIAN_POINT('',(62.1608786300386,-17.167119828583,-12.8990409737145));
#3396=CARTESIAN_POINT('',(62.1825464145269,-17.2800846099406,-12.8629167062293));
#3397=CARTESIAN_POINT('',(62.1879115608185,-17.3612254419054,-12.8359583659585));
#3398=CARTESIAN_POINT('',(62.1874166987221,-17.4610532087093,-12.8020604587604));
#3399=CARTESIAN_POINT('',(62.1755639392463,-17.5834876286265,-12.7593242376225));
#3400=CARTESIAN_POINT('',(62.1228202197917,-17.7637573271136,-12.6928643269804));
#3401=CARTESIAN_POINT('',(62.0261163639925,-17.9435413779946,-12.6228120784234));
#3402=CARTESIAN_POINT('',(61.8946625283433,-18.0958150385472,-12.5604295874365));
#3403=CARTESIAN_POINT('',(61.7494088125697,-18.2061660443648,-12.5134843988602));
#3404=CARTESIAN_POINT('',(61.6128812133653,-18.2763851001134,-12.4829027840524));
#3405=CARTESIAN_POINT('',(61.4825118608815,-18.3211167339583,-12.4631416341551));
#3406=CARTESIAN_POINT('',(61.358507360507,-18.345072846671,-12.4524563995558));
#3407=CARTESIAN_POINT('',(61.2645537923728,-18.3506185903506,-12.4499745640605));
#3408=CARTESIAN_POINT('',(61.1778574489356,-18.3491828253538,-12.4506166734849));
#3409=CARTESIAN_POINT('',(61.0964327049324,-18.3414595180328,-12.4540716045151));
#3410=CARTESIAN_POINT('',(60.9992274910252,-18.3210683490192,-12.4631504667406));
#3411=CARTESIAN_POINT('',(60.9137882542955,-18.2944485621937,-12.4749264053865));
#3412=CARTESIAN_POINT('',(60.8327119019872,-18.2608939557788,-12.4896531048072));
#3413=CARTESIAN_POINT('',(60.7528675514214,-18.2186826318785,-12.50798887004));
#3414=CARTESIAN_POINT('',(60.6669621802782,-18.1620494507586,-12.5322749379754));
#3415=CARTESIAN_POINT('',(60.5710761661519,-18.0817478183257,-12.566115451864));
#3416=CARTESIAN_POINT('',(60.4659814361863,-17.9631831753899,-12.6147477583209));
#3417=CARTESIAN_POINT('',(60.3708115262743,-17.8050247958295,-12.6770860623853));
#3418=CARTESIAN_POINT('',(60.3041706869485,-17.6132310661473,-12.7487826607067));
#3419=CARTESIAN_POINT('',(60.2878476543581,-17.4735676289711,-12.797832059784));
#3420=CARTESIAN_POINT('',(60.2875881466421,-17.343158536269,-12.8420745900453));
#3421=CARTESIAN_POINT('',(60.2972219289685,-17.2380586986728,-12.8767119843603));
#3422=CARTESIAN_POINT('',(60.3346497471761,-17.0951166850295,-12.9214718894606));
#3423=CARTESIAN_POINT('',(60.3859558387589,-16.9726041259712,-12.9582032011761));
#3424=CARTESIAN_POINT('',(60.452507295886,-16.8598783646234,-12.9906317596107));
#3425=CARTESIAN_POINT('',(60.5289897052702,-16.7636465087098,-13.0172365626321));
#3426=CARTESIAN_POINT('',(60.6119502114902,-16.6824990838395,-13.0389515318348));
#3427=CARTESIAN_POINT('',(60.69796542744,-16.6156060460861,-13.0563669287095));
#3428=CARTESIAN_POINT('',(60.7915426414088,-16.5589415219673,-13.0707585168023));
#3429=CARTESIAN_POINT('',(60.8856843226015,-16.5157469597731,-13.0815087927976));
#3430=CARTESIAN_POINT('',(60.9754798891823,-16.4854652502671,-13.0889362858215));
#3431=CARTESIAN_POINT('',(61.0606821011501,-16.4653581593652,-13.0938200126731));
#3432=CARTESIAN_POINT('',(61.1473762093163,-16.4529088623223,-13.0968240235069));
#3433=CARTESIAN_POINT('',(61.2066451234554,-16.4500000028625,-13.0975233558214));
#3434=CARTESIAN_POINT('',(61.23770377168,-16.45,-13.097523295563));
#3435=CARTESIAN_POINT('',(68.7377037716424,-16.45,-13.097523295563));
#3436=CARTESIAN_POINT('',(68.7377037716799,-16.45,-13.097523295563));
#3437=CARTESIAN_POINT('',(68.7571093787373,-16.4499999982115,-13.0975232579132));
#3438=CARTESIAN_POINT('',(68.8050840484029,-16.4514701122152,-13.097169668107));
#3439=CARTESIAN_POINT('',(68.884080776696,-16.459907549178,-13.0951372187376));
#3440=CARTESIAN_POINT('',(68.9763764918364,-16.4787175069669,-13.0905815983419));
#3441=CARTESIAN_POINT('',(69.075886633644,-16.5099898249974,-13.0829324713319));
#3442=CARTESIAN_POINT('',(69.179806931967,-16.556325803001,-13.0714235981908));
#3443=CARTESIAN_POINT('',(69.2846036709469,-16.6198312420076,-13.0552993174701));
#3444=CARTESIAN_POINT('',(69.377643691181,-16.6945933609829,-13.0357741470069));
#3445=CARTESIAN_POINT('',(69.4577860931492,-16.7771933346302,-13.0135224413488));
#3446=CARTESIAN_POINT('',(69.5248438899374,-16.8642302602631,-12.989346488818));
#3447=CARTESIAN_POINT('',(69.5821831239817,-16.9600402994937,-12.9618237026189));
#3448=CARTESIAN_POINT('',(69.6278288916126,-17.0619435079263,-12.9314927353259));
#3449=CARTESIAN_POINT('',(69.6608786300385,-17.167119828583,-12.8990409737145));
#3450=CARTESIAN_POINT('',(69.682546414527,-17.2800846099406,-12.8629167062293));
#3451=CARTESIAN_POINT('',(69.6879115608184,-17.3612254419054,-12.8359583659585));
#3452=CARTESIAN_POINT('',(69.6874166987222,-17.4610532087093,-12.8020604587604));
#3453=CARTESIAN_POINT('',(69.6755639392463,-17.5834876286265,-12.7593242376225));
#3454=CARTESIAN_POINT('',(69.6228202197917,-17.7637573271136,-12.6928643269805));
#3455=CARTESIAN_POINT('',(69.5261163639925,-17.9435413779946,-12.6228120784234));
#3456=CARTESIAN_POINT('',(69.3946625283433,-18.0958150385472,-12.5604295874365));
#3457=CARTESIAN_POINT('',(69.2494088125697,-18.2061660443649,-12.5134843988602));
#3458=CARTESIAN_POINT('',(69.1128812133653,-18.2763851001134,-12.4829027840524));
#3459=CARTESIAN_POINT('',(68.9825118608815,-18.3211167339583,-12.4631416341551));
#3460=CARTESIAN_POINT('',(68.858507360507,-18.345072846671,-12.4524563995558));
#3461=CARTESIAN_POINT('',(68.7645537923729,-18.3506185903506,-12.4499745640605));
#3462=CARTESIAN_POINT('',(68.6778574489355,-18.3491828253538,-12.4506166734849));
#3463=CARTESIAN_POINT('',(68.5964327049324,-18.3414595180328,-12.4540716045151));
#3464=CARTESIAN_POINT('',(68.4992274910253,-18.3210683490192,-12.4631504667406));
#3465=CARTESIAN_POINT('',(68.4137882542955,-18.2944485621937,-12.4749264053865));
#3466=CARTESIAN_POINT('',(68.3327119019872,-18.2608939557788,-12.4896531048072));
#3467=CARTESIAN_POINT('',(68.2528675514215,-18.2186826318785,-12.50798887004));
#3468=CARTESIAN_POINT('',(68.1669621802782,-18.1620494507586,-12.5322749379754));
#3469=CARTESIAN_POINT('',(68.0710761661518,-18.0817478183257,-12.566115451864));
#3470=CARTESIAN_POINT('',(67.9659814361864,-17.9631831753899,-12.6147477583209));
#3471=CARTESIAN_POINT('',(67.8708115262742,-17.8050247958295,-12.6770860623853));
#3472=CARTESIAN_POINT('',(67.8041706869487,-17.6132310661473,-12.7487826607068));
#3473=CARTESIAN_POINT('',(67.7878476543578,-17.4735676289711,-12.797832059784));
#3474=CARTESIAN_POINT('',(67.7875881466423,-17.343158536269,-12.8420745900454));
#3475=CARTESIAN_POINT('',(67.7972219289684,-17.2380586986728,-12.8767119843603));
#3476=CARTESIAN_POINT('',(67.8346497471762,-17.0951166850295,-12.9214718894606));
#3477=CARTESIAN_POINT('',(67.8859558387589,-16.9726041259712,-12.9582032011761));
#3478=CARTESIAN_POINT('',(67.952507295886,-16.8598783646234,-12.9906317596107));
#3479=CARTESIAN_POINT('',(68.0289897052702,-16.7636465087098,-13.0172365626321));
#3480=CARTESIAN_POINT('',(68.1119502114902,-16.6824990838395,-13.0389515318348));
#3481=CARTESIAN_POINT('',(68.19796542744,-16.6156060460861,-13.0563669287095));
#3482=CARTESIAN_POINT('',(68.2915426414088,-16.5589415219673,-13.0707585168023));
#3483=CARTESIAN_POINT('',(68.3856843226015,-16.5157469597731,-13.0815087927976));
#3484=CARTESIAN_POINT('',(68.4754798891823,-16.4854652502671,-13.0889362858215));
#3485=CARTESIAN_POINT('',(68.5606821011501,-16.4653581593652,-13.0938200126731));
#3486=CARTESIAN_POINT('',(68.6473762093163,-16.4529088623223,-13.0968240235069));
#3487=CARTESIAN_POINT('',(68.7066451234554,-16.4500000028625,-13.0975233558214));
#3488=CARTESIAN_POINT('',(68.7377037716799,-16.45,-13.097523295563));
#3489=CARTESIAN_POINT('',(76.2377037716424,-16.45,-13.097523295563));
#3490=CARTESIAN_POINT('',(76.2377037716799,-16.45,-13.097523295563));
#3491=CARTESIAN_POINT('',(76.2571093787373,-16.4499999982115,-13.0975232579132));
#3492=CARTESIAN_POINT('',(76.3050840484029,-16.4514701122152,-13.097169668107));
#3493=CARTESIAN_POINT('',(76.384080776696,-16.459907549178,-13.0951372187376));
#3494=CARTESIAN_POINT('',(76.4763764918364,-16.4787175069669,-13.0905815983419));
#3495=CARTESIAN_POINT('',(76.5758866336441,-16.5099898249975,-13.0829324713319));
#3496=CARTESIAN_POINT('',(76.679806931967,-16.5563258030009,-13.0714235981908));
#3497=CARTESIAN_POINT('',(76.7846036709469,-16.6198312420076,-13.0552993174701));
#3498=CARTESIAN_POINT('',(76.877643691181,-16.6945933609829,-13.0357741470069));
#3499=CARTESIAN_POINT('',(76.9577860931492,-16.7771933346302,-13.0135224413488));
#3500=CARTESIAN_POINT('',(77.0248438899374,-16.8642302602631,-12.989346488818));
#3501=CARTESIAN_POINT('',(77.0821831239817,-16.9600402994938,-12.9618237026189));
#3502=CARTESIAN_POINT('',(77.1278288916127,-17.0619435079264,-12.9314927353259));
#3503=CARTESIAN_POINT('',(77.1608786300386,-17.167119828583,-12.8990409737145));
#3504=CARTESIAN_POINT('',(77.182546414527,-17.2800846099406,-12.8629167062293));
#3505=CARTESIAN_POINT('',(77.1879115608184,-17.3612254419054,-12.8359583659585));
#3506=CARTESIAN_POINT('',(77.1874166987222,-17.4610532087094,-12.8020604587604));
#3507=CARTESIAN_POINT('',(77.1755639392463,-17.5834876286265,-12.7593242376225));
#3508=CARTESIAN_POINT('',(77.1228202197917,-17.7637573271136,-12.6928643269804));
#3509=CARTESIAN_POINT('',(77.0261163639924,-17.9435413779946,-12.6228120784234));
#3510=CARTESIAN_POINT('',(76.8946625283434,-18.0958150385472,-12.5604295874365));
#3511=CARTESIAN_POINT('',(76.7494088125697,-18.2061660443648,-12.5134843988601));
#3512=CARTESIAN_POINT('',(76.6128812133653,-18.2763851001134,-12.4829027840524));
#3513=CARTESIAN_POINT('',(76.4825118608815,-18.3211167339583,-12.4631416341551));
#3514=CARTESIAN_POINT('',(76.358507360507,-18.345072846671,-12.4524563995558));
#3515=CARTESIAN_POINT('',(76.2645537923729,-18.3506185903506,-12.4499745640605));
#3516=CARTESIAN_POINT('',(76.1778574489356,-18.3491828253538,-12.4506166734849));
#3517=CARTESIAN_POINT('',(76.0964327049324,-18.3414595180328,-12.4540716045151));
#3518=CARTESIAN_POINT('',(75.9992274910253,-18.3210683490192,-12.4631504667406));
#3519=CARTESIAN_POINT('',(75.9137882542955,-18.2944485621937,-12.4749264053865));
#3520=CARTESIAN_POINT('',(75.8327119019873,-18.2608939557788,-12.4896531048072));
#3521=CARTESIAN_POINT('',(75.7528675514214,-18.2186826318785,-12.50798887004));
#3522=CARTESIAN_POINT('',(75.6669621802783,-18.1620494507586,-12.5322749379754));
#3523=CARTESIAN_POINT('',(75.5710761661519,-18.0817478183257,-12.566115451864));
#3524=CARTESIAN_POINT('',(75.4659814361864,-17.9631831753899,-12.6147477583209));
#3525=CARTESIAN_POINT('',(75.3708115262743,-17.8050247958295,-12.6770860623853));
#3526=CARTESIAN_POINT('',(75.3041706869485,-17.6132310661473,-12.7487826607068));
#3527=CARTESIAN_POINT('',(75.287847654358,-17.473567628971,-12.7978320597839));
#3528=CARTESIAN_POINT('',(75.2875881466421,-17.3431585362691,-12.8420745900455));
#3529=CARTESIAN_POINT('',(75.2972219289684,-17.2380586986728,-12.8767119843602));
#3530=CARTESIAN_POINT('',(75.3346497471761,-17.0951166850295,-12.9214718894606));
#3531=CARTESIAN_POINT('',(75.3859558387589,-16.9726041259712,-12.9582032011761));
#3532=CARTESIAN_POINT('',(75.452507295886,-16.8598783646234,-12.9906317596107));
#3533=CARTESIAN_POINT('',(75.5289897052703,-16.7636465087098,-13.0172365626321));
#3534=CARTESIAN_POINT('',(75.6119502114902,-16.6824990838394,-13.0389515318348));
#3535=CARTESIAN_POINT('',(75.69796542744,-16.6156060460861,-13.0563669287095));
#3536=CARTESIAN_POINT('',(75.7915426414089,-16.5589415219673,-13.0707585168024));
#3537=CARTESIAN_POINT('',(75.8856843226015,-16.5157469597731,-13.0815087927976));
#3538=CARTESIAN_POINT('',(75.9754798891823,-16.4854652502671,-13.0889362858215));
#3539=CARTESIAN_POINT('',(76.0606821011501,-16.4653581593652,-13.0938200126731));
#3540=CARTESIAN_POINT('',(76.1473762093163,-16.4529088623223,-13.0968240235069));
#3541=CARTESIAN_POINT('',(76.2066451234554,-16.4500000028625,-13.0975233558214));
#3542=CARTESIAN_POINT('',(76.2377037716799,-16.45,-13.097523295563));
#3543=CARTESIAN_POINT('',(83.7377037716424,-16.45,-13.097523295563));
#3544=CARTESIAN_POINT('',(83.7377037716799,-16.45,-13.097523295563));
#3545=CARTESIAN_POINT('',(83.7571093787373,-16.4499999982115,-13.0975232579132));
#3546=CARTESIAN_POINT('',(83.805084048403,-16.4514701122152,-13.097169668107));
#3547=CARTESIAN_POINT('',(83.8840807766959,-16.459907549178,-13.0951372187376));
#3548=CARTESIAN_POINT('',(83.9763764918365,-16.478717506967,-13.0905815983419));
#3549=CARTESIAN_POINT('',(84.075886633644,-16.5099898249974,-13.0829324713319));
#3550=CARTESIAN_POINT('',(84.179806931967,-16.556325803001,-13.0714235981908));
#3551=CARTESIAN_POINT('',(84.2846036709469,-16.6198312420076,-13.0552993174701));
#3552=CARTESIAN_POINT('',(84.377643691181,-16.6945933609829,-13.0357741470069));
#3553=CARTESIAN_POINT('',(84.4577860931492,-16.7771933346301,-13.0135224413488));
#3554=CARTESIAN_POINT('',(84.5248438899374,-16.864230260263,-12.9893464888181));
#3555=CARTESIAN_POINT('',(84.5821831239818,-16.9600402994937,-12.9618237026189));
#3556=CARTESIAN_POINT('',(84.6278288916126,-17.0619435079263,-12.9314927353259));
#3557=CARTESIAN_POINT('',(84.6608786300385,-17.1671198285829,-12.8990409737145));
#3558=CARTESIAN_POINT('',(84.682546414527,-17.2800846099405,-12.8629167062294));
#3559=CARTESIAN_POINT('',(84.6879115608183,-17.3612254419053,-12.8359583659585));
#3560=CARTESIAN_POINT('',(84.6874166987223,-17.4610532087092,-12.8020604587604));
#3561=CARTESIAN_POINT('',(84.6755639392462,-17.5834876286263,-12.7593242376225));
#3562=CARTESIAN_POINT('',(84.6228202197918,-17.7637573271135,-12.6928643269805));
#3563=CARTESIAN_POINT('',(84.5261163639925,-17.9435413779945,-12.6228120784234));
#3564=CARTESIAN_POINT('',(84.3946625283433,-18.0958150385472,-12.5604295874365));
#3565=CARTESIAN_POINT('',(84.2494088125696,-18.2061660443648,-12.5134843988601));
#3566=CARTESIAN_POINT('',(84.1128812133653,-18.2763851001134,-12.4829027840524));
#3567=CARTESIAN_POINT('',(83.9825118608815,-18.3211167339583,-12.4631416341551));
#3568=CARTESIAN_POINT('',(83.8585073605071,-18.345072846671,-12.4524563995558));
#3569=CARTESIAN_POINT('',(83.7645537923729,-18.3506185903506,-12.4499745640605));
#3570=CARTESIAN_POINT('',(83.6778574489356,-18.3491828253538,-12.4506166734849));
#3571=CARTESIAN_POINT('',(83.5964327049325,-18.3414595180328,-12.4540716045151));
#3572=CARTESIAN_POINT('',(83.4992274910253,-18.3210683490192,-12.4631504667406));
#3573=CARTESIAN_POINT('',(83.4137882542955,-18.2944485621937,-12.4749264053865));
#3574=CARTESIAN_POINT('',(83.3327119019873,-18.2608939557788,-12.4896531048072));
#3575=CARTESIAN_POINT('',(83.2528675514214,-18.2186826318785,-12.50798887004));
#3576=CARTESIAN_POINT('',(83.1669621802783,-18.1620494507587,-12.5322749379754));
#3577=CARTESIAN_POINT('',(83.0710761661519,-18.0817478183257,-12.566115451864));
#3578=CARTESIAN_POINT('',(82.9659814361864,-17.96318317539,-12.6147477583209));
#3579=CARTESIAN_POINT('',(82.8708115262743,-17.8050247958296,-12.6770860623853));
#3580=CARTESIAN_POINT('',(82.8041706869485,-17.6132310661472,-12.7487826607068));
#3581=CARTESIAN_POINT('',(82.7878476543581,-17.4735676289712,-12.797832059784));
#3582=CARTESIAN_POINT('',(82.7875881466421,-17.3431585362689,-12.8420745900454));
#3583=CARTESIAN_POINT('',(82.7972219289684,-17.2380586986728,-12.8767119843603));
#3584=CARTESIAN_POINT('',(82.8346497471761,-17.0951166850295,-12.9214718894606));
#3585=CARTESIAN_POINT('',(82.8859558387589,-16.9726041259712,-12.9582032011761));
#3586=CARTESIAN_POINT('',(82.952507295886,-16.8598783646234,-12.9906317596107));
#3587=CARTESIAN_POINT('',(83.0289897052703,-16.7636465087098,-13.0172365626321));
#3588=CARTESIAN_POINT('',(83.1119502114902,-16.6824990838395,-13.0389515318348));
#3589=CARTESIAN_POINT('',(83.19796542744,-16.6156060460861,-13.0563669287095));
#3590=CARTESIAN_POINT('',(83.2915426414088,-16.5589415219673,-13.0707585168024));
#3591=CARTESIAN_POINT('',(83.3856843226015,-16.5157469597731,-13.0815087927976));
#3592=CARTESIAN_POINT('',(83.4754798891823,-16.4854652502671,-13.0889362858215));
#3593=CARTESIAN_POINT('',(83.5606821011501,-16.4653581593652,-13.0938200126731));
#3594=CARTESIAN_POINT('',(83.6473762093163,-16.4529088623223,-13.0968240235069));
#3595=CARTESIAN_POINT('',(83.7066451234554,-16.4500000028625,-13.0975233558214));
#3596=CARTESIAN_POINT('',(83.7377037716799,-16.45,-13.097523295563));
#3597=CARTESIAN_POINT('',(91.2377037716424,-16.45,-13.097523295563));
#3598=CARTESIAN_POINT('',(91.2377037716799,-16.45,-13.097523295563));
#3599=CARTESIAN_POINT('',(91.2571093787373,-16.4499999982115,-13.0975232579132));
#3600=CARTESIAN_POINT('',(91.3050840484029,-16.4514701122152,-13.097169668107));
#3601=CARTESIAN_POINT('',(91.384080776696,-16.459907549178,-13.0951372187376));
#3602=CARTESIAN_POINT('',(91.4763764918364,-16.478717506967,-13.0905815983419));
#3603=CARTESIAN_POINT('',(91.5758866336441,-16.5099898249974,-13.0829324713319));
#3604=CARTESIAN_POINT('',(91.679806931967,-16.556325803001,-13.0714235981908));
#3605=CARTESIAN_POINT('',(91.7846036709469,-16.6198312420076,-13.0552993174701));
#3606=CARTESIAN_POINT('',(91.877643691181,-16.6945933609829,-13.0357741470069));
#3607=CARTESIAN_POINT('',(91.9577860931493,-16.7771933346302,-13.0135224413488));
#3608=CARTESIAN_POINT('',(92.0248438899374,-16.8642302602631,-12.989346488818));
#3609=CARTESIAN_POINT('',(92.0821831239818,-16.9600402994938,-12.9618237026189));
#3610=CARTESIAN_POINT('',(92.1278288916126,-17.0619435079264,-12.9314927353259));
#3611=CARTESIAN_POINT('',(92.1608786300386,-17.167119828583,-12.8990409737145));
#3612=CARTESIAN_POINT('',(92.182546414527,-17.2800846099406,-12.8629167062293));
#3613=CARTESIAN_POINT('',(92.1879115608185,-17.3612254419055,-12.8359583659585));
#3614=CARTESIAN_POINT('',(92.1874166987221,-17.4610532087094,-12.8020604587603));
#3615=CARTESIAN_POINT('',(92.1755639392464,-17.5834876286266,-12.7593242376225));
#3616=CARTESIAN_POINT('',(92.1228202197917,-17.7637573271137,-12.6928643269804));
#3617=CARTESIAN_POINT('',(92.0261163639925,-17.9435413779946,-12.6228120784234));
#3618=CARTESIAN_POINT('',(91.8946625283433,-18.0958150385472,-12.5604295874365));
#3619=CARTESIAN_POINT('',(91.7494088125696,-18.2061660443648,-12.5134843988602));
#3620=CARTESIAN_POINT('',(91.6128812133653,-18.2763851001134,-12.4829027840524));
#3621=CARTESIAN_POINT('',(91.4825118608815,-18.3211167339583,-12.4631416341551));
#3622=CARTESIAN_POINT('',(91.358507360507,-18.345072846671,-12.4524563995558));
#3623=CARTESIAN_POINT('',(91.2645537923729,-18.3506185903506,-12.4499745640605));
#3624=CARTESIAN_POINT('',(91.1778574489356,-18.3491828253538,-12.4506166734849));
#3625=CARTESIAN_POINT('',(91.0964327049325,-18.3414595180328,-12.4540716045151));
#3626=CARTESIAN_POINT('',(90.9992274910252,-18.3210683490192,-12.4631504667406));
#3627=CARTESIAN_POINT('',(90.9137882542956,-18.2944485621938,-12.4749264053865));
#3628=CARTESIAN_POINT('',(90.8327119019872,-18.2608939557788,-12.4896531048072));
#3629=CARTESIAN_POINT('',(90.7528675514215,-18.2186826318785,-12.50798887004));
#3630=CARTESIAN_POINT('',(90.6669621802782,-18.1620494507586,-12.5322749379754));
#3631=CARTESIAN_POINT('',(90.5710761661519,-18.0817478183257,-12.566115451864));
#3632=CARTESIAN_POINT('',(90.4659814361864,-17.9631831753899,-12.6147477583209));
#3633=CARTESIAN_POINT('',(90.3708115262743,-17.8050247958296,-12.6770860623853));
#3634=CARTESIAN_POINT('',(90.3041706869487,-17.6132310661472,-12.7487826607068));
#3635=CARTESIAN_POINT('',(90.2878476543576,-17.4735676289711,-12.7978320597839));
#3636=CARTESIAN_POINT('',(90.2875881466424,-17.3431585362689,-12.8420745900454));
#3637=CARTESIAN_POINT('',(90.2972219289684,-17.2380586986728,-12.8767119843603));
#3638=CARTESIAN_POINT('',(90.3346497471762,-17.0951166850294,-12.9214718894606));
#3639=CARTESIAN_POINT('',(90.3859558387589,-16.9726041259712,-12.9582032011761));
#3640=CARTESIAN_POINT('',(90.452507295886,-16.8598783646234,-12.9906317596107));
#3641=CARTESIAN_POINT('',(90.5289897052703,-16.7636465087098,-13.0172365626321));
#3642=CARTESIAN_POINT('',(90.6119502114901,-16.6824990838395,-13.0389515318348));
#3643=CARTESIAN_POINT('',(90.69796542744,-16.6156060460861,-13.0563669287095));
#3644=CARTESIAN_POINT('',(90.7915426414088,-16.5589415219673,-13.0707585168023));
#3645=CARTESIAN_POINT('',(90.8856843226015,-16.5157469597731,-13.0815087927976));
#3646=CARTESIAN_POINT('',(90.9754798891823,-16.4854652502671,-13.0889362858215));
#3647=CARTESIAN_POINT('',(91.0606821011501,-16.4653581593652,-13.0938200126731));
#3648=CARTESIAN_POINT('',(91.1473762093163,-16.4529088623223,-13.0968240235069));
#3649=CARTESIAN_POINT('',(91.2066451234554,-16.4500000028625,-13.0975233558214));
#3650=CARTESIAN_POINT('',(91.2377037716799,-16.45,-13.097523295563));
#3651=CARTESIAN_POINT('',(98.7377037716424,-16.45,-13.097523295563));
#3652=CARTESIAN_POINT('',(98.7377037716799,-16.45,-13.097523295563));
#3653=CARTESIAN_POINT('',(98.7571093787373,-16.4499999982115,-13.0975232579132));
#3654=CARTESIAN_POINT('',(98.8050840484029,-16.4514701122152,-13.097169668107));
#3655=CARTESIAN_POINT('',(98.884080776696,-16.459907549178,-13.0951372187376));
#3656=CARTESIAN_POINT('',(98.9763764918364,-16.478717506967,-13.090581598342));
#3657=CARTESIAN_POINT('',(99.075886633644,-16.5099898249974,-13.0829324713319));
#3658=CARTESIAN_POINT('',(99.179806931967,-16.556325803001,-13.0714235981908));
#3659=CARTESIAN_POINT('',(99.2846036709469,-16.6198312420076,-13.0552993174701));
#3660=CARTESIAN_POINT('',(99.377643691181,-16.6945933609829,-13.0357741470069));
#3661=CARTESIAN_POINT('',(99.4577860931493,-16.7771933346302,-13.0135224413487));
#3662=CARTESIAN_POINT('',(99.5248438899375,-16.8642302602631,-12.989346488818));
#3663=CARTESIAN_POINT('',(99.5821831239818,-16.9600402994938,-12.9618237026189));
#3664=CARTESIAN_POINT('',(99.6278288916126,-17.0619435079265,-12.9314927353259));
#3665=CARTESIAN_POINT('',(99.6608786300386,-17.1671198285831,-12.8990409737145));
#3666=CARTESIAN_POINT('',(99.682546414527,-17.2800846099407,-12.8629167062293));
#3667=CARTESIAN_POINT('',(99.6879115608184,-17.3612254419055,-12.8359583659585));
#3668=CARTESIAN_POINT('',(99.6874166987222,-17.4610532087095,-12.8020604587604));
#3669=CARTESIAN_POINT('',(99.6755639392462,-17.5834876286267,-12.7593242376224));
#3670=CARTESIAN_POINT('',(99.6228202197916,-17.7637573271137,-12.6928643269804));
#3671=CARTESIAN_POINT('',(99.5261163639925,-17.9435413779947,-12.6228120784234));
#3672=CARTESIAN_POINT('',(99.3946625283433,-18.0958150385472,-12.5604295874365));
#3673=CARTESIAN_POINT('',(99.2494088125696,-18.2061660443648,-12.5134843988601));
#3674=CARTESIAN_POINT('',(99.1128812133653,-18.2763851001134,-12.4829027840524));
#3675=CARTESIAN_POINT('',(98.9825118608815,-18.3211167339583,-12.463141634155));
#3676=CARTESIAN_POINT('',(98.8585073605071,-18.345072846671,-12.4524563995558));
#3677=CARTESIAN_POINT('',(98.7645537923729,-18.3506185903506,-12.4499745640605));
#3678=CARTESIAN_POINT('',(98.6778574489356,-18.3491828253538,-12.4506166734849));
#3679=CARTESIAN_POINT('',(98.5964327049324,-18.3414595180328,-12.4540716045151));
#3680=CARTESIAN_POINT('',(98.4992274910253,-18.3210683490192,-12.4631504667406));
#3681=CARTESIAN_POINT('',(98.4137882542954,-18.2944485621937,-12.4749264053865));
#3682=CARTESIAN_POINT('',(98.3327119019872,-18.2608939557788,-12.4896531048072));
#3683=CARTESIAN_POINT('',(98.2528675514214,-18.2186826318785,-12.50798887004));
#3684=CARTESIAN_POINT('',(98.1669621802782,-18.1620494507586,-12.5322749379754));
#3685=CARTESIAN_POINT('',(98.0710761661518,-18.0817478183256,-12.5661154518641));
#3686=CARTESIAN_POINT('',(97.9659814361863,-17.9631831753899,-12.6147477583209));
#3687=CARTESIAN_POINT('',(97.8708115262743,-17.8050247958296,-12.6770860623853));
#3688=CARTESIAN_POINT('',(97.8041706869485,-17.6132310661472,-12.7487826607067));
#3689=CARTESIAN_POINT('',(97.7878476543583,-17.4735676289713,-12.7978320597841));
#3690=CARTESIAN_POINT('',(97.7875881466419,-17.3431585362688,-12.8420745900453));
#3691=CARTESIAN_POINT('',(97.7972219289685,-17.2380586986729,-12.8767119843603));
#3692=CARTESIAN_POINT('',(97.8346497471761,-17.0951166850295,-12.9214718894606));
#3693=CARTESIAN_POINT('',(97.8859558387589,-16.9726041259712,-12.9582032011761));
#3694=CARTESIAN_POINT('',(97.952507295886,-16.8598783646234,-12.9906317596107));
#3695=CARTESIAN_POINT('',(98.0289897052702,-16.7636465087098,-13.0172365626321));
#3696=CARTESIAN_POINT('',(98.1119502114901,-16.6824990838395,-13.0389515318348));
#3697=CARTESIAN_POINT('',(98.19796542744,-16.6156060460861,-13.0563669287095));
#3698=CARTESIAN_POINT('',(98.2915426414088,-16.5589415219673,-13.0707585168023));
#3699=CARTESIAN_POINT('',(98.3856843226015,-16.5157469597731,-13.0815087927976));
#3700=CARTESIAN_POINT('',(98.4754798891823,-16.4854652502671,-13.0889362858215));
#3701=CARTESIAN_POINT('',(98.5606821011501,-16.4653581593652,-13.0938200126731));
#3702=CARTESIAN_POINT('',(98.6473762093163,-16.4529088623223,-13.0968240235069));
#3703=CARTESIAN_POINT('',(98.7066451234554,-16.4500000028625,-13.0975233558214));
#3704=CARTESIAN_POINT('',(98.7377037716799,-16.45,-13.097523295563));
#3705=CARTESIAN_POINT('',(106.237703771642,-16.45,-13.097523295563));
#3706=CARTESIAN_POINT('',(106.23770377168,-16.45,-13.097523295563));
#3707=CARTESIAN_POINT('',(106.257109378737,-16.4499999982115,-13.0975232579132));
#3708=CARTESIAN_POINT('',(106.305084048403,-16.4514701122152,-13.097169668107));
#3709=CARTESIAN_POINT('',(106.384080776696,-16.459907549178,-13.0951372187376));
#3710=CARTESIAN_POINT('',(106.476376491836,-16.478717506967,-13.0905815983419));
#3711=CARTESIAN_POINT('',(106.575886633644,-16.5099898249974,-13.0829324713319));
#3712=CARTESIAN_POINT('',(106.679806931967,-16.5563258030009,-13.0714235981908));
#3713=CARTESIAN_POINT('',(106.784603670947,-16.6198312420076,-13.0552993174701));
#3714=CARTESIAN_POINT('',(106.877643691181,-16.6945933609829,-13.0357741470069));
#3715=CARTESIAN_POINT('',(106.957786093149,-16.7771933346302,-13.0135224413488));
#3716=CARTESIAN_POINT('',(107.024843889937,-16.864230260263,-12.9893464888181));
#3717=CARTESIAN_POINT('',(107.082183123982,-16.9600402994937,-12.9618237026189));
#3718=CARTESIAN_POINT('',(107.127828891613,-17.0619435079262,-12.931492735326));
#3719=CARTESIAN_POINT('',(107.160878630038,-17.1671198285828,-12.8990409737146));
#3720=CARTESIAN_POINT('',(107.182546414527,-17.2800846099405,-12.8629167062294));
#3721=CARTESIAN_POINT('',(107.187911560818,-17.3612254419052,-12.8359583659585));
#3722=CARTESIAN_POINT('',(107.187416698722,-17.4610532087092,-12.8020604587605));
#3723=CARTESIAN_POINT('',(107.175563939246,-17.5834876286263,-12.7593242376226));
#3724=CARTESIAN_POINT('',(107.122820219792,-17.7637573271135,-12.6928643269805));
#3725=CARTESIAN_POINT('',(107.026116363992,-17.9435413779945,-12.6228120784234));
#3726=CARTESIAN_POINT('',(106.894662528343,-18.0958150385472,-12.5604295874365));
#3727=CARTESIAN_POINT('',(106.74940881257,-18.2061660443648,-12.5134843988601));
#3728=CARTESIAN_POINT('',(106.612881213365,-18.2763851001134,-12.4829027840524));
#3729=CARTESIAN_POINT('',(106.482511860882,-18.3211167339583,-12.4631416341551));
#3730=CARTESIAN_POINT('',(106.358507360507,-18.345072846671,-12.4524563995558));
#3731=CARTESIAN_POINT('',(106.264553792373,-18.3506185903507,-12.4499745640605));
#3732=CARTESIAN_POINT('',(106.177857448936,-18.3491828253538,-12.4506166734849));
#3733=CARTESIAN_POINT('',(106.096432704932,-18.3414595180328,-12.4540716045151));
#3734=CARTESIAN_POINT('',(105.999227491025,-18.3210683490192,-12.4631504667406));
#3735=CARTESIAN_POINT('',(105.913788254295,-18.2944485621937,-12.4749264053865));
#3736=CARTESIAN_POINT('',(105.832711901987,-18.2608939557788,-12.4896531048072));
#3737=CARTESIAN_POINT('',(105.752867551421,-18.2186826318785,-12.50798887004));
#3738=CARTESIAN_POINT('',(105.666962180278,-18.1620494507587,-12.5322749379754));
#3739=CARTESIAN_POINT('',(105.571076166152,-18.0817478183257,-12.566115451864));
#3740=CARTESIAN_POINT('',(105.465981436186,-17.96318317539,-12.6147477583209));
#3741=CARTESIAN_POINT('',(105.370811526274,-17.8050247958296,-12.6770860623853));
#3742=CARTESIAN_POINT('',(105.304170686949,-17.6132310661473,-12.7487826607068));
#3743=CARTESIAN_POINT('',(105.287847654358,-17.473567628971,-12.7978320597839));
#3744=CARTESIAN_POINT('',(105.287588146643,-17.3431585362691,-12.8420745900454));
#3745=CARTESIAN_POINT('',(105.297221928968,-17.2380586986728,-12.8767119843602));
#3746=CARTESIAN_POINT('',(105.334649747176,-17.0951166850296,-12.9214718894606));
#3747=CARTESIAN_POINT('',(105.385955838759,-16.9726041259713,-12.9582032011761));
#3748=CARTESIAN_POINT('',(105.452507295886,-16.8598783646235,-12.9906317596107));
#3749=CARTESIAN_POINT('',(105.52898970527,-16.7636465087098,-13.0172365626321));
#3750=CARTESIAN_POINT('',(105.61195021149,-16.6824990838395,-13.0389515318348));
#3751=CARTESIAN_POINT('',(105.69796542744,-16.6156060460861,-13.0563669287095));
#3752=CARTESIAN_POINT('',(105.791542641409,-16.5589415219673,-13.0707585168023));
#3753=CARTESIAN_POINT('',(105.885684322602,-16.5157469597731,-13.0815087927976));
#3754=CARTESIAN_POINT('',(105.975479889182,-16.4854652502671,-13.0889362858215));
#3755=CARTESIAN_POINT('',(106.06068210115,-16.4653581593652,-13.0938200126731));
#3756=CARTESIAN_POINT('',(106.147376209316,-16.4529088623223,-13.0968240235069));
#3757=CARTESIAN_POINT('',(106.206645123455,-16.4500000028625,-13.0975233558214));
#3758=CARTESIAN_POINT('',(106.23770377168,-16.45,-13.097523295563));
#3759=CARTESIAN_POINT('',(113.737703771642,-16.45,-13.097523295563));
#3760=CARTESIAN_POINT('',(113.73770377168,-16.45,-13.097523295563));
#3761=CARTESIAN_POINT('',(113.757109378737,-16.4499999982115,-13.0975232579132));
#3762=CARTESIAN_POINT('',(113.805084048403,-16.4514701122152,-13.097169668107));
#3763=CARTESIAN_POINT('',(113.884080776696,-16.459907549178,-13.0951372187376));
#3764=CARTESIAN_POINT('',(113.976376491836,-16.478717506967,-13.0905815983419));
#3765=CARTESIAN_POINT('',(114.075886633644,-16.5099898249974,-13.0829324713319));
#3766=CARTESIAN_POINT('',(114.179806931967,-16.556325803001,-13.0714235981908));
#3767=CARTESIAN_POINT('',(114.284603670947,-16.6198312420076,-13.0552993174701));
#3768=CARTESIAN_POINT('',(114.377643691181,-16.6945933609829,-13.0357741470069));
#3769=CARTESIAN_POINT('',(114.457786093149,-16.7771933346302,-13.0135224413488));
#3770=CARTESIAN_POINT('',(114.524843889937,-16.864230260263,-12.9893464888181));
#3771=CARTESIAN_POINT('',(114.582183123982,-16.9600402994937,-12.9618237026189));
#3772=CARTESIAN_POINT('',(114.627828891613,-17.0619435079262,-12.931492735326));
#3773=CARTESIAN_POINT('',(114.660878630038,-17.1671198285828,-12.8990409737146));
#3774=CARTESIAN_POINT('',(114.682546414527,-17.2800846099404,-12.8629167062294));
#3775=CARTESIAN_POINT('',(114.687911560818,-17.3612254419052,-12.8359583659586));
#3776=CARTESIAN_POINT('',(114.687416698722,-17.4610532087092,-12.8020604587605));
#3777=CARTESIAN_POINT('',(114.675563939246,-17.5834876286262,-12.7593242376226));
#3778=CARTESIAN_POINT('',(114.622820219792,-17.7637573271135,-12.6928643269805));
#3779=CARTESIAN_POINT('',(114.526116363993,-17.9435413779945,-12.6228120784234));
#3780=CARTESIAN_POINT('',(114.394662528343,-18.0958150385472,-12.5604295874365));
#3781=CARTESIAN_POINT('',(114.24940881257,-18.2061660443648,-12.5134843988602));
#3782=CARTESIAN_POINT('',(114.112881213365,-18.2763851001135,-12.4829027840524));
#3783=CARTESIAN_POINT('',(113.982511860882,-18.3211167339583,-12.4631416341551));
#3784=CARTESIAN_POINT('',(113.858507360507,-18.345072846671,-12.4524563995558));
#3785=CARTESIAN_POINT('',(113.764553792373,-18.3506185903507,-12.4499745640604));
#3786=CARTESIAN_POINT('',(113.677857448936,-18.3491828253538,-12.4506166734849));
#3787=CARTESIAN_POINT('',(113.596432704932,-18.3414595180328,-12.4540716045151));
#3788=CARTESIAN_POINT('',(113.499227491025,-18.3210683490192,-12.4631504667406));
#3789=CARTESIAN_POINT('',(113.413788254296,-18.2944485621938,-12.4749264053865));
#3790=CARTESIAN_POINT('',(113.332711901987,-18.2608939557788,-12.4896531048072));
#3791=CARTESIAN_POINT('',(113.252867551421,-18.2186826318785,-12.50798887004));
#3792=CARTESIAN_POINT('',(113.166962180278,-18.1620494507586,-12.5322749379754));
#3793=CARTESIAN_POINT('',(113.071076166152,-18.0817478183257,-12.5661154518641));
#3794=CARTESIAN_POINT('',(112.965981436186,-17.9631831753899,-12.6147477583209));
#3795=CARTESIAN_POINT('',(112.870811526274,-17.8050247958295,-12.6770860623853));
#3796=CARTESIAN_POINT('',(112.804170686948,-17.6132310661472,-12.7487826607068));
#3797=CARTESIAN_POINT('',(112.787847654358,-17.4735676289711,-12.797832059784));
#3798=CARTESIAN_POINT('',(112.787588146642,-17.3431585362689,-12.8420745900454));
#3799=CARTESIAN_POINT('',(112.797221928968,-17.2380586986728,-12.8767119843603));
#3800=CARTESIAN_POINT('',(112.834649747176,-17.0951166850294,-12.9214718894606));
#3801=CARTESIAN_POINT('',(112.885955838759,-16.9726041259712,-12.9582032011761));
#3802=CARTESIAN_POINT('',(112.952507295886,-16.8598783646234,-12.9906317596107));
#3803=CARTESIAN_POINT('',(113.02898970527,-16.7636465087098,-13.0172365626321));
#3804=CARTESIAN_POINT('',(113.11195021149,-16.6824990838394,-13.0389515318348));
#3805=CARTESIAN_POINT('',(113.19796542744,-16.6156060460862,-13.0563669287095));
#3806=CARTESIAN_POINT('',(113.291542641409,-16.5589415219673,-13.0707585168023));
#3807=CARTESIAN_POINT('',(113.385684322602,-16.5157469597731,-13.0815087927976));
#3808=CARTESIAN_POINT('',(113.475479889182,-16.4854652502671,-13.0889362858215));
#3809=CARTESIAN_POINT('',(113.56068210115,-16.4653581593652,-13.0938200126731));
#3810=CARTESIAN_POINT('',(113.647376209316,-16.4529088623223,-13.0968240235069));
#3811=CARTESIAN_POINT('',(113.706645123455,-16.4500000028625,-13.0975233558214));
#3812=CARTESIAN_POINT('',(113.73770377168,-16.45,-13.097523295563));
#3813=CARTESIAN_POINT('',(121.237703771642,-16.45,-13.097523295563));
#3814=CARTESIAN_POINT('',(121.23770377168,-16.45,-13.097523295563));
#3815=CARTESIAN_POINT('',(121.257109378737,-16.4499999982115,-13.0975232579132));
#3816=CARTESIAN_POINT('',(121.305084048403,-16.4514701122152,-13.097169668107));
#3817=CARTESIAN_POINT('',(121.384080776696,-16.459907549178,-13.0951372187376));
#3818=CARTESIAN_POINT('',(121.476376491836,-16.478717506967,-13.090581598342));
#3819=CARTESIAN_POINT('',(121.575886633644,-16.5099898249975,-13.0829324713319));
#3820=CARTESIAN_POINT('',(121.679806931967,-16.556325803001,-13.0714235981908));
#3821=CARTESIAN_POINT('',(121.784603670947,-16.6198312420076,-13.0552993174701));
#3822=CARTESIAN_POINT('',(121.877643691181,-16.6945933609829,-13.0357741470069));
#3823=CARTESIAN_POINT('',(121.957786093149,-16.7771933346302,-13.0135224413488));
#3824=CARTESIAN_POINT('',(122.024843889937,-16.8642302602631,-12.989346488818));
#3825=CARTESIAN_POINT('',(122.082183123982,-16.9600402994937,-12.9618237026189));
#3826=CARTESIAN_POINT('',(122.127828891613,-17.0619435079264,-12.9314927353259));
#3827=CARTESIAN_POINT('',(122.160878630039,-17.1671198285829,-12.8990409737145));
#3828=CARTESIAN_POINT('',(122.182546414527,-17.2800846099406,-12.8629167062294));
#3829=CARTESIAN_POINT('',(122.187911560818,-17.3612254419054,-12.8359583659585));
#3830=CARTESIAN_POINT('',(122.187416698722,-17.4610532087093,-12.8020604587604));
#3831=CARTESIAN_POINT('',(122.175563939246,-17.5834876286264,-12.7593242376225));
#3832=CARTESIAN_POINT('',(122.122820219792,-17.7637573271136,-12.6928643269805));
#3833=CARTESIAN_POINT('',(122.026116363992,-17.9435413779946,-12.6228120784234));
#3834=CARTESIAN_POINT('',(121.894662528343,-18.0958150385472,-12.5604295874365));
#3835=CARTESIAN_POINT('',(121.74940881257,-18.2061660443649,-12.5134843988602));
#3836=CARTESIAN_POINT('',(121.612881213365,-18.2763851001134,-12.4829027840524));
#3837=CARTESIAN_POINT('',(121.482511860882,-18.3211167339583,-12.4631416341551));
#3838=CARTESIAN_POINT('',(121.358507360507,-18.345072846671,-12.4524563995558));
#3839=CARTESIAN_POINT('',(121.264553792373,-18.3506185903506,-12.4499745640605));
#3840=CARTESIAN_POINT('',(121.177857448936,-18.3491828253539,-12.4506166734849));
#3841=CARTESIAN_POINT('',(121.096432704932,-18.3414595180328,-12.4540716045151));
#3842=CARTESIAN_POINT('',(120.999227491025,-18.3210683490192,-12.4631504667406));
#3843=CARTESIAN_POINT('',(120.913788254295,-18.2944485621938,-12.4749264053865));
#3844=CARTESIAN_POINT('',(120.832711901987,-18.2608939557788,-12.4896531048072));
#3845=CARTESIAN_POINT('',(120.752867551421,-18.2186826318785,-12.50798887004));
#3846=CARTESIAN_POINT('',(120.666962180278,-18.1620494507586,-12.5322749379754));
#3847=CARTESIAN_POINT('',(120.571076166152,-18.0817478183257,-12.566115451864));
#3848=CARTESIAN_POINT('',(120.465981436186,-17.9631831753899,-12.6147477583209));
#3849=CARTESIAN_POINT('',(120.370811526274,-17.8050247958296,-12.6770860623853));
#3850=CARTESIAN_POINT('',(120.304170686948,-17.6132310661472,-12.7487826607068));
#3851=CARTESIAN_POINT('',(120.287847654359,-17.4735676289712,-12.797832059784));
#3852=CARTESIAN_POINT('',(120.287588146642,-17.3431585362689,-12.8420745900454));
#3853=CARTESIAN_POINT('',(120.297221928969,-17.2380586986728,-12.8767119843603));
#3854=CARTESIAN_POINT('',(120.334649747176,-17.0951166850294,-12.9214718894606));
#3855=CARTESIAN_POINT('',(120.385955838759,-16.9726041259712,-12.9582032011761));
#3856=CARTESIAN_POINT('',(120.452507295886,-16.8598783646233,-12.9906317596107));
#3857=CARTESIAN_POINT('',(120.52898970527,-16.7636465087098,-13.0172365626321));
#3858=CARTESIAN_POINT('',(120.61195021149,-16.6824990838395,-13.0389515318348));
#3859=CARTESIAN_POINT('',(120.69796542744,-16.6156060460862,-13.0563669287095));
#3860=CARTESIAN_POINT('',(120.791542641409,-16.5589415219673,-13.0707585168023));
#3861=CARTESIAN_POINT('',(120.885684322602,-16.5157469597731,-13.0815087927976));
#3862=CARTESIAN_POINT('',(120.975479889182,-16.4854652502671,-13.0889362858215));
#3863=CARTESIAN_POINT('',(121.06068210115,-16.4653581593652,-13.0938200126731));
#3864=CARTESIAN_POINT('',(121.147376209316,-16.4529088623223,-13.0968240235069));
#3865=CARTESIAN_POINT('',(121.206645123455,-16.4500000028625,-13.0975233558214));
#3866=CARTESIAN_POINT('',(121.23770377168,-16.45,-13.097523295563));
#3867=CARTESIAN_POINT('',(128.737703771642,-16.45,-13.097523295563));
#3868=CARTESIAN_POINT('',(128.73770377168,-16.45,-13.097523295563));
#3869=CARTESIAN_POINT('',(128.757109378737,-16.4499999982115,-13.0975232579132));
#3870=CARTESIAN_POINT('',(128.805084048403,-16.4514701122152,-13.097169668107));
#3871=CARTESIAN_POINT('',(128.884080776696,-16.459907549178,-13.0951372187376));
#3872=CARTESIAN_POINT('',(128.976376491836,-16.478717506967,-13.0905815983419));
#3873=CARTESIAN_POINT('',(129.075886633644,-16.5099898249975,-13.0829324713319));
#3874=CARTESIAN_POINT('',(129.179806931967,-16.556325803001,-13.0714235981908));
#3875=CARTESIAN_POINT('',(129.284603670947,-16.6198312420076,-13.0552993174701));
#3876=CARTESIAN_POINT('',(129.377643691181,-16.6945933609829,-13.0357741470069));
#3877=CARTESIAN_POINT('',(129.457786093149,-16.7771933346302,-13.0135224413487));
#3878=CARTESIAN_POINT('',(129.524843889937,-16.8642302602631,-12.989346488818));
#3879=CARTESIAN_POINT('',(129.582183123982,-16.9600402994938,-12.9618237026189));
#3880=CARTESIAN_POINT('',(129.627828891613,-17.0619435079265,-12.9314927353259));
#3881=CARTESIAN_POINT('',(129.660878630039,-17.1671198285831,-12.8990409737145));
#3882=CARTESIAN_POINT('',(129.682546414527,-17.2800846099407,-12.8629167062293));
#3883=CARTESIAN_POINT('',(129.687911560819,-17.3612254419055,-12.8359583659585));
#3884=CARTESIAN_POINT('',(129.687416698722,-17.4610532087095,-12.8020604587604));
#3885=CARTESIAN_POINT('',(129.675563939246,-17.5834876286267,-12.7593242376224));
#3886=CARTESIAN_POINT('',(129.622820219792,-17.7637573271138,-12.6928643269804));
#3887=CARTESIAN_POINT('',(129.526116363992,-17.9435413779946,-12.6228120784234));
#3888=CARTESIAN_POINT('',(129.394662528343,-18.0958150385472,-12.5604295874365));
#3889=CARTESIAN_POINT('',(129.24940881257,-18.2061660443649,-12.5134843988602));
#3890=CARTESIAN_POINT('',(129.112881213365,-18.2763851001134,-12.4829027840524));
#3891=CARTESIAN_POINT('',(128.982511860881,-18.3211167339583,-12.463141634155));
#3892=CARTESIAN_POINT('',(128.858507360507,-18.345072846671,-12.4524563995558));
#3893=CARTESIAN_POINT('',(128.764553792373,-18.3506185903507,-12.4499745640605));
#3894=CARTESIAN_POINT('',(128.677857448936,-18.3491828253538,-12.4506166734849));
#3895=CARTESIAN_POINT('',(128.596432704932,-18.3414595180328,-12.4540716045151));
#3896=CARTESIAN_POINT('',(128.499227491025,-18.3210683490192,-12.4631504667406));
#3897=CARTESIAN_POINT('',(128.413788254296,-18.2944485621938,-12.4749264053865));
#3898=CARTESIAN_POINT('',(128.332711901987,-18.2608939557788,-12.4896531048072));
#3899=CARTESIAN_POINT('',(128.252867551421,-18.2186826318785,-12.50798887004));
#3900=CARTESIAN_POINT('',(128.166962180278,-18.1620494507587,-12.5322749379754));
#3901=CARTESIAN_POINT('',(128.071076166152,-18.0817478183257,-12.566115451864));
#3902=CARTESIAN_POINT('',(127.965981436186,-17.96318317539,-12.6147477583209));
#3903=CARTESIAN_POINT('',(127.870811526274,-17.8050247958296,-12.6770860623853));
#3904=CARTESIAN_POINT('',(127.804170686949,-17.6132310661473,-12.7487826607068));
#3905=CARTESIAN_POINT('',(127.787847654357,-17.4735676289711,-12.7978320597839));
#3906=CARTESIAN_POINT('',(127.787588146643,-17.343158536269,-12.8420745900455));
#3907=CARTESIAN_POINT('',(127.797221928968,-17.2380586986728,-12.8767119843602));
#3908=CARTESIAN_POINT('',(127.834649747176,-17.0951166850295,-12.9214718894606));
#3909=CARTESIAN_POINT('',(127.885955838759,-16.9726041259713,-12.9582032011761));
#3910=CARTESIAN_POINT('',(127.952507295886,-16.8598783646234,-12.9906317596107));
#3911=CARTESIAN_POINT('',(128.02898970527,-16.7636465087098,-13.0172365626321));
#3912=CARTESIAN_POINT('',(128.11195021149,-16.6824990838395,-13.0389515318348));
#3913=CARTESIAN_POINT('',(128.19796542744,-16.6156060460862,-13.0563669287095));
#3914=CARTESIAN_POINT('',(128.291542641409,-16.5589415219673,-13.0707585168024));
#3915=CARTESIAN_POINT('',(128.385684322601,-16.5157469597731,-13.0815087927976));
#3916=CARTESIAN_POINT('',(128.475479889182,-16.4854652502671,-13.0889362858215));
#3917=CARTESIAN_POINT('',(128.56068210115,-16.4653581593652,-13.0938200126731));
#3918=CARTESIAN_POINT('',(128.647376209316,-16.4529088623223,-13.0968240235069));
#3919=CARTESIAN_POINT('',(128.706645123455,-16.4500000028625,-13.0975233558214));
#3920=CARTESIAN_POINT('',(128.73770377168,-16.45,-13.097523295563));
#3921=CARTESIAN_POINT('',(61.2377037716424,-12.95,-13.3585219988726));
#3922=CARTESIAN_POINT('',(61.2377037716845,-12.95,-13.3585219988726));
#3923=CARTESIAN_POINT('',(61.2590925172142,-12.950000053687,-13.3585219942774));
#3924=CARTESIAN_POINT('',(61.3033196281673,-12.9514939552789,-13.35865285119));
#3925=CARTESIAN_POINT('',(61.3715352717564,-12.9585874138658,-13.3592713055731));
#3926=CARTESIAN_POINT('',(61.4531414291851,-12.9732720984586,-13.3605383290672));
#3927=CARTESIAN_POINT('',(61.5565611119672,-13.0022057105051,-13.3629867950514));
#3928=CARTESIAN_POINT('',(61.6790069486961,-13.0545144032178,-13.3672278208974));
#3929=CARTESIAN_POINT('',(61.7978616169571,-13.1285326873122,-13.3727703785695));
#3930=CARTESIAN_POINT('',(61.8941599167367,-13.2101178847568,-13.3782448092762));
#3931=CARTESIAN_POINT('',(61.9686652873525,-13.2904475957083,-13.3830343019177));
#3932=CARTESIAN_POINT('',(62.0273088409832,-13.3688453746356,-13.3871496767827));
#3933=CARTESIAN_POINT('',(62.0752164292013,-13.4486205134134,-13.3907455903351));
#3934=CARTESIAN_POINT('',(62.1143858462685,-13.5303995925662,-13.3938361610979));
#3935=CARTESIAN_POINT('',(62.1445898124769,-13.6125170763457,-13.3963167298194));
#3936=CARTESIAN_POINT('',(62.1659633064406,-13.692924783933,-13.3981225840473));
#3937=CARTESIAN_POINT('',(62.1794970508994,-13.7683949919834,-13.3992863124777));
#3938=CARTESIAN_POINT('',(62.1863484994397,-13.8365187585827,-13.3998818018677));
#3939=CARTESIAN_POINT('',(62.1880914165179,-13.8930479748739,-13.4000337764749));
#3940=CARTESIAN_POINT('',(62.1866230583146,-13.9670333033475,-13.3999058943523));
#3941=CARTESIAN_POINT('',(62.1764178710768,-14.0630900902915,-13.3990158390305));
#3942=CARTESIAN_POINT('',(62.1467051094718,-14.1854699915855,-13.3964822521645));
#3943=CARTESIAN_POINT('',(62.10349435185,-14.2967369301806,-13.3929468523268));
#3944=CARTESIAN_POINT('',(62.0523031818775,-14.3921700578387,-13.388993328854));
#3945=CARTESIAN_POINT('',(61.9988686869901,-14.4707862855066,-13.3851232502371));
#3946=CARTESIAN_POINT('',(61.9411383195112,-14.5405830023748,-13.3812281426072));
#3947=CARTESIAN_POINT('',(61.8739995050416,-14.6077592468741,-13.3770666210454));
#3948=CARTESIAN_POINT('',(61.7933463683561,-14.673138943742,-13.3726091601517));
#3949=CARTESIAN_POINT('',(61.6982775053184,-14.7335766978748,-13.3681282074078));
#3950=CARTESIAN_POINT('',(61.5925827409313,-14.7839094331909,-13.3641316513735));
#3951=CARTESIAN_POINT('',(61.480507592026,-14.8209429869035,-13.361038164239));
#3952=CARTESIAN_POINT('',(61.3671418698274,-14.8434259939049,-13.3590982495895));
#3953=CARTESIAN_POINT('',(61.2860130932925,-14.8496260801616,-13.3585546914866));
#3954=CARTESIAN_POINT('',(61.2139877977122,-14.8502557975412,-13.3584996212239));
#3955=CARTESIAN_POINT('',(61.145625549553,-14.8470961930984,-13.3587765218267));
#3956=CARTESIAN_POINT('',(61.0532862782215,-14.833576028394,-13.3599517910536));
#3957=CARTESIAN_POINT('',(60.9636243617385,-14.8110303245592,-13.3618710461426));
#3958=CARTESIAN_POINT('',(60.8725568409584,-14.7789036914772,-13.3645285257649));
#3959=CARTESIAN_POINT('',(60.7764478192545,-14.733244242454,-13.3681533264814));
#3960=CARTESIAN_POINT('',(60.6746878022508,-14.6685403212187,-13.3729539439772));
#3961=CARTESIAN_POINT('',(60.5853832855928,-14.5937940053159,-13.3779947831506));
#3962=CARTESIAN_POINT('',(60.5104010784226,-14.5139131802419,-13.3827882708937));
#3963=CARTESIAN_POINT('',(60.4512909716101,-14.4358695659266,-13.3869178288344));
#3964=CARTESIAN_POINT('',(60.4029076817514,-14.3563839538331,-13.3905364090269));
#3965=CARTESIAN_POINT('',(60.363249409039,-14.274840696326,-13.3936565796234));
#3966=CARTESIAN_POINT('',(60.3325169256532,-14.192805105906,-13.3961749920029));
#3967=CARTESIAN_POINT('',(60.3105920219994,-14.1122135195474,-13.3980246048876));
#3968=CARTESIAN_POINT('',(60.2965615462652,-14.036296851452,-13.3992299339691));
#3969=CARTESIAN_POINT('',(60.2892060358859,-13.9664247179776,-13.3998689596131));
#3970=CARTESIAN_POINT('',(60.2873306277296,-13.9095821186116,-13.4000325126415));
#3971=CARTESIAN_POINT('',(60.2886496778859,-13.8357029149411,-13.3999176371259));
#3972=CARTESIAN_POINT('',(60.2982679491703,-13.7412885092625,-13.3990784498242));
#3973=CARTESIAN_POINT('',(60.3272220793803,-13.6193817784183,-13.3966067756025));
#3974=CARTESIAN_POINT('',(60.3696514760729,-13.5082682745871,-13.3931280114696));
#3975=CARTESIAN_POINT('',(60.4201728336591,-13.4127147969666,-13.3892138335864));
#3976=CARTESIAN_POINT('',(60.4731368287261,-13.3337787483045,-13.3853623756811));
#3977=CARTESIAN_POINT('',(60.5304497661547,-13.2636363900257,-13.381476454363));
#3978=CARTESIAN_POINT('',(60.597187906348,-13.196057443281,-13.3773152028969));
#3979=CARTESIAN_POINT('',(60.6774510811088,-13.1301953159171,-13.3728468112017));
#3980=CARTESIAN_POINT('',(60.7775992646549,-13.0656840889152,-13.3680820990651));
#3981=CARTESIAN_POINT('',(60.8956993910351,-13.0100531472553,-13.3636466087642));
#3982=CARTESIAN_POINT('',(61.0240007857407,-12.9712366530841,-13.3603706682816));
#3983=CARTESIAN_POINT('',(61.1391472372332,-12.9531750652377,-13.3588001994538));
#3984=CARTESIAN_POINT('',(61.2088839411144,-12.9499999276606,-13.3585220050643));
#3985=CARTESIAN_POINT('',(61.2377037716845,-12.95,-13.3585219988726));
#3986=CARTESIAN_POINT('',(68.7377037716424,-12.95,-13.3585219988726));
#3987=CARTESIAN_POINT('',(68.7377037716845,-12.95,-13.3585219988726));
#3988=CARTESIAN_POINT('',(68.7590925172142,-12.950000053687,-13.3585219942774));
#3989=CARTESIAN_POINT('',(68.8033196281673,-12.9514939552789,-13.35865285119));
#3990=CARTESIAN_POINT('',(68.8715352717563,-12.9585874138658,-13.359271305573));
#3991=CARTESIAN_POINT('',(68.9531414291851,-12.9732720984586,-13.3605383290672));
#3992=CARTESIAN_POINT('',(69.0565611119672,-13.0022057105051,-13.3629867950514));
#3993=CARTESIAN_POINT('',(69.1790069486961,-13.0545144032178,-13.3672278208974));
#3994=CARTESIAN_POINT('',(69.2978616169572,-13.1285326873122,-13.3727703785695));
#3995=CARTESIAN_POINT('',(69.3941599167367,-13.2101178847568,-13.3782448092762));
#3996=CARTESIAN_POINT('',(69.4686652873525,-13.2904475957084,-13.3830343019178));
#3997=CARTESIAN_POINT('',(69.5273088409832,-13.3688453746356,-13.3871496767827));
#3998=CARTESIAN_POINT('',(69.5752164292013,-13.4486205134134,-13.3907455903351));
#3999=CARTESIAN_POINT('',(69.6143858462685,-13.5303995925662,-13.3938361610979));
#4000=CARTESIAN_POINT('',(69.6445898124768,-13.6125170763457,-13.3963167298194));
#4001=CARTESIAN_POINT('',(69.6659633064406,-13.692924783933,-13.3981225840473));
#4002=CARTESIAN_POINT('',(69.6794970508993,-13.7683949919834,-13.3992863124777));
#4003=CARTESIAN_POINT('',(69.6863484994397,-13.8365187585827,-13.3998818018677));
#4004=CARTESIAN_POINT('',(69.6880914165179,-13.8930479748739,-13.4000337764749));
#4005=CARTESIAN_POINT('',(69.6866230583146,-13.9670333033475,-13.3999058943523));
#4006=CARTESIAN_POINT('',(69.6764178710769,-14.0630900902915,-13.3990158390305));
#4007=CARTESIAN_POINT('',(69.6467051094718,-14.1854699915856,-13.3964822521645));
#4008=CARTESIAN_POINT('',(69.60349435185,-14.2967369301806,-13.3929468523268));
#4009=CARTESIAN_POINT('',(69.5523031818775,-14.3921700578387,-13.388993328854));
#4010=CARTESIAN_POINT('',(69.4988686869901,-14.4707862855066,-13.3851232502371));
#4011=CARTESIAN_POINT('',(69.4411383195112,-14.5405830023748,-13.3812281426072));
#4012=CARTESIAN_POINT('',(69.3739995050416,-14.6077592468741,-13.3770666210454));
#4013=CARTESIAN_POINT('',(69.2933463683561,-14.673138943742,-13.3726091601517));
#4014=CARTESIAN_POINT('',(69.1982775053184,-14.7335766978748,-13.3681282074078));
#4015=CARTESIAN_POINT('',(69.0925827409314,-14.7839094331909,-13.3641316513735));
#4016=CARTESIAN_POINT('',(68.980507592026,-14.8209429869036,-13.361038164239));
#4017=CARTESIAN_POINT('',(68.8671418698274,-14.8434259939049,-13.3590982495895));
#4018=CARTESIAN_POINT('',(68.7860130932925,-14.8496260801616,-13.3585546914866));
#4019=CARTESIAN_POINT('',(68.7139877977122,-14.8502557975412,-13.3584996212239));
#4020=CARTESIAN_POINT('',(68.645625549553,-14.8470961930984,-13.3587765218267));
#4021=CARTESIAN_POINT('',(68.5532862782214,-14.8335760283939,-13.3599517910536));
#4022=CARTESIAN_POINT('',(68.4636243617386,-14.8110303245592,-13.3618710461426));
#4023=CARTESIAN_POINT('',(68.3725568409584,-14.7789036914772,-13.3645285257649));
#4024=CARTESIAN_POINT('',(68.2764478192545,-14.733244242454,-13.3681533264814));
#4025=CARTESIAN_POINT('',(68.1746878022508,-14.6685403212187,-13.3729539439772));
#4026=CARTESIAN_POINT('',(68.0853832855928,-14.5937940053159,-13.3779947831506));
#4027=CARTESIAN_POINT('',(68.0104010784226,-14.5139131802419,-13.3827882708937));
#4028=CARTESIAN_POINT('',(67.9512909716101,-14.4358695659266,-13.3869178288344));
#4029=CARTESIAN_POINT('',(67.9029076817514,-14.3563839538331,-13.3905364090269));
#4030=CARTESIAN_POINT('',(67.863249409039,-14.2748406963259,-13.3936565796234));
#4031=CARTESIAN_POINT('',(67.8325169256532,-14.192805105906,-13.3961749920029));
#4032=CARTESIAN_POINT('',(67.8105920219994,-14.1122135195474,-13.3980246048876));
#4033=CARTESIAN_POINT('',(67.7965615462652,-14.036296851452,-13.3992299339691));
#4034=CARTESIAN_POINT('',(67.7892060358859,-13.9664247179776,-13.3998689596131));
#4035=CARTESIAN_POINT('',(67.7873306277295,-13.9095821186116,-13.4000325126415));
#4036=CARTESIAN_POINT('',(67.7886496778859,-13.8357029149411,-13.3999176371259));
#4037=CARTESIAN_POINT('',(67.7982679491703,-13.7412885092625,-13.3990784498242));
#4038=CARTESIAN_POINT('',(67.8272220793803,-13.6193817784183,-13.3966067756025));
#4039=CARTESIAN_POINT('',(67.8696514760729,-13.5082682745871,-13.3931280114696));
#4040=CARTESIAN_POINT('',(67.9201728336591,-13.4127147969665,-13.3892138335863));
#4041=CARTESIAN_POINT('',(67.9731368287261,-13.3337787483045,-13.3853623756811));
#4042=CARTESIAN_POINT('',(68.0304497661547,-13.2636363900257,-13.381476454363));
#4043=CARTESIAN_POINT('',(68.0971879063481,-13.196057443281,-13.3773152028969));
#4044=CARTESIAN_POINT('',(68.1774510811088,-13.1301953159171,-13.3728468112017));
#4045=CARTESIAN_POINT('',(68.277599264655,-13.0656840889152,-13.3680820990651));
#4046=CARTESIAN_POINT('',(68.3956993910351,-13.0100531472553,-13.3636466087642));
#4047=CARTESIAN_POINT('',(68.5240007857407,-12.9712366530841,-13.3603706682816));
#4048=CARTESIAN_POINT('',(68.6391472372332,-12.9531750652377,-13.3588001994538));
#4049=CARTESIAN_POINT('',(68.7088839411145,-12.9499999276606,-13.3585220050643));
#4050=CARTESIAN_POINT('',(68.7377037716845,-12.95,-13.3585219988726));
#4051=CARTESIAN_POINT('',(76.2377037716424,-12.95,-13.3585219988726));
#4052=CARTESIAN_POINT('',(76.2377037716845,-12.95,-13.3585219988726));
#4053=CARTESIAN_POINT('',(76.2590925172142,-12.950000053687,-13.3585219942774));
#4054=CARTESIAN_POINT('',(76.3033196281673,-12.9514939552789,-13.35865285119));
#4055=CARTESIAN_POINT('',(76.3715352717564,-12.9585874138658,-13.359271305573));
#4056=CARTESIAN_POINT('',(76.453141429185,-12.9732720984586,-13.3605383290672));
#4057=CARTESIAN_POINT('',(76.5565611119672,-13.0022057105051,-13.3629867950514));
#4058=CARTESIAN_POINT('',(76.6790069486961,-13.0545144032178,-13.3672278208974));
#4059=CARTESIAN_POINT('',(76.7978616169571,-13.1285326873122,-13.3727703785695));
#4060=CARTESIAN_POINT('',(76.8941599167367,-13.2101178847568,-13.3782448092762));
#4061=CARTESIAN_POINT('',(76.9686652873525,-13.2904475957084,-13.3830343019178));
#4062=CARTESIAN_POINT('',(77.0273088409832,-13.3688453746356,-13.3871496767827));
#4063=CARTESIAN_POINT('',(77.0752164292013,-13.4486205134134,-13.3907455903351));
#4064=CARTESIAN_POINT('',(77.1143858462685,-13.5303995925662,-13.3938361610979));
#4065=CARTESIAN_POINT('',(77.1445898124769,-13.6125170763456,-13.3963167298194));
#4066=CARTESIAN_POINT('',(77.1659633064406,-13.692924783933,-13.3981225840473));
#4067=CARTESIAN_POINT('',(77.1794970508994,-13.7683949919834,-13.3992863124777));
#4068=CARTESIAN_POINT('',(77.1863484994397,-13.8365187585827,-13.3998818018677));
#4069=CARTESIAN_POINT('',(77.1880914165178,-13.8930479748739,-13.4000337764749));
#4070=CARTESIAN_POINT('',(77.1866230583146,-13.9670333033475,-13.3999058943523));
#4071=CARTESIAN_POINT('',(77.1764178710768,-14.0630900902915,-13.3990158390305));
#4072=CARTESIAN_POINT('',(77.1467051094718,-14.1854699915855,-13.3964822521645));
#4073=CARTESIAN_POINT('',(77.10349435185,-14.2967369301806,-13.3929468523268));
#4074=CARTESIAN_POINT('',(77.0523031818776,-14.3921700578387,-13.388993328854));
#4075=CARTESIAN_POINT('',(76.9988686869901,-14.4707862855066,-13.3851232502371));
#4076=CARTESIAN_POINT('',(76.9411383195112,-14.5405830023749,-13.3812281426072));
#4077=CARTESIAN_POINT('',(76.8739995050416,-14.607759246874,-13.3770666210454));
#4078=CARTESIAN_POINT('',(76.7933463683561,-14.673138943742,-13.3726091601517));
#4079=CARTESIAN_POINT('',(76.6982775053184,-14.7335766978748,-13.3681282074078));
#4080=CARTESIAN_POINT('',(76.5925827409313,-14.7839094331909,-13.3641316513735));
#4081=CARTESIAN_POINT('',(76.480507592026,-14.8209429869035,-13.361038164239));
#4082=CARTESIAN_POINT('',(76.3671418698274,-14.8434259939049,-13.3590982495895));
#4083=CARTESIAN_POINT('',(76.2860130932925,-14.8496260801616,-13.3585546914866));
#4084=CARTESIAN_POINT('',(76.2139877977122,-14.8502557975412,-13.3584996212239));
#4085=CARTESIAN_POINT('',(76.145625549553,-14.8470961930984,-13.3587765218267));
#4086=CARTESIAN_POINT('',(76.0532862782215,-14.8335760283939,-13.3599517910536));
#4087=CARTESIAN_POINT('',(75.9636243617385,-14.8110303245592,-13.3618710461426));
#4088=CARTESIAN_POINT('',(75.8725568409584,-14.7789036914772,-13.3645285257649));
#4089=CARTESIAN_POINT('',(75.7764478192544,-14.733244242454,-13.3681533264814));
#4090=CARTESIAN_POINT('',(75.6746878022508,-14.6685403212186,-13.3729539439772));
#4091=CARTESIAN_POINT('',(75.5853832855928,-14.5937940053159,-13.3779947831506));
#4092=CARTESIAN_POINT('',(75.5104010784226,-14.5139131802419,-13.3827882708937));
#4093=CARTESIAN_POINT('',(75.4512909716101,-14.4358695659266,-13.3869178288344));
#4094=CARTESIAN_POINT('',(75.4029076817514,-14.3563839538331,-13.3905364090269));
#4095=CARTESIAN_POINT('',(75.363249409039,-14.2748406963259,-13.3936565796234));
#4096=CARTESIAN_POINT('',(75.3325169256532,-14.192805105906,-13.3961749920029));
#4097=CARTESIAN_POINT('',(75.3105920219994,-14.1122135195474,-13.3980246048876));
#4098=CARTESIAN_POINT('',(75.2965615462653,-14.036296851452,-13.3992299339691));
#4099=CARTESIAN_POINT('',(75.2892060358859,-13.9664247179776,-13.3998689596131));
#4100=CARTESIAN_POINT('',(75.2873306277296,-13.9095821186116,-13.4000325126415));
#4101=CARTESIAN_POINT('',(75.2886496778859,-13.8357029149411,-13.3999176371259));
#4102=CARTESIAN_POINT('',(75.2982679491703,-13.7412885092626,-13.3990784498242));
#4103=CARTESIAN_POINT('',(75.3272220793803,-13.6193817784183,-13.3966067756025));
#4104=CARTESIAN_POINT('',(75.3696514760729,-13.5082682745871,-13.3931280114696));
#4105=CARTESIAN_POINT('',(75.4201728336591,-13.4127147969666,-13.3892138335864));
#4106=CARTESIAN_POINT('',(75.4731368287261,-13.3337787483046,-13.3853623756811));
#4107=CARTESIAN_POINT('',(75.5304497661547,-13.2636363900257,-13.381476454363));
#4108=CARTESIAN_POINT('',(75.5971879063481,-13.196057443281,-13.3773152028969));
#4109=CARTESIAN_POINT('',(75.6774510811088,-13.1301953159171,-13.3728468112017));
#4110=CARTESIAN_POINT('',(75.7775992646549,-13.0656840889152,-13.3680820990651));
#4111=CARTESIAN_POINT('',(75.8956993910351,-13.0100531472553,-13.3636466087642));
#4112=CARTESIAN_POINT('',(76.0240007857407,-12.9712366530841,-13.3603706682816));
#4113=CARTESIAN_POINT('',(76.1391472372332,-12.9531750652377,-13.3588001994538));
#4114=CARTESIAN_POINT('',(76.2088839411144,-12.9499999276606,-13.3585220050643));
#4115=CARTESIAN_POINT('',(76.2377037716845,-12.95,-13.3585219988726));
#4116=CARTESIAN_POINT('',(83.7377037716424,-12.95,-13.3585219988726));
#4117=CARTESIAN_POINT('',(83.7377037716845,-12.95,-13.3585219988726));
#4118=CARTESIAN_POINT('',(83.7590925172142,-12.950000053687,-13.3585219942774));
#4119=CARTESIAN_POINT('',(83.8033196281673,-12.9514939552789,-13.35865285119));
#4120=CARTESIAN_POINT('',(83.8715352717563,-12.9585874138658,-13.359271305573));
#4121=CARTESIAN_POINT('',(83.953141429185,-12.9732720984586,-13.3605383290672));
#4122=CARTESIAN_POINT('',(84.0565611119672,-13.0022057105051,-13.3629867950514));
#4123=CARTESIAN_POINT('',(84.1790069486961,-13.0545144032178,-13.3672278208974));
#4124=CARTESIAN_POINT('',(84.2978616169571,-13.1285326873122,-13.3727703785695));
#4125=CARTESIAN_POINT('',(84.3941599167367,-13.2101178847568,-13.3782448092762));
#4126=CARTESIAN_POINT('',(84.4686652873525,-13.2904475957084,-13.3830343019178));
#4127=CARTESIAN_POINT('',(84.5273088409833,-13.3688453746356,-13.3871496767827));
#4128=CARTESIAN_POINT('',(84.5752164292013,-13.4486205134134,-13.3907455903351));
#4129=CARTESIAN_POINT('',(84.6143858462685,-13.5303995925662,-13.3938361610979));
#4130=CARTESIAN_POINT('',(84.6445898124769,-13.6125170763457,-13.3963167298194));
#4131=CARTESIAN_POINT('',(84.6659633064405,-13.692924783933,-13.3981225840473));
#4132=CARTESIAN_POINT('',(84.6794970508994,-13.7683949919834,-13.3992863124777));
#4133=CARTESIAN_POINT('',(84.6863484994397,-13.8365187585827,-13.3998818018677));
#4134=CARTESIAN_POINT('',(84.6880914165178,-13.8930479748739,-13.4000337764749));
#4135=CARTESIAN_POINT('',(84.6866230583146,-13.9670333033475,-13.3999058943523));
#4136=CARTESIAN_POINT('',(84.6764178710768,-14.0630900902915,-13.3990158390305));
#4137=CARTESIAN_POINT('',(84.6467051094718,-14.1854699915856,-13.3964822521645));
#4138=CARTESIAN_POINT('',(84.60349435185,-14.2967369301806,-13.3929468523268));
#4139=CARTESIAN_POINT('',(84.5523031818776,-14.3921700578387,-13.388993328854));
#4140=CARTESIAN_POINT('',(84.4988686869901,-14.4707862855066,-13.3851232502371));
#4141=CARTESIAN_POINT('',(84.4411383195112,-14.5405830023749,-13.3812281426072));
#4142=CARTESIAN_POINT('',(84.3739995050416,-14.6077592468741,-13.3770666210454));
#4143=CARTESIAN_POINT('',(84.2933463683561,-14.673138943742,-13.3726091601517));
#4144=CARTESIAN_POINT('',(84.1982775053184,-14.7335766978749,-13.3681282074078));
#4145=CARTESIAN_POINT('',(84.0925827409314,-14.7839094331909,-13.3641316513735));
#4146=CARTESIAN_POINT('',(83.980507592026,-14.8209429869036,-13.361038164239));
#4147=CARTESIAN_POINT('',(83.8671418698274,-14.8434259939049,-13.3590982495895));
#4148=CARTESIAN_POINT('',(83.7860130932925,-14.8496260801616,-13.3585546914866));
#4149=CARTESIAN_POINT('',(83.7139877977122,-14.8502557975412,-13.3584996212239));
#4150=CARTESIAN_POINT('',(83.645625549553,-14.8470961930984,-13.3587765218267));
#4151=CARTESIAN_POINT('',(83.5532862782214,-14.833576028394,-13.3599517910536));
#4152=CARTESIAN_POINT('',(83.4636243617386,-14.8110303245592,-13.3618710461426));
#4153=CARTESIAN_POINT('',(83.3725568409584,-14.7789036914772,-13.3645285257649));
#4154=CARTESIAN_POINT('',(83.2764478192545,-14.733244242454,-13.3681533264814));
#4155=CARTESIAN_POINT('',(83.1746878022508,-14.6685403212187,-13.3729539439772));
#4156=CARTESIAN_POINT('',(83.0853832855928,-14.5937940053159,-13.3779947831506));
#4157=CARTESIAN_POINT('',(83.0104010784226,-14.5139131802419,-13.3827882708937));
#4158=CARTESIAN_POINT('',(82.9512909716101,-14.4358695659266,-13.3869178288344));
#4159=CARTESIAN_POINT('',(82.9029076817514,-14.3563839538331,-13.3905364090269));
#4160=CARTESIAN_POINT('',(82.8632494090391,-14.274840696326,-13.3936565796234));
#4161=CARTESIAN_POINT('',(82.8325169256532,-14.192805105906,-13.3961749920029));
#4162=CARTESIAN_POINT('',(82.8105920219994,-14.1122135195474,-13.3980246048876));
#4163=CARTESIAN_POINT('',(82.7965615462653,-14.036296851452,-13.3992299339691));
#4164=CARTESIAN_POINT('',(82.7892060358859,-13.9664247179776,-13.3998689596131));
#4165=CARTESIAN_POINT('',(82.7873306277296,-13.9095821186116,-13.4000325126415));
#4166=CARTESIAN_POINT('',(82.7886496778859,-13.8357029149411,-13.3999176371259));
#4167=CARTESIAN_POINT('',(82.7982679491703,-13.7412885092626,-13.3990784498242));
#4168=CARTESIAN_POINT('',(82.8272220793803,-13.6193817784183,-13.3966067756025));
#4169=CARTESIAN_POINT('',(82.869651476073,-13.5082682745871,-13.3931280114696));
#4170=CARTESIAN_POINT('',(82.9201728336591,-13.4127147969665,-13.3892138335864));
#4171=CARTESIAN_POINT('',(82.9731368287261,-13.3337787483045,-13.3853623756811));
#4172=CARTESIAN_POINT('',(83.0304497661547,-13.2636363900257,-13.381476454363));
#4173=CARTESIAN_POINT('',(83.0971879063481,-13.196057443281,-13.3773152028969));
#4174=CARTESIAN_POINT('',(83.1774510811088,-13.1301953159171,-13.3728468112017));
#4175=CARTESIAN_POINT('',(83.2775992646549,-13.0656840889152,-13.3680820990651));
#4176=CARTESIAN_POINT('',(83.3956993910352,-13.0100531472553,-13.3636466087642));
#4177=CARTESIAN_POINT('',(83.5240007857407,-12.9712366530841,-13.3603706682816));
#4178=CARTESIAN_POINT('',(83.6391472372332,-12.9531750652377,-13.3588001994538));
#4179=CARTESIAN_POINT('',(83.7088839411144,-12.9499999276606,-13.3585220050643));
#4180=CARTESIAN_POINT('',(83.7377037716845,-12.95,-13.3585219988726));
#4181=CARTESIAN_POINT('',(91.2377037716424,-12.95,-13.3585219988726));
#4182=CARTESIAN_POINT('',(91.2377037716845,-12.95,-13.3585219988726));
#4183=CARTESIAN_POINT('',(91.2590925172142,-12.950000053687,-13.3585219942774));
#4184=CARTESIAN_POINT('',(91.3033196281673,-12.9514939552789,-13.35865285119));
#4185=CARTESIAN_POINT('',(91.3715352717564,-12.9585874138658,-13.3592713055731));
#4186=CARTESIAN_POINT('',(91.4531414291851,-12.9732720984586,-13.3605383290672));
#4187=CARTESIAN_POINT('',(91.5565611119672,-13.0022057105051,-13.3629867950514));
#4188=CARTESIAN_POINT('',(91.6790069486961,-13.0545144032178,-13.3672278208974));
#4189=CARTESIAN_POINT('',(91.7978616169572,-13.1285326873122,-13.3727703785695));
#4190=CARTESIAN_POINT('',(91.8941599167367,-13.2101178847569,-13.3782448092762));
#4191=CARTESIAN_POINT('',(91.9686652873526,-13.2904475957084,-13.3830343019178));
#4192=CARTESIAN_POINT('',(92.0273088409832,-13.3688453746356,-13.3871496767827));
#4193=CARTESIAN_POINT('',(92.0752164292013,-13.4486205134134,-13.3907455903351));
#4194=CARTESIAN_POINT('',(92.1143858462684,-13.5303995925662,-13.3938361610979));
#4195=CARTESIAN_POINT('',(92.1445898124769,-13.6125170763457,-13.3963167298194));
#4196=CARTESIAN_POINT('',(92.1659633064405,-13.692924783933,-13.3981225840473));
#4197=CARTESIAN_POINT('',(92.1794970508994,-13.7683949919834,-13.3992863124777));
#4198=CARTESIAN_POINT('',(92.1863484994397,-13.8365187585827,-13.3998818018677));
#4199=CARTESIAN_POINT('',(92.1880914165179,-13.8930479748739,-13.4000337764749));
#4200=CARTESIAN_POINT('',(92.1866230583145,-13.9670333033475,-13.3999058943523));
#4201=CARTESIAN_POINT('',(92.1764178710769,-14.0630900902916,-13.3990158390305));
#4202=CARTESIAN_POINT('',(92.1467051094718,-14.1854699915855,-13.3964822521645));
#4203=CARTESIAN_POINT('',(92.10349435185,-14.2967369301806,-13.3929468523268));
#4204=CARTESIAN_POINT('',(92.0523031818776,-14.3921700578387,-13.388993328854));
#4205=CARTESIAN_POINT('',(91.9988686869901,-14.4707862855066,-13.3851232502371));
#4206=CARTESIAN_POINT('',(91.9411383195112,-14.5405830023748,-13.3812281426072));
#4207=CARTESIAN_POINT('',(91.8739995050416,-14.6077592468741,-13.3770666210454));
#4208=CARTESIAN_POINT('',(91.7933463683561,-14.673138943742,-13.3726091601517));
#4209=CARTESIAN_POINT('',(91.6982775053184,-14.7335766978749,-13.3681282074078));
#4210=CARTESIAN_POINT('',(91.5925827409313,-14.7839094331909,-13.3641316513735));
#4211=CARTESIAN_POINT('',(91.480507592026,-14.8209429869036,-13.361038164239));
#4212=CARTESIAN_POINT('',(91.3671418698274,-14.8434259939049,-13.3590982495895));
#4213=CARTESIAN_POINT('',(91.2860130932925,-14.8496260801616,-13.3585546914866));
#4214=CARTESIAN_POINT('',(91.2139877977122,-14.8502557975412,-13.3584996212239));
#4215=CARTESIAN_POINT('',(91.145625549553,-14.8470961930984,-13.3587765218267));
#4216=CARTESIAN_POINT('',(91.0532862782214,-14.8335760283939,-13.3599517910536));
#4217=CARTESIAN_POINT('',(90.9636243617385,-14.8110303245592,-13.3618710461426));
#4218=CARTESIAN_POINT('',(90.8725568409584,-14.7789036914772,-13.3645285257649));
#4219=CARTESIAN_POINT('',(90.7764478192545,-14.733244242454,-13.3681533264814));
#4220=CARTESIAN_POINT('',(90.6746878022508,-14.6685403212187,-13.3729539439772));
#4221=CARTESIAN_POINT('',(90.5853832855927,-14.5937940053159,-13.3779947831506));
#4222=CARTESIAN_POINT('',(90.5104010784226,-14.5139131802419,-13.3827882708937));
#4223=CARTESIAN_POINT('',(90.4512909716101,-14.4358695659266,-13.3869178288344));
#4224=CARTESIAN_POINT('',(90.4029076817514,-14.3563839538331,-13.3905364090269));
#4225=CARTESIAN_POINT('',(90.3632494090391,-14.2748406963259,-13.3936565796234));
#4226=CARTESIAN_POINT('',(90.3325169256532,-14.192805105906,-13.3961749920029));
#4227=CARTESIAN_POINT('',(90.3105920219994,-14.1122135195474,-13.3980246048876));
#4228=CARTESIAN_POINT('',(90.2965615462652,-14.036296851452,-13.3992299339691));
#4229=CARTESIAN_POINT('',(90.289206035886,-13.9664247179776,-13.3998689596131));
#4230=CARTESIAN_POINT('',(90.2873306277296,-13.9095821186116,-13.4000325126415));
#4231=CARTESIAN_POINT('',(90.2886496778859,-13.8357029149411,-13.3999176371259));
#4232=CARTESIAN_POINT('',(90.2982679491703,-13.7412885092626,-13.3990784498242));
#4233=CARTESIAN_POINT('',(90.3272220793803,-13.6193817784183,-13.3966067756025));
#4234=CARTESIAN_POINT('',(90.369651476073,-13.5082682745871,-13.3931280114696));
#4235=CARTESIAN_POINT('',(90.4201728336591,-13.4127147969666,-13.3892138335864));
#4236=CARTESIAN_POINT('',(90.4731368287261,-13.3337787483046,-13.3853623756811));
#4237=CARTESIAN_POINT('',(90.5304497661547,-13.2636363900257,-13.381476454363));
#4238=CARTESIAN_POINT('',(90.597187906348,-13.196057443281,-13.3773152028969));
#4239=CARTESIAN_POINT('',(90.6774510811089,-13.1301953159171,-13.3728468112017));
#4240=CARTESIAN_POINT('',(90.777599264655,-13.0656840889152,-13.3680820990651));
#4241=CARTESIAN_POINT('',(90.8956993910352,-13.0100531472553,-13.3636466087642));
#4242=CARTESIAN_POINT('',(91.0240007857407,-12.9712366530841,-13.3603706682816));
#4243=CARTESIAN_POINT('',(91.1391472372332,-12.9531750652377,-13.3588001994538));
#4244=CARTESIAN_POINT('',(91.2088839411144,-12.9499999276606,-13.3585220050643));
#4245=CARTESIAN_POINT('',(91.2377037716845,-12.95,-13.3585219988726));
#4246=CARTESIAN_POINT('',(98.7377037716424,-12.95,-13.3585219988726));
#4247=CARTESIAN_POINT('',(98.7377037716845,-12.95,-13.3585219988726));
#4248=CARTESIAN_POINT('',(98.7590925172142,-12.950000053687,-13.3585219942774));
#4249=CARTESIAN_POINT('',(98.8033196281673,-12.9514939552789,-13.35865285119));
#4250=CARTESIAN_POINT('',(98.8715352717564,-12.9585874138658,-13.3592713055731));
#4251=CARTESIAN_POINT('',(98.9531414291851,-12.9732720984586,-13.3605383290671));
#4252=CARTESIAN_POINT('',(99.0565611119672,-13.0022057105051,-13.3629867950514));
#4253=CARTESIAN_POINT('',(99.1790069486962,-13.0545144032178,-13.3672278208974));
#4254=CARTESIAN_POINT('',(99.2978616169571,-13.1285326873122,-13.3727703785695));
#4255=CARTESIAN_POINT('',(99.3941599167368,-13.2101178847569,-13.3782448092762));
#4256=CARTESIAN_POINT('',(99.4686652873525,-13.2904475957084,-13.3830343019177));
#4257=CARTESIAN_POINT('',(99.5273088409833,-13.3688453746356,-13.3871496767827));
#4258=CARTESIAN_POINT('',(99.5752164292013,-13.4486205134134,-13.3907455903351));
#4259=CARTESIAN_POINT('',(99.6143858462685,-13.5303995925662,-13.3938361610979));
#4260=CARTESIAN_POINT('',(99.6445898124768,-13.6125170763457,-13.3963167298194));
#4261=CARTESIAN_POINT('',(99.6659633064406,-13.692924783933,-13.3981225840473));
#4262=CARTESIAN_POINT('',(99.6794970508993,-13.7683949919834,-13.3992863124777));
#4263=CARTESIAN_POINT('',(99.6863484994397,-13.8365187585827,-13.3998818018677));
#4264=CARTESIAN_POINT('',(99.6880914165179,-13.8930479748739,-13.4000337764749));
#4265=CARTESIAN_POINT('',(99.6866230583145,-13.9670333033475,-13.3999058943523));
#4266=CARTESIAN_POINT('',(99.6764178710769,-14.0630900902916,-13.3990158390305));
#4267=CARTESIAN_POINT('',(99.6467051094718,-14.1854699915855,-13.3964822521645));
#4268=CARTESIAN_POINT('',(99.60349435185,-14.2967369301806,-13.3929468523268));
#4269=CARTESIAN_POINT('',(99.5523031818776,-14.3921700578387,-13.388993328854));
#4270=CARTESIAN_POINT('',(99.4988686869901,-14.4707862855066,-13.3851232502371));
#4271=CARTESIAN_POINT('',(99.4411383195112,-14.5405830023748,-13.3812281426072));
#4272=CARTESIAN_POINT('',(99.3739995050416,-14.607759246874,-13.3770666210454));
#4273=CARTESIAN_POINT('',(99.2933463683561,-14.673138943742,-13.3726091601517));
#4274=CARTESIAN_POINT('',(99.1982775053184,-14.7335766978748,-13.3681282074078));
#4275=CARTESIAN_POINT('',(99.0925827409313,-14.7839094331909,-13.3641316513735));
#4276=CARTESIAN_POINT('',(98.980507592026,-14.8209429869036,-13.361038164239));
#4277=CARTESIAN_POINT('',(98.8671418698274,-14.8434259939049,-13.3590982495895));
#4278=CARTESIAN_POINT('',(98.7860130932926,-14.8496260801616,-13.3585546914867));
#4279=CARTESIAN_POINT('',(98.7139877977122,-14.8502557975412,-13.3584996212239));
#4280=CARTESIAN_POINT('',(98.645625549553,-14.8470961930984,-13.3587765218267));
#4281=CARTESIAN_POINT('',(98.5532862782214,-14.833576028394,-13.3599517910536));
#4282=CARTESIAN_POINT('',(98.4636243617385,-14.8110303245592,-13.3618710461426));
#4283=CARTESIAN_POINT('',(98.3725568409584,-14.7789036914772,-13.3645285257649));
#4284=CARTESIAN_POINT('',(98.2764478192545,-14.733244242454,-13.3681533264814));
#4285=CARTESIAN_POINT('',(98.1746878022508,-14.6685403212187,-13.3729539439772));
#4286=CARTESIAN_POINT('',(98.0853832855928,-14.5937940053159,-13.3779947831506));
#4287=CARTESIAN_POINT('',(98.0104010784226,-14.5139131802419,-13.3827882708937));
#4288=CARTESIAN_POINT('',(97.9512909716101,-14.4358695659266,-13.3869178288344));
#4289=CARTESIAN_POINT('',(97.9029076817514,-14.3563839538331,-13.3905364090269));
#4290=CARTESIAN_POINT('',(97.863249409039,-14.2748406963259,-13.3936565796234));
#4291=CARTESIAN_POINT('',(97.8325169256532,-14.192805105906,-13.3961749920029));
#4292=CARTESIAN_POINT('',(97.8105920219994,-14.1122135195474,-13.3980246048876));
#4293=CARTESIAN_POINT('',(97.7965615462653,-14.036296851452,-13.3992299339691));
#4294=CARTESIAN_POINT('',(97.7892060358859,-13.9664247179776,-13.3998689596131));
#4295=CARTESIAN_POINT('',(97.7873306277296,-13.9095821186116,-13.4000325126415));
#4296=CARTESIAN_POINT('',(97.7886496778859,-13.8357029149411,-13.3999176371259));
#4297=CARTESIAN_POINT('',(97.7982679491703,-13.7412885092625,-13.3990784498242));
#4298=CARTESIAN_POINT('',(97.8272220793803,-13.6193817784183,-13.3966067756025));
#4299=CARTESIAN_POINT('',(97.869651476073,-13.5082682745871,-13.3931280114696));
#4300=CARTESIAN_POINT('',(97.9201728336591,-13.4127147969666,-13.3892138335864));
#4301=CARTESIAN_POINT('',(97.9731368287261,-13.3337787483045,-13.3853623756811));
#4302=CARTESIAN_POINT('',(98.0304497661548,-13.2636363900257,-13.381476454363));
#4303=CARTESIAN_POINT('',(98.0971879063481,-13.196057443281,-13.3773152028969));
#4304=CARTESIAN_POINT('',(98.1774510811088,-13.1301953159171,-13.3728468112017));
#4305=CARTESIAN_POINT('',(98.2775992646549,-13.0656840889152,-13.3680820990651));
#4306=CARTESIAN_POINT('',(98.3956993910352,-13.0100531472553,-13.3636466087642));
#4307=CARTESIAN_POINT('',(98.5240007857407,-12.9712366530841,-13.3603706682816));
#4308=CARTESIAN_POINT('',(98.6391472372332,-12.9531750652377,-13.3588001994538));
#4309=CARTESIAN_POINT('',(98.7088839411144,-12.9499999276606,-13.3585220050643));
#4310=CARTESIAN_POINT('',(98.7377037716845,-12.95,-13.3585219988726));
#4311=CARTESIAN_POINT('',(106.237703771642,-12.95,-13.3585219988726));
#4312=CARTESIAN_POINT('',(106.237703771685,-12.95,-13.3585219988726));
#4313=CARTESIAN_POINT('',(106.259092517214,-12.950000053687,-13.3585219942774));
#4314=CARTESIAN_POINT('',(106.303319628167,-12.9514939552789,-13.35865285119));
#4315=CARTESIAN_POINT('',(106.371535271756,-12.9585874138658,-13.3592713055731));
#4316=CARTESIAN_POINT('',(106.453141429185,-12.9732720984586,-13.3605383290672));
#4317=CARTESIAN_POINT('',(106.556561111967,-13.0022057105052,-13.3629867950514));
#4318=CARTESIAN_POINT('',(106.679006948696,-13.0545144032178,-13.3672278208974));
#4319=CARTESIAN_POINT('',(106.797861616957,-13.1285326873122,-13.3727703785695));
#4320=CARTESIAN_POINT('',(106.894159916737,-13.2101178847568,-13.3782448092762));
#4321=CARTESIAN_POINT('',(106.968665287352,-13.2904475957083,-13.3830343019178));
#4322=CARTESIAN_POINT('',(107.027308840983,-13.3688453746355,-13.3871496767827));
#4323=CARTESIAN_POINT('',(107.075216429201,-13.4486205134134,-13.3907455903351));
#4324=CARTESIAN_POINT('',(107.114385846268,-13.5303995925662,-13.3938361610979));
#4325=CARTESIAN_POINT('',(107.144589812477,-13.6125170763456,-13.3963167298194));
#4326=CARTESIAN_POINT('',(107.165963306441,-13.692924783933,-13.3981225840473));
#4327=CARTESIAN_POINT('',(107.179497050899,-13.7683949919834,-13.3992863124777));
#4328=CARTESIAN_POINT('',(107.18634849944,-13.8365187585827,-13.3998818018677));
#4329=CARTESIAN_POINT('',(107.188091416518,-13.8930479748739,-13.4000337764749));
#4330=CARTESIAN_POINT('',(107.186623058315,-13.9670333033476,-13.3999058943523));
#4331=CARTESIAN_POINT('',(107.176417871077,-14.0630900902915,-13.3990158390305));
#4332=CARTESIAN_POINT('',(107.146705109472,-14.1854699915856,-13.3964822521645));
#4333=CARTESIAN_POINT('',(107.10349435185,-14.2967369301806,-13.3929468523268));
#4334=CARTESIAN_POINT('',(107.052303181878,-14.3921700578387,-13.388993328854));
#4335=CARTESIAN_POINT('',(106.99886868699,-14.4707862855066,-13.3851232502371));
#4336=CARTESIAN_POINT('',(106.941138319511,-14.5405830023748,-13.3812281426072));
#4337=CARTESIAN_POINT('',(106.873999505042,-14.6077592468741,-13.3770666210454));
#4338=CARTESIAN_POINT('',(106.793346368356,-14.673138943742,-13.3726091601517));
#4339=CARTESIAN_POINT('',(106.698277505318,-14.7335766978749,-13.3681282074078));
#4340=CARTESIAN_POINT('',(106.592582740931,-14.7839094331909,-13.3641316513735));
#4341=CARTESIAN_POINT('',(106.480507592026,-14.8209429869036,-13.361038164239));
#4342=CARTESIAN_POINT('',(106.367141869827,-14.8434259939049,-13.3590982495895));
#4343=CARTESIAN_POINT('',(106.286013093293,-14.8496260801616,-13.3585546914866));
#4344=CARTESIAN_POINT('',(106.213987797712,-14.8502557975412,-13.3584996212239));
#4345=CARTESIAN_POINT('',(106.145625549553,-14.8470961930984,-13.3587765218267));
#4346=CARTESIAN_POINT('',(106.053286278221,-14.833576028394,-13.3599517910536));
#4347=CARTESIAN_POINT('',(105.963624361739,-14.8110303245592,-13.3618710461426));
#4348=CARTESIAN_POINT('',(105.872556840958,-14.7789036914772,-13.3645285257649));
#4349=CARTESIAN_POINT('',(105.776447819255,-14.733244242454,-13.3681533264814));
#4350=CARTESIAN_POINT('',(105.674687802251,-14.6685403212187,-13.3729539439772));
#4351=CARTESIAN_POINT('',(105.585383285593,-14.5937940053159,-13.3779947831506));
#4352=CARTESIAN_POINT('',(105.510401078423,-14.5139131802419,-13.3827882708937));
#4353=CARTESIAN_POINT('',(105.45129097161,-14.4358695659266,-13.3869178288344));
#4354=CARTESIAN_POINT('',(105.402907681751,-14.3563839538331,-13.3905364090269));
#4355=CARTESIAN_POINT('',(105.363249409039,-14.2748406963259,-13.3936565796234));
#4356=CARTESIAN_POINT('',(105.332516925653,-14.192805105906,-13.3961749920029));
#4357=CARTESIAN_POINT('',(105.310592021999,-14.1122135195474,-13.3980246048876));
#4358=CARTESIAN_POINT('',(105.296561546265,-14.036296851452,-13.3992299339691));
#4359=CARTESIAN_POINT('',(105.289206035886,-13.9664247179776,-13.3998689596131));
#4360=CARTESIAN_POINT('',(105.28733062773,-13.9095821186116,-13.4000325126415));
#4361=CARTESIAN_POINT('',(105.288649677886,-13.8357029149411,-13.3999176371259));
#4362=CARTESIAN_POINT('',(105.29826794917,-13.7412885092626,-13.3990784498242));
#4363=CARTESIAN_POINT('',(105.32722207938,-13.6193817784183,-13.3966067756025));
#4364=CARTESIAN_POINT('',(105.369651476073,-13.5082682745871,-13.3931280114696));
#4365=CARTESIAN_POINT('',(105.420172833659,-13.4127147969666,-13.3892138335864));
#4366=CARTESIAN_POINT('',(105.473136828726,-13.3337787483045,-13.3853623756811));
#4367=CARTESIAN_POINT('',(105.530449766155,-13.2636363900257,-13.381476454363));
#4368=CARTESIAN_POINT('',(105.597187906348,-13.196057443281,-13.3773152028969));
#4369=CARTESIAN_POINT('',(105.677451081109,-13.1301953159172,-13.3728468112017));
#4370=CARTESIAN_POINT('',(105.777599264655,-13.0656840889152,-13.3680820990651));
#4371=CARTESIAN_POINT('',(105.895699391035,-13.0100531472553,-13.3636466087642));
#4372=CARTESIAN_POINT('',(106.024000785741,-12.9712366530841,-13.3603706682816));
#4373=CARTESIAN_POINT('',(106.139147237233,-12.9531750652377,-13.3588001994538));
#4374=CARTESIAN_POINT('',(106.208883941114,-12.9499999276606,-13.3585220050643));
#4375=CARTESIAN_POINT('',(106.237703771685,-12.95,-13.3585219988726));
#4376=CARTESIAN_POINT('',(113.737703771642,-12.95,-13.3585219988726));
#4377=CARTESIAN_POINT('',(113.737703771685,-12.95,-13.3585219988726));
#4378=CARTESIAN_POINT('',(113.759092517214,-12.950000053687,-13.3585219942774));
#4379=CARTESIAN_POINT('',(113.803319628167,-12.9514939552789,-13.35865285119));
#4380=CARTESIAN_POINT('',(113.871535271756,-12.9585874138658,-13.359271305573));
#4381=CARTESIAN_POINT('',(113.953141429185,-12.9732720984586,-13.3605383290672));
#4382=CARTESIAN_POINT('',(114.056561111967,-13.0022057105052,-13.3629867950514));
#4383=CARTESIAN_POINT('',(114.179006948696,-13.0545144032178,-13.3672278208974));
#4384=CARTESIAN_POINT('',(114.297861616957,-13.1285326873122,-13.3727703785695));
#4385=CARTESIAN_POINT('',(114.394159916737,-13.2101178847568,-13.3782448092762));
#4386=CARTESIAN_POINT('',(114.468665287352,-13.2904475957083,-13.3830343019178));
#4387=CARTESIAN_POINT('',(114.527308840983,-13.3688453746356,-13.3871496767827));
#4388=CARTESIAN_POINT('',(114.575216429201,-13.4486205134134,-13.3907455903351));
#4389=CARTESIAN_POINT('',(114.614385846269,-13.5303995925662,-13.3938361610979));
#4390=CARTESIAN_POINT('',(114.644589812477,-13.6125170763457,-13.3963167298194));
#4391=CARTESIAN_POINT('',(114.665963306441,-13.692924783933,-13.3981225840473));
#4392=CARTESIAN_POINT('',(114.679497050899,-13.7683949919834,-13.3992863124777));
#4393=CARTESIAN_POINT('',(114.68634849944,-13.8365187585827,-13.3998818018677));
#4394=CARTESIAN_POINT('',(114.688091416518,-13.8930479748739,-13.4000337764749));
#4395=CARTESIAN_POINT('',(114.686623058315,-13.9670333033475,-13.3999058943523));
#4396=CARTESIAN_POINT('',(114.676417871077,-14.0630900902915,-13.3990158390305));
#4397=CARTESIAN_POINT('',(114.646705109472,-14.1854699915855,-13.3964822521645));
#4398=CARTESIAN_POINT('',(114.60349435185,-14.2967369301806,-13.3929468523268));
#4399=CARTESIAN_POINT('',(114.552303181878,-14.3921700578387,-13.388993328854));
#4400=CARTESIAN_POINT('',(114.49886868699,-14.4707862855066,-13.3851232502371));
#4401=CARTESIAN_POINT('',(114.441138319511,-14.5405830023749,-13.3812281426072));
#4402=CARTESIAN_POINT('',(114.373999505042,-14.607759246874,-13.3770666210454));
#4403=CARTESIAN_POINT('',(114.293346368356,-14.673138943742,-13.3726091601517));
#4404=CARTESIAN_POINT('',(114.198277505318,-14.7335766978748,-13.3681282074078));
#4405=CARTESIAN_POINT('',(114.092582740931,-14.7839094331909,-13.3641316513735));
#4406=CARTESIAN_POINT('',(113.980507592026,-14.8209429869036,-13.361038164239));
#4407=CARTESIAN_POINT('',(113.867141869827,-14.8434259939049,-13.3590982495895));
#4408=CARTESIAN_POINT('',(113.786013093292,-14.8496260801617,-13.3585546914866));
#4409=CARTESIAN_POINT('',(113.713987797712,-14.8502557975412,-13.3584996212239));
#4410=CARTESIAN_POINT('',(113.645625549553,-14.8470961930984,-13.3587765218267));
#4411=CARTESIAN_POINT('',(113.553286278221,-14.8335760283939,-13.3599517910536));
#4412=CARTESIAN_POINT('',(113.463624361739,-14.8110303245592,-13.3618710461426));
#4413=CARTESIAN_POINT('',(113.372556840958,-14.7789036914772,-13.3645285257649));
#4414=CARTESIAN_POINT('',(113.276447819254,-14.733244242454,-13.3681533264814));
#4415=CARTESIAN_POINT('',(113.174687802251,-14.6685403212187,-13.3729539439772));
#4416=CARTESIAN_POINT('',(113.085383285593,-14.5937940053159,-13.3779947831506));
#4417=CARTESIAN_POINT('',(113.010401078423,-14.5139131802419,-13.3827882708937));
#4418=CARTESIAN_POINT('',(112.95129097161,-14.4358695659266,-13.3869178288344));
#4419=CARTESIAN_POINT('',(112.902907681751,-14.3563839538331,-13.3905364090269));
#4420=CARTESIAN_POINT('',(112.863249409039,-14.274840696326,-13.3936565796234));
#4421=CARTESIAN_POINT('',(112.832516925653,-14.192805105906,-13.3961749920029));
#4422=CARTESIAN_POINT('',(112.810592021999,-14.1122135195474,-13.3980246048876));
#4423=CARTESIAN_POINT('',(112.796561546265,-14.036296851452,-13.3992299339691));
#4424=CARTESIAN_POINT('',(112.789206035886,-13.9664247179776,-13.3998689596131));
#4425=CARTESIAN_POINT('',(112.78733062773,-13.9095821186116,-13.4000325126415));
#4426=CARTESIAN_POINT('',(112.788649677886,-13.8357029149411,-13.3999176371259));
#4427=CARTESIAN_POINT('',(112.79826794917,-13.7412885092626,-13.3990784498242));
#4428=CARTESIAN_POINT('',(112.82722207938,-13.6193817784183,-13.3966067756025));
#4429=CARTESIAN_POINT('',(112.869651476073,-13.5082682745871,-13.3931280114696));
#4430=CARTESIAN_POINT('',(112.920172833659,-13.4127147969666,-13.3892138335864));
#4431=CARTESIAN_POINT('',(112.973136828726,-13.3337787483046,-13.3853623756811));
#4432=CARTESIAN_POINT('',(113.030449766155,-13.2636363900257,-13.381476454363));
#4433=CARTESIAN_POINT('',(113.097187906348,-13.196057443281,-13.3773152028969));
#4434=CARTESIAN_POINT('',(113.177451081109,-13.1301953159171,-13.3728468112017));
#4435=CARTESIAN_POINT('',(113.277599264655,-13.0656840889152,-13.3680820990651));
#4436=CARTESIAN_POINT('',(113.395699391035,-13.0100531472553,-13.3636466087642));
#4437=CARTESIAN_POINT('',(113.524000785741,-12.9712366530841,-13.3603706682816));
#4438=CARTESIAN_POINT('',(113.639147237233,-12.9531750652377,-13.3588001994538));
#4439=CARTESIAN_POINT('',(113.708883941114,-12.9499999276606,-13.3585220050643));
#4440=CARTESIAN_POINT('',(113.737703771685,-12.95,-13.3585219988726));
#4441=CARTESIAN_POINT('',(121.237703771642,-12.95,-13.3585219988726));
#4442=CARTESIAN_POINT('',(121.237703771685,-12.95,-13.3585219988726));
#4443=CARTESIAN_POINT('',(121.259092517214,-12.950000053687,-13.3585219942774));
#4444=CARTESIAN_POINT('',(121.303319628167,-12.9514939552789,-13.35865285119));
#4445=CARTESIAN_POINT('',(121.371535271756,-12.9585874138658,-13.3592713055731));
#4446=CARTESIAN_POINT('',(121.453141429185,-12.9732720984586,-13.3605383290672));
#4447=CARTESIAN_POINT('',(121.556561111967,-13.0022057105051,-13.3629867950514));
#4448=CARTESIAN_POINT('',(121.679006948696,-13.0545144032178,-13.3672278208974));
#4449=CARTESIAN_POINT('',(121.797861616957,-13.1285326873122,-13.3727703785695));
#4450=CARTESIAN_POINT('',(121.894159916737,-13.2101178847568,-13.3782448092762));
#4451=CARTESIAN_POINT('',(121.968665287353,-13.2904475957084,-13.3830343019178));
#4452=CARTESIAN_POINT('',(122.027308840983,-13.3688453746356,-13.3871496767827));
#4453=CARTESIAN_POINT('',(122.075216429201,-13.4486205134134,-13.3907455903351));
#4454=CARTESIAN_POINT('',(122.114385846268,-13.5303995925662,-13.3938361610979));
#4455=CARTESIAN_POINT('',(122.144589812477,-13.6125170763457,-13.3963167298194));
#4456=CARTESIAN_POINT('',(122.165963306441,-13.6929247839331,-13.3981225840473));
#4457=CARTESIAN_POINT('',(122.179497050899,-13.7683949919835,-13.3992863124777));
#4458=CARTESIAN_POINT('',(122.18634849944,-13.8365187585827,-13.3998818018677));
#4459=CARTESIAN_POINT('',(122.188091416518,-13.8930479748739,-13.4000337764749));
#4460=CARTESIAN_POINT('',(122.186623058315,-13.9670333033476,-13.3999058943523));
#4461=CARTESIAN_POINT('',(122.176417871077,-14.0630900902915,-13.3990158390305));
#4462=CARTESIAN_POINT('',(122.146705109472,-14.1854699915856,-13.3964822521645));
#4463=CARTESIAN_POINT('',(122.10349435185,-14.2967369301806,-13.3929468523268));
#4464=CARTESIAN_POINT('',(122.052303181878,-14.3921700578387,-13.388993328854));
#4465=CARTESIAN_POINT('',(121.99886868699,-14.4707862855066,-13.3851232502371));
#4466=CARTESIAN_POINT('',(121.941138319511,-14.5405830023748,-13.3812281426072));
#4467=CARTESIAN_POINT('',(121.873999505042,-14.6077592468741,-13.3770666210454));
#4468=CARTESIAN_POINT('',(121.793346368356,-14.673138943742,-13.3726091601517));
#4469=CARTESIAN_POINT('',(121.698277505318,-14.7335766978749,-13.3681282074078));
#4470=CARTESIAN_POINT('',(121.592582740931,-14.7839094331909,-13.3641316513735));
#4471=CARTESIAN_POINT('',(121.480507592026,-14.8209429869036,-13.361038164239));
#4472=CARTESIAN_POINT('',(121.367141869827,-14.8434259939049,-13.3590982495895));
#4473=CARTESIAN_POINT('',(121.286013093292,-14.8496260801616,-13.3585546914866));
#4474=CARTESIAN_POINT('',(121.213987797712,-14.8502557975412,-13.3584996212239));
#4475=CARTESIAN_POINT('',(121.145625549553,-14.8470961930984,-13.3587765218267));
#4476=CARTESIAN_POINT('',(121.053286278222,-14.833576028394,-13.3599517910536));
#4477=CARTESIAN_POINT('',(120.963624361738,-14.8110303245592,-13.3618710461426));
#4478=CARTESIAN_POINT('',(120.872556840958,-14.7789036914772,-13.3645285257649));
#4479=CARTESIAN_POINT('',(120.776447819254,-14.733244242454,-13.3681533264814));
#4480=CARTESIAN_POINT('',(120.674687802251,-14.6685403212187,-13.3729539439772));
#4481=CARTESIAN_POINT('',(120.585383285593,-14.593794005316,-13.3779947831506));
#4482=CARTESIAN_POINT('',(120.510401078423,-14.5139131802419,-13.3827882708937));
#4483=CARTESIAN_POINT('',(120.45129097161,-14.4358695659266,-13.3869178288344));
#4484=CARTESIAN_POINT('',(120.402907681751,-14.3563839538331,-13.3905364090269));
#4485=CARTESIAN_POINT('',(120.363249409039,-14.274840696326,-13.3936565796234));
#4486=CARTESIAN_POINT('',(120.332516925653,-14.192805105906,-13.3961749920029));
#4487=CARTESIAN_POINT('',(120.310592021999,-14.1122135195473,-13.3980246048876));
#4488=CARTESIAN_POINT('',(120.296561546265,-14.036296851452,-13.3992299339691));
#4489=CARTESIAN_POINT('',(120.289206035886,-13.9664247179776,-13.3998689596131));
#4490=CARTESIAN_POINT('',(120.28733062773,-13.9095821186116,-13.4000325126415));
#4491=CARTESIAN_POINT('',(120.288649677886,-13.8357029149411,-13.3999176371259));
#4492=CARTESIAN_POINT('',(120.29826794917,-13.7412885092626,-13.3990784498242));
#4493=CARTESIAN_POINT('',(120.32722207938,-13.6193817784183,-13.3966067756025));
#4494=CARTESIAN_POINT('',(120.369651476073,-13.5082682745871,-13.3931280114696));
#4495=CARTESIAN_POINT('',(120.420172833659,-13.4127147969666,-13.3892138335864));
#4496=CARTESIAN_POINT('',(120.473136828726,-13.3337787483045,-13.3853623756811));
#4497=CARTESIAN_POINT('',(120.530449766155,-13.2636363900257,-13.381476454363));
#4498=CARTESIAN_POINT('',(120.597187906348,-13.196057443281,-13.3773152028969));
#4499=CARTESIAN_POINT('',(120.677451081109,-13.1301953159172,-13.3728468112017));
#4500=CARTESIAN_POINT('',(120.777599264655,-13.0656840889152,-13.3680820990651));
#4501=CARTESIAN_POINT('',(120.895699391035,-13.0100531472553,-13.3636466087642));
#4502=CARTESIAN_POINT('',(121.024000785741,-12.9712366530841,-13.3603706682816));
#4503=CARTESIAN_POINT('',(121.139147237233,-12.9531750652377,-13.3588001994538));
#4504=CARTESIAN_POINT('',(121.208883941114,-12.9499999276606,-13.3585220050643));
#4505=CARTESIAN_POINT('',(121.237703771685,-12.95,-13.3585219988726));
#4506=CARTESIAN_POINT('',(128.737703771642,-12.95,-13.3585219988726));
#4507=CARTESIAN_POINT('',(128.737703771685,-12.95,-13.3585219988726));
#4508=CARTESIAN_POINT('',(128.759092517214,-12.950000053687,-13.3585219942774));
#4509=CARTESIAN_POINT('',(128.803319628167,-12.9514939552789,-13.35865285119));
#4510=CARTESIAN_POINT('',(128.871535271756,-12.9585874138658,-13.3592713055731));
#4511=CARTESIAN_POINT('',(128.953141429185,-12.9732720984586,-13.3605383290672));
#4512=CARTESIAN_POINT('',(129.056561111967,-13.0022057105051,-13.3629867950514));
#4513=CARTESIAN_POINT('',(129.179006948696,-13.0545144032178,-13.3672278208974));
#4514=CARTESIAN_POINT('',(129.297861616957,-13.1285326873122,-13.3727703785695));
#4515=CARTESIAN_POINT('',(129.394159916737,-13.2101178847568,-13.3782448092762));
#4516=CARTESIAN_POINT('',(129.468665287352,-13.2904475957084,-13.3830343019178));
#4517=CARTESIAN_POINT('',(129.527308840983,-13.3688453746356,-13.3871496767827));
#4518=CARTESIAN_POINT('',(129.575216429201,-13.4486205134134,-13.3907455903351));
#4519=CARTESIAN_POINT('',(129.614385846269,-13.5303995925662,-13.3938361610979));
#4520=CARTESIAN_POINT('',(129.644589812477,-13.6125170763457,-13.3963167298194));
#4521=CARTESIAN_POINT('',(129.665963306441,-13.692924783933,-13.3981225840473));
#4522=CARTESIAN_POINT('',(129.679497050899,-13.7683949919834,-13.3992863124777));
#4523=CARTESIAN_POINT('',(129.68634849944,-13.8365187585827,-13.3998818018677));
#4524=CARTESIAN_POINT('',(129.688091416518,-13.8930479748739,-13.4000337764749));
#4525=CARTESIAN_POINT('',(129.686623058315,-13.9670333033476,-13.3999058943523));
#4526=CARTESIAN_POINT('',(129.676417871077,-14.0630900902915,-13.3990158390305));
#4527=CARTESIAN_POINT('',(129.646705109472,-14.1854699915856,-13.3964822521645));
#4528=CARTESIAN_POINT('',(129.60349435185,-14.2967369301806,-13.3929468523268));
#4529=CARTESIAN_POINT('',(129.552303181878,-14.3921700578387,-13.388993328854));
#4530=CARTESIAN_POINT('',(129.49886868699,-14.4707862855066,-13.3851232502371));
#4531=CARTESIAN_POINT('',(129.441138319511,-14.5405830023749,-13.3812281426072));
#4532=CARTESIAN_POINT('',(129.373999505042,-14.6077592468741,-13.3770666210454));
#4533=CARTESIAN_POINT('',(129.293346368356,-14.673138943742,-13.3726091601517));
#4534=CARTESIAN_POINT('',(129.198277505318,-14.7335766978748,-13.3681282074078));
#4535=CARTESIAN_POINT('',(129.092582740931,-14.7839094331909,-13.3641316513735));
#4536=CARTESIAN_POINT('',(128.980507592026,-14.8209429869035,-13.361038164239));
#4537=CARTESIAN_POINT('',(128.867141869827,-14.8434259939049,-13.3590982495895));
#4538=CARTESIAN_POINT('',(128.786013093292,-14.8496260801616,-13.3585546914866));
#4539=CARTESIAN_POINT('',(128.713987797712,-14.8502557975412,-13.3584996212239));
#4540=CARTESIAN_POINT('',(128.645625549553,-14.8470961930984,-13.3587765218267));
#4541=CARTESIAN_POINT('',(128.553286278221,-14.8335760283939,-13.3599517910536));
#4542=CARTESIAN_POINT('',(128.463624361739,-14.8110303245592,-13.3618710461426));
#4543=CARTESIAN_POINT('',(128.372556840958,-14.7789036914772,-13.3645285257649));
#4544=CARTESIAN_POINT('',(128.276447819254,-14.733244242454,-13.3681533264814));
#4545=CARTESIAN_POINT('',(128.174687802251,-14.6685403212187,-13.3729539439772));
#4546=CARTESIAN_POINT('',(128.085383285593,-14.5937940053159,-13.3779947831506));
#4547=CARTESIAN_POINT('',(128.010401078423,-14.5139131802419,-13.3827882708937));
#4548=CARTESIAN_POINT('',(127.95129097161,-14.4358695659266,-13.3869178288344));
#4549=CARTESIAN_POINT('',(127.902907681751,-14.3563839538331,-13.3905364090269));
#4550=CARTESIAN_POINT('',(127.863249409039,-14.2748406963259,-13.3936565796234));
#4551=CARTESIAN_POINT('',(127.832516925653,-14.192805105906,-13.3961749920029));
#4552=CARTESIAN_POINT('',(127.810592021999,-14.1122135195474,-13.3980246048876));
#4553=CARTESIAN_POINT('',(127.796561546265,-14.036296851452,-13.3992299339691));
#4554=CARTESIAN_POINT('',(127.789206035886,-13.9664247179776,-13.3998689596131));
#4555=CARTESIAN_POINT('',(127.78733062773,-13.9095821186116,-13.4000325126416));
#4556=CARTESIAN_POINT('',(127.788649677886,-13.8357029149411,-13.3999176371259));
#4557=CARTESIAN_POINT('',(127.79826794917,-13.7412885092626,-13.3990784498242));
#4558=CARTESIAN_POINT('',(127.82722207938,-13.6193817784183,-13.3966067756025));
#4559=CARTESIAN_POINT('',(127.869651476073,-13.5082682745871,-13.3931280114696));
#4560=CARTESIAN_POINT('',(127.920172833659,-13.4127147969665,-13.3892138335864));
#4561=CARTESIAN_POINT('',(127.973136828726,-13.3337787483045,-13.3853623756811));
#4562=CARTESIAN_POINT('',(128.030449766155,-13.2636363900257,-13.381476454363));
#4563=CARTESIAN_POINT('',(128.097187906348,-13.196057443281,-13.3773152028969));
#4564=CARTESIAN_POINT('',(128.177451081109,-13.1301953159171,-13.3728468112017));
#4565=CARTESIAN_POINT('',(128.277599264655,-13.0656840889152,-13.3680820990651));
#4566=CARTESIAN_POINT('',(128.395699391035,-13.0100531472554,-13.3636466087642));
#4567=CARTESIAN_POINT('',(128.524000785741,-12.9712366530841,-13.3603706682816));
#4568=CARTESIAN_POINT('',(128.639147237233,-12.9531750652377,-13.3588001994538));
#4569=CARTESIAN_POINT('',(128.708883941114,-12.9499999276606,-13.3585220050643));
#4570=CARTESIAN_POINT('',(128.737703771685,-12.95,-13.3585219988726));
#4571=CARTESIAN_POINT('',(61.2377037716424,-9.45,-12.4502512531089));
#4572=CARTESIAN_POINT('',(61.237703771674,-9.45,-12.450251253109));
#4573=CARTESIAN_POINT('',(61.2675701238491,-9.45000002000432,-12.4502512654621));
#4574=CARTESIAN_POINT('',(61.3376203182023,-9.45330686148314,-12.4517308145953));
#4575=CARTESIAN_POINT('',(61.4468426873739,-9.47068724897134,-12.4594906300818));
#4576=CARTESIAN_POINT('',(61.5629955099954,-9.5046943767434,-12.474565505343));
#4577=CARTESIAN_POINT('',(61.6663513150821,-9.54987915737329,-12.4943705520321));
#4578=CARTESIAN_POINT('',(61.7579907902935,-9.60310994701122,-12.5173783777505));
#4579=CARTESIAN_POINT('',(61.8391680809425,-9.66227162697517,-12.5425742430288));
#4580=CARTESIAN_POINT('',(61.9151196253722,-9.73128649366217,-12.5714422408184));
#4581=CARTESIAN_POINT('',(61.9897227852456,-9.81559422898155,-12.605981986706));
#4582=CARTESIAN_POINT('',(62.0575498136959,-9.91437990650783,-12.6454193546407));
#4583=CARTESIAN_POINT('',(62.1142745988391,-10.0268708862604,-12.6889075081911));
#4584=CARTESIAN_POINT('',(62.1511654263208,-10.1321397320933,-12.728250091304));
#4585=CARTESIAN_POINT('',(62.1732817500821,-10.2277222933888,-12.7628988049147));
#4586=CARTESIAN_POINT('',(62.1850643752968,-10.3134632623374,-12.7931782048493));
#4587=CARTESIAN_POINT('',(62.1881931020869,-10.3816752780855,-12.816627437822));
#4588=CARTESIAN_POINT('',(62.1868186450805,-10.4631778665143,-12.8441203734283));
#4589=CARTESIAN_POINT('',(62.1771860170265,-10.5595632732332,-12.8758134465068));
#4590=CARTESIAN_POINT('',(62.1485894415302,-10.6786634362375,-12.9133488470215));
#4591=CARTESIAN_POINT('',(62.1068512810026,-10.7887286333549,-12.9467055024802));
#4592=CARTESIAN_POINT('',(62.0554071866361,-10.8880233095385,-12.9757551856697));
#4593=CARTESIAN_POINT('',(61.9910253410094,-10.9826357183956,-13.0024755702494));
#4594=CARTESIAN_POINT('',(61.9147597308224,-11.069750269521,-13.0262580558093));
#4595=CARTESIAN_POINT('',(61.828363018782,-11.1470590122669,-13.046712842805));
#4596=CARTESIAN_POINT('',(61.7343619516186,-11.2124934352733,-13.0635478563954));
#4597=CARTESIAN_POINT('',(61.6357317227689,-11.264907795598,-13.0767204917258));
#4598=CARTESIAN_POINT('',(61.5384282104845,-11.3030288409895,-13.0861267721842));
#4599=CARTESIAN_POINT('',(61.4458919174794,-11.3283697800626,-13.0923013049025));
#4600=CARTESIAN_POINT('',(61.3527038169996,-11.3445996352847,-13.0962246549764));
#4601=CARTESIAN_POINT('',(61.2838598225213,-11.3496262851125,-13.0974333521439));
#4602=CARTESIAN_POINT('',(61.207800910257,-11.3503320407779,-13.0976031925158));
#4603=CARTESIAN_POINT('',(61.1115725881975,-11.3448943719196,-13.0962956348824));
#4604=CARTESIAN_POINT('',(60.9753303575722,-11.317385978647,-13.0896530260439));
#4605=CARTESIAN_POINT('',(60.8390025768827,-11.2658754554157,-13.0769829714874));
#4606=CARTESIAN_POINT('',(60.7295059883475,-11.2054122195765,-13.0617518015457));
#4607=CARTESIAN_POINT('',(60.6379010697321,-11.1392107169053,-13.0446477772495));
#4608=CARTESIAN_POINT('',(60.5577671874397,-11.0665525962981,-13.0253887394084));
#4609=CARTESIAN_POINT('',(60.4843382656661,-10.9824214710458,-13.0024102693244));
#4610=CARTESIAN_POINT('',(60.4211920571924,-10.8898257684623,-12.9762656900876));
#4611=CARTESIAN_POINT('',(60.3703602611026,-10.7925705723919,-12.947842450052));
#4612=CARTESIAN_POINT('',(60.3285454977915,-10.6841004199986,-12.9150241619981));
#4613=CARTESIAN_POINT('',(60.2991348349624,-10.565071680882,-12.8775881517527));
#4614=CARTESIAN_POINT('',(60.2887465266787,-10.4667837974952,-12.8453268290967));
#4615=CARTESIAN_POINT('',(60.2871409595272,-10.3825647293046,-12.816936543503));
#4616=CARTESIAN_POINT('',(60.2910665693571,-10.2984345820914,-12.7880084475264));
#4617=CARTESIAN_POINT('',(60.311069943843,-10.1747031957643,-12.744004377972));
#4618=CARTESIAN_POINT('',(60.3600274039244,-10.0224740023104,-12.6874908906779));
#4619=CARTESIAN_POINT('',(60.4412489905326,-9.87223709578181,-12.6289353351402));
#4620=CARTESIAN_POINT('',(60.5423463184147,-9.7473357803473,-12.5781745994396));
#4621=CARTESIAN_POINT('',(60.6373254588116,-9.66088448909305,-12.5420019647023));
#4622=CARTESIAN_POINT('',(60.723808971806,-9.59912506784684,-12.515662863568));
#4623=CARTESIAN_POINT('',(60.8134944425017,-9.54770836751187,-12.4934235329335));
#4624=CARTESIAN_POINT('',(60.9159826210908,-9.50342969305305,-12.4740070211831));
#4625=CARTESIAN_POINT('',(61.0314203661665,-9.47010171212946,-12.4592295356133));
#4626=CARTESIAN_POINT('',(61.1393538156945,-9.4532002952673,-12.4516831123388));
#4627=CARTESIAN_POINT('',(61.2083620837491,-9.44999998034708,-12.450251240973));
#4628=CARTESIAN_POINT('',(61.237703771674,-9.45,-12.450251253109));
#4629=CARTESIAN_POINT('',(68.7377037716424,-9.45,-12.4502512531089));
#4630=CARTESIAN_POINT('',(68.737703771674,-9.44999999999999,-12.450251253109));
#4631=CARTESIAN_POINT('',(68.767570123849,-9.45000002000432,-12.4502512654621));
#4632=CARTESIAN_POINT('',(68.8376203182022,-9.45330686148314,-12.4517308145953));
#4633=CARTESIAN_POINT('',(68.9468426873739,-9.47068724897134,-12.4594906300818));
#4634=CARTESIAN_POINT('',(69.0629955099954,-9.50469437674341,-12.474565505343));
#4635=CARTESIAN_POINT('',(69.1663513150821,-9.54987915737328,-12.4943705520321));
#4636=CARTESIAN_POINT('',(69.2579907902936,-9.60310994701123,-12.5173783777505));
#4637=CARTESIAN_POINT('',(69.3391680809426,-9.66227162697518,-12.5425742430288));
#4638=CARTESIAN_POINT('',(69.4151196253721,-9.73128649366216,-12.5714422408184));
#4639=CARTESIAN_POINT('',(69.4897227852456,-9.81559422898155,-12.605981986706));
#4640=CARTESIAN_POINT('',(69.5575498136959,-9.91437990650783,-12.6454193546407));
#4641=CARTESIAN_POINT('',(69.6142745988391,-10.0268708862604,-12.688907508191));
#4642=CARTESIAN_POINT('',(69.6511654263208,-10.1321397320933,-12.7282500913041));
#4643=CARTESIAN_POINT('',(69.6732817500821,-10.2277222933889,-12.7628988049147));
#4644=CARTESIAN_POINT('',(69.6850643752969,-10.3134632623374,-12.7931782048493));
#4645=CARTESIAN_POINT('',(69.6881931020869,-10.3816752780854,-12.816627437822));
#4646=CARTESIAN_POINT('',(69.6868186450805,-10.4631778665142,-12.8441203734283));
#4647=CARTESIAN_POINT('',(69.6771860170265,-10.5595632732332,-12.8758134465069));
#4648=CARTESIAN_POINT('',(69.6485894415301,-10.6786634362375,-12.9133488470216));
#4649=CARTESIAN_POINT('',(69.6068512810026,-10.7887286333548,-12.9467055024802));
#4650=CARTESIAN_POINT('',(69.5554071866362,-10.8880233095385,-12.9757551856697));
#4651=CARTESIAN_POINT('',(69.4910253410094,-10.9826357183956,-13.0024755702494));
#4652=CARTESIAN_POINT('',(69.4147597308224,-11.0697502695209,-13.0262580558093));
#4653=CARTESIAN_POINT('',(69.328363018782,-11.1470590122669,-13.046712842805));
#4654=CARTESIAN_POINT('',(69.2343619516186,-11.2124934352733,-13.0635478563954));
#4655=CARTESIAN_POINT('',(69.1357317227689,-11.264907795598,-13.0767204917258));
#4656=CARTESIAN_POINT('',(69.0384282104845,-11.3030288409895,-13.0861267721842));
#4657=CARTESIAN_POINT('',(68.9458919174794,-11.3283697800626,-13.0923013049025));
#4658=CARTESIAN_POINT('',(68.8527038169996,-11.3445996352847,-13.0962246549764));
#4659=CARTESIAN_POINT('',(68.7838598225213,-11.3496262851125,-13.0974333521439));
#4660=CARTESIAN_POINT('',(68.707800910257,-11.3503320407779,-13.0976031925158));
#4661=CARTESIAN_POINT('',(68.6115725881975,-11.3448943719196,-13.0962956348824));
#4662=CARTESIAN_POINT('',(68.4753303575722,-11.317385978647,-13.0896530260439));
#4663=CARTESIAN_POINT('',(68.3390025768826,-11.2658754554157,-13.0769829714874));
#4664=CARTESIAN_POINT('',(68.2295059883475,-11.2054122195765,-13.0617518015457));
#4665=CARTESIAN_POINT('',(68.1379010697321,-11.1392107169052,-13.0446477772495));
#4666=CARTESIAN_POINT('',(68.0577671874397,-11.0665525962981,-13.0253887394084));
#4667=CARTESIAN_POINT('',(67.9843382656661,-10.9824214710457,-13.0024102693244));
#4668=CARTESIAN_POINT('',(67.9211920571923,-10.8898257684622,-12.9762656900876));
#4669=CARTESIAN_POINT('',(67.8703602611026,-10.7925705723918,-12.9478424500519));
#4670=CARTESIAN_POINT('',(67.8285454977915,-10.6841004199986,-12.9150241619981));
#4671=CARTESIAN_POINT('',(67.7991348349623,-10.565071680882,-12.8775881517527));
#4672=CARTESIAN_POINT('',(67.7887465266786,-10.4667837974951,-12.8453268290967));
#4673=CARTESIAN_POINT('',(67.7871409595272,-10.3825647293045,-12.816936543503));
#4674=CARTESIAN_POINT('',(67.7910665693571,-10.2984345820914,-12.7880084475263));
#4675=CARTESIAN_POINT('',(67.811069943843,-10.1747031957643,-12.744004377972));
#4676=CARTESIAN_POINT('',(67.8600274039245,-10.0224740023102,-12.6874908906778));
#4677=CARTESIAN_POINT('',(67.9412489905326,-9.87223709578172,-12.6289353351402));
#4678=CARTESIAN_POINT('',(68.0423463184148,-9.74733578034724,-12.5781745994396));
#4679=CARTESIAN_POINT('',(68.1373254588116,-9.66088448909301,-12.5420019647022));
#4680=CARTESIAN_POINT('',(68.223808971806,-9.59912506784684,-12.515662863568));
#4681=CARTESIAN_POINT('',(68.3134944425017,-9.54770836751185,-12.4934235329335));
#4682=CARTESIAN_POINT('',(68.4159826210908,-9.50342969305306,-12.4740070211831));
#4683=CARTESIAN_POINT('',(68.5314203661665,-9.47010171212945,-12.4592295356133));
#4684=CARTESIAN_POINT('',(68.6393538156945,-9.4532002952673,-12.4516831123388));
#4685=CARTESIAN_POINT('',(68.7083620837491,-9.44999998034708,-12.450251240973));
#4686=CARTESIAN_POINT('',(68.737703771674,-9.44999999999999,-12.450251253109));
#4687=CARTESIAN_POINT('',(76.2377037716424,-9.45,-12.4502512531089));
#4688=CARTESIAN_POINT('',(76.237703771674,-9.45,-12.450251253109));
#4689=CARTESIAN_POINT('',(76.2675701238491,-9.45000002000432,-12.4502512654621));
#4690=CARTESIAN_POINT('',(76.3376203182023,-9.45330686148314,-12.4517308145953));
#4691=CARTESIAN_POINT('',(76.4468426873739,-9.47068724897134,-12.4594906300818));
#4692=CARTESIAN_POINT('',(76.5629955099955,-9.50469437674342,-12.474565505343));
#4693=CARTESIAN_POINT('',(76.6663513150821,-9.54987915737328,-12.4943705520321));
#4694=CARTESIAN_POINT('',(76.7579907902935,-9.60310994701123,-12.5173783777505));
#4695=CARTESIAN_POINT('',(76.8391680809426,-9.66227162697517,-12.5425742430288));
#4696=CARTESIAN_POINT('',(76.9151196253722,-9.73128649366217,-12.5714422408184));
#4697=CARTESIAN_POINT('',(76.9897227852455,-9.81559422898153,-12.6059819867059));
#4698=CARTESIAN_POINT('',(77.0575498136959,-9.91437990650784,-12.6454193546407));
#4699=CARTESIAN_POINT('',(77.1142745988391,-10.0268708862604,-12.688907508191));
#4700=CARTESIAN_POINT('',(77.1511654263208,-10.1321397320932,-12.728250091304));
#4701=CARTESIAN_POINT('',(77.1732817500821,-10.2277222933888,-12.7628988049147));
#4702=CARTESIAN_POINT('',(77.1850643752969,-10.3134632623374,-12.7931782048493));
#4703=CARTESIAN_POINT('',(77.1881931020869,-10.3816752780855,-12.816627437822));
#4704=CARTESIAN_POINT('',(77.1868186450805,-10.4631778665143,-12.8441203734283));
#4705=CARTESIAN_POINT('',(77.1771860170265,-10.5595632732331,-12.8758134465068));
#4706=CARTESIAN_POINT('',(77.1485894415302,-10.6786634362375,-12.9133488470215));
#4707=CARTESIAN_POINT('',(77.1068512810026,-10.7887286333548,-12.9467055024802));
#4708=CARTESIAN_POINT('',(77.0554071866362,-10.8880233095385,-12.9757551856697));
#4709=CARTESIAN_POINT('',(76.9910253410093,-10.9826357183956,-13.0024755702494));
#4710=CARTESIAN_POINT('',(76.9147597308224,-11.0697502695209,-13.0262580558093));
#4711=CARTESIAN_POINT('',(76.828363018782,-11.1470590122669,-13.046712842805));
#4712=CARTESIAN_POINT('',(76.7343619516186,-11.2124934352733,-13.0635478563954));
#4713=CARTESIAN_POINT('',(76.6357317227689,-11.264907795598,-13.0767204917258));
#4714=CARTESIAN_POINT('',(76.5384282104845,-11.3030288409896,-13.0861267721842));
#4715=CARTESIAN_POINT('',(76.4458919174794,-11.3283697800626,-13.0923013049025));
#4716=CARTESIAN_POINT('',(76.3527038169996,-11.3445996352847,-13.0962246549764));
#4717=CARTESIAN_POINT('',(76.2838598225213,-11.3496262851125,-13.0974333521439));
#4718=CARTESIAN_POINT('',(76.207800910257,-11.3503320407779,-13.0976031925158));
#4719=CARTESIAN_POINT('',(76.1115725881975,-11.3448943719196,-13.0962956348824));
#4720=CARTESIAN_POINT('',(75.9753303575722,-11.317385978647,-13.0896530260439));
#4721=CARTESIAN_POINT('',(75.8390025768827,-11.2658754554157,-13.0769829714874));
#4722=CARTESIAN_POINT('',(75.7295059883475,-11.2054122195765,-13.0617518015457));
#4723=CARTESIAN_POINT('',(75.6379010697322,-11.1392107169053,-13.0446477772496));
#4724=CARTESIAN_POINT('',(75.5577671874397,-11.0665525962981,-13.0253887394084));
#4725=CARTESIAN_POINT('',(75.4843382656661,-10.9824214710458,-13.0024102693244));
#4726=CARTESIAN_POINT('',(75.4211920571924,-10.8898257684623,-12.9762656900877));
#4727=CARTESIAN_POINT('',(75.3703602611027,-10.7925705723919,-12.947842450052));
#4728=CARTESIAN_POINT('',(75.3285454977915,-10.6841004199986,-12.9150241619981));
#4729=CARTESIAN_POINT('',(75.2991348349623,-10.565071680882,-12.8775881517528));
#4730=CARTESIAN_POINT('',(75.2887465266787,-10.4667837974952,-12.8453268290967));
#4731=CARTESIAN_POINT('',(75.2871409595273,-10.3825647293046,-12.816936543503));
#4732=CARTESIAN_POINT('',(75.2910665693571,-10.2984345820914,-12.7880084475263));
#4733=CARTESIAN_POINT('',(75.311069943843,-10.1747031957642,-12.744004377972));
#4734=CARTESIAN_POINT('',(75.3600274039245,-10.0224740023103,-12.6874908906778));
#4735=CARTESIAN_POINT('',(75.4412489905326,-9.87223709578169,-12.6289353351402));
#4736=CARTESIAN_POINT('',(75.5423463184148,-9.74733578034722,-12.5781745994396));
#4737=CARTESIAN_POINT('',(75.6373254588116,-9.66088448909302,-12.5420019647022));
#4738=CARTESIAN_POINT('',(75.723808971806,-9.59912506784683,-12.515662863568));
#4739=CARTESIAN_POINT('',(75.8134944425017,-9.54770836751187,-12.4934235329335));
#4740=CARTESIAN_POINT('',(75.9159826210908,-9.50342969305307,-12.4740070211831));
#4741=CARTESIAN_POINT('',(76.0314203661665,-9.47010171212947,-12.4592295356133));
#4742=CARTESIAN_POINT('',(76.1393538156945,-9.4532002952673,-12.4516831123388));
#4743=CARTESIAN_POINT('',(76.2083620837491,-9.44999998034708,-12.450251240973));
#4744=CARTESIAN_POINT('',(76.237703771674,-9.45,-12.450251253109));
#4745=CARTESIAN_POINT('',(83.7377037716424,-9.45,-12.4502512531089));
#4746=CARTESIAN_POINT('',(83.737703771674,-9.44999999999999,-12.450251253109));
#4747=CARTESIAN_POINT('',(83.7675701238491,-9.45000002000432,-12.4502512654621));
#4748=CARTESIAN_POINT('',(83.8376203182023,-9.45330686148314,-12.4517308145953));
#4749=CARTESIAN_POINT('',(83.9468426873739,-9.47068724897134,-12.4594906300818));
#4750=CARTESIAN_POINT('',(84.0629955099954,-9.5046943767434,-12.474565505343));
#4751=CARTESIAN_POINT('',(84.1663513150821,-9.5498791573733,-12.4943705520321));
#4752=CARTESIAN_POINT('',(84.2579907902935,-9.60310994701122,-12.5173783777505));
#4753=CARTESIAN_POINT('',(84.3391680809426,-9.66227162697519,-12.5425742430288));
#4754=CARTESIAN_POINT('',(84.4151196253722,-9.73128649366217,-12.5714422408184));
#4755=CARTESIAN_POINT('',(84.4897227852456,-9.81559422898156,-12.605981986706));
#4756=CARTESIAN_POINT('',(84.5575498136959,-9.91437990650783,-12.6454193546407));
#4757=CARTESIAN_POINT('',(84.6142745988391,-10.0268708862605,-12.6889075081911));
#4758=CARTESIAN_POINT('',(84.6511654263208,-10.1321397320933,-12.7282500913041));
#4759=CARTESIAN_POINT('',(84.6732817500821,-10.2277222933888,-12.7628988049147));
#4760=CARTESIAN_POINT('',(84.6850643752969,-10.3134632623374,-12.7931782048493));
#4761=CARTESIAN_POINT('',(84.6881931020869,-10.3816752780855,-12.816627437822));
#4762=CARTESIAN_POINT('',(84.6868186450805,-10.4631778665143,-12.8441203734283));
#4763=CARTESIAN_POINT('',(84.6771860170265,-10.5595632732332,-12.8758134465068));
#4764=CARTESIAN_POINT('',(84.6485894415302,-10.6786634362375,-12.9133488470215));
#4765=CARTESIAN_POINT('',(84.6068512810026,-10.7887286333549,-12.9467055024802));
#4766=CARTESIAN_POINT('',(84.5554071866361,-10.8880233095385,-12.9757551856697));
#4767=CARTESIAN_POINT('',(84.4910253410094,-10.9826357183956,-13.0024755702494));
#4768=CARTESIAN_POINT('',(84.4147597308224,-11.0697502695209,-13.0262580558093));
#4769=CARTESIAN_POINT('',(84.328363018782,-11.1470590122669,-13.046712842805));
#4770=CARTESIAN_POINT('',(84.2343619516186,-11.2124934352733,-13.0635478563954));
#4771=CARTESIAN_POINT('',(84.1357317227689,-11.264907795598,-13.0767204917258));
#4772=CARTESIAN_POINT('',(84.0384282104845,-11.3030288409895,-13.0861267721842));
#4773=CARTESIAN_POINT('',(83.9458919174794,-11.3283697800626,-13.0923013049025));
#4774=CARTESIAN_POINT('',(83.8527038169996,-11.3445996352847,-13.0962246549764));
#4775=CARTESIAN_POINT('',(83.7838598225213,-11.3496262851125,-13.0974333521439));
#4776=CARTESIAN_POINT('',(83.707800910257,-11.3503320407779,-13.0976031925158));
#4777=CARTESIAN_POINT('',(83.6115725881975,-11.3448943719196,-13.0962956348824));
#4778=CARTESIAN_POINT('',(83.4753303575722,-11.317385978647,-13.0896530260439));
#4779=CARTESIAN_POINT('',(83.3390025768826,-11.2658754554157,-13.0769829714874));
#4780=CARTESIAN_POINT('',(83.2295059883475,-11.2054122195765,-13.0617518015457));
#4781=CARTESIAN_POINT('',(83.1379010697321,-11.1392107169053,-13.0446477772496));
#4782=CARTESIAN_POINT('',(83.0577671874397,-11.0665525962981,-13.0253887394084));
#4783=CARTESIAN_POINT('',(82.9843382656661,-10.9824214710458,-13.0024102693244));
#4784=CARTESIAN_POINT('',(82.9211920571924,-10.8898257684622,-12.9762656900876));
#4785=CARTESIAN_POINT('',(82.8703602611026,-10.7925705723918,-12.9478424500519));
#4786=CARTESIAN_POINT('',(82.8285454977915,-10.6841004199985,-12.9150241619981));
#4787=CARTESIAN_POINT('',(82.7991348349623,-10.565071680882,-12.8775881517527));
#4788=CARTESIAN_POINT('',(82.7887465266786,-10.4667837974952,-12.8453268290967));
#4789=CARTESIAN_POINT('',(82.7871409595272,-10.3825647293046,-12.816936543503));
#4790=CARTESIAN_POINT('',(82.7910665693571,-10.2984345820915,-12.7880084475264));
#4791=CARTESIAN_POINT('',(82.811069943843,-10.1747031957644,-12.744004377972));
#4792=CARTESIAN_POINT('',(82.8600274039243,-10.0224740023105,-12.6874908906779));
#4793=CARTESIAN_POINT('',(82.9412489905325,-9.87223709578192,-12.6289353351403));
#4794=CARTESIAN_POINT('',(83.0423463184146,-9.7473357803474,-12.5781745994397));
#4795=CARTESIAN_POINT('',(83.1373254588115,-9.6608844890931,-12.5420019647023));
#4796=CARTESIAN_POINT('',(83.2238089718059,-9.59912506784686,-12.515662863568));
#4797=CARTESIAN_POINT('',(83.3134944425018,-9.54770836751187,-12.4934235329335));
#4798=CARTESIAN_POINT('',(83.4159826210908,-9.50342969305307,-12.4740070211831));
#4799=CARTESIAN_POINT('',(83.5314203661665,-9.47010171212945,-12.4592295356133));
#4800=CARTESIAN_POINT('',(83.6393538156945,-9.4532002952673,-12.4516831123388));
#4801=CARTESIAN_POINT('',(83.7083620837491,-9.44999998034708,-12.450251240973));
#4802=CARTESIAN_POINT('',(83.737703771674,-9.44999999999999,-12.450251253109));
#4803=CARTESIAN_POINT('',(91.2377037716424,-9.45,-12.4502512531089));
#4804=CARTESIAN_POINT('',(91.237703771674,-9.45,-12.450251253109));
#4805=CARTESIAN_POINT('',(91.2675701238491,-9.45000002000432,-12.4502512654621));
#4806=CARTESIAN_POINT('',(91.3376203182023,-9.45330686148314,-12.4517308145953));
#4807=CARTESIAN_POINT('',(91.4468426873739,-9.47068724897134,-12.4594906300818));
#4808=CARTESIAN_POINT('',(91.5629955099954,-9.50469437674342,-12.474565505343));
#4809=CARTESIAN_POINT('',(91.666351315082,-9.54987915737328,-12.4943705520321));
#4810=CARTESIAN_POINT('',(91.7579907902936,-9.60310994701124,-12.5173783777505));
#4811=CARTESIAN_POINT('',(91.8391680809425,-9.66227162697517,-12.5425742430288));
#4812=CARTESIAN_POINT('',(91.9151196253722,-9.73128649366218,-12.5714422408184));
#4813=CARTESIAN_POINT('',(91.9897227852455,-9.81559422898154,-12.6059819867059));
#4814=CARTESIAN_POINT('',(92.0575498136959,-9.91437990650783,-12.6454193546407));
#4815=CARTESIAN_POINT('',(92.114274598839,-10.0268708862604,-12.688907508191));
#4816=CARTESIAN_POINT('',(92.1511654263209,-10.1321397320932,-12.728250091304));
#4817=CARTESIAN_POINT('',(92.173281750082,-10.2277222933888,-12.7628988049147));
#4818=CARTESIAN_POINT('',(92.1850643752969,-10.3134632623374,-12.7931782048493));
#4819=CARTESIAN_POINT('',(92.1881931020868,-10.3816752780854,-12.816627437822));
#4820=CARTESIAN_POINT('',(92.1868186450805,-10.4631778665142,-12.8441203734283));
#4821=CARTESIAN_POINT('',(92.1771860170265,-10.5595632732331,-12.8758134465068));
#4822=CARTESIAN_POINT('',(92.1485894415302,-10.6786634362374,-12.9133488470215));
#4823=CARTESIAN_POINT('',(92.1068512810026,-10.7887286333548,-12.9467055024802));
#4824=CARTESIAN_POINT('',(92.0554071866361,-10.8880233095385,-12.9757551856697));
#4825=CARTESIAN_POINT('',(91.9910253410094,-10.9826357183956,-13.0024755702494));
#4826=CARTESIAN_POINT('',(91.9147597308224,-11.0697502695209,-13.0262580558093));
#4827=CARTESIAN_POINT('',(91.828363018782,-11.1470590122669,-13.046712842805));
#4828=CARTESIAN_POINT('',(91.7343619516187,-11.2124934352733,-13.0635478563954));
#4829=CARTESIAN_POINT('',(91.6357317227689,-11.264907795598,-13.0767204917258));
#4830=CARTESIAN_POINT('',(91.5384282104845,-11.3030288409895,-13.0861267721842));
#4831=CARTESIAN_POINT('',(91.4458919174794,-11.3283697800626,-13.0923013049025));
#4832=CARTESIAN_POINT('',(91.3527038169996,-11.3445996352847,-13.0962246549764));
#4833=CARTESIAN_POINT('',(91.2838598225213,-11.3496262851125,-13.0974333521439));
#4834=CARTESIAN_POINT('',(91.207800910257,-11.3503320407779,-13.0976031925158));
#4835=CARTESIAN_POINT('',(91.1115725881974,-11.3448943719196,-13.0962956348824));
#4836=CARTESIAN_POINT('',(90.9753303575722,-11.317385978647,-13.0896530260439));
#4837=CARTESIAN_POINT('',(90.8390025768826,-11.2658754554157,-13.0769829714874));
#4838=CARTESIAN_POINT('',(90.7295059883475,-11.2054122195765,-13.0617518015457));
#4839=CARTESIAN_POINT('',(90.6379010697321,-11.1392107169053,-13.0446477772496));
#4840=CARTESIAN_POINT('',(90.5577671874397,-11.0665525962981,-13.0253887394084));
#4841=CARTESIAN_POINT('',(90.4843382656661,-10.9824214710458,-13.0024102693244));
#4842=CARTESIAN_POINT('',(90.4211920571924,-10.8898257684622,-12.9762656900876));
#4843=CARTESIAN_POINT('',(90.3703602611026,-10.7925705723918,-12.947842450052));
#4844=CARTESIAN_POINT('',(90.3285454977915,-10.6841004199986,-12.9150241619981));
#4845=CARTESIAN_POINT('',(90.2991348349624,-10.565071680882,-12.8775881517527));
#4846=CARTESIAN_POINT('',(90.2887465266786,-10.466783797495,-12.8453268290967));
#4847=CARTESIAN_POINT('',(90.2871409595273,-10.3825647293044,-12.816936543503));
#4848=CARTESIAN_POINT('',(90.2910665693571,-10.2984345820912,-12.7880084475263));
#4849=CARTESIAN_POINT('',(90.3110699438431,-10.1747031957642,-12.744004377972));
#4850=CARTESIAN_POINT('',(90.3600274039246,-10.02247400231,-12.6874908906777));
#4851=CARTESIAN_POINT('',(90.4412489905328,-9.8722370957815,-12.6289353351401));
#4852=CARTESIAN_POINT('',(90.5423463184149,-9.74733578034708,-12.5781745994395));
#4853=CARTESIAN_POINT('',(90.6373254588117,-9.66088448909295,-12.5420019647022));
#4854=CARTESIAN_POINT('',(90.723808971806,-9.5991250678468,-12.5156628635679));
#4855=CARTESIAN_POINT('',(90.8134944425017,-9.54770836751186,-12.4934235329335));
#4856=CARTESIAN_POINT('',(90.9159826210908,-9.50342969305307,-12.4740070211831));
#4857=CARTESIAN_POINT('',(91.0314203661665,-9.47010171212946,-12.4592295356133));
#4858=CARTESIAN_POINT('',(91.1393538156945,-9.45320029526731,-12.4516831123388));
#4859=CARTESIAN_POINT('',(91.2083620837491,-9.44999998034709,-12.450251240973));
#4860=CARTESIAN_POINT('',(91.237703771674,-9.45,-12.450251253109));
#4861=CARTESIAN_POINT('',(98.7377037716424,-9.45,-12.4502512531089));
#4862=CARTESIAN_POINT('',(98.737703771674,-9.45,-12.450251253109));
#4863=CARTESIAN_POINT('',(98.7675701238491,-9.45000002000432,-12.4502512654621));
#4864=CARTESIAN_POINT('',(98.8376203182023,-9.45330686148314,-12.4517308145953));
#4865=CARTESIAN_POINT('',(98.9468426873739,-9.47068724897134,-12.4594906300818));
#4866=CARTESIAN_POINT('',(99.0629955099954,-9.50469437674341,-12.474565505343));
#4867=CARTESIAN_POINT('',(99.1663513150821,-9.54987915737329,-12.4943705520321));
#4868=CARTESIAN_POINT('',(99.2579907902936,-9.60310994701124,-12.5173783777505));
#4869=CARTESIAN_POINT('',(99.3391680809425,-9.66227162697518,-12.5425742430288));
#4870=CARTESIAN_POINT('',(99.4151196253722,-9.73128649366221,-12.5714422408184));
#4871=CARTESIAN_POINT('',(99.4897227852456,-9.81559422898159,-12.605981986706));
#4872=CARTESIAN_POINT('',(99.5575498136959,-9.9143799065079,-12.6454193546407));
#4873=CARTESIAN_POINT('',(99.6142745988391,-10.0268708862605,-12.6889075081911));
#4874=CARTESIAN_POINT('',(99.6511654263209,-10.1321397320934,-12.7282500913041));
#4875=CARTESIAN_POINT('',(99.6732817500821,-10.227722293389,-12.7628988049147));
#4876=CARTESIAN_POINT('',(99.6850643752969,-10.3134632623374,-12.7931782048493));
#4877=CARTESIAN_POINT('',(99.6881931020869,-10.3816752780854,-12.816627437822));
#4878=CARTESIAN_POINT('',(99.6868186450805,-10.4631778665142,-12.8441203734283));
#4879=CARTESIAN_POINT('',(99.6771860170265,-10.5595632732332,-12.8758134465068));
#4880=CARTESIAN_POINT('',(99.6485894415302,-10.6786634362375,-12.9133488470216));
#4881=CARTESIAN_POINT('',(99.6068512810026,-10.7887286333548,-12.9467055024802));
#4882=CARTESIAN_POINT('',(99.5554071866361,-10.8880233095385,-12.9757551856697));
#4883=CARTESIAN_POINT('',(99.4910253410094,-10.9826357183956,-13.0024755702494));
#4884=CARTESIAN_POINT('',(99.4147597308224,-11.0697502695209,-13.0262580558093));
#4885=CARTESIAN_POINT('',(99.328363018782,-11.1470590122669,-13.046712842805));
#4886=CARTESIAN_POINT('',(99.2343619516186,-11.2124934352733,-13.0635478563954));
#4887=CARTESIAN_POINT('',(99.1357317227689,-11.264907795598,-13.0767204917258));
#4888=CARTESIAN_POINT('',(99.0384282104845,-11.3030288409896,-13.0861267721842));
#4889=CARTESIAN_POINT('',(98.9458919174794,-11.3283697800626,-13.0923013049025));
#4890=CARTESIAN_POINT('',(98.8527038169996,-11.3445996352847,-13.0962246549764));
#4891=CARTESIAN_POINT('',(98.7838598225214,-11.3496262851125,-13.0974333521439));
#4892=CARTESIAN_POINT('',(98.7078009102569,-11.3503320407779,-13.0976031925158));
#4893=CARTESIAN_POINT('',(98.6115725881976,-11.3448943719196,-13.0962956348824));
#4894=CARTESIAN_POINT('',(98.4753303575722,-11.317385978647,-13.0896530260439));
#4895=CARTESIAN_POINT('',(98.3390025768826,-11.2658754554157,-13.0769829714874));
#4896=CARTESIAN_POINT('',(98.2295059883475,-11.2054122195765,-13.0617518015457));
#4897=CARTESIAN_POINT('',(98.1379010697321,-11.1392107169053,-13.0446477772496));
#4898=CARTESIAN_POINT('',(98.0577671874397,-11.0665525962981,-13.0253887394084));
#4899=CARTESIAN_POINT('',(97.9843382656661,-10.9824214710458,-13.0024102693244));
#4900=CARTESIAN_POINT('',(97.9211920571924,-10.8898257684623,-12.9762656900877));
#4901=CARTESIAN_POINT('',(97.8703602611027,-10.7925705723919,-12.947842450052));
#4902=CARTESIAN_POINT('',(97.8285454977914,-10.6841004199986,-12.9150241619981));
#4903=CARTESIAN_POINT('',(97.7991348349624,-10.565071680882,-12.8775881517527));
#4904=CARTESIAN_POINT('',(97.7887465266787,-10.4667837974952,-12.8453268290967));
#4905=CARTESIAN_POINT('',(97.7871409595272,-10.3825647293045,-12.816936543503));
#4906=CARTESIAN_POINT('',(97.7910665693571,-10.2984345820913,-12.7880084475263));
#4907=CARTESIAN_POINT('',(97.811069943843,-10.174703195764,-12.7440043779719));
#4908=CARTESIAN_POINT('',(97.8600274039246,-10.02247400231,-12.6874908906778));
#4909=CARTESIAN_POINT('',(97.9412489905328,-9.87223709578148,-12.6289353351401));
#4910=CARTESIAN_POINT('',(98.0423463184149,-9.74733578034707,-12.5781745994395));
#4911=CARTESIAN_POINT('',(98.1373254588117,-9.66088448909294,-12.5420019647022));
#4912=CARTESIAN_POINT('',(98.2238089718061,-9.5991250678468,-12.5156628635679));
#4913=CARTESIAN_POINT('',(98.3134944425017,-9.54770836751185,-12.4934235329335));
#4914=CARTESIAN_POINT('',(98.4159826210908,-9.50342969305307,-12.4740070211831));
#4915=CARTESIAN_POINT('',(98.5314203661665,-9.47010171212946,-12.4592295356133));
#4916=CARTESIAN_POINT('',(98.6393538156945,-9.4532002952673,-12.4516831123388));
#4917=CARTESIAN_POINT('',(98.7083620837491,-9.44999998034708,-12.450251240973));
#4918=CARTESIAN_POINT('',(98.737703771674,-9.45,-12.450251253109));
#4919=CARTESIAN_POINT('',(106.237703771642,-9.45,-12.4502512531089));
#4920=CARTESIAN_POINT('',(106.237703771674,-9.45,-12.450251253109));
#4921=CARTESIAN_POINT('',(106.267570123849,-9.45000002000433,-12.4502512654621));
#4922=CARTESIAN_POINT('',(106.337620318202,-9.45330686148314,-12.4517308145953));
#4923=CARTESIAN_POINT('',(106.446842687374,-9.47068724897136,-12.4594906300819));
#4924=CARTESIAN_POINT('',(106.562995509995,-9.50469437674341,-12.474565505343));
#4925=CARTESIAN_POINT('',(106.666351315082,-9.5498791573733,-12.4943705520321));
#4926=CARTESIAN_POINT('',(106.757990790294,-9.60310994701123,-12.5173783777505));
#4927=CARTESIAN_POINT('',(106.839168080943,-9.66227162697521,-12.5425742430288));
#4928=CARTESIAN_POINT('',(106.915119625372,-9.73128649366218,-12.5714422408184));
#4929=CARTESIAN_POINT('',(106.989722785246,-9.81559422898161,-12.605981986706));
#4930=CARTESIAN_POINT('',(107.057549813696,-9.91437990650791,-12.6454193546408));
#4931=CARTESIAN_POINT('',(107.114274598839,-10.0268708862606,-12.6889075081911));
#4932=CARTESIAN_POINT('',(107.151165426321,-10.1321397320934,-12.7282500913041));
#4933=CARTESIAN_POINT('',(107.173281750082,-10.227722293389,-12.7628988049147));
#4934=CARTESIAN_POINT('',(107.185064375297,-10.3134632623375,-12.7931782048494));
#4935=CARTESIAN_POINT('',(107.188193102087,-10.3816752780856,-12.8166274378221));
#4936=CARTESIAN_POINT('',(107.18681864508,-10.4631778665144,-12.8441203734283));
#4937=CARTESIAN_POINT('',(107.177186017027,-10.5595632732333,-12.8758134465069));
#4938=CARTESIAN_POINT('',(107.14858944153,-10.6786634362375,-12.9133488470216));
#4939=CARTESIAN_POINT('',(107.106851281003,-10.7887286333549,-12.9467055024802));
#4940=CARTESIAN_POINT('',(107.055407186636,-10.8880233095386,-12.9757551856697));
#4941=CARTESIAN_POINT('',(106.991025341009,-10.9826357183956,-13.0024755702494));
#4942=CARTESIAN_POINT('',(106.914759730822,-11.069750269521,-13.0262580558093));
#4943=CARTESIAN_POINT('',(106.828363018782,-11.1470590122669,-13.046712842805));
#4944=CARTESIAN_POINT('',(106.734361951619,-11.2124934352733,-13.0635478563954));
#4945=CARTESIAN_POINT('',(106.635731722769,-11.264907795598,-13.0767204917258));
#4946=CARTESIAN_POINT('',(106.538428210485,-11.3030288409895,-13.0861267721842));
#4947=CARTESIAN_POINT('',(106.445891917479,-11.3283697800626,-13.0923013049025));
#4948=CARTESIAN_POINT('',(106.352703817,-11.3445996352847,-13.0962246549764));
#4949=CARTESIAN_POINT('',(106.283859822521,-11.3496262851125,-13.0974333521439));
#4950=CARTESIAN_POINT('',(106.207800910257,-11.3503320407779,-13.0976031925158));
#4951=CARTESIAN_POINT('',(106.111572588197,-11.3448943719196,-13.0962956348824));
#4952=CARTESIAN_POINT('',(105.975330357572,-11.317385978647,-13.0896530260439));
#4953=CARTESIAN_POINT('',(105.839002576883,-11.2658754554157,-13.0769829714874));
#4954=CARTESIAN_POINT('',(105.729505988347,-11.2054122195765,-13.0617518015457));
#4955=CARTESIAN_POINT('',(105.637901069732,-11.1392107169052,-13.0446477772496));
#4956=CARTESIAN_POINT('',(105.55776718744,-11.0665525962981,-13.0253887394084));
#4957=CARTESIAN_POINT('',(105.484338265666,-10.9824214710458,-13.0024102693244));
#4958=CARTESIAN_POINT('',(105.421192057192,-10.8898257684623,-12.9762656900876));
#4959=CARTESIAN_POINT('',(105.370360261103,-10.7925705723919,-12.9478424500519));
#4960=CARTESIAN_POINT('',(105.328545497791,-10.6841004199986,-12.9150241619982));
#4961=CARTESIAN_POINT('',(105.299134834962,-10.565071680882,-12.8775881517528));
#4962=CARTESIAN_POINT('',(105.288746526679,-10.4667837974951,-12.8453268290967));
#4963=CARTESIAN_POINT('',(105.287140959527,-10.3825647293045,-12.816936543503));
#4964=CARTESIAN_POINT('',(105.291066569357,-10.2984345820914,-12.7880084475263));
#4965=CARTESIAN_POINT('',(105.311069943843,-10.1747031957643,-12.744004377972));
#4966=CARTESIAN_POINT('',(105.360027403925,-10.0224740023102,-12.6874908906778));
#4967=CARTESIAN_POINT('',(105.441248990533,-9.87223709578171,-12.6289353351402));
#4968=CARTESIAN_POINT('',(105.542346318415,-9.74733578034723,-12.5781745994396));
#4969=CARTESIAN_POINT('',(105.637325458812,-9.66088448909301,-12.5420019647022));
#4970=CARTESIAN_POINT('',(105.723808971806,-9.59912506784683,-12.515662863568));
#4971=CARTESIAN_POINT('',(105.813494442502,-9.54770836751188,-12.4934235329335));
#4972=CARTESIAN_POINT('',(105.915982621091,-9.50342969305306,-12.4740070211831));
#4973=CARTESIAN_POINT('',(106.031420366166,-9.47010171212947,-12.4592295356133));
#4974=CARTESIAN_POINT('',(106.139353815695,-9.4532002952673,-12.4516831123388));
#4975=CARTESIAN_POINT('',(106.208362083749,-9.44999998034709,-12.450251240973));
#4976=CARTESIAN_POINT('',(106.237703771674,-9.45,-12.450251253109));
#4977=CARTESIAN_POINT('',(113.737703771642,-9.45,-12.4502512531089));
#4978=CARTESIAN_POINT('',(113.737703771674,-9.45,-12.450251253109));
#4979=CARTESIAN_POINT('',(113.767570123849,-9.45000002000433,-12.4502512654621));
#4980=CARTESIAN_POINT('',(113.837620318202,-9.45330686148313,-12.4517308145953));
#4981=CARTESIAN_POINT('',(113.946842687374,-9.47068724897135,-12.4594906300818));
#4982=CARTESIAN_POINT('',(114.062995509995,-9.50469437674343,-12.474565505343));
#4983=CARTESIAN_POINT('',(114.166351315082,-9.54987915737331,-12.4943705520321));
#4984=CARTESIAN_POINT('',(114.257990790294,-9.60310994701123,-12.5173783777505));
#4985=CARTESIAN_POINT('',(114.339168080943,-9.6622716269752,-12.5425742430288));
#4986=CARTESIAN_POINT('',(114.415119625372,-9.73128649366219,-12.5714422408184));
#4987=CARTESIAN_POINT('',(114.489722785246,-9.8155942289816,-12.605981986706));
#4988=CARTESIAN_POINT('',(114.557549813696,-9.91437990650789,-12.6454193546407));
#4989=CARTESIAN_POINT('',(114.614274598839,-10.0268708862605,-12.6889075081911));
#4990=CARTESIAN_POINT('',(114.651165426321,-10.1321397320933,-12.7282500913041));
#4991=CARTESIAN_POINT('',(114.673281750082,-10.2277222933889,-12.7628988049147));
#4992=CARTESIAN_POINT('',(114.685064375297,-10.3134632623375,-12.7931782048493));
#4993=CARTESIAN_POINT('',(114.688193102087,-10.3816752780855,-12.816627437822));
#4994=CARTESIAN_POINT('',(114.68681864508,-10.4631778665143,-12.8441203734283));
#4995=CARTESIAN_POINT('',(114.677186017026,-10.5595632732331,-12.8758134465068));
#4996=CARTESIAN_POINT('',(114.64858944153,-10.6786634362374,-12.9133488470215));
#4997=CARTESIAN_POINT('',(114.606851281003,-10.7887286333549,-12.9467055024802));
#4998=CARTESIAN_POINT('',(114.555407186636,-10.8880233095385,-12.9757551856697));
#4999=CARTESIAN_POINT('',(114.491025341009,-10.9826357183956,-13.0024755702494));
#5000=CARTESIAN_POINT('',(114.414759730822,-11.069750269521,-13.0262580558093));
#5001=CARTESIAN_POINT('',(114.328363018782,-11.1470590122669,-13.046712842805));
#5002=CARTESIAN_POINT('',(114.234361951619,-11.2124934352734,-13.0635478563954));
#5003=CARTESIAN_POINT('',(114.135731722769,-11.264907795598,-13.0767204917258));
#5004=CARTESIAN_POINT('',(114.038428210485,-11.3030288409896,-13.0861267721842));
#5005=CARTESIAN_POINT('',(113.945891917479,-11.3283697800626,-13.0923013049025));
#5006=CARTESIAN_POINT('',(113.852703817,-11.3445996352847,-13.0962246549764));
#5007=CARTESIAN_POINT('',(113.783859822521,-11.3496262851125,-13.0974333521439));
#5008=CARTESIAN_POINT('',(113.707800910257,-11.3503320407779,-13.0976031925158));
#5009=CARTESIAN_POINT('',(113.611572588198,-11.3448943719196,-13.0962956348824));
#5010=CARTESIAN_POINT('',(113.475330357572,-11.317385978647,-13.0896530260439));
#5011=CARTESIAN_POINT('',(113.339002576883,-11.2658754554157,-13.0769829714874));
#5012=CARTESIAN_POINT('',(113.229505988347,-11.2054122195765,-13.0617518015457));
#5013=CARTESIAN_POINT('',(113.137901069732,-11.1392107169052,-13.0446477772495));
#5014=CARTESIAN_POINT('',(113.05776718744,-11.066552596298,-13.0253887394084));
#5015=CARTESIAN_POINT('',(112.984338265666,-10.9824214710457,-13.0024102693244));
#5016=CARTESIAN_POINT('',(112.921192057192,-10.8898257684622,-12.9762656900876));
#5017=CARTESIAN_POINT('',(112.870360261103,-10.7925705723918,-12.9478424500519));
#5018=CARTESIAN_POINT('',(112.828545497791,-10.6841004199986,-12.9150241619981));
#5019=CARTESIAN_POINT('',(112.799134834962,-10.5650716808822,-12.8775881517528));
#5020=CARTESIAN_POINT('',(112.788746526679,-10.4667837974953,-12.8453268290967));
#5021=CARTESIAN_POINT('',(112.787140959527,-10.3825647293049,-12.8169365435031));
#5022=CARTESIAN_POINT('',(112.791066569357,-10.2984345820921,-12.7880084475266));
#5023=CARTESIAN_POINT('',(112.811069943843,-10.1747031957656,-12.7440043779725));
#5024=CARTESIAN_POINT('',(112.860027403924,-10.0224740023118,-12.6874908906784));
#5025=CARTESIAN_POINT('',(112.941248990532,-9.8722370957831,-12.6289353351407));
#5026=CARTESIAN_POINT('',(113.042346318414,-9.74733578034815,-12.57817459944));
#5027=CARTESIAN_POINT('',(113.137325458811,-9.66088448909348,-12.5420019647024));
#5028=CARTESIAN_POINT('',(113.223808971806,-9.59912506784699,-12.515662863568));
#5029=CARTESIAN_POINT('',(113.313494442502,-9.5477083675119,-12.4934235329335));
#5030=CARTESIAN_POINT('',(113.415982621091,-9.50342969305307,-12.4740070211831));
#5031=CARTESIAN_POINT('',(113.531420366166,-9.47010171212947,-12.4592295356133));
#5032=CARTESIAN_POINT('',(113.639353815695,-9.4532002952673,-12.4516831123388));
#5033=CARTESIAN_POINT('',(113.708362083749,-9.44999998034709,-12.450251240973));
#5034=CARTESIAN_POINT('',(113.737703771674,-9.45,-12.450251253109));
#5035=CARTESIAN_POINT('',(121.237703771642,-9.45,-12.4502512531089));
#5036=CARTESIAN_POINT('',(121.237703771674,-9.45,-12.450251253109));
#5037=CARTESIAN_POINT('',(121.267570123849,-9.45000002000433,-12.4502512654621));
#5038=CARTESIAN_POINT('',(121.337620318202,-9.45330686148314,-12.4517308145953));
#5039=CARTESIAN_POINT('',(121.446842687374,-9.47068724897136,-12.4594906300818));
#5040=CARTESIAN_POINT('',(121.562995509995,-9.50469437674341,-12.474565505343));
#5041=CARTESIAN_POINT('',(121.666351315082,-9.54987915737329,-12.4943705520321));
#5042=CARTESIAN_POINT('',(121.757990790294,-9.60310994701122,-12.5173783777505));
#5043=CARTESIAN_POINT('',(121.839168080943,-9.6622716269752,-12.5425742430288));
#5044=CARTESIAN_POINT('',(121.915119625372,-9.73128649366219,-12.5714422408184));
#5045=CARTESIAN_POINT('',(121.989722785246,-9.8155942289816,-12.605981986706));
#5046=CARTESIAN_POINT('',(122.057549813696,-9.9143799065079,-12.6454193546407));
#5047=CARTESIAN_POINT('',(122.114274598839,-10.0268708862606,-12.6889075081911));
#5048=CARTESIAN_POINT('',(122.151165426321,-10.1321397320932,-12.728250091304));
#5049=CARTESIAN_POINT('',(122.173281750082,-10.2277222933887,-12.7628988049146));
#5050=CARTESIAN_POINT('',(122.185064375297,-10.3134632623375,-12.7931782048494));
#5051=CARTESIAN_POINT('',(122.188193102087,-10.3816752780857,-12.8166274378221));
#5052=CARTESIAN_POINT('',(122.186818645081,-10.4631778665145,-12.8441203734284));
#5053=CARTESIAN_POINT('',(122.177186017027,-10.559563273233,-12.8758134465068));
#5054=CARTESIAN_POINT('',(122.14858944153,-10.6786634362373,-12.9133488470215));
#5055=CARTESIAN_POINT('',(122.106851281003,-10.7887286333549,-12.9467055024802));
#5056=CARTESIAN_POINT('',(122.055407186636,-10.8880233095385,-12.9757551856697));
#5057=CARTESIAN_POINT('',(121.991025341009,-10.9826357183956,-13.0024755702494));
#5058=CARTESIAN_POINT('',(121.914759730822,-11.0697502695209,-13.0262580558093));
#5059=CARTESIAN_POINT('',(121.828363018782,-11.1470590122669,-13.046712842805));
#5060=CARTESIAN_POINT('',(121.734361951619,-11.2124934352733,-13.0635478563954));
#5061=CARTESIAN_POINT('',(121.635731722769,-11.264907795598,-13.0767204917258));
#5062=CARTESIAN_POINT('',(121.538428210484,-11.3030288409895,-13.0861267721842));
#5063=CARTESIAN_POINT('',(121.445891917479,-11.3283697800626,-13.0923013049025));
#5064=CARTESIAN_POINT('',(121.352703817,-11.3445996352847,-13.0962246549764));
#5065=CARTESIAN_POINT('',(121.283859822521,-11.3496262851125,-13.0974333521439));
#5066=CARTESIAN_POINT('',(121.207800910257,-11.3503320407779,-13.0976031925158));
#5067=CARTESIAN_POINT('',(121.111572588198,-11.3448943719196,-13.0962956348824));
#5068=CARTESIAN_POINT('',(120.975330357572,-11.317385978647,-13.0896530260439));
#5069=CARTESIAN_POINT('',(120.839002576883,-11.2658754554157,-13.0769829714874));
#5070=CARTESIAN_POINT('',(120.729505988347,-11.2054122195765,-13.0617518015457));
#5071=CARTESIAN_POINT('',(120.637901069732,-11.1392107169052,-13.0446477772495));
#5072=CARTESIAN_POINT('',(120.55776718744,-11.066552596298,-13.0253887394084));
#5073=CARTESIAN_POINT('',(120.484338265666,-10.9824214710457,-13.0024102693244));
#5074=CARTESIAN_POINT('',(120.421192057192,-10.8898257684622,-12.9762656900876));
#5075=CARTESIAN_POINT('',(120.370360261103,-10.7925705723917,-12.9478424500519));
#5076=CARTESIAN_POINT('',(120.328545497791,-10.6841004199985,-12.9150241619981));
#5077=CARTESIAN_POINT('',(120.299134834962,-10.5650716808819,-12.8775881517527));
#5078=CARTESIAN_POINT('',(120.288746526679,-10.4667837974951,-12.8453268290967));
#5079=CARTESIAN_POINT('',(120.287140959527,-10.3825647293045,-12.816936543503));
#5080=CARTESIAN_POINT('',(120.291066569357,-10.2984345820913,-12.7880084475263));
#5081=CARTESIAN_POINT('',(120.311069943843,-10.1747031957643,-12.744004377972));
#5082=CARTESIAN_POINT('',(120.360027403925,-10.0224740023103,-12.6874908906778));
#5083=CARTESIAN_POINT('',(120.441248990533,-9.8722370957817,-12.6289353351402));
#5084=CARTESIAN_POINT('',(120.542346318415,-9.74733578034725,-12.5781745994396));
#5085=CARTESIAN_POINT('',(120.637325458812,-9.66088448909301,-12.5420019647022));
#5086=CARTESIAN_POINT('',(120.723808971806,-9.59912506784684,-12.515662863568));
#5087=CARTESIAN_POINT('',(120.813494442502,-9.54770836751186,-12.4934235329335));
#5088=CARTESIAN_POINT('',(120.915982621091,-9.50342969305307,-12.4740070211831));
#5089=CARTESIAN_POINT('',(121.031420366166,-9.47010171212946,-12.4592295356133));
#5090=CARTESIAN_POINT('',(121.139353815695,-9.4532002952673,-12.4516831123388));
#5091=CARTESIAN_POINT('',(121.208362083749,-9.44999998034709,-12.450251240973));
#5092=CARTESIAN_POINT('',(121.237703771674,-9.45,-12.450251253109));
#5093=CARTESIAN_POINT('',(128.737703771642,-9.45,-12.4502512531089));
#5094=CARTESIAN_POINT('',(128.737703771674,-9.45,-12.450251253109));
#5095=CARTESIAN_POINT('',(128.767570123849,-9.45000002000433,-12.4502512654621));
#5096=CARTESIAN_POINT('',(128.837620318202,-9.45330686148314,-12.4517308145953));
#5097=CARTESIAN_POINT('',(128.946842687374,-9.47068724897134,-12.4594906300818));
#5098=CARTESIAN_POINT('',(129.062995509995,-9.50469437674342,-12.474565505343));
#5099=CARTESIAN_POINT('',(129.166351315082,-9.54987915737329,-12.4943705520321));
#5100=CARTESIAN_POINT('',(129.257990790294,-9.60310994701123,-12.5173783777505));
#5101=CARTESIAN_POINT('',(129.339168080943,-9.66227162697514,-12.5425742430288));
#5102=CARTESIAN_POINT('',(129.415119625372,-9.73128649366218,-12.5714422408184));
#5103=CARTESIAN_POINT('',(129.489722785246,-9.81559422898151,-12.6059819867059));
#5104=CARTESIAN_POINT('',(129.557549813696,-9.91437990650775,-12.6454193546407));
#5105=CARTESIAN_POINT('',(129.614274598839,-10.0268708862604,-12.688907508191));
#5106=CARTESIAN_POINT('',(129.651165426321,-10.1321397320932,-12.728250091304));
#5107=CARTESIAN_POINT('',(129.673281750082,-10.2277222933888,-12.7628988049147));
#5108=CARTESIAN_POINT('',(129.685064375297,-10.3134632623374,-12.7931782048493));
#5109=CARTESIAN_POINT('',(129.688193102087,-10.3816752780854,-12.816627437822));
#5110=CARTESIAN_POINT('',(129.68681864508,-10.4631778665142,-12.8441203734283));
#5111=CARTESIAN_POINT('',(129.677186017027,-10.5595632732332,-12.8758134465069));
#5112=CARTESIAN_POINT('',(129.64858944153,-10.6786634362375,-12.9133488470216));
#5113=CARTESIAN_POINT('',(129.606851281003,-10.7887286333548,-12.9467055024802));
#5114=CARTESIAN_POINT('',(129.555407186636,-10.8880233095386,-12.9757551856698));
#5115=CARTESIAN_POINT('',(129.491025341009,-10.9826357183956,-13.0024755702494));
#5116=CARTESIAN_POINT('',(129.414759730822,-11.0697502695209,-13.0262580558093));
#5117=CARTESIAN_POINT('',(129.328363018782,-11.1470590122669,-13.046712842805));
#5118=CARTESIAN_POINT('',(129.234361951619,-11.2124934352733,-13.0635478563954));
#5119=CARTESIAN_POINT('',(129.135731722769,-11.264907795598,-13.0767204917258));
#5120=CARTESIAN_POINT('',(129.038428210485,-11.3030288409896,-13.0861267721842));
#5121=CARTESIAN_POINT('',(128.945891917479,-11.3283697800626,-13.0923013049025));
#5122=CARTESIAN_POINT('',(128.852703817,-11.3445996352847,-13.0962246549764));
#5123=CARTESIAN_POINT('',(128.783859822521,-11.3496262851125,-13.0974333521439));
#5124=CARTESIAN_POINT('',(128.707800910257,-11.3503320407779,-13.0976031925158));
#5125=CARTESIAN_POINT('',(128.611572588197,-11.3448943719196,-13.0962956348824));
#5126=CARTESIAN_POINT('',(128.475330357572,-11.317385978647,-13.0896530260439));
#5127=CARTESIAN_POINT('',(128.339002576883,-11.2658754554157,-13.0769829714874));
#5128=CARTESIAN_POINT('',(128.229505988347,-11.2054122195765,-13.0617518015457));
#5129=CARTESIAN_POINT('',(128.137901069732,-11.1392107169052,-13.0446477772496));
#5130=CARTESIAN_POINT('',(128.05776718744,-11.0665525962981,-13.0253887394084));
#5131=CARTESIAN_POINT('',(127.984338265666,-10.9824214710458,-13.0024102693244));
#5132=CARTESIAN_POINT('',(127.921192057192,-10.8898257684623,-12.9762656900876));
#5133=CARTESIAN_POINT('',(127.870360261103,-10.7925705723918,-12.947842450052));
#5134=CARTESIAN_POINT('',(127.828545497791,-10.6841004199985,-12.9150241619981));
#5135=CARTESIAN_POINT('',(127.799134834962,-10.5650716808819,-12.8775881517527));
#5136=CARTESIAN_POINT('',(127.788746526679,-10.4667837974953,-12.8453268290967));
#5137=CARTESIAN_POINT('',(127.787140959527,-10.3825647293046,-12.816936543503));
#5138=CARTESIAN_POINT('',(127.791066569357,-10.2984345820914,-12.7880084475263));
#5139=CARTESIAN_POINT('',(127.811069943843,-10.174703195764,-12.7440043779719));
#5140=CARTESIAN_POINT('',(127.860027403924,-10.0224740023103,-12.6874908906779));
#5141=CARTESIAN_POINT('',(127.941248990533,-9.87223709578167,-12.6289353351402));
#5142=CARTESIAN_POINT('',(128.042346318415,-9.74733578034722,-12.5781745994396));
#5143=CARTESIAN_POINT('',(128.137325458812,-9.66088448909304,-12.5420019647023));
#5144=CARTESIAN_POINT('',(128.223808971806,-9.59912506784683,-12.515662863568));
#5145=CARTESIAN_POINT('',(128.313494442502,-9.54770836751185,-12.4934235329335));
#5146=CARTESIAN_POINT('',(128.415982621091,-9.50342969305309,-12.4740070211831));
#5147=CARTESIAN_POINT('',(128.531420366167,-9.47010171212946,-12.4592295356133));
#5148=CARTESIAN_POINT('',(128.639353815695,-9.4532002952673,-12.4516831123388));
#5149=CARTESIAN_POINT('',(128.708362083749,-9.44999998034709,-12.450251240973));
#5150=CARTESIAN_POINT('',(128.737703771674,-9.45,-12.450251253109));
#5151=CARTESIAN_POINT('',(61.2377037716424,-5.94999999999999,-9.95704365012349));
#5152=CARTESIAN_POINT('',(61.2377037716383,-5.95,-9.95704365012862));
#5153=CARTESIAN_POINT('',(61.2630073301089,-5.95000039857595,-9.95704413571799));
#5154=CARTESIAN_POINT('',(61.3215869170257,-5.95234615262564,-9.95954574206553));
#5155=CARTESIAN_POINT('',(61.4213947374935,-5.9656573925831,-9.97371930062632));
#5156=CARTESIAN_POINT('',(61.5347979489935,-5.99477230139955,-10.0045597572816));
#5157=CARTESIAN_POINT('',(61.6436863674828,-6.03862307460834,-10.0505261194918));
#5158=CARTESIAN_POINT('',(61.7349836938286,-6.08871127389912,-10.1023340024605));
#5159=CARTESIAN_POINT('',(61.8120055829085,-6.14150638621107,-10.1562202937051));
#5160=CARTESIAN_POINT('',(61.8912182318633,-6.20747414570112,-10.2226167969251));
#5161=CARTESIAN_POINT('',(61.9808838276805,-6.30198984096249,-10.3159323426502));
#5162=CARTESIAN_POINT('',(62.0739544014684,-6.43728797454003,-10.4456622504577));
#5163=CARTESIAN_POINT('',(62.1438792041212,-6.59675156316285,-10.5925972366995));
#5164=CARTESIAN_POINT('',(62.1799847151927,-6.75317153944241,-10.7307235579028));
#5165=CARTESIAN_POINT('',(62.1874975093041,-6.85216952082601,-10.8151257035544));
#5166=CARTESIAN_POINT('',(62.1878837596222,-6.93629896337181,-10.8856839067027));
#5167=CARTESIAN_POINT('',(62.1826070229053,-7.02206236653491,-10.9565116522337));
#5168=CARTESIAN_POINT('',(62.157692848888,-7.14956111884224,-11.0586758726422));
#5169=CARTESIAN_POINT('',(62.1154364304048,-7.27068401436643,-11.1527015597324));
#5170=CARTESIAN_POINT('',(62.060421413879,-7.37943739919084,-11.2348258301848));
#5171=CARTESIAN_POINT('',(61.9982940142806,-7.47289892299127,-11.3037767034973));
#5172=CARTESIAN_POINT('',(61.926005286063,-7.55788416318669,-11.3651438024492));
#5173=CARTESIAN_POINT('',(61.8402271165521,-7.63775320990388,-11.4217272135312));
#5174=CARTESIAN_POINT('',(61.7329278722486,-7.71495442193117,-11.4754140834703));
#5175=CARTESIAN_POINT('',(61.6017407213636,-7.78206022382318,-11.5212229999453));
#5176=CARTESIAN_POINT('',(61.4635074247623,-7.82623163982477,-11.5509535937481));
#5177=CARTESIAN_POINT('',(61.3439895985242,-7.84597791440866,-11.5641520542243));
#5178=CARTESIAN_POINT('',(61.2717336861998,-7.84986707287513,-11.5667464678985));
#5179=CARTESIAN_POINT('',(61.2162915669541,-7.85010222387805,-11.5669033804621));
#5180=CARTESIAN_POINT('',(61.1581037985218,-7.84788583395027,-11.5654248342173));
#5181=CARTESIAN_POINT('',(61.0655798887807,-7.83619073214924,-11.5576133658213));
#5182=CARTESIAN_POINT('',(60.9507451090037,-7.80873416782295,-11.5391992587646));
#5183=CARTESIAN_POINT('',(60.8283455991829,-7.76106402925161,-11.5069552370123));
#5184=CARTESIAN_POINT('',(60.7122357854193,-7.6948550928981,-11.4615092720146));
#5185=CARTESIAN_POINT('',(60.618736581276,-7.62346802315354,-11.4116643694409));
#5186=CARTESIAN_POINT('',(60.5421500546894,-7.5496014136248,-11.3591807444608));
#5187=CARTESIAN_POINT('',(60.4769184977433,-7.47202850639706,-11.3031020120473));
#5188=CARTESIAN_POINT('',(60.4186708474917,-7.38526726763286,-11.2391433935197));
#5189=CARTESIAN_POINT('',(60.3682045342636,-7.28809063927168,-11.1659164558929));
#5190=CARTESIAN_POINT('',(60.3281389507407,-7.18222008392041,-11.0841710804251));
#5191=CARTESIAN_POINT('',(60.2999948021237,-7.06735052928054,-10.9930898065491));
#5192=CARTESIAN_POINT('',(60.2891201875435,-6.97251336634595,-10.9157154803475));
#5193=CARTESIAN_POINT('',(60.287041350765,-6.88939392556611,-10.8464803131693));
#5194=CARTESIAN_POINT('',(60.290591485383,-6.80462172880901,-10.7747709768453));
#5195=CARTESIAN_POINT('',(60.3070661951462,-6.69592058591665,-10.6804726255664));
#5196=CARTESIAN_POINT('',(60.3412004895532,-6.57808554502925,-10.5751099323261));
#5197=CARTESIAN_POINT('',(60.3884681841265,-6.46889812600114,-10.4746784193223));
#5198=CARTESIAN_POINT('',(60.4462662133169,-6.37053075193347,-10.3817919148964));
#5199=CARTESIAN_POINT('',(60.5126562303997,-6.28306880485582,-10.2972210930308));
#5200=CARTESIAN_POINT('',(60.5844936553442,-6.20770490799547,-10.2228117400027));
#5201=CARTESIAN_POINT('',(60.6615615318375,-6.14248517265813,-10.1572443955807));
#5202=CARTESIAN_POINT('',(60.7424992952299,-6.08732414862311,-10.1009109061242));
#5203=CARTESIAN_POINT('',(60.8271152432198,-6.04157525282882,-10.0535623341175));
#5204=CARTESIAN_POINT('',(60.9173587124275,-6.00382107288609,-10.0140635596771));
#5205=CARTESIAN_POINT('',(61.0104010738572,-5.97582217645139,-9.9845020926732));
#5206=CARTESIAN_POINT('',(61.1016933765961,-5.95845574234581,-9.96605428014471));
#5207=CARTESIAN_POINT('',(61.1765185600812,-5.95119798382868,-9.95832101018377));
#5208=CARTESIAN_POINT('',(61.2204556082094,-5.94999972831082,-9.95704331912676));
#5209=CARTESIAN_POINT('',(61.2377037716383,-5.95,-9.95704365012862));
#5210=CARTESIAN_POINT('',(68.7377037716424,-5.95,-9.95704365012349));
#5211=CARTESIAN_POINT('',(68.7377037716383,-5.95,-9.95704365012862));
#5212=CARTESIAN_POINT('',(68.7630073301089,-5.95000039857595,-9.95704413571799));
#5213=CARTESIAN_POINT('',(68.8215869170258,-5.95234615262565,-9.95954574206554));
#5214=CARTESIAN_POINT('',(68.9213947374935,-5.9656573925831,-9.97371930062632));
#5215=CARTESIAN_POINT('',(69.0347979489935,-5.99477230139957,-10.0045597572816));
#5216=CARTESIAN_POINT('',(69.1436863674828,-6.03862307460835,-10.0505261194918));
#5217=CARTESIAN_POINT('',(69.2349836938287,-6.08871127389917,-10.1023340024606));
#5218=CARTESIAN_POINT('',(69.3120055829086,-6.14150638621114,-10.1562202937052));
#5219=CARTESIAN_POINT('',(69.3912182318634,-6.20747414570123,-10.2226167969252));
#5220=CARTESIAN_POINT('',(69.4808838276807,-6.3019898409627,-10.3159323426504));
#5221=CARTESIAN_POINT('',(69.5739544014687,-6.43728797454039,-10.445662250458));
#5222=CARTESIAN_POINT('',(69.6438792041214,-6.59675156316346,-10.5925972367001));
#5223=CARTESIAN_POINT('',(69.6799847151928,-6.75317153944306,-10.7307235579034));
#5224=CARTESIAN_POINT('',(69.6874975093041,-6.85216952082649,-10.8151257035548));
#5225=CARTESIAN_POINT('',(69.6878837596222,-6.93629896337223,-10.885683906703));
#5226=CARTESIAN_POINT('',(69.6826070229053,-7.02206236653511,-10.9565116522338));
#5227=CARTESIAN_POINT('',(69.657692848888,-7.14956111884239,-11.0586758726423));
#5228=CARTESIAN_POINT('',(69.6154364304048,-7.27068401436647,-11.1527015597324));
#5229=CARTESIAN_POINT('',(69.560421413879,-7.37943739919085,-11.2348258301848));
#5230=CARTESIAN_POINT('',(69.4982940142805,-7.47289892299128,-11.3037767034973));
#5231=CARTESIAN_POINT('',(69.426005286063,-7.5578841631867,-11.3651438024492));
#5232=CARTESIAN_POINT('',(69.3402271165521,-7.63775320990388,-11.4217272135312));
#5233=CARTESIAN_POINT('',(69.2329278722486,-7.71495442193117,-11.4754140834704));
#5234=CARTESIAN_POINT('',(69.1017407213636,-7.78206022382317,-11.5212229999453));
#5235=CARTESIAN_POINT('',(68.9635074247623,-7.82623163982478,-11.5509535937481));
#5236=CARTESIAN_POINT('',(68.8439895985242,-7.84597791440867,-11.5641520542243));
#5237=CARTESIAN_POINT('',(68.7717336861997,-7.84986707287512,-11.5667464678984));
#5238=CARTESIAN_POINT('',(68.7162915669541,-7.85010222387806,-11.5669033804621));
#5239=CARTESIAN_POINT('',(68.6581037985218,-7.84788583395026,-11.5654248342173));
#5240=CARTESIAN_POINT('',(68.5655798887807,-7.83619073214924,-11.5576133658213));
#5241=CARTESIAN_POINT('',(68.4507451090037,-7.80873416782295,-11.5391992587646));
#5242=CARTESIAN_POINT('',(68.3283455991829,-7.76106402925158,-11.5069552370123));
#5243=CARTESIAN_POINT('',(68.2122357854193,-7.69485509289808,-11.4615092720146));
#5244=CARTESIAN_POINT('',(68.118736581276,-7.62346802315351,-11.4116643694409));
#5245=CARTESIAN_POINT('',(68.0421500546893,-7.54960141362475,-11.3591807444608));
#5246=CARTESIAN_POINT('',(67.9769184977433,-7.47202850639701,-11.3031020120473));
#5247=CARTESIAN_POINT('',(67.9186708474917,-7.38526726763278,-11.2391433935197));
#5248=CARTESIAN_POINT('',(67.8682045342635,-7.28809063927154,-11.1659164558928));
#5249=CARTESIAN_POINT('',(67.8281389507407,-7.18222008392022,-11.0841710804249));
#5250=CARTESIAN_POINT('',(67.7999948021236,-7.06735052928026,-10.9930898065489));
#5251=CARTESIAN_POINT('',(67.7891201875434,-6.97251336634574,-10.9157154803473));
#5252=CARTESIAN_POINT('',(67.7870413507651,-6.88939392556581,-10.8464803131691));
#5253=CARTESIAN_POINT('',(67.7905914853829,-6.80462172880863,-10.774770976845));
#5254=CARTESIAN_POINT('',(67.8070661951463,-6.69592058591609,-10.6804726255659));
#5255=CARTESIAN_POINT('',(67.8412004895534,-6.5780855450287,-10.5751099323256));
#5256=CARTESIAN_POINT('',(67.8884681841267,-6.46889812600064,-10.4746784193219));
#5257=CARTESIAN_POINT('',(67.9462662133171,-6.37053075193307,-10.381791914896));
#5258=CARTESIAN_POINT('',(68.0126562304,-6.28306880485555,-10.2972210930305));
#5259=CARTESIAN_POINT('',(68.0844936553443,-6.20770490799532,-10.2228117400026));
#5260=CARTESIAN_POINT('',(68.1615615318376,-6.14248517265808,-10.1572443955806));
#5261=CARTESIAN_POINT('',(68.2424992952299,-6.08732414862308,-10.1009109061242));
#5262=CARTESIAN_POINT('',(68.3271152432197,-6.04157525282884,-10.0535623341175));
#5263=CARTESIAN_POINT('',(68.4173587124276,-6.00382107288608,-10.0140635596771));
#5264=CARTESIAN_POINT('',(68.5104010738572,-5.97582217645139,-9.9845020926732));
#5265=CARTESIAN_POINT('',(68.6016933765961,-5.95845574234581,-9.96605428014471));
#5266=CARTESIAN_POINT('',(68.6765185600812,-5.95119798382868,-9.95832101018377));
#5267=CARTESIAN_POINT('',(68.7204556082094,-5.94999972831081,-9.95704331912677));
#5268=CARTESIAN_POINT('',(68.7377037716383,-5.95,-9.95704365012862));
#5269=CARTESIAN_POINT('',(76.2377037716424,-5.95,-9.95704365012349));
#5270=CARTESIAN_POINT('',(76.2377037716383,-5.95,-9.95704365012862));
#5271=CARTESIAN_POINT('',(76.2630073301089,-5.95000039857595,-9.95704413571799));
#5272=CARTESIAN_POINT('',(76.3215869170257,-5.95234615262565,-9.95954574206554));
#5273=CARTESIAN_POINT('',(76.4213947374934,-5.9656573925831,-9.97371930062632));
#5274=CARTESIAN_POINT('',(76.5347979489934,-5.99477230139953,-10.0045597572816));
#5275=CARTESIAN_POINT('',(76.6436863674827,-6.0386230746083,-10.0505261194918));
#5276=CARTESIAN_POINT('',(76.7349836938285,-6.08871127389905,-10.1023340024605));
#5277=CARTESIAN_POINT('',(76.8120055829083,-6.14150638621094,-10.156220293705));
#5278=CARTESIAN_POINT('',(76.8912182318631,-6.20747414570092,-10.2226167969249));
#5279=CARTESIAN_POINT('',(76.9808838276802,-6.30198984096208,-10.3159323426498));
#5280=CARTESIAN_POINT('',(77.0739544014681,-6.43728797453936,-10.445662250457));
#5281=CARTESIAN_POINT('',(77.1438792041208,-6.59675156316178,-10.5925972366985));
#5282=CARTESIAN_POINT('',(77.1799847151927,-6.75317153944132,-10.7307235579019));
#5283=CARTESIAN_POINT('',(77.1874975093038,-6.85216952082514,-10.8151257035537));
#5284=CARTESIAN_POINT('',(77.1878837596224,-6.93629896337117,-10.8856839067021));
#5285=CARTESIAN_POINT('',(77.1826070229053,-7.02206236653456,-10.9565116522334));
#5286=CARTESIAN_POINT('',(77.1576928488881,-7.14956111884198,-11.058675872642));
#5287=CARTESIAN_POINT('',(77.1154364304048,-7.27068401436636,-11.1527015597324));
#5288=CARTESIAN_POINT('',(77.060421413879,-7.37943739919086,-11.2348258301848));
#5289=CARTESIAN_POINT('',(76.9982940142805,-7.47289892299128,-11.3037767034973));
#5290=CARTESIAN_POINT('',(76.926005286063,-7.55788416318672,-11.3651438024492));
#5291=CARTESIAN_POINT('',(76.8402271165522,-7.63775320990387,-11.4217272135312));
#5292=CARTESIAN_POINT('',(76.7329278722487,-7.71495442193118,-11.4754140834704));
#5293=CARTESIAN_POINT('',(76.6017407213636,-7.78206022382319,-11.5212229999453));
#5294=CARTESIAN_POINT('',(76.4635074247624,-7.82623163982477,-11.5509535937481));
#5295=CARTESIAN_POINT('',(76.3439895985242,-7.84597791440866,-11.5641520542243));
#5296=CARTESIAN_POINT('',(76.2717336861999,-7.84986707287513,-11.5667464678985));
#5297=CARTESIAN_POINT('',(76.2162915669541,-7.85010222387805,-11.5669033804621));
#5298=CARTESIAN_POINT('',(76.1581037985218,-7.84788583395027,-11.5654248342173));
#5299=CARTESIAN_POINT('',(76.0655798887807,-7.83619073214923,-11.5576133658213));
#5300=CARTESIAN_POINT('',(75.9507451090037,-7.80873416782295,-11.5391992587646));
#5301=CARTESIAN_POINT('',(75.8283455991828,-7.76106402925159,-11.5069552370123));
#5302=CARTESIAN_POINT('',(75.7122357854193,-7.6948550928981,-11.4615092720146));
#5303=CARTESIAN_POINT('',(75.618736581276,-7.62346802315352,-11.4116643694409));
#5304=CARTESIAN_POINT('',(75.5421500546893,-7.54960141362478,-11.3591807444608));
#5305=CARTESIAN_POINT('',(75.4769184977433,-7.47202850639704,-11.3031020120473));
#5306=CARTESIAN_POINT('',(75.4186708474917,-7.38526726763283,-11.2391433935197));
#5307=CARTESIAN_POINT('',(75.3682045342636,-7.28809063927164,-11.1659164558928));
#5308=CARTESIAN_POINT('',(75.3281389507407,-7.18222008392035,-11.084171080425));
#5309=CARTESIAN_POINT('',(75.2999948021237,-7.06735052928046,-10.9930898065491));
#5310=CARTESIAN_POINT('',(75.2891201875435,-6.97251336634589,-10.9157154803474));
#5311=CARTESIAN_POINT('',(75.287041350765,-6.88939392556603,-10.8464803131693));
#5312=CARTESIAN_POINT('',(75.2905914853829,-6.8046217288089,-10.7747709768452));
#5313=CARTESIAN_POINT('',(75.3070661951462,-6.6959205859165,-10.6804726255663));
#5314=CARTESIAN_POINT('',(75.3412004895533,-6.57808554502911,-10.5751099323259));
#5315=CARTESIAN_POINT('',(75.3884681841265,-6.46889812600101,-10.4746784193222));
#5316=CARTESIAN_POINT('',(75.446266213317,-6.37053075193337,-10.3817919148963));
#5317=CARTESIAN_POINT('',(75.5126562303998,-6.28306880485574,-10.2972210930307));
#5318=CARTESIAN_POINT('',(75.5844936553443,-6.20770490799544,-10.2228117400027));
#5319=CARTESIAN_POINT('',(75.6615615318376,-6.14248517265811,-10.1572443955807));
#5320=CARTESIAN_POINT('',(75.7424992952298,-6.0873241486231,-10.1009109061242));
#5321=CARTESIAN_POINT('',(75.8271152432198,-6.04157525282882,-10.0535623341174));
#5322=CARTESIAN_POINT('',(75.9173587124275,-6.00382107288608,-10.0140635596771));
#5323=CARTESIAN_POINT('',(76.0104010738572,-5.9758221764514,-9.98450209267321));
#5324=CARTESIAN_POINT('',(76.1016933765961,-5.95845574234581,-9.9660542801447));
#5325=CARTESIAN_POINT('',(76.1765185600812,-5.95119798382869,-9.95832101018378));
#5326=CARTESIAN_POINT('',(76.2204556082094,-5.94999972831081,-9.95704331912677));
#5327=CARTESIAN_POINT('',(76.2377037716383,-5.95,-9.95704365012862));
#5328=CARTESIAN_POINT('',(83.7377037716424,-5.95,-9.95704365012349));
#5329=CARTESIAN_POINT('',(83.7377037716383,-5.95,-9.95704365012862));
#5330=CARTESIAN_POINT('',(83.7630073301089,-5.95000039857595,-9.95704413571799));
#5331=CARTESIAN_POINT('',(83.8215869170258,-5.95234615262565,-9.95954574206554));
#5332=CARTESIAN_POINT('',(83.9213947374934,-5.9656573925831,-9.97371930062633));
#5333=CARTESIAN_POINT('',(84.0347979489935,-5.99477230139954,-10.0045597572816));
#5334=CARTESIAN_POINT('',(84.1436863674828,-6.03862307460834,-10.0505261194918));
#5335=CARTESIAN_POINT('',(84.2349836938286,-6.08871127389912,-10.1023340024605));
#5336=CARTESIAN_POINT('',(84.3120055829085,-6.14150638621106,-10.1562202937051));
#5337=CARTESIAN_POINT('',(84.3912182318633,-6.20747414570108,-10.222616796925));
#5338=CARTESIAN_POINT('',(84.4808838276804,-6.30198984096243,-10.3159323426501));
#5339=CARTESIAN_POINT('',(84.5739544014684,-6.43728797453989,-10.4456622504576));
#5340=CARTESIAN_POINT('',(84.6438792041211,-6.59675156316264,-10.5925972366993));
#5341=CARTESIAN_POINT('',(84.6799847151927,-6.75317153944222,-10.7307235579027));
#5342=CARTESIAN_POINT('',(84.6874975093041,-6.85216952082581,-10.8151257035543));
#5343=CARTESIAN_POINT('',(84.6878837596222,-6.93629896337172,-10.8856839067026));
#5344=CARTESIAN_POINT('',(84.6826070229054,-7.02206236653483,-10.9565116522336));
#5345=CARTESIAN_POINT('',(84.657692848888,-7.14956111884219,-11.0586758726421));
#5346=CARTESIAN_POINT('',(84.6154364304048,-7.27068401436642,-11.1527015597324));
#5347=CARTESIAN_POINT('',(84.560421413879,-7.37943739919087,-11.2348258301848));
#5348=CARTESIAN_POINT('',(84.4982940142805,-7.47289892299128,-11.3037767034973));
#5349=CARTESIAN_POINT('',(84.426005286063,-7.55788416318671,-11.3651438024492));
#5350=CARTESIAN_POINT('',(84.3402271165521,-7.63775320990388,-11.4217272135312));
#5351=CARTESIAN_POINT('',(84.2329278722487,-7.71495442193119,-11.4754140834704));
#5352=CARTESIAN_POINT('',(84.1017407213636,-7.78206022382319,-11.5212229999453));
#5353=CARTESIAN_POINT('',(83.9635074247623,-7.82623163982477,-11.5509535937481));
#5354=CARTESIAN_POINT('',(83.8439895985241,-7.84597791440867,-11.5641520542243));
#5355=CARTESIAN_POINT('',(83.7717336861999,-7.84986707287513,-11.5667464678984));
#5356=CARTESIAN_POINT('',(83.716291566954,-7.85010222387805,-11.5669033804621));
#5357=CARTESIAN_POINT('',(83.6581037985218,-7.84788583395027,-11.5654248342173));
#5358=CARTESIAN_POINT('',(83.5655798887806,-7.83619073214923,-11.5576133658213));
#5359=CARTESIAN_POINT('',(83.4507451090037,-7.80873416782295,-11.5391992587646));
#5360=CARTESIAN_POINT('',(83.3283455991828,-7.76106402925159,-11.5069552370123));
#5361=CARTESIAN_POINT('',(83.2122357854193,-7.69485509289809,-11.4615092720146));
#5362=CARTESIAN_POINT('',(83.118736581276,-7.62346802315352,-11.4116643694409));
#5363=CARTESIAN_POINT('',(83.0421500546893,-7.54960141362477,-11.3591807444608));
#5364=CARTESIAN_POINT('',(82.9769184977433,-7.47202850639702,-11.3031020120473));
#5365=CARTESIAN_POINT('',(82.9186708474916,-7.38526726763279,-11.2391433935197));
#5366=CARTESIAN_POINT('',(82.8682045342636,-7.2880906392716,-11.1659164558928));
#5367=CARTESIAN_POINT('',(82.8281389507407,-7.18222008392027,-11.084171080425));
#5368=CARTESIAN_POINT('',(82.7999948021237,-7.06735052928036,-10.993089806549));
#5369=CARTESIAN_POINT('',(82.7891201875435,-6.97251336634581,-10.9157154803474));
#5370=CARTESIAN_POINT('',(82.787041350765,-6.88939392556592,-10.8464803131692));
#5371=CARTESIAN_POINT('',(82.790591485383,-6.80462172880876,-10.7747709768451));
#5372=CARTESIAN_POINT('',(82.8070661951463,-6.69592058591628,-10.6804726255661));
#5373=CARTESIAN_POINT('',(82.8412004895533,-6.57808554502888,-10.5751099323257));
#5374=CARTESIAN_POINT('',(82.8884681841267,-6.46889812600082,-10.474678419322));
#5375=CARTESIAN_POINT('',(82.946266213317,-6.3705307519332,-10.3817919148962));
#5376=CARTESIAN_POINT('',(83.0126562303999,-6.28306880485564,-10.2972210930306));
#5377=CARTESIAN_POINT('',(83.0844936553443,-6.20770490799536,-10.2228117400026));
#5378=CARTESIAN_POINT('',(83.1615615318376,-6.1424851726581,-10.1572443955807));
#5379=CARTESIAN_POINT('',(83.2424992952299,-6.0873241486231,-10.1009109061242));
#5380=CARTESIAN_POINT('',(83.3271152432198,-6.04157525282881,-10.0535623341174));
#5381=CARTESIAN_POINT('',(83.4173587124275,-6.00382107288609,-10.0140635596771));
#5382=CARTESIAN_POINT('',(83.5104010738572,-5.9758221764514,-9.98450209267321));
#5383=CARTESIAN_POINT('',(83.6016933765961,-5.95845574234581,-9.96605428014471));
#5384=CARTESIAN_POINT('',(83.6765185600812,-5.95119798382869,-9.95832101018378));
#5385=CARTESIAN_POINT('',(83.7204556082094,-5.94999972831082,-9.95704331912677));
#5386=CARTESIAN_POINT('',(83.7377037716383,-5.95,-9.95704365012862));
#5387=CARTESIAN_POINT('',(91.2377037716424,-5.95,-9.95704365012349));
#5388=CARTESIAN_POINT('',(91.2377037716383,-5.95,-9.95704365012862));
#5389=CARTESIAN_POINT('',(91.263007330109,-5.95000039857596,-9.95704413571799));
#5390=CARTESIAN_POINT('',(91.3215869170258,-5.95234615262565,-9.95954574206554));
#5391=CARTESIAN_POINT('',(91.4213947374934,-5.9656573925831,-9.97371930062633));
#5392=CARTESIAN_POINT('',(91.5347979489936,-5.99477230139957,-10.0045597572816));
#5393=CARTESIAN_POINT('',(91.6436863674829,-6.03862307460837,-10.0505261194919));
#5394=CARTESIAN_POINT('',(91.7349836938287,-6.08871127389918,-10.1023340024606));
#5395=CARTESIAN_POINT('',(91.8120055829086,-6.14150638621116,-10.1562202937052));
#5396=CARTESIAN_POINT('',(91.8912182318634,-6.20747414570125,-10.2226167969252));
#5397=CARTESIAN_POINT('',(91.9808838276807,-6.30198984096273,-10.3159323426504));
#5398=CARTESIAN_POINT('',(92.0739544014687,-6.4372879745404,-10.445662250458));
#5399=CARTESIAN_POINT('',(92.1438792041213,-6.59675156316308,-10.5925972366997));
#5400=CARTESIAN_POINT('',(92.1799847151927,-6.75317153944287,-10.7307235579032));
#5401=CARTESIAN_POINT('',(92.1874975093041,-6.85216952082601,-10.8151257035545));
#5402=CARTESIAN_POINT('',(92.1878837596222,-6.93629896337174,-10.8856839067026));
#5403=CARTESIAN_POINT('',(92.1826070229053,-7.02206236653488,-10.9565116522336));
#5404=CARTESIAN_POINT('',(92.157692848888,-7.14956111884243,-11.0586758726423));
#5405=CARTESIAN_POINT('',(92.1154364304047,-7.27068401436652,-11.1527015597325));
#5406=CARTESIAN_POINT('',(92.060421413879,-7.37943739919085,-11.2348258301848));
#5407=CARTESIAN_POINT('',(91.9982940142805,-7.47289892299128,-11.3037767034973));
#5408=CARTESIAN_POINT('',(91.926005286063,-7.55788416318671,-11.3651438024492));
#5409=CARTESIAN_POINT('',(91.8402271165521,-7.63775320990388,-11.4217272135312));
#5410=CARTESIAN_POINT('',(91.7329278722486,-7.71495442193118,-11.4754140834704));
#5411=CARTESIAN_POINT('',(91.6017407213636,-7.78206022382319,-11.5212229999453));
#5412=CARTESIAN_POINT('',(91.4635074247623,-7.82623163982478,-11.5509535937481));
#5413=CARTESIAN_POINT('',(91.3439895985242,-7.84597791440865,-11.5641520542243));
#5414=CARTESIAN_POINT('',(91.2717336861998,-7.84986707287514,-11.5667464678985));
#5415=CARTESIAN_POINT('',(91.2162915669541,-7.85010222387804,-11.5669033804621));
#5416=CARTESIAN_POINT('',(91.1581037985218,-7.84788583395028,-11.5654248342173));
#5417=CARTESIAN_POINT('',(91.0655798887807,-7.83619073214924,-11.5576133658213));
#5418=CARTESIAN_POINT('',(90.9507451090037,-7.80873416782293,-11.5391992587646));
#5419=CARTESIAN_POINT('',(90.8283455991829,-7.76106402925161,-11.5069552370123));
#5420=CARTESIAN_POINT('',(90.7122357854193,-7.69485509289808,-11.4615092720146));
#5421=CARTESIAN_POINT('',(90.618736581276,-7.62346802315352,-11.4116643694409));
#5422=CARTESIAN_POINT('',(90.5421500546893,-7.5496014136248,-11.3591807444608));
#5423=CARTESIAN_POINT('',(90.4769184977433,-7.47202850639705,-11.3031020120473));
#5424=CARTESIAN_POINT('',(90.4186708474917,-7.38526726763284,-11.2391433935197));
#5425=CARTESIAN_POINT('',(90.3682045342636,-7.28809063927164,-11.1659164558928));
#5426=CARTESIAN_POINT('',(90.3281389507407,-7.18222008392035,-11.084171080425));
#5427=CARTESIAN_POINT('',(90.2999948021237,-7.06735052928047,-10.9930898065491));
#5428=CARTESIAN_POINT('',(90.2891201875434,-6.9725133663459,-10.9157154803475));
#5429=CARTESIAN_POINT('',(90.287041350765,-6.88939392556604,-10.8464803131693));
#5430=CARTESIAN_POINT('',(90.290591485383,-6.80462172880892,-10.7747709768452));
#5431=CARTESIAN_POINT('',(90.3070661951462,-6.69592058591652,-10.6804726255663));
#5432=CARTESIAN_POINT('',(90.3412004895533,-6.57808554502914,-10.575109932326));
#5433=CARTESIAN_POINT('',(90.3884681841265,-6.46889812600102,-10.4746784193222));
#5434=CARTESIAN_POINT('',(90.4462662133169,-6.37053075193339,-10.3817919148963));
#5435=CARTESIAN_POINT('',(90.5126562303998,-6.28306880485576,-10.2972210930307));
#5436=CARTESIAN_POINT('',(90.5844936553443,-6.20770490799544,-10.2228117400027));
#5437=CARTESIAN_POINT('',(90.6615615318375,-6.14248517265811,-10.1572443955807));
#5438=CARTESIAN_POINT('',(90.7424992952299,-6.0873241486231,-10.1009109061242));
#5439=CARTESIAN_POINT('',(90.8271152432197,-6.04157525282882,-10.0535623341174));
#5440=CARTESIAN_POINT('',(90.9173587124276,-6.00382107288609,-10.0140635596771));
#5441=CARTESIAN_POINT('',(91.0104010738572,-5.97582217645138,-9.98450209267319));
#5442=CARTESIAN_POINT('',(91.1016933765961,-5.95845574234582,-9.96605428014471));
#5443=CARTESIAN_POINT('',(91.1765185600812,-5.95119798382869,-9.95832101018378));
#5444=CARTESIAN_POINT('',(91.2204556082094,-5.94999972831082,-9.95704331912677));
#5445=CARTESIAN_POINT('',(91.2377037716383,-5.95,-9.95704365012862));
#5446=CARTESIAN_POINT('',(98.7377037716424,-5.95,-9.9570436501235));
#5447=CARTESIAN_POINT('',(98.7377037716383,-5.95,-9.95704365012862));
#5448=CARTESIAN_POINT('',(98.7630073301089,-5.95000039857595,-9.95704413571799));
#5449=CARTESIAN_POINT('',(98.8215869170257,-5.95234615262564,-9.95954574206554));
#5450=CARTESIAN_POINT('',(98.9213947374934,-5.9656573925831,-9.97371930062632));
#5451=CARTESIAN_POINT('',(99.0347979489935,-5.99477230139954,-10.0045597572816));
#5452=CARTESIAN_POINT('',(99.1436863674827,-6.0386230746083,-10.0505261194918));
#5453=CARTESIAN_POINT('',(99.2349836938285,-6.08871127389906,-10.1023340024605));
#5454=CARTESIAN_POINT('',(99.3120055829084,-6.14150638621097,-10.156220293705));
#5455=CARTESIAN_POINT('',(99.3912182318631,-6.20747414570093,-10.2226167969249));
#5456=CARTESIAN_POINT('',(99.4808838276802,-6.30198984096215,-10.3159323426499));
#5457=CARTESIAN_POINT('',(99.5739544014681,-6.43728797453946,-10.4456622504571));
#5458=CARTESIAN_POINT('',(99.6438792041209,-6.59675156316186,-10.5925972366986));
#5459=CARTESIAN_POINT('',(99.6799847151925,-6.75317153944144,-10.730723557902));
#5460=CARTESIAN_POINT('',(99.687497509304,-6.85216952082517,-10.8151257035537));
#5461=CARTESIAN_POINT('',(99.6878837596223,-6.93629896337117,-10.8856839067021));
#5462=CARTESIAN_POINT('',(99.6826070229054,-7.02206236653457,-10.9565116522334));
#5463=CARTESIAN_POINT('',(99.6576928488881,-7.14956111884202,-11.058675872642));
#5464=CARTESIAN_POINT('',(99.6154364304048,-7.27068401436639,-11.1527015597324));
#5465=CARTESIAN_POINT('',(99.560421413879,-7.37943739919085,-11.2348258301848));
#5466=CARTESIAN_POINT('',(99.4982940142805,-7.47289892299127,-11.3037767034973));
#5467=CARTESIAN_POINT('',(99.4260052860631,-7.55788416318672,-11.3651438024492));
#5468=CARTESIAN_POINT('',(99.3402271165521,-7.63775320990389,-11.4217272135312));
#5469=CARTESIAN_POINT('',(99.2329278722486,-7.71495442193118,-11.4754140834704));
#5470=CARTESIAN_POINT('',(99.1017407213636,-7.78206022382319,-11.5212229999453));
#5471=CARTESIAN_POINT('',(98.9635074247623,-7.82623163982478,-11.5509535937481));
#5472=CARTESIAN_POINT('',(98.8439895985242,-7.84597791440865,-11.5641520542243));
#5473=CARTESIAN_POINT('',(98.7717336861998,-7.84986707287515,-11.5667464678985));
#5474=CARTESIAN_POINT('',(98.7162915669541,-7.85010222387804,-11.5669033804621));
#5475=CARTESIAN_POINT('',(98.6581037985218,-7.84788583395028,-11.5654248342173));
#5476=CARTESIAN_POINT('',(98.5655798887807,-7.83619073214924,-11.5576133658213));
#5477=CARTESIAN_POINT('',(98.4507451090037,-7.80873416782293,-11.5391992587646));
#5478=CARTESIAN_POINT('',(98.3283455991829,-7.76106402925161,-11.5069552370123));
#5479=CARTESIAN_POINT('',(98.2122357854193,-7.6948550928981,-11.4615092720146));
#5480=CARTESIAN_POINT('',(98.118736581276,-7.62346802315352,-11.4116643694409));
#5481=CARTESIAN_POINT('',(98.0421500546893,-7.5496014136248,-11.3591807444608));
#5482=CARTESIAN_POINT('',(97.9769184977433,-7.47202850639705,-11.3031020120473));
#5483=CARTESIAN_POINT('',(97.9186708474917,-7.38526726763283,-11.2391433935197));
#5484=CARTESIAN_POINT('',(97.8682045342636,-7.28809063927165,-11.1659164558928));
#5485=CARTESIAN_POINT('',(97.8281389507408,-7.18222008392037,-11.084171080425));
#5486=CARTESIAN_POINT('',(97.7999948021237,-7.06735052928048,-10.9930898065491));
#5487=CARTESIAN_POINT('',(97.7891201875435,-6.97251336634591,-10.9157154803475));
#5488=CARTESIAN_POINT('',(97.787041350765,-6.88939392556606,-10.8464803131693));
#5489=CARTESIAN_POINT('',(97.7905914853829,-6.80462172880894,-10.7747709768452));
#5490=CARTESIAN_POINT('',(97.8070661951462,-6.69592058591655,-10.6804726255663));
#5491=CARTESIAN_POINT('',(97.8412004895532,-6.57808554502916,-10.575109932326));
#5492=CARTESIAN_POINT('',(97.8884681841265,-6.46889812600106,-10.4746784193222));
#5493=CARTESIAN_POINT('',(97.9462662133169,-6.37053075193341,-10.3817919148964));
#5494=CARTESIAN_POINT('',(98.0126562303998,-6.28306880485577,-10.2972210930307));
#5495=CARTESIAN_POINT('',(98.0844936553442,-6.20770490799544,-10.2228117400027));
#5496=CARTESIAN_POINT('',(98.1615615318376,-6.14248517265812,-10.1572443955807));
#5497=CARTESIAN_POINT('',(98.2424992952299,-6.08732414862311,-10.1009109061242));
#5498=CARTESIAN_POINT('',(98.3271152432197,-6.04157525282882,-10.0535623341174));
#5499=CARTESIAN_POINT('',(98.4173587124276,-6.00382107288609,-10.0140635596771));
#5500=CARTESIAN_POINT('',(98.5104010738572,-5.97582217645139,-9.9845020926732));
#5501=CARTESIAN_POINT('',(98.6016933765961,-5.95845574234581,-9.96605428014472));
#5502=CARTESIAN_POINT('',(98.6765185600812,-5.95119798382869,-9.95832101018378));
#5503=CARTESIAN_POINT('',(98.7204556082094,-5.94999972831082,-9.95704331912677));
#5504=CARTESIAN_POINT('',(98.7377037716383,-5.95,-9.95704365012862));
#5505=CARTESIAN_POINT('',(106.237703771642,-5.95,-9.9570436501235));
#5506=CARTESIAN_POINT('',(106.237703771638,-5.95,-9.95704365012863));
#5507=CARTESIAN_POINT('',(106.263007330109,-5.95000039857595,-9.95704413571799));
#5508=CARTESIAN_POINT('',(106.321586917026,-5.95234615262565,-9.95954574206555));
#5509=CARTESIAN_POINT('',(106.421394737494,-5.96565739258311,-9.97371930062633));
#5510=CARTESIAN_POINT('',(106.534797948993,-5.99477230139956,-10.0045597572816));
#5511=CARTESIAN_POINT('',(106.643686367483,-6.03862307460835,-10.0505261194919));
#5512=CARTESIAN_POINT('',(106.734983693829,-6.08871127389913,-10.1023340024605));
#5513=CARTESIAN_POINT('',(106.812005582908,-6.14150638621109,-10.1562202937051));
#5514=CARTESIAN_POINT('',(106.891218231863,-6.20747414570114,-10.2226167969251));
#5515=CARTESIAN_POINT('',(106.980883827681,-6.30198984096252,-10.3159323426502));
#5516=CARTESIAN_POINT('',(107.073954401469,-6.43728797454006,-10.4456622504577));
#5517=CARTESIAN_POINT('',(107.143879204121,-6.59675156316268,-10.5925972366994));
#5518=CARTESIAN_POINT('',(107.179984715193,-6.75317153944235,-10.7307235579028));
#5519=CARTESIAN_POINT('',(107.187497509304,-6.85216952082576,-10.8151257035542));
#5520=CARTESIAN_POINT('',(107.187883759622,-6.93629896337157,-10.8856839067025));
#5521=CARTESIAN_POINT('',(107.182607022905,-7.0220623665348,-10.9565116522336));
#5522=CARTESIAN_POINT('',(107.157692848888,-7.14956111884228,-11.0586758726422));
#5523=CARTESIAN_POINT('',(107.115436430405,-7.27068401436647,-11.1527015597325));
#5524=CARTESIAN_POINT('',(107.060421413879,-7.37943739919086,-11.2348258301848));
#5525=CARTESIAN_POINT('',(106.99829401428,-7.47289892299127,-11.3037767034973));
#5526=CARTESIAN_POINT('',(106.926005286063,-7.55788416318671,-11.3651438024492));
#5527=CARTESIAN_POINT('',(106.840227116552,-7.6377532099039,-11.4217272135312));
#5528=CARTESIAN_POINT('',(106.732927872249,-7.71495442193117,-11.4754140834704));
#5529=CARTESIAN_POINT('',(106.601740721364,-7.7820602238232,-11.5212229999453));
#5530=CARTESIAN_POINT('',(106.463507424762,-7.82623163982479,-11.5509535937481));
#5531=CARTESIAN_POINT('',(106.343989598524,-7.84597791440865,-11.5641520542243));
#5532=CARTESIAN_POINT('',(106.2717336862,-7.84986707287515,-11.5667464678985));
#5533=CARTESIAN_POINT('',(106.216291566954,-7.85010222387804,-11.5669033804621));
#5534=CARTESIAN_POINT('',(106.158103798522,-7.84788583395028,-11.5654248342173));
#5535=CARTESIAN_POINT('',(106.065579888781,-7.83619073214923,-11.5576133658213));
#5536=CARTESIAN_POINT('',(105.950745109004,-7.80873416782295,-11.5391992587646));
#5537=CARTESIAN_POINT('',(105.828345599183,-7.76106402925159,-11.5069552370123));
#5538=CARTESIAN_POINT('',(105.712235785419,-7.69485509289807,-11.4615092720146));
#5539=CARTESIAN_POINT('',(105.618736581276,-7.62346802315351,-11.4116643694409));
#5540=CARTESIAN_POINT('',(105.542150054689,-7.54960141362474,-11.3591807444608));
#5541=CARTESIAN_POINT('',(105.476918497743,-7.47202850639697,-11.3031020120472));
#5542=CARTESIAN_POINT('',(105.418670847492,-7.38526726763273,-11.2391433935196));
#5543=CARTESIAN_POINT('',(105.368204534264,-7.28809063927148,-11.1659164558927));
#5544=CARTESIAN_POINT('',(105.328138950741,-7.18222008392014,-11.0841710804249));
#5545=CARTESIAN_POINT('',(105.299994802124,-7.06735052928014,-10.9930898065488));
#5546=CARTESIAN_POINT('',(105.289120187543,-6.97251336634564,-10.9157154803472));
#5547=CARTESIAN_POINT('',(105.287041350765,-6.88939392556568,-10.846480313169));
#5548=CARTESIAN_POINT('',(105.290591485383,-6.80462172880846,-10.7747709768448));
#5549=CARTESIAN_POINT('',(105.307066195146,-6.69592058591583,-10.6804726255657));
#5550=CARTESIAN_POINT('',(105.341200489554,-6.57808554502844,-10.5751099323253));
#5551=CARTESIAN_POINT('',(105.388468184127,-6.4688981260004,-10.4746784193216));
#5552=CARTESIAN_POINT('',(105.446266213317,-6.37053075193289,-10.3817919148959));
#5553=CARTESIAN_POINT('',(105.5126562304,-6.28306880485542,-10.2972210930304));
#5554=CARTESIAN_POINT('',(105.584493655344,-6.20770490799525,-10.2228117400025));
#5555=CARTESIAN_POINT('',(105.661561531838,-6.14248517265803,-10.1572443955806));
#5556=CARTESIAN_POINT('',(105.74249929523,-6.08732414862309,-10.1009109061242));
#5557=CARTESIAN_POINT('',(105.82711524322,-6.04157525282882,-10.0535623341174));
#5558=CARTESIAN_POINT('',(105.917358712428,-6.00382107288608,-10.0140635596771));
#5559=CARTESIAN_POINT('',(106.010401073857,-5.97582217645139,-9.9845020926732));
#5560=CARTESIAN_POINT('',(106.101693376596,-5.95845574234581,-9.96605428014471));
#5561=CARTESIAN_POINT('',(106.176518560081,-5.95119798382869,-9.95832101018378));
#5562=CARTESIAN_POINT('',(106.220455608209,-5.94999972831082,-9.95704331912677));
#5563=CARTESIAN_POINT('',(106.237703771638,-5.95,-9.95704365012863));
#5564=CARTESIAN_POINT('',(113.737703771642,-5.95,-9.9570436501235));
#5565=CARTESIAN_POINT('',(113.737703771638,-5.95,-9.95704365012863));
#5566=CARTESIAN_POINT('',(113.763007330109,-5.95000039857596,-9.95704413571799));
#5567=CARTESIAN_POINT('',(113.821586917026,-5.95234615262565,-9.95954574206555));
#5568=CARTESIAN_POINT('',(113.921394737494,-5.96565739258312,-9.97371930062634));
#5569=CARTESIAN_POINT('',(114.034797948994,-5.99477230139956,-10.0045597572816));
#5570=CARTESIAN_POINT('',(114.143686367483,-6.03862307460836,-10.0505261194919));
#5571=CARTESIAN_POINT('',(114.234983693829,-6.08871127389914,-10.1023340024605));
#5572=CARTESIAN_POINT('',(114.312005582909,-6.14150638621112,-10.1562202937052));
#5573=CARTESIAN_POINT('',(114.391218231863,-6.20747414570116,-10.2226167969251));
#5574=CARTESIAN_POINT('',(114.480883827681,-6.30198984096259,-10.3159323426503));
#5575=CARTESIAN_POINT('',(114.573954401469,-6.43728797454015,-10.4456622504578));
#5576=CARTESIAN_POINT('',(114.643879204121,-6.59675156316275,-10.5925972366994));
#5577=CARTESIAN_POINT('',(114.679984715193,-6.75317153944249,-10.7307235579029));
#5578=CARTESIAN_POINT('',(114.687497509304,-6.85216952082578,-10.8151257035543));
#5579=CARTESIAN_POINT('',(114.687883759622,-6.93629896337158,-10.8856839067025));
#5580=CARTESIAN_POINT('',(114.682607022905,-7.02206236653479,-10.9565116522336));
#5581=CARTESIAN_POINT('',(114.657692848888,-7.14956111884234,-11.0586758726422));
#5582=CARTESIAN_POINT('',(114.615436430405,-7.27068401436648,-11.1527015597325));
#5583=CARTESIAN_POINT('',(114.560421413879,-7.37943739919086,-11.2348258301848));
#5584=CARTESIAN_POINT('',(114.498294014281,-7.47289892299128,-11.3037767034973));
#5585=CARTESIAN_POINT('',(114.426005286063,-7.55788416318671,-11.3651438024492));
#5586=CARTESIAN_POINT('',(114.340227116552,-7.6377532099039,-11.4217272135312));
#5587=CARTESIAN_POINT('',(114.232927872249,-7.71495442193116,-11.4754140834703));
#5588=CARTESIAN_POINT('',(114.101740721364,-7.78206022382322,-11.5212229999453));
#5589=CARTESIAN_POINT('',(113.963507424762,-7.82623163982478,-11.5509535937481));
#5590=CARTESIAN_POINT('',(113.843989598524,-7.84597791440867,-11.5641520542243));
#5591=CARTESIAN_POINT('',(113.7717336862,-7.84986707287514,-11.5667464678984));
#5592=CARTESIAN_POINT('',(113.716291566954,-7.85010222387806,-11.5669033804621));
#5593=CARTESIAN_POINT('',(113.658103798522,-7.84788583395027,-11.5654248342172));
#5594=CARTESIAN_POINT('',(113.565579888781,-7.83619073214924,-11.5576133658213));
#5595=CARTESIAN_POINT('',(113.450745109004,-7.80873416782294,-11.5391992587646));
#5596=CARTESIAN_POINT('',(113.328345599183,-7.76106402925161,-11.5069552370123));
#5597=CARTESIAN_POINT('',(113.212235785419,-7.69485509289811,-11.4615092720146));
#5598=CARTESIAN_POINT('',(113.118736581276,-7.62346802315353,-11.4116643694409));
#5599=CARTESIAN_POINT('',(113.042150054689,-7.5496014136248,-11.3591807444608));
#5600=CARTESIAN_POINT('',(112.976918497743,-7.47202850639707,-11.3031020120473));
#5601=CARTESIAN_POINT('',(112.918670847492,-7.38526726763288,-11.2391433935198));
#5602=CARTESIAN_POINT('',(112.868204534264,-7.28809063927169,-11.1659164558929));
#5603=CARTESIAN_POINT('',(112.828138950741,-7.18222008392042,-11.0841710804251));
#5604=CARTESIAN_POINT('',(112.799994802124,-7.06735052928056,-10.9930898065491));
#5605=CARTESIAN_POINT('',(112.789120187543,-6.97251336634597,-10.9157154803475));
#5606=CARTESIAN_POINT('',(112.787041350765,-6.88939392556614,-10.8464803131694));
#5607=CARTESIAN_POINT('',(112.790591485383,-6.80462172880905,-10.7747709768453));
#5608=CARTESIAN_POINT('',(112.807066195146,-6.69592058591671,-10.6804726255664));
#5609=CARTESIAN_POINT('',(112.841200489553,-6.57808554502932,-10.5751099323261));
#5610=CARTESIAN_POINT('',(112.888468184126,-6.46889812600122,-10.4746784193224));
#5611=CARTESIAN_POINT('',(112.946266213317,-6.37053075193351,-10.3817919148965));
#5612=CARTESIAN_POINT('',(113.0126562304,-6.28306880485585,-10.2972210930308));
#5613=CARTESIAN_POINT('',(113.084493655344,-6.20770490799548,-10.2228117400027));
#5614=CARTESIAN_POINT('',(113.161561531838,-6.14248517265814,-10.1572443955807));
#5615=CARTESIAN_POINT('',(113.24249929523,-6.08732414862309,-10.1009109061242));
#5616=CARTESIAN_POINT('',(113.32711524322,-6.04157525282884,-10.0535623341175));
#5617=CARTESIAN_POINT('',(113.417358712428,-6.00382107288608,-10.0140635596771));
#5618=CARTESIAN_POINT('',(113.510401073857,-5.9758221764514,-9.98450209267321));
#5619=CARTESIAN_POINT('',(113.601693376596,-5.95845574234581,-9.96605428014472));
#5620=CARTESIAN_POINT('',(113.676518560081,-5.95119798382869,-9.95832101018378));
#5621=CARTESIAN_POINT('',(113.720455608209,-5.94999972831082,-9.95704331912677));
#5622=CARTESIAN_POINT('',(113.737703771638,-5.95,-9.95704365012863));
#5623=CARTESIAN_POINT('',(121.237703771642,-5.95,-9.9570436501235));
#5624=CARTESIAN_POINT('',(121.237703771638,-5.95,-9.95704365012863));
#5625=CARTESIAN_POINT('',(121.263007330109,-5.95000039857595,-9.95704413571799));
#5626=CARTESIAN_POINT('',(121.321586917026,-5.95234615262565,-9.95954574206555));
#5627=CARTESIAN_POINT('',(121.421394737493,-5.96565739258311,-9.97371930062633));
#5628=CARTESIAN_POINT('',(121.534797948994,-5.99477230139957,-10.0045597572816));
#5629=CARTESIAN_POINT('',(121.643686367483,-6.03862307460836,-10.0505261194919));
#5630=CARTESIAN_POINT('',(121.734983693829,-6.08871127389916,-10.1023340024606));
#5631=CARTESIAN_POINT('',(121.812005582908,-6.14150638621114,-10.1562202937052));
#5632=CARTESIAN_POINT('',(121.891218231863,-6.20747414570122,-10.2226167969252));
#5633=CARTESIAN_POINT('',(121.980883827681,-6.30198984096269,-10.3159323426504));
#5634=CARTESIAN_POINT('',(122.073954401469,-6.43728797454037,-10.445662250458));
#5635=CARTESIAN_POINT('',(122.143879204121,-6.59675156316369,-10.5925972367003));
#5636=CARTESIAN_POINT('',(122.179984715193,-6.75317153944317,-10.7307235579035));
#5637=CARTESIAN_POINT('',(122.187497509304,-6.85216952082678,-10.8151257035551));
#5638=CARTESIAN_POINT('',(122.187883759622,-6.93629896337253,-10.8856839067032));
#5639=CARTESIAN_POINT('',(122.182607022905,-7.02206236653525,-10.9565116522339));
#5640=CARTESIAN_POINT('',(122.157692848888,-7.14956111884237,-11.0586758726423));
#5641=CARTESIAN_POINT('',(122.115436430405,-7.27068401436643,-11.1527015597324));
#5642=CARTESIAN_POINT('',(122.060421413879,-7.37943739919087,-11.2348258301848));
#5643=CARTESIAN_POINT('',(121.99829401428,-7.47289892299127,-11.3037767034973));
#5644=CARTESIAN_POINT('',(121.926005286063,-7.55788416318671,-11.3651438024492));
#5645=CARTESIAN_POINT('',(121.840227116552,-7.63775320990389,-11.4217272135312));
#5646=CARTESIAN_POINT('',(121.732927872249,-7.71495442193117,-11.4754140834704));
#5647=CARTESIAN_POINT('',(121.601740721364,-7.7820602238232,-11.5212229999453));
#5648=CARTESIAN_POINT('',(121.463507424762,-7.82623163982477,-11.5509535937481));
#5649=CARTESIAN_POINT('',(121.343989598524,-7.84597791440866,-11.5641520542243));
#5650=CARTESIAN_POINT('',(121.2717336862,-7.84986707287514,-11.5667464678984));
#5651=CARTESIAN_POINT('',(121.216291566954,-7.85010222387805,-11.5669033804621));
#5652=CARTESIAN_POINT('',(121.158103798522,-7.84788583395028,-11.5654248342173));
#5653=CARTESIAN_POINT('',(121.065579888781,-7.83619073214923,-11.5576133658213));
#5654=CARTESIAN_POINT('',(120.950745109004,-7.80873416782295,-11.5391992587646));
#5655=CARTESIAN_POINT('',(120.828345599183,-7.76106402925162,-11.5069552370123));
#5656=CARTESIAN_POINT('',(120.712235785419,-7.69485509289808,-11.4615092720146));
#5657=CARTESIAN_POINT('',(120.618736581276,-7.62346802315352,-11.4116643694409));
#5658=CARTESIAN_POINT('',(120.542150054689,-7.54960141362476,-11.3591807444608));
#5659=CARTESIAN_POINT('',(120.476918497743,-7.47202850639702,-11.3031020120473));
#5660=CARTESIAN_POINT('',(120.418670847492,-7.38526726763278,-11.2391433935197));
#5661=CARTESIAN_POINT('',(120.368204534264,-7.28809063927155,-11.1659164558928));
#5662=CARTESIAN_POINT('',(120.328138950741,-7.18222008392021,-11.0841710804249));
#5663=CARTESIAN_POINT('',(120.299994802124,-7.06735052928026,-10.9930898065489));
#5664=CARTESIAN_POINT('',(120.289120187543,-6.97251336634575,-10.9157154803473));
#5665=CARTESIAN_POINT('',(120.287041350765,-6.88939392556581,-10.8464803131691));
#5666=CARTESIAN_POINT('',(120.290591485383,-6.80462172880864,-10.774770976845));
#5667=CARTESIAN_POINT('',(120.307066195146,-6.69592058591609,-10.6804726255659));
#5668=CARTESIAN_POINT('',(120.341200489553,-6.57808554502872,-10.5751099323256));
#5669=CARTESIAN_POINT('',(120.388468184127,-6.46889812600066,-10.4746784193219));
#5670=CARTESIAN_POINT('',(120.446266213317,-6.37053075193311,-10.3817919148961));
#5671=CARTESIAN_POINT('',(120.5126562304,-6.28306880485554,-10.2972210930305));
#5672=CARTESIAN_POINT('',(120.584493655344,-6.20770490799533,-10.2228117400026));
#5673=CARTESIAN_POINT('',(120.661561531838,-6.14248517265808,-10.1572443955806));
#5674=CARTESIAN_POINT('',(120.74249929523,-6.08732414862307,-10.1009109061242));
#5675=CARTESIAN_POINT('',(120.82711524322,-6.04157525282883,-10.0535623341175));
#5676=CARTESIAN_POINT('',(120.917358712428,-6.00382107288609,-10.0140635596771));
#5677=CARTESIAN_POINT('',(121.010401073857,-5.97582217645139,-9.98450209267321));
#5678=CARTESIAN_POINT('',(121.101693376596,-5.95845574234582,-9.96605428014471));
#5679=CARTESIAN_POINT('',(121.176518560081,-5.95119798382869,-9.95832101018379));
#5680=CARTESIAN_POINT('',(121.220455608209,-5.94999972831082,-9.95704331912677));
#5681=CARTESIAN_POINT('',(121.237703771638,-5.95,-9.95704365012863));
#5682=CARTESIAN_POINT('',(40.841,-3.42097332764154,-5.5));
#5683=CARTESIAN_POINT('',(-1.12259289921841E-16,-3.42097332764154,-5.5));
#5684=CARTESIAN_POINT('',(40.841,-3.42097332764154,-5.5));
#5685=VECTOR('',#5686,1.);
#5686=DIRECTION('',(-1.,0.,8.69889003403565E-17));
#5687=CARTESIAN_POINT('',(40.841,-3.42097332764154,0.499999999999999));
#5688=AXIS2_PLACEMENT_3D('',#5689,#5690,#5691);
#5689=CARTESIAN_POINT('',(40.841,-13.9,-2.5));
#5690=DIRECTION('',(1.,0.,-6.12323399573676E-17));
#5691=DIRECTION('',(-1.68529376029453E-17,0.961378593794354,-0.275229357798166));
#5692=CARTESIAN_POINT('',(1.02053899928946E-17,-3.42097332764154,0.5));
#5693=CARTESIAN_POINT('',(40.841,-3.42097332764154,0.499999999999997));
#5694=VECTOR('',#5695,1.);
#5695=DIRECTION('',(-1.,0.,6.25232721196313E-17));
#5696=AXIS2_PLACEMENT_3D('',#5697,#5698,#5699);
#5697=CARTESIAN_POINT('',(-1.53080849893419E-16,-13.9,-2.5));
#5698=DIRECTION('',(-1.,0.,6.12323399573677E-17));
#5699=DIRECTION('',(1.68529376029452E-17,0.961378593794354,0.275229357798165));
#5700=CARTESIAN_POINT('',(-17.,-7.32652629818289,-11.1947940453767));
#5701=VECTOR('',#5702,1.);
#5702=DIRECTION('',(0.,-0.707106781186547,0.707106781186547));
#5703=CARTESIAN_POINT('',(-17.,-20.4734737018171,6.19479404537675));
#5704=VECTOR('',#5705,1.);
#5705=DIRECTION('',(0.,0.707106781186547,-0.707106781186548));
#5706=CARTESIAN_POINT('',(130.841,-18.2370496884403,7.49999999999999));
#5707=VECTOR('',#5708,1.);
#5708=DIRECTION('',(0.,1.,-4.09577239600193E-16));
#5709=CARTESIAN_POINT('',(130.841,-4.9,-2.50000000000001));
#5710=AXIS2_PLACEMENT_3D('',#5711,#5712,#5713);
#5711=CARTESIAN_POINT('',(130.841,-13.9,-2.50000000000001));
#5712=DIRECTION('',(1.,0.,-6.12323399573677E-17));
#5713=DIRECTION('',(3.74939945665464E-33,1.,6.12323399573677E-17));
#5714=CARTESIAN_POINT('',(128.737703771642,-5.95,-6.71870833312057));
#5715=CARTESIAN_POINT('',(128.737703771586,-5.95000000181402,-6.71870833654253));
#5716=CARTESIAN_POINT('',(128.745626961062,-5.94999961055194,-6.71870752837682));
#5717=CARTESIAN_POINT('',(128.766094026268,-5.95025649630599,-6.71919177432557));
#5718=CARTESIAN_POINT('',(128.805978787399,-5.9520462365388,-6.72256352003058));
#5719=CARTESIAN_POINT('',(128.864402072821,-5.95763996198147,-6.73308630887341));
#5720=CARTESIAN_POINT('',(128.936491137491,-5.96988965111472,-6.7560252939917));
#5721=CARTESIAN_POINT('',(129.011481440288,-5.98923436741567,-6.79191203115734));
#5722=CARTESIAN_POINT('',(129.080423739488,-6.01306527859376,-6.8355708415467));
#5723=CARTESIAN_POINT('',(129.143946269538,-6.04035959642267,-6.88488437270371));
#5724=CARTESIAN_POINT('',(129.205987696876,-6.07240341697589,-6.94189295072531));
#5725=CARTESIAN_POINT('',(129.265559111111,-6.10909321391826,-7.00597812432726));
#5726=CARTESIAN_POINT('',(129.318946029151,-6.147709656475,-7.07207565195147));
#5727=CARTESIAN_POINT('',(129.366791295035,-6.18730119740914,-7.13855917920916));
#5728=CARTESIAN_POINT('',(129.416069727987,-6.23359408343141,-7.21481342150213));
#5729=CARTESIAN_POINT('',(129.472628398672,-6.29553879652407,-7.31438709164714));
#5730=CARTESIAN_POINT('',(129.533292618168,-6.37690869797224,-7.44090568804292));
#5731=CARTESIAN_POINT('',(129.590451732328,-6.47571766947672,-7.58840081592645));
#5732=CARTESIAN_POINT('',(129.637569311617,-6.58717607999439,-7.74748251205655));
#5733=CARTESIAN_POINT('',(129.669123156205,-6.70119604447808,-7.90271834800177));
#5734=CARTESIAN_POINT('',(129.684742213621,-6.80650893668962,-8.03990377558406));
#5735=CARTESIAN_POINT('',(129.68775035913,-6.87232752531416,-8.12263111751808));
#5736=CARTESIAN_POINT('',(129.687666120579,-6.92422261663291,-8.186812201554));
#5737=CARTESIAN_POINT('',(129.68594147151,-6.96961628858655,-8.24225147527475));
#5738=CARTESIAN_POINT('',(129.678704874517,-7.03601429109075,-8.32144079159834));
#5739=CARTESIAN_POINT('',(129.666880311267,-7.10147252899995,-8.39773456187598));
#5740=CARTESIAN_POINT('',(129.649150431493,-7.17139256130337,-8.47744201556197));
#5741=CARTESIAN_POINT('',(129.62399712168,-7.24550325221009,-8.55988852967377));
#5742=CARTESIAN_POINT('',(129.589765742725,-7.32294556151867,-8.64381607875226));
#5743=CARTESIAN_POINT('',(129.552171020481,-7.39090448015525,-8.71566270251943));
#5744=CARTESIAN_POINT('',(129.513612243509,-7.44931856618042,-8.77618255364701));
#5745=CARTESIAN_POINT('',(129.476616562607,-7.49810832534702,-8.82592114326571));
#5746=CARTESIAN_POINT('',(129.437266436271,-7.54365132695655,-8.87166386068032));
#5747=CARTESIAN_POINT('',(129.396426042687,-7.58534526287191,-8.9129699796289));
#5748=CARTESIAN_POINT('',(129.354355022564,-7.62336826676325,-8.95017268744282));
#5749=CARTESIAN_POINT('',(129.308067651151,-7.66054432441643,-8.98614449770931));
#5750=CARTESIAN_POINT('',(129.255643362137,-7.69739029861842,-9.02139058557489));
#5751=CARTESIAN_POINT('',(129.195243452244,-7.73358730667445,-9.05561609235941));
#5752=CARTESIAN_POINT('',(129.130202827196,-7.76617772948026,-9.08610684054371));
#5753=CARTESIAN_POINT('',(129.057214294967,-7.79590468327935,-9.11366026904949));
#5754=CARTESIAN_POINT('',(128.973448413836,-7.82189061418744,-9.1375391743365));
#5755=CARTESIAN_POINT('',(128.881131907635,-7.84076886350388,-9.15476008690484));
#5756=CARTESIAN_POINT('',(128.800846036774,-7.84881162094378,-9.16206589675253));
#5757=CARTESIAN_POINT('',(128.744363734639,-7.85023389515069,-9.16335727633031));
#5758=CARTESIAN_POINT('',(128.698589247524,-7.84956261635324,-9.16274775899855));
#5759=CARTESIAN_POINT('',(128.649769398079,-7.84654154445764,-9.16000439576891));
#5760=CARTESIAN_POINT('',(128.587732862421,-7.83879370555439,-9.15295668089867));
#5761=CARTESIAN_POINT('',(128.519540617046,-7.82563916826979,-9.14095701463761));
#5762=CARTESIAN_POINT('',(128.443722887349,-7.80465103055638,-9.12171589953702));
#5763=CARTESIAN_POINT('',(128.364302419524,-7.77494924551073,-9.0942741079289));
#5764=CARTESIAN_POINT('',(128.286148108544,-7.73734984136184,-9.05917840492175));
#5765=CARTESIAN_POINT('',(128.210072062404,-7.69168485138284,-9.0160089104095));
#5766=CARTESIAN_POINT('',(128.137188456152,-7.6380250588845,-8.96450476877502));
#5767=CARTESIAN_POINT('',(128.072051323104,-7.57960620780746,-8.90741997078076));
#5768=CARTESIAN_POINT('',(128.018416661507,-7.52198454348214,-8.85003509811262));
#5769=CARTESIAN_POINT('',(127.973979024733,-7.46633499448367,-8.79364285317577));
#5770=CARTESIAN_POINT('',(127.935147849209,-7.40993630482943,-8.73550245831625));
#5771=CARTESIAN_POINT('',(127.899456135796,-7.34893310889594,-8.67141232840114));
#5772=CARTESIAN_POINT('',(127.870202974441,-7.28902552422728,-8.60717354423739));
#5773=CARTESIAN_POINT('',(127.846694221359,-7.231231836642,-8.54398035895299));
#5774=CARTESIAN_POINT('',(127.827970089181,-7.17576143290678,-8.48222517163208));
#5775=CARTESIAN_POINT('',(127.812441745636,-7.11819672811758,-8.41690942349366));
#5776=CARTESIAN_POINT('',(127.79887249312,-7.05120260507385,-8.33935208754416));
#5777=CARTESIAN_POINT('',(127.789789581394,-6.97800239048978,-8.25248939229252));
#5778=CARTESIAN_POINT('',(127.787304852059,-6.91521842722682,-8.17585563100637));
#5779=CARTESIAN_POINT('',(127.788561263368,-6.83584462553147,-8.07710188070806));
#5780=CARTESIAN_POINT('',(127.798640746572,-6.73711080367094,-7.95056051193354));
#5781=CARTESIAN_POINT('',(127.830508626378,-6.60742927073274,-7.77584663431914));
#5782=CARTESIAN_POINT('',(127.878110471147,-6.48920512599365,-7.60814166656999));
#5783=CARTESIAN_POINT('',(127.933184817198,-6.3914435271651,-7.46280789727717));
#5784=CARTESIAN_POINT('',(127.984451730112,-6.31942363858883,-7.35170434008169));
#5785=CARTESIAN_POINT('',(128.030928828937,-6.26412711180392,-7.26404665946127));
#5786=CARTESIAN_POINT('',(128.07470909996,-6.21863734860654,-7.19031156878073));
#5787=CARTESIAN_POINT('',(128.120375884734,-6.17707111982363,-7.12150605183735));
#5788=CARTESIAN_POINT('',(128.166219381648,-6.14039188711595,-7.05960765041017));
#5789=CARTESIAN_POINT('',(128.212242316495,-6.10792254249286,-7.00385874735101));
#5790=CARTESIAN_POINT('',(128.257150789275,-6.07996124360273,-6.95510039575787));
#5791=CARTESIAN_POINT('',(128.300985957297,-6.05588013277927,-6.91253307929675));
#5792=CARTESIAN_POINT('',(128.342242896345,-6.03584555214639,-6.8767051020058));
#5793=CARTESIAN_POINT('',(128.382095883063,-6.01873643770804,-6.84580647161559));
#5794=CARTESIAN_POINT('',(128.420275015199,-6.00429962670632,-6.81951092864357));
#5795=CARTESIAN_POINT('',(128.457441156533,-5.99201966528232,-6.79697882238982));
#5796=CARTESIAN_POINT('',(128.495658620005,-5.98105696661261,-6.77673951248176));
#5797=CARTESIAN_POINT('',(128.539578660271,-5.97044794965664,-6.75703784273723));
#5798=CARTESIAN_POINT('',(128.595167824964,-5.96004730689243,-6.73760506476267));
#5799=CARTESIAN_POINT('',(128.66242441385,-5.95202388403576,-6.72252558267282));
#5800=CARTESIAN_POINT('',(128.712159139385,-5.95000126325628,-6.71871094209625));
#5801=CARTESIAN_POINT('',(128.737703771586,-5.95000000181402,-6.71870833654253));
#5802=CARTESIAN_POINT('',(61.2377037716424,-19.95,-9.16314490313435));
#5803=CARTESIAN_POINT('',(61.2377037716365,-19.95,-9.16314490312817));
#5804=CARTESIAN_POINT('',(61.256493950658,-19.9499997959275,-9.16314505401593));
#5805=CARTESIAN_POINT('',(61.2915144772818,-19.951040499343,-9.16220041931895));
#5806=CARTESIAN_POINT('',(61.3467392306864,-19.9557430657202,-9.15792735860451));
#5807=CARTESIAN_POINT('',(61.4133146449963,-19.965314313163,-9.14921517964611));
#5808=CARTESIAN_POINT('',(61.5014871544723,-19.9853507177979,-9.13090983821566));
#5809=CARTESIAN_POINT('',(61.6046600463458,-20.0211236732321,-9.09796107893149));
#5810=CARTESIAN_POINT('',(61.705243515348,-20.0706060342869,-9.05175377667338));
#5811=CARTESIAN_POINT('',(61.7921455168974,-20.1265586693233,-8.99861703546189));
#5812=CARTESIAN_POINT('',(61.8657250256121,-20.1852908381223,-8.94185037970025));
#5813=CARTESIAN_POINT('',(61.9314569104921,-20.2488578471148,-8.87925776055418));
#5814=CARTESIAN_POINT('',(61.9886674172028,-20.3159528831579,-8.81180017541752));
#5815=CARTESIAN_POINT('',(62.0353744605714,-20.3822040993272,-8.7437028446685));
#5816=CARTESIAN_POINT('',(62.0703173084733,-20.4411551266826,-8.68186032245943));
#5817=CARTESIAN_POINT('',(62.0974456821797,-20.4945655036283,-8.62482904482228));
#5818=CARTESIAN_POINT('',(62.1200408620449,-20.5463567167854,-8.56860701556484));
#5819=CARTESIAN_POINT('',(62.1398922640811,-20.6005003074322,-8.50879412048525));
#5820=CARTESIAN_POINT('',(62.158848811085,-20.6640763852982,-8.43724123337004));
#5821=CARTESIAN_POINT('',(62.1747494151691,-20.7367052184769,-8.35359351069884));
#5822=CARTESIAN_POINT('',(62.1853662481447,-20.8180889887388,-8.25721832766038));
#5823=CARTESIAN_POINT('',(62.1877056581586,-20.8725999108734,-8.1907609318846));
#5824=CARTESIAN_POINT('',(62.187701713187,-20.9299883381543,-8.11974469924714));
#5825=CARTESIAN_POINT('',(62.1844512649784,-20.9980150436532,-8.0341813621608));
#5826=CARTESIAN_POINT('',(62.1670813211883,-21.1097062698925,-7.88832375784517));
#5827=CARTESIAN_POINT('',(62.1330333999783,-21.2257352343866,-7.72946077093662));
#5828=CARTESIAN_POINT('',(62.0872471496527,-21.3292381784201,-7.58085166595452));
#5829=CARTESIAN_POINT('',(62.04229595501,-21.4071280769729,-7.46465533712145));
#5830=CARTESIAN_POINT('',(62.0000890897567,-21.4680919381174,-7.37105659149686));
#5831=CARTESIAN_POINT('',(61.95918184813,-21.5191840438978,-7.29071162216638));
#5832=CARTESIAN_POINT('',(61.9156652788808,-21.5664830566195,-7.21460538358628));
#5833=CARTESIAN_POINT('',(61.8711062942551,-21.6088818162306,-7.14490632935135));
#5834=CARTESIAN_POINT('',(61.8257002266008,-21.646905620832,-7.08116670534033));
#5835=CARTESIAN_POINT('',(61.7808123688854,-21.6800833952408,-7.02455323263922));
#5836=CARTESIAN_POINT('',(61.7365577835249,-21.7090107918092,-6.97440478160347));
#5837=CARTESIAN_POINT('',(61.6944538664278,-21.7334368146991,-6.93147432816739));
#5838=CARTESIAN_POINT('',(61.6534083604008,-21.7546070281648,-6.89382300708184));
#5839=CARTESIAN_POINT('',(61.6138688225913,-21.7727042120613,-6.86129953895002));
#5840=CARTESIAN_POINT('',(61.5753609994466,-21.7882673618807,-6.83307343002333));
#5841=CARTESIAN_POINT('',(61.5362797149609,-21.802182094909,-6.80764115499075));
#5842=CARTESIAN_POINT('',(61.492587949668,-21.8156133737846,-6.78291151706026));
#5843=CARTESIAN_POINT('',(61.4396126084816,-21.8289359344816,-6.75819502040179));
#5844=CARTESIAN_POINT('',(61.3774376645115,-21.8404848973666,-6.73660818538043));
#5845=CARTESIAN_POINT('',(61.3087249893771,-21.8482208390878,-6.72206362388512));
#5846=CARTESIAN_POINT('',(61.2611130728348,-21.8500061530122,-6.71869673769598));
#5847=CARTESIAN_POINT('',(61.2149888012171,-21.8499941150706,-6.71871942323767));
#5848=CARTESIAN_POINT('',(61.1711245412189,-21.848410272827,-6.72170614010822));
#5849=CARTESIAN_POINT('',(61.1064773258141,-21.8416110413314,-6.73449233343367));
#5850=CARTESIAN_POINT('',(61.0460571018387,-21.8311193054503,-6.75412414738675));
#5851=CARTESIAN_POINT('',(60.9920205781063,-21.8181619022841,-6.77819838396457));
#5852=CARTESIAN_POINT('',(60.9448760905134,-21.8041287582352,-6.80407232239701));
#5853=CARTESIAN_POINT('',(60.8989201954115,-21.7880058208827,-6.8335674219876));
#5854=CARTESIAN_POINT('',(60.8474964870797,-21.7668724354663,-6.87186133251515));
#5855=CARTESIAN_POINT('',(60.7897408634589,-21.7386985695928,-6.92224490540145));
#5856=CARTESIAN_POINT('',(60.7317708697631,-21.705010153995,-6.98146848586418));
#5857=CARTESIAN_POINT('',(60.6801196793797,-21.6698954312788,-7.04205717353443));
#5858=CARTESIAN_POINT('',(60.6341946323698,-21.6343729566685,-7.10228770092557));
#5859=CARTESIAN_POINT('',(60.5873989960359,-21.593596243378,-7.1702352268541));
#5860=CARTESIAN_POINT('',(60.5340928170934,-21.540164723599,-7.25736134677989));
#5861=CARTESIAN_POINT('',(60.4740774944836,-21.4682574957266,-7.37126277401384));
#5862=CARTESIAN_POINT('',(60.4123509412451,-21.3755310487068,-7.51279490125619));
#5863=CARTESIAN_POINT('',(60.3551609139651,-21.2603903698612,-7.68081760557977));
#5864=CARTESIAN_POINT('',(60.3123172346098,-21.1299788801576,-7.86146871711109));
#5865=CARTESIAN_POINT('',(60.2913856263315,-21.0069278822767,-8.02297074362211));
#5866=CARTESIAN_POINT('',(60.2870537790302,-20.9164916966698,-8.13672313441722));
#5867=CARTESIAN_POINT('',(60.2888399134211,-20.833542157099,-8.23860899637057));
#5868=CARTESIAN_POINT('',(60.2978259341169,-20.747716723432,-8.34107178181258));
#5869=CARTESIAN_POINT('',(60.3198334341117,-20.6494276649109,-8.45408021296068));
#5870=CARTESIAN_POINT('',(60.3450514674705,-20.57232998268,-8.54014020700199));
#5871=CARTESIAN_POINT('',(60.370790658514,-20.5098979039386,-8.60830980659722));
#5872=CARTESIAN_POINT('',(60.3971753930532,-20.4559188677062,-8.66619156804528));
#5873=CARTESIAN_POINT('',(60.4267690360848,-20.4039515550072,-8.72096541031353));
#5874=CARTESIAN_POINT('',(60.4590573391012,-20.3546957796385,-8.77203986277518));
#5875=CARTESIAN_POINT('',(60.4937823715713,-20.3082498445449,-8.81946857722994));
#5876=CARTESIAN_POINT('',(60.5300819391149,-20.2653364867073,-8.86267447855315));
#5877=CARTESIAN_POINT('',(60.5680649009849,-20.2254130905682,-8.90235219718819));
#5878=CARTESIAN_POINT('',(60.6072391273087,-20.1886888973149,-8.93841637557635));
#5879=CARTESIAN_POINT('',(60.6476592492651,-20.1548535602554,-8.97128064935226));
#5880=CARTESIAN_POINT('',(60.6927455426635,-20.1211171316826,-9.00372457289746));
#5881=CARTESIAN_POINT('',(60.7445583619352,-20.08708635915,-9.03611060731063));
#5882=CARTESIAN_POINT('',(60.805206008834,-20.0531566217891,-9.06805347075182));
#5883=CARTESIAN_POINT('',(60.8722468276482,-20.0220058678815,-9.09708874785415));
#5884=CARTESIAN_POINT('',(60.9444724665197,-19.9952410557149,-9.12181214592374));
#5885=CARTESIAN_POINT('',(61.0201570748279,-19.9741438085411,-9.14115710011829));
#5886=CARTESIAN_POINT('',(61.0930735438658,-19.9601547902136,-9.15391528799478));
#5887=CARTESIAN_POINT('',(61.1655950246636,-19.9518645811816,-9.16145269032729));
#5888=CARTESIAN_POINT('',(61.2126913614945,-19.9500002716496,-9.16314470227502));
#5889=CARTESIAN_POINT('',(61.2377037716365,-19.95,-9.16314490312817));
#5890=CARTESIAN_POINT('',(68.7377037716424,-19.95,-9.16314490313435));
#5891=CARTESIAN_POINT('',(68.7377037716365,-19.95,-9.16314490312817));
#5892=CARTESIAN_POINT('',(68.756493950658,-19.9499997959275,-9.16314505401593));
#5893=CARTESIAN_POINT('',(68.7915144772819,-19.951040499343,-9.16220041931895));
#5894=CARTESIAN_POINT('',(68.8467392306864,-19.9557430657202,-9.15792735860452));
#5895=CARTESIAN_POINT('',(68.9133146449963,-19.965314313163,-9.1492151796461));
#5896=CARTESIAN_POINT('',(69.0014871544724,-19.9853507177979,-9.13090983821566));
#5897=CARTESIAN_POINT('',(69.1046600463458,-20.021123673232,-9.09796107893151));
#5898=CARTESIAN_POINT('',(69.205243515348,-20.0706060342869,-9.05175377667338));
#5899=CARTESIAN_POINT('',(69.2921455168973,-20.1265586693233,-8.99861703546189));
#5900=CARTESIAN_POINT('',(69.3657250256121,-20.1852908381222,-8.94185037970027));
#5901=CARTESIAN_POINT('',(69.431456910492,-20.2488578471148,-8.8792577605542));
#5902=CARTESIAN_POINT('',(69.4886674172027,-20.3159528831579,-8.81180017541753));
#5903=CARTESIAN_POINT('',(69.5353744605715,-20.3822040993272,-8.74370284466853));
#5904=CARTESIAN_POINT('',(69.5703173084733,-20.4411551266825,-8.68186032245945));
#5905=CARTESIAN_POINT('',(69.5974456821797,-20.4945655036282,-8.62482904482233));
#5906=CARTESIAN_POINT('',(69.6200408620448,-20.5463567167854,-8.5686070155649));
#5907=CARTESIAN_POINT('',(69.6398922640811,-20.6005003074322,-8.50879412048533));
#5908=CARTESIAN_POINT('',(69.658848811085,-20.6640763852982,-8.43724123337012));
#5909=CARTESIAN_POINT('',(69.6747494151689,-20.7367052184767,-8.353593510699));
#5910=CARTESIAN_POINT('',(69.6853662481454,-20.8180889887393,-8.25721832766025));
#5911=CARTESIAN_POINT('',(69.6877056581572,-20.8725999108721,-8.19076093188517));
#5912=CARTESIAN_POINT('',(69.6877017131884,-20.9299883381555,-8.11974469924671));
#5913=CARTESIAN_POINT('',(69.6844512649776,-20.9980150436523,-8.03418136216128));
#5914=CARTESIAN_POINT('',(69.6670813211886,-21.1097062698926,-7.88832375784522));
#5915=CARTESIAN_POINT('',(69.6330333999783,-21.2257352343864,-7.7294607709368));
#5916=CARTESIAN_POINT('',(69.5872471496528,-21.32923817842,-7.58085166595465));
#5917=CARTESIAN_POINT('',(69.54229595501,-21.4071280769729,-7.46465533712156));
#5918=CARTESIAN_POINT('',(69.5000890897568,-21.4680919381174,-7.37105659149696));
#5919=CARTESIAN_POINT('',(69.45918184813,-21.5191840438977,-7.29071162216645));
#5920=CARTESIAN_POINT('',(69.4156652788808,-21.5664830566194,-7.21460538358633));
#5921=CARTESIAN_POINT('',(69.3711062942551,-21.6088818162306,-7.14490632935138));
#5922=CARTESIAN_POINT('',(69.3257002266008,-21.646905620832,-7.08116670534036));
#5923=CARTESIAN_POINT('',(69.2808123688854,-21.6800833952408,-7.02455323263924));
#5924=CARTESIAN_POINT('',(69.2365577835249,-21.7090107918092,-6.97440478160349));
#5925=CARTESIAN_POINT('',(69.1944538664278,-21.7334368146991,-6.9314743281674));
#5926=CARTESIAN_POINT('',(69.1534083604008,-21.7546070281648,-6.89382300708187));
#5927=CARTESIAN_POINT('',(69.1138688225913,-21.7727042120613,-6.86129953895002));
#5928=CARTESIAN_POINT('',(69.0753609994466,-21.7882673618807,-6.83307343002335));
#5929=CARTESIAN_POINT('',(69.0362797149609,-21.802182094909,-6.80764115499074));
#5930=CARTESIAN_POINT('',(68.992587949668,-21.8156133737846,-6.78291151706028));
#5931=CARTESIAN_POINT('',(68.9396126084816,-21.8289359344816,-6.75819502040177));
#5932=CARTESIAN_POINT('',(68.8774376645115,-21.8404848973666,-6.73660818538046));
#5933=CARTESIAN_POINT('',(68.808724989377,-21.8482208390878,-6.72206362388499));
#5934=CARTESIAN_POINT('',(68.7611130728351,-21.8500061530121,-6.71869673769626));
#5935=CARTESIAN_POINT('',(68.7149888012168,-21.8499941150706,-6.71871942323741));
#5936=CARTESIAN_POINT('',(68.671124541219,-21.8484102728269,-6.72170614010835));
#5937=CARTESIAN_POINT('',(68.6064773258142,-21.8416110413314,-6.73449233343362));
#5938=CARTESIAN_POINT('',(68.5460571018387,-21.8311193054503,-6.75412414738677));
#5939=CARTESIAN_POINT('',(68.4920205781064,-21.8181619022841,-6.77819838396456));
#5940=CARTESIAN_POINT('',(68.4448760905134,-21.8041287582352,-6.80407232239701));
#5941=CARTESIAN_POINT('',(68.3989201954115,-21.7880058208827,-6.83356742198756));
#5942=CARTESIAN_POINT('',(68.3474964870797,-21.7668724354663,-6.87186133251514));
#5943=CARTESIAN_POINT('',(68.2897408634589,-21.7386985695929,-6.92224490540139));
#5944=CARTESIAN_POINT('',(68.2317708697632,-21.7050101539951,-6.9814684858641));
#5945=CARTESIAN_POINT('',(68.1801196793797,-21.6698954312788,-7.04205717353434));
#5946=CARTESIAN_POINT('',(68.1341946323699,-21.6343729566686,-7.10228770092545));
#5947=CARTESIAN_POINT('',(68.087398996036,-21.5935962433781,-7.17023522685393));
#5948=CARTESIAN_POINT('',(68.0340928170936,-21.5401647235991,-7.2573613467797));
#5949=CARTESIAN_POINT('',(67.9740774944837,-21.4682574957268,-7.37126277401356));
#5950=CARTESIAN_POINT('',(67.9123509412453,-21.3755310487071,-7.51279490125582));
#5951=CARTESIAN_POINT('',(67.8551609139652,-21.2603903698615,-7.68081760557933));
#5952=CARTESIAN_POINT('',(67.8123172346099,-21.1299788801579,-7.86146871711067));
#5953=CARTESIAN_POINT('',(67.7913856263315,-21.0069278822769,-8.02297074362184));
#5954=CARTESIAN_POINT('',(67.7870537790302,-20.91649169667,-8.13672313441701));
#5955=CARTESIAN_POINT('',(67.7888399134211,-20.8335421570991,-8.23860899637042));
#5956=CARTESIAN_POINT('',(67.7978259341168,-20.7477167234321,-8.34107178181243));
#5957=CARTESIAN_POINT('',(67.8198334341117,-20.649427664911,-8.45408021296059));
#5958=CARTESIAN_POINT('',(67.8450514674705,-20.5723299826801,-8.54014020700196));
#5959=CARTESIAN_POINT('',(67.870790658514,-20.5098979039386,-8.60830980659721));
#5960=CARTESIAN_POINT('',(67.8971753930532,-20.4559188677062,-8.66619156804529));
#5961=CARTESIAN_POINT('',(67.9267690360848,-20.4039515550072,-8.72096541031353));
#5962=CARTESIAN_POINT('',(67.9590573391012,-20.3546957796385,-8.7720398627752));
#5963=CARTESIAN_POINT('',(67.9937823715713,-20.3082498445449,-8.81946857722995));
#5964=CARTESIAN_POINT('',(68.0300819391149,-20.2653364867073,-8.86267447855315));
#5965=CARTESIAN_POINT('',(68.0680649009849,-20.2254130905682,-8.90235219718818));
#5966=CARTESIAN_POINT('',(68.1072391273087,-20.1886888973149,-8.93841637557635));
#5967=CARTESIAN_POINT('',(68.1476592492651,-20.1548535602554,-8.97128064935224));
#5968=CARTESIAN_POINT('',(68.1927455426635,-20.1211171316826,-9.00372457289747));
#5969=CARTESIAN_POINT('',(68.2445583619352,-20.08708635915,-9.03611060731063));
#5970=CARTESIAN_POINT('',(68.305206008834,-20.0531566217891,-9.06805347075181));
#5971=CARTESIAN_POINT('',(68.3722468276482,-20.0220058678815,-9.09708874785416));
#5972=CARTESIAN_POINT('',(68.4444724665197,-19.9952410557149,-9.12181214592374));
#5973=CARTESIAN_POINT('',(68.5201570748279,-19.9741438085411,-9.14115710011829));
#5974=CARTESIAN_POINT('',(68.5930735438658,-19.9601547902136,-9.15391528799478));
#5975=CARTESIAN_POINT('',(68.6655950246636,-19.9518645811816,-9.16145269032729));
#5976=CARTESIAN_POINT('',(68.7126913614945,-19.9500002716496,-9.16314470227502));
#5977=CARTESIAN_POINT('',(68.7377037716365,-19.95,-9.16314490312817));
#5978=CARTESIAN_POINT('',(76.2377037716424,-19.95,-9.16314490313435));
#5979=CARTESIAN_POINT('',(76.2377037716365,-19.95,-9.16314490312816));
#5980=CARTESIAN_POINT('',(76.256493950658,-19.9499997959275,-9.16314505401592));
#5981=CARTESIAN_POINT('',(76.2915144772818,-19.951040499343,-9.16220041931894));
#5982=CARTESIAN_POINT('',(76.3467392306865,-19.9557430657202,-9.15792735860451));
#5983=CARTESIAN_POINT('',(76.4133146449963,-19.9653143131629,-9.1492151796461));
#5984=CARTESIAN_POINT('',(76.5014871544723,-19.9853507177979,-9.13090983821567));
#5985=CARTESIAN_POINT('',(76.6046600463458,-20.021123673232,-9.09796107893151));
#5986=CARTESIAN_POINT('',(76.705243515348,-20.0706060342869,-9.05175377667338));
#5987=CARTESIAN_POINT('',(76.7921455168974,-20.1265586693233,-8.99861703546189));
#5988=CARTESIAN_POINT('',(76.8657250256121,-20.1852908381223,-8.94185037970024));
#5989=CARTESIAN_POINT('',(76.9314569104921,-20.2488578471148,-8.87925776055419));
#5990=CARTESIAN_POINT('',(76.9886674172028,-20.315952883158,-8.8118001754175));
#5991=CARTESIAN_POINT('',(77.0353744605714,-20.3822040993272,-8.74370284466847));
#5992=CARTESIAN_POINT('',(77.0703173084733,-20.4411551266826,-8.68186032245938));
#5993=CARTESIAN_POINT('',(77.0974456821797,-20.4945655036283,-8.62482904482225));
#5994=CARTESIAN_POINT('',(77.1200408620449,-20.5463567167854,-8.5686070155648));
#5995=CARTESIAN_POINT('',(77.1398922640811,-20.6005003074323,-8.50879412048522));
#5996=CARTESIAN_POINT('',(77.158848811085,-20.6640763852983,-8.43724123336997));
#5997=CARTESIAN_POINT('',(77.1747494151691,-20.736705218477,-8.35359351069881));
#5998=CARTESIAN_POINT('',(77.1853662481445,-20.8180889887387,-8.25721832766014));
#5999=CARTESIAN_POINT('',(77.1877056581591,-20.8725999108739,-8.19076093188493));
#6000=CARTESIAN_POINT('',(77.1877017131864,-20.9299883381538,-8.11974469924661));
#6001=CARTESIAN_POINT('',(77.1844512649788,-20.9980150436536,-8.03418136216096));
#6002=CARTESIAN_POINT('',(77.1670813211881,-21.1097062698924,-7.88832375784494));
#6003=CARTESIAN_POINT('',(77.1330333999783,-21.2257352343867,-7.72946077093655));
#6004=CARTESIAN_POINT('',(77.0872471496527,-21.3292381784202,-7.58085166595441));
#6005=CARTESIAN_POINT('',(77.04229595501,-21.407128076973,-7.46465533712137));
#6006=CARTESIAN_POINT('',(77.0000890897567,-21.4680919381175,-7.37105659149679));
#6007=CARTESIAN_POINT('',(76.9591818481299,-21.5191840438978,-7.29071162216633));
#6008=CARTESIAN_POINT('',(76.9156652788808,-21.5664830566195,-7.21460538358624));
#6009=CARTESIAN_POINT('',(76.8711062942551,-21.6088818162306,-7.14490632935133));
#6010=CARTESIAN_POINT('',(76.8257002266008,-21.646905620832,-7.08116670534033));
#6011=CARTESIAN_POINT('',(76.7808123688854,-21.6800833952408,-7.02455323263922));
#6012=CARTESIAN_POINT('',(76.7365577835249,-21.7090107918092,-6.97440478160348));
#6013=CARTESIAN_POINT('',(76.6944538664277,-21.7334368146991,-6.9314743281674));
#6014=CARTESIAN_POINT('',(76.6534083604008,-21.7546070281648,-6.89382300708184));
#6015=CARTESIAN_POINT('',(76.6138688225913,-21.7727042120613,-6.86129953895004));
#6016=CARTESIAN_POINT('',(76.5753609994466,-21.7882673618807,-6.83307343002332));
#6017=CARTESIAN_POINT('',(76.5362797149609,-21.802182094909,-6.80764115499075));
#6018=CARTESIAN_POINT('',(76.4925879496681,-21.8156133737846,-6.78291151706027));
#6019=CARTESIAN_POINT('',(76.4396126084816,-21.8289359344817,-6.75819502040177));
#6020=CARTESIAN_POINT('',(76.3774376645114,-21.8404848973665,-6.73660818538044));
#6021=CARTESIAN_POINT('',(76.3087249893776,-21.848220839088,-6.72206362388509));
#6022=CARTESIAN_POINT('',(76.2611130728338,-21.8500061530118,-6.718696737696));
#6023=CARTESIAN_POINT('',(76.214988801218,-21.8499941150709,-6.71871942323764));
#6024=CARTESIAN_POINT('',(76.1711245412184,-21.8484102728268,-6.72170614010823));
#6025=CARTESIAN_POINT('',(76.1064773258143,-21.8416110413315,-6.73449233343365));
#6026=CARTESIAN_POINT('',(76.0460571018386,-21.8311193054503,-6.75412414738678));
#6027=CARTESIAN_POINT('',(75.9920205781063,-21.8181619022841,-6.77819838396459));
#6028=CARTESIAN_POINT('',(75.9448760905133,-21.8041287582352,-6.80407232239706));
#6029=CARTESIAN_POINT('',(75.8989201954114,-21.7880058208826,-6.83356742198766));
#6030=CARTESIAN_POINT('',(75.8474964870795,-21.7668724354662,-6.87186133251527));
#6031=CARTESIAN_POINT('',(75.7897408634587,-21.7386985695927,-6.92224490540166));
#6032=CARTESIAN_POINT('',(75.7317708697628,-21.7050101539949,-6.98146848586443));
#6033=CARTESIAN_POINT('',(75.6801196793794,-21.6698954312786,-7.04205717353481));
#6034=CARTESIAN_POINT('',(75.6341946323695,-21.6343729566682,-7.10228770092609));
#6035=CARTESIAN_POINT('',(75.5873989960354,-21.5935962433776,-7.17023522685476));
#6036=CARTESIAN_POINT('',(75.534092817093,-21.5401647235984,-7.25736134678085));
#6037=CARTESIAN_POINT('',(75.4740774944829,-21.4682574957258,-7.37126277401513));
#6038=CARTESIAN_POINT('',(75.4123509412445,-21.3755310487057,-7.51279490125785));
#6039=CARTESIAN_POINT('',(75.3551609139646,-21.2603903698599,-7.68081760558164));
#6040=CARTESIAN_POINT('',(75.3123172346094,-21.1299788801563,-7.86146871711294));
#6041=CARTESIAN_POINT('',(75.2913856263314,-21.0069278822758,-8.0229707436233));
#6042=CARTESIAN_POINT('',(75.2870537790302,-20.9164916966691,-8.13672313441815));
#6043=CARTESIAN_POINT('',(75.2888399134211,-20.8335421570984,-8.23860899637118));
#6044=CARTESIAN_POINT('',(75.297825934117,-20.7477167234314,-8.3410717818133));
#6045=CARTESIAN_POINT('',(75.3198334341118,-20.6494276649106,-8.45408021296103));
#6046=CARTESIAN_POINT('',(75.3450514674706,-20.5723299826799,-8.54014020700212));
#6047=CARTESIAN_POINT('',(75.370790658514,-20.5098979039386,-8.60830980659724));
#6048=CARTESIAN_POINT('',(75.3971753930532,-20.4559188677062,-8.66619156804529));
#6049=CARTESIAN_POINT('',(75.4267690360848,-20.4039515550072,-8.72096541031351));
#6050=CARTESIAN_POINT('',(75.4590573391012,-20.3546957796385,-8.77203986277519));
#6051=CARTESIAN_POINT('',(75.4937823715714,-20.3082498445449,-8.81946857722994));
#6052=CARTESIAN_POINT('',(75.5300819391149,-20.2653364867073,-8.86267447855313));
#6053=CARTESIAN_POINT('',(75.5680649009848,-20.2254130905682,-8.90235219718817));
#6054=CARTESIAN_POINT('',(75.6072391273087,-20.1886888973149,-8.93841637557635));
#6055=CARTESIAN_POINT('',(75.6476592492651,-20.1548535602554,-8.97128064935224));
#6056=CARTESIAN_POINT('',(75.6927455426635,-20.1211171316826,-9.00372457289746));
#6057=CARTESIAN_POINT('',(75.7445583619352,-20.08708635915,-9.03611060731063));
#6058=CARTESIAN_POINT('',(75.805206008834,-20.0531566217891,-9.0680534707518));
#6059=CARTESIAN_POINT('',(75.8722468276482,-20.0220058678815,-9.09708874785414));
#6060=CARTESIAN_POINT('',(75.9444724665197,-19.9952410557149,-9.12181214592374));
#6061=CARTESIAN_POINT('',(76.0201570748279,-19.9741438085411,-9.14115710011828));
#6062=CARTESIAN_POINT('',(76.0930735438658,-19.9601547902136,-9.15391528799478));
#6063=CARTESIAN_POINT('',(76.1655950246636,-19.9518645811816,-9.16145269032729));
#6064=CARTESIAN_POINT('',(76.2126913614944,-19.9500002716496,-9.16314470227502));
#6065=CARTESIAN_POINT('',(76.2377037716365,-19.95,-9.16314490312816));
#6066=CARTESIAN_POINT('',(83.7377037716424,-19.95,-9.16314490313435));
#6067=CARTESIAN_POINT('',(83.7377037716365,-19.95,-9.16314490312817));
#6068=CARTESIAN_POINT('',(83.756493950658,-19.9499997959275,-9.16314505401593));
#6069=CARTESIAN_POINT('',(83.7915144772819,-19.951040499343,-9.16220041931894));
#6070=CARTESIAN_POINT('',(83.8467392306864,-19.9557430657202,-9.15792735860451));
#6071=CARTESIAN_POINT('',(83.9133146449964,-19.965314313163,-9.14921517964611));
#6072=CARTESIAN_POINT('',(84.0014871544723,-19.9853507177979,-9.13090983821566));
#6073=CARTESIAN_POINT('',(84.1046600463458,-20.0211236732321,-9.09796107893149));
#6074=CARTESIAN_POINT('',(84.205243515348,-20.0706060342869,-9.05175377667338));
#6075=CARTESIAN_POINT('',(84.2921455168973,-20.1265586693233,-8.99861703546189));
#6076=CARTESIAN_POINT('',(84.3657250256121,-20.1852908381222,-8.94185037970026));
#6077=CARTESIAN_POINT('',(84.4314569104921,-20.2488578471148,-8.87925776055422));
#6078=CARTESIAN_POINT('',(84.4886674172027,-20.3159528831579,-8.81180017541755));
#6079=CARTESIAN_POINT('',(84.5353744605714,-20.3822040993271,-8.74370284466858));
#6080=CARTESIAN_POINT('',(84.5703173084733,-20.4411551266825,-8.6818603224595));
#6081=CARTESIAN_POINT('',(84.5974456821796,-20.4945655036281,-8.62482904482239));
#6082=CARTESIAN_POINT('',(84.6200408620448,-20.5463567167853,-8.56860701556497));
#6083=CARTESIAN_POINT('',(84.6398922640811,-20.6005003074321,-8.50879412048541));
#6084=CARTESIAN_POINT('',(84.6588488110851,-20.6640763852981,-8.43724123337021));
#6085=CARTESIAN_POINT('',(84.6747494151683,-20.7367052184766,-8.35359351069906));
#6086=CARTESIAN_POINT('',(84.6853662481477,-20.8180889887392,-8.25721832766051));
#6087=CARTESIAN_POINT('',(84.687705658152,-20.8725999108721,-8.19076093188482));
#6088=CARTESIAN_POINT('',(84.6877017131942,-20.9299883381553,-8.1197446992473));
#6089=CARTESIAN_POINT('',(84.6844512649741,-20.9980150436522,-8.03418136216115));
#6090=CARTESIAN_POINT('',(84.6670813211899,-21.1097062698925,-7.88832375784548));
#6091=CARTESIAN_POINT('',(84.633033399978,-21.2257352343863,-7.72946077093693));
#6092=CARTESIAN_POINT('',(84.5872471496529,-21.3292381784199,-7.58085166595478));
#6093=CARTESIAN_POINT('',(84.5422959550101,-21.4071280769728,-7.46465533712168));
#6094=CARTESIAN_POINT('',(84.5000890897568,-21.4680919381173,-7.37105659149704));
#6095=CARTESIAN_POINT('',(84.45918184813,-21.5191840438977,-7.29071162216654));
#6096=CARTESIAN_POINT('',(84.4156652788808,-21.5664830566194,-7.21460538358638));
#6097=CARTESIAN_POINT('',(84.3711062942552,-21.6088818162305,-7.14490632935141));
#6098=CARTESIAN_POINT('',(84.3257002266008,-21.6469056208319,-7.0811667053404));
#6099=CARTESIAN_POINT('',(84.2808123688854,-21.6800833952408,-7.02455323263924));
#6100=CARTESIAN_POINT('',(84.2365577835249,-21.7090107918092,-6.9744047816035));
#6101=CARTESIAN_POINT('',(84.1944538664278,-21.7334368146991,-6.93147432816737));
#6102=CARTESIAN_POINT('',(84.1534083604008,-21.7546070281648,-6.89382300708185));
#6103=CARTESIAN_POINT('',(84.1138688225913,-21.7727042120613,-6.86129953895002));
#6104=CARTESIAN_POINT('',(84.0753609994466,-21.7882673618807,-6.83307343002333));
#6105=CARTESIAN_POINT('',(84.0362797149609,-21.802182094909,-6.80764115499075));
#6106=CARTESIAN_POINT('',(83.9925879496681,-21.8156133737846,-6.78291151706028));
#6107=CARTESIAN_POINT('',(83.9396126084816,-21.8289359344817,-6.75819502040177));
#6108=CARTESIAN_POINT('',(83.8774376645115,-21.8404848973665,-6.73660818538044));
#6109=CARTESIAN_POINT('',(83.8087249893772,-21.848220839088,-6.72206362388509));
#6110=CARTESIAN_POINT('',(83.7611130728347,-21.8500061530118,-6.71869673769603));
#6111=CARTESIAN_POINT('',(83.7149888012171,-21.849994115071,-6.71871942323761));
#6112=CARTESIAN_POINT('',(83.6711245412189,-21.8484102728268,-6.72170614010825));
#6113=CARTESIAN_POINT('',(83.6064773258142,-21.8416110413315,-6.73449233343363));
#6114=CARTESIAN_POINT('',(83.5460571018387,-21.8311193054503,-6.75412414738676));
#6115=CARTESIAN_POINT('',(83.4920205781064,-21.8181619022841,-6.77819838396454));
#6116=CARTESIAN_POINT('',(83.4448760905134,-21.8041287582352,-6.804072322397));
#6117=CARTESIAN_POINT('',(83.3989201954115,-21.7880058208827,-6.83356742198757));
#6118=CARTESIAN_POINT('',(83.3474964870797,-21.7668724354663,-6.87186133251511));
#6119=CARTESIAN_POINT('',(83.2897408634589,-21.7386985695929,-6.92224490540142));
#6120=CARTESIAN_POINT('',(83.2317708697632,-21.7050101539951,-6.9814684858641));
#6121=CARTESIAN_POINT('',(83.1801196793797,-21.6698954312788,-7.04205717353433));
#6122=CARTESIAN_POINT('',(83.1341946323699,-21.6343729566686,-7.10228770092547));
#6123=CARTESIAN_POINT('',(83.0873989960359,-21.5935962433781,-7.17023522685392));
#6124=CARTESIAN_POINT('',(83.0340928170936,-21.5401647235991,-7.2573613467797));
#6125=CARTESIAN_POINT('',(82.9740774944837,-21.4682574957268,-7.37126277401354));
#6126=CARTESIAN_POINT('',(82.9123509412452,-21.375531048707,-7.51279490125581));
#6127=CARTESIAN_POINT('',(82.8551609139652,-21.2603903698615,-7.68081760557934));
#6128=CARTESIAN_POINT('',(82.8123172346098,-21.1299788801579,-7.86146871711067));
#6129=CARTESIAN_POINT('',(82.7913856263314,-21.0069278822769,-8.02297074362184));
#6130=CARTESIAN_POINT('',(82.7870537790302,-20.91649169667,-8.13672313441701));
#6131=CARTESIAN_POINT('',(82.7888399134211,-20.8335421570991,-8.23860899637041));
#6132=CARTESIAN_POINT('',(82.7978259341169,-20.7477167234321,-8.34107178181242));
#6133=CARTESIAN_POINT('',(82.8198334341117,-20.649427664911,-8.45408021296059));
#6134=CARTESIAN_POINT('',(82.8450514674705,-20.5723299826801,-8.54014020700195));
#6135=CARTESIAN_POINT('',(82.870790658514,-20.5098979039386,-8.60830980659721));
#6136=CARTESIAN_POINT('',(82.8971753930532,-20.4559188677062,-8.66619156804527));
#6137=CARTESIAN_POINT('',(82.9267690360848,-20.4039515550072,-8.72096541031352));
#6138=CARTESIAN_POINT('',(82.9590573391012,-20.3546957796385,-8.77203986277519));
#6139=CARTESIAN_POINT('',(82.9937823715713,-20.3082498445449,-8.81946857722994));
#6140=CARTESIAN_POINT('',(83.0300819391149,-20.2653364867074,-8.86267447855313));
#6141=CARTESIAN_POINT('',(83.0680649009848,-20.2254130905682,-8.90235219718818));
#6142=CARTESIAN_POINT('',(83.1072391273087,-20.1886888973149,-8.93841637557635));
#6143=CARTESIAN_POINT('',(83.1476592492651,-20.1548535602554,-8.97128064935224));
#6144=CARTESIAN_POINT('',(83.1927455426635,-20.1211171316826,-9.00372457289746));
#6145=CARTESIAN_POINT('',(83.2445583619352,-20.08708635915,-9.03611060731062));
#6146=CARTESIAN_POINT('',(83.305206008834,-20.0531566217891,-9.0680534707518));
#6147=CARTESIAN_POINT('',(83.3722468276482,-20.0220058678815,-9.09708874785415));
#6148=CARTESIAN_POINT('',(83.4444724665197,-19.9952410557149,-9.12181214592373));
#6149=CARTESIAN_POINT('',(83.5201570748279,-19.9741438085411,-9.14115710011828));
#6150=CARTESIAN_POINT('',(83.5930735438658,-19.9601547902136,-9.15391528799479));
#6151=CARTESIAN_POINT('',(83.6655950246636,-19.9518645811816,-9.16145269032729));
#6152=CARTESIAN_POINT('',(83.7126913614945,-19.9500002716496,-9.16314470227502));
#6153=CARTESIAN_POINT('',(83.7377037716365,-19.95,-9.16314490312817));
#6154=CARTESIAN_POINT('',(91.2377037716424,-19.95,-9.16314490313434));
#6155=CARTESIAN_POINT('',(91.2377037716365,-19.95,-9.16314490312816));
#6156=CARTESIAN_POINT('',(91.256493950658,-19.9499997959275,-9.16314505401592));
#6157=CARTESIAN_POINT('',(91.2915144772819,-19.951040499343,-9.16220041931894));
#6158=CARTESIAN_POINT('',(91.3467392306865,-19.9557430657202,-9.15792735860451));
#6159=CARTESIAN_POINT('',(91.4133146449964,-19.965314313163,-9.1492151796461));
#6160=CARTESIAN_POINT('',(91.5014871544723,-19.9853507177979,-9.13090983821564));
#6161=CARTESIAN_POINT('',(91.6046600463459,-20.0211236732321,-9.09796107893149));
#6162=CARTESIAN_POINT('',(91.705243515348,-20.070606034287,-9.05175377667335));
#6163=CARTESIAN_POINT('',(91.7921455168973,-20.1265586693233,-8.99861703546188));
#6164=CARTESIAN_POINT('',(91.8657250256121,-20.1852908381223,-8.94185037970022));
#6165=CARTESIAN_POINT('',(91.9314569104921,-20.2488578471149,-8.87925776055414));
#6166=CARTESIAN_POINT('',(91.9886674172028,-20.315952883158,-8.81180017541744));
#6167=CARTESIAN_POINT('',(92.0353744605715,-20.3822040993273,-8.7437028446684));
#6168=CARTESIAN_POINT('',(92.0703173084734,-20.4411551266827,-8.6818603224593));
#6169=CARTESIAN_POINT('',(92.0974456821798,-20.4945655036284,-8.62482904482212));
#6170=CARTESIAN_POINT('',(92.120040862045,-20.5463567167856,-8.56860701556466));
#6171=CARTESIAN_POINT('',(92.1398922640811,-20.6005003074324,-8.50879412048503));
#6172=CARTESIAN_POINT('',(92.1588488110852,-20.6640763852985,-8.43724123336974));
#6173=CARTESIAN_POINT('',(92.1747494151684,-20.7367052184771,-8.35359351069858));
#6174=CARTESIAN_POINT('',(92.1853662481475,-20.8180889887396,-8.25721832765972));
#6175=CARTESIAN_POINT('',(92.1877056581525,-20.8725999108725,-8.19076093188512));
#6176=CARTESIAN_POINT('',(92.1877017131936,-20.9299883381559,-8.11974469924585));
#6177=CARTESIAN_POINT('',(92.1844512649744,-20.9980150436528,-8.03418136216081));
#6178=CARTESIAN_POINT('',(92.1670813211897,-21.1097062698932,-7.88832375784439));
#6179=CARTESIAN_POINT('',(92.1330333999778,-21.2257352343869,-7.72946077093614));
#6180=CARTESIAN_POINT('',(92.0872471496526,-21.3292381784205,-7.58085166595403));
#6181=CARTESIAN_POINT('',(92.0422959550098,-21.4071280769732,-7.46465533712105));
#6182=CARTESIAN_POINT('',(92.0000890897566,-21.4680919381176,-7.37105659149653));
#6183=CARTESIAN_POINT('',(91.9591818481299,-21.5191840438979,-7.29071162216612));
#6184=CARTESIAN_POINT('',(91.9156652788807,-21.5664830566196,-7.21460538358609));
#6185=CARTESIAN_POINT('',(91.871106294255,-21.6088818162306,-7.14490632935123));
#6186=CARTESIAN_POINT('',(91.8257002266008,-21.646905620832,-7.08116670534026));
#6187=CARTESIAN_POINT('',(91.7808123688854,-21.6800833952408,-7.02455323263919));
#6188=CARTESIAN_POINT('',(91.7365577835249,-21.7090107918092,-6.97440478160347));
#6189=CARTESIAN_POINT('',(91.6944538664278,-21.7334368146991,-6.93147432816738));
#6190=CARTESIAN_POINT('',(91.6534083604008,-21.7546070281648,-6.89382300708187));
#6191=CARTESIAN_POINT('',(91.6138688225913,-21.7727042120613,-6.86129953895001));
#6192=CARTESIAN_POINT('',(91.5753609994466,-21.7882673618807,-6.83307343002336));
#6193=CARTESIAN_POINT('',(91.536279714961,-21.802182094909,-6.80764115499075));
#6194=CARTESIAN_POINT('',(91.492587949668,-21.8156133737846,-6.78291151706026));
#6195=CARTESIAN_POINT('',(91.4396126084817,-21.8289359344817,-6.75819502040177));
#6196=CARTESIAN_POINT('',(91.3774376645115,-21.8404848973665,-6.73660818538046));
#6197=CARTESIAN_POINT('',(91.3087249893772,-21.848220839088,-6.72206362388502));
#6198=CARTESIAN_POINT('',(91.2611130728345,-21.8500061530116,-6.71869673769613));
#6199=CARTESIAN_POINT('',(91.2149888012173,-21.8499941150711,-6.7187194232375));
#6200=CARTESIAN_POINT('',(91.1711245412188,-21.8484102728267,-6.72170614010827));
#6201=CARTESIAN_POINT('',(91.1064773258142,-21.8416110413315,-6.73449233343363));
#6202=CARTESIAN_POINT('',(91.0460571018387,-21.8311193054503,-6.75412414738674));
#6203=CARTESIAN_POINT('',(90.9920205781064,-21.8181619022841,-6.77819838396456));
#6204=CARTESIAN_POINT('',(90.9448760905133,-21.8041287582352,-6.80407232239697));
#6205=CARTESIAN_POINT('',(90.8989201954115,-21.7880058208827,-6.83356742198761));
#6206=CARTESIAN_POINT('',(90.8474964870797,-21.7668724354664,-6.87186133251509));
#6207=CARTESIAN_POINT('',(90.7897408634589,-21.7386985695929,-6.92224490540141));
#6208=CARTESIAN_POINT('',(90.7317708697632,-21.7050101539951,-6.98146848586411));
#6209=CARTESIAN_POINT('',(90.6801196793798,-21.6698954312789,-7.04205717353434));
#6210=CARTESIAN_POINT('',(90.6341946323699,-21.6343729566686,-7.10228770092546));
#6211=CARTESIAN_POINT('',(90.5873989960359,-21.5935962433781,-7.17023522685397));
#6212=CARTESIAN_POINT('',(90.5340928170936,-21.5401647235991,-7.25736134677972));
#6213=CARTESIAN_POINT('',(90.4740774944837,-21.4682574957268,-7.37126277401361));
#6214=CARTESIAN_POINT('',(90.4123509412452,-21.375531048707,-7.5127949012559));
#6215=CARTESIAN_POINT('',(90.3551609139652,-21.2603903698615,-7.68081760557944));
#6216=CARTESIAN_POINT('',(90.3123172346098,-21.1299788801579,-7.86146871711076));
#6217=CARTESIAN_POINT('',(90.2913856263315,-21.0069278822769,-8.0229707436219));
#6218=CARTESIAN_POINT('',(90.2870537790302,-20.91649169667,-8.13672313441705));
#6219=CARTESIAN_POINT('',(90.2888399134211,-20.8335421570991,-8.23860899637044));
#6220=CARTESIAN_POINT('',(90.2978259341168,-20.7477167234321,-8.34107178181245));
#6221=CARTESIAN_POINT('',(90.3198334341117,-20.649427664911,-8.45408021296059));
#6222=CARTESIAN_POINT('',(90.3450514674705,-20.5723299826801,-8.54014020700194));
#6223=CARTESIAN_POINT('',(90.370790658514,-20.5098979039386,-8.60830980659718));
#6224=CARTESIAN_POINT('',(90.3971753930532,-20.4559188677063,-8.66619156804525));
#6225=CARTESIAN_POINT('',(90.4267690360848,-20.4039515550072,-8.7209654103135));
#6226=CARTESIAN_POINT('',(90.4590573391012,-20.3546957796385,-8.77203986277517));
#6227=CARTESIAN_POINT('',(90.4937823715713,-20.3082498445449,-8.81946857722992));
#6228=CARTESIAN_POINT('',(90.5300819391149,-20.2653364867074,-8.86267447855312));
#6229=CARTESIAN_POINT('',(90.5680649009848,-20.2254130905682,-8.90235219718815));
#6230=CARTESIAN_POINT('',(90.6072391273087,-20.188688897315,-8.93841637557632));
#6231=CARTESIAN_POINT('',(90.6476592492651,-20.1548535602555,-8.97128064935221));
#6232=CARTESIAN_POINT('',(90.6927455426635,-20.1211171316827,-9.00372457289743));
#6233=CARTESIAN_POINT('',(90.7445583619351,-20.08708635915,-9.03611060731059));
#6234=CARTESIAN_POINT('',(90.805206008834,-20.0531566217891,-9.0680534707518));
#6235=CARTESIAN_POINT('',(90.8722468276482,-20.0220058678815,-9.09708874785414));
#6236=CARTESIAN_POINT('',(90.9444724665197,-19.9952410557149,-9.12181214592373));
#6237=CARTESIAN_POINT('',(91.0201570748279,-19.9741438085412,-9.14115710011827));
#6238=CARTESIAN_POINT('',(91.0930735438658,-19.9601547902136,-9.15391528799478));
#6239=CARTESIAN_POINT('',(91.1655950246636,-19.9518645811816,-9.16145269032728));
#6240=CARTESIAN_POINT('',(91.2126913614945,-19.9500002716496,-9.16314470227501));
#6241=CARTESIAN_POINT('',(91.2377037716365,-19.95,-9.16314490312816));
#6242=CARTESIAN_POINT('',(98.7377037716424,-19.95,-9.16314490313434));
#6243=CARTESIAN_POINT('',(98.7377037716365,-19.95,-9.16314490312816));
#6244=CARTESIAN_POINT('',(98.756493950658,-19.9499997959275,-9.16314505401592));
#6245=CARTESIAN_POINT('',(98.7915144772819,-19.951040499343,-9.16220041931895));
#6246=CARTESIAN_POINT('',(98.8467392306864,-19.9557430657202,-9.15792735860451));
#6247=CARTESIAN_POINT('',(98.9133146449963,-19.965314313163,-9.14921517964611));
#6248=CARTESIAN_POINT('',(99.0014871544723,-19.9853507177979,-9.13090983821566));
#6249=CARTESIAN_POINT('',(99.1046600463458,-20.0211236732321,-9.09796107893148));
#6250=CARTESIAN_POINT('',(99.205243515348,-20.0706060342869,-9.05175377667338));
#6251=CARTESIAN_POINT('',(99.2921455168973,-20.1265586693233,-8.99861703546188));
#6252=CARTESIAN_POINT('',(99.3657250256121,-20.1852908381223,-8.94185037970025));
#6253=CARTESIAN_POINT('',(99.4314569104921,-20.2488578471148,-8.8792577605542));
#6254=CARTESIAN_POINT('',(99.4886674172028,-20.3159528831579,-8.81180017541752));
#6255=CARTESIAN_POINT('',(99.5353744605714,-20.3822040993272,-8.74370284466851));
#6256=CARTESIAN_POINT('',(99.5703173084733,-20.4411551266825,-8.68186032245943));
#6257=CARTESIAN_POINT('',(99.5974456821797,-20.4945655036283,-8.62482904482229));
#6258=CARTESIAN_POINT('',(99.6200408620449,-20.5463567167854,-8.56860701556487));
#6259=CARTESIAN_POINT('',(99.6398922640811,-20.6005003074322,-8.50879412048528));
#6260=CARTESIAN_POINT('',(99.6588488110849,-20.6640763852982,-8.43724123337006));
#6261=CARTESIAN_POINT('',(99.6747494151695,-20.7367052184769,-8.35359351069896));
#6262=CARTESIAN_POINT('',(99.6853662481431,-20.8180889887389,-8.25721832766006));
#6263=CARTESIAN_POINT('',(99.6877056581622,-20.8725999108731,-8.19076093188539));
#6264=CARTESIAN_POINT('',(99.687701713183,-20.9299883381546,-8.11974469924633));
#6265=CARTESIAN_POINT('',(99.6844512649809,-20.9980150436529,-8.03418136216136));
#6266=CARTESIAN_POINT('',(99.6670813211874,-21.1097062698925,-7.88832375784503));
#6267=CARTESIAN_POINT('',(99.6330333999785,-21.2257352343865,-7.72946077093672));
#6268=CARTESIAN_POINT('',(99.5872471496526,-21.3292381784201,-7.58085166595454));
#6269=CARTESIAN_POINT('',(99.54229595501,-21.4071280769729,-7.46465533712149));
#6270=CARTESIAN_POINT('',(99.5000890897567,-21.4680919381174,-7.37105659149689));
#6271=CARTESIAN_POINT('',(99.45918184813,-21.5191840438978,-7.2907116221664));
#6272=CARTESIAN_POINT('',(99.4156652788807,-21.5664830566194,-7.2146053835863));
#6273=CARTESIAN_POINT('',(99.3711062942551,-21.6088818162306,-7.14490632935135));
#6274=CARTESIAN_POINT('',(99.3257002266008,-21.646905620832,-7.08116670534035));
#6275=CARTESIAN_POINT('',(99.2808123688854,-21.6800833952408,-7.02455323263922));
#6276=CARTESIAN_POINT('',(99.2365577835249,-21.7090107918092,-6.97440478160349));
#6277=CARTESIAN_POINT('',(99.1944538664278,-21.7334368146991,-6.93147432816738));
#6278=CARTESIAN_POINT('',(99.1534083604008,-21.7546070281648,-6.89382300708185));
#6279=CARTESIAN_POINT('',(99.1138688225913,-21.7727042120613,-6.86129953895002));
#6280=CARTESIAN_POINT('',(99.0753609994466,-21.7882673618807,-6.83307343002334));
#6281=CARTESIAN_POINT('',(99.036279714961,-21.802182094909,-6.80764115499075));
#6282=CARTESIAN_POINT('',(98.992587949668,-21.8156133737846,-6.78291151706028));
#6283=CARTESIAN_POINT('',(98.9396126084817,-21.8289359344816,-6.75819502040179));
#6284=CARTESIAN_POINT('',(98.8774376645113,-21.8404848973665,-6.73660818538048));
#6285=CARTESIAN_POINT('',(98.8087249893779,-21.848220839088,-6.72206362388494));
#6286=CARTESIAN_POINT('',(98.7611130728332,-21.8500061530117,-6.71869673769634));
#6287=CARTESIAN_POINT('',(98.7149888012186,-21.849994115071,-6.7187194232373));
#6288=CARTESIAN_POINT('',(98.6711245412182,-21.8484102728268,-6.72170614010836));
#6289=CARTESIAN_POINT('',(98.6064773258144,-21.8416110413315,-6.7344923334336));
#6290=CARTESIAN_POINT('',(98.5460571018387,-21.8311193054503,-6.75412414738673));
#6291=CARTESIAN_POINT('',(98.4920205781064,-21.8181619022841,-6.77819838396454));
#6292=CARTESIAN_POINT('',(98.4448760905134,-21.8041287582352,-6.80407232239697));
#6293=CARTESIAN_POINT('',(98.3989201954116,-21.7880058208827,-6.83356742198753));
#6294=CARTESIAN_POINT('',(98.3474964870797,-21.7668724354664,-6.87186133251508));
#6295=CARTESIAN_POINT('',(98.289740863459,-21.7386985695929,-6.92224490540133));
#6296=CARTESIAN_POINT('',(98.2317708697632,-21.7050101539951,-6.98146848586399));
#6297=CARTESIAN_POINT('',(98.1801196793799,-21.6698954312789,-7.04205717353421));
#6298=CARTESIAN_POINT('',(98.13419463237,-21.6343729566687,-7.10228770092526));
#6299=CARTESIAN_POINT('',(98.0873989960361,-21.5935962433782,-7.17023522685369));
#6300=CARTESIAN_POINT('',(98.0340928170938,-21.5401647235994,-7.25736134677936));
#6301=CARTESIAN_POINT('',(97.974077494484,-21.4682574957271,-7.3712627740131));
#6302=CARTESIAN_POINT('',(97.9123509412454,-21.3755310487074,-7.51279490125523));
#6303=CARTESIAN_POINT('',(97.8551609139655,-21.260390369862,-7.68081760557869));
#6304=CARTESIAN_POINT('',(97.8123172346099,-21.1299788801584,-7.86146871711001));
#6305=CARTESIAN_POINT('',(97.7913856263315,-21.0069278822773,-8.02297074362142));
#6306=CARTESIAN_POINT('',(97.7870537790302,-20.9164916966703,-8.13672313441667));
#6307=CARTESIAN_POINT('',(97.7888399134211,-20.8335421570993,-8.23860899637018));
#6308=CARTESIAN_POINT('',(97.7978259341168,-20.7477167234324,-8.34107178181215));
#6309=CARTESIAN_POINT('',(97.8198334341117,-20.6494276649111,-8.45408021296044));
#6310=CARTESIAN_POINT('',(97.8450514674704,-20.5723299826802,-8.54014020700187));
#6311=CARTESIAN_POINT('',(97.870790658514,-20.5098979039386,-8.60830980659716));
#6312=CARTESIAN_POINT('',(97.8971753930532,-20.4559188677063,-8.66619156804525));
#6313=CARTESIAN_POINT('',(97.9267690360848,-20.4039515550072,-8.7209654103135));
#6314=CARTESIAN_POINT('',(97.9590573391012,-20.3546957796385,-8.77203986277517));
#6315=CARTESIAN_POINT('',(97.9937823715713,-20.3082498445449,-8.81946857722991));
#6316=CARTESIAN_POINT('',(98.0300819391148,-20.2653364867074,-8.86267447855313));
#6317=CARTESIAN_POINT('',(98.0680649009848,-20.2254130905682,-8.90235219718816));
#6318=CARTESIAN_POINT('',(98.1072391273087,-20.188688897315,-8.93841637557632));
#6319=CARTESIAN_POINT('',(98.1476592492651,-20.1548535602555,-8.97128064935222));
#6320=CARTESIAN_POINT('',(98.1927455426635,-20.1211171316827,-9.00372457289744));
#6321=CARTESIAN_POINT('',(98.2445583619351,-20.08708635915,-9.0361106073106));
#6322=CARTESIAN_POINT('',(98.305206008834,-20.0531566217891,-9.06805347075178));
#6323=CARTESIAN_POINT('',(98.3722468276482,-20.0220058678815,-9.09708874785414));
#6324=CARTESIAN_POINT('',(98.4444724665196,-19.9952410557149,-9.12181214592371));
#6325=CARTESIAN_POINT('',(98.5201570748279,-19.9741438085411,-9.14115710011828));
#6326=CARTESIAN_POINT('',(98.5930735438657,-19.9601547902136,-9.15391528799477));
#6327=CARTESIAN_POINT('',(98.6655950246636,-19.9518645811816,-9.16145269032729));
#6328=CARTESIAN_POINT('',(98.7126913614944,-19.9500002716496,-9.16314470227501));
#6329=CARTESIAN_POINT('',(98.7377037716365,-19.95,-9.16314490312816));
#6330=CARTESIAN_POINT('',(106.237703771642,-19.95,-9.16314490313434));
#6331=CARTESIAN_POINT('',(106.237703771637,-19.95,-9.16314490312816));
#6332=CARTESIAN_POINT('',(106.256493950658,-19.9499997959275,-9.16314505401592));
#6333=CARTESIAN_POINT('',(106.291514477282,-19.951040499343,-9.16220041931894));
#6334=CARTESIAN_POINT('',(106.346739230686,-19.9557430657202,-9.15792735860451));
#6335=CARTESIAN_POINT('',(106.413314644996,-19.965314313163,-9.1492151796461));
#6336=CARTESIAN_POINT('',(106.501487154472,-19.9853507177979,-9.13090983821565));
#6337=CARTESIAN_POINT('',(106.604660046346,-20.0211236732321,-9.09796107893148));
#6338=CARTESIAN_POINT('',(106.705243515348,-20.070606034287,-9.05175377667333));
#6339=CARTESIAN_POINT('',(106.792145516897,-20.1265586693234,-8.99861703546181));
#6340=CARTESIAN_POINT('',(106.865725025612,-20.1852908381224,-8.94185037970011));
#6341=CARTESIAN_POINT('',(106.931456910492,-20.2488578471151,-8.87925776055396));
#6342=CARTESIAN_POINT('',(106.988667417203,-20.3159528831582,-8.81180017541722));
#6343=CARTESIAN_POINT('',(107.035374460572,-20.3822040993276,-8.74370284466807));
#6344=CARTESIAN_POINT('',(107.070317308474,-20.4411551266831,-8.68186032245891));
#6345=CARTESIAN_POINT('',(107.09744568218,-20.4945655036288,-8.62482904482164));
#6346=CARTESIAN_POINT('',(107.120040862045,-20.5463567167861,-8.56860701556407));
#6347=CARTESIAN_POINT('',(107.139892264081,-20.6005003074331,-8.50879412048433));
#6348=CARTESIAN_POINT('',(107.158848811085,-20.6640763852993,-8.43724123336887));
#6349=CARTESIAN_POINT('',(107.17474941517,-20.7367052184781,-8.35359351069738));
#6350=CARTESIAN_POINT('',(107.185366248144,-20.8180889887399,-8.2572183276593));
#6351=CARTESIAN_POINT('',(107.187705658161,-20.8725999108742,-8.19076093188324));
#6352=CARTESIAN_POINT('',(107.187701713185,-20.9299883381557,-8.11974469924572));
#6353=CARTESIAN_POINT('',(107.18445126498,-20.9980150436548,-8.03418136215853));
#6354=CARTESIAN_POINT('',(107.167081321187,-21.1097062698942,-7.8883237578429));
#6355=CARTESIAN_POINT('',(107.133033399978,-21.2257352343881,-7.72946077093449));
#6356=CARTESIAN_POINT('',(107.087247149652,-21.3292381784214,-7.58085166595264));
#6357=CARTESIAN_POINT('',(107.042295955009,-21.407128076974,-7.46465533711983));
#6358=CARTESIAN_POINT('',(107.000089089756,-21.4680919381182,-7.37105659149555));
#6359=CARTESIAN_POINT('',(106.959181848129,-21.5191840438984,-7.29071162216533));
#6360=CARTESIAN_POINT('',(106.91566527888,-21.5664830566199,-7.21460538358555));
#6361=CARTESIAN_POINT('',(106.871106294255,-21.6088818162309,-7.14490632935086));
#6362=CARTESIAN_POINT('',(106.825700226601,-21.6469056208322,-7.08116670534003));
#6363=CARTESIAN_POINT('',(106.780812368885,-21.6800833952409,-7.02455323263911));
#6364=CARTESIAN_POINT('',(106.736557783525,-21.7090107918092,-6.97440478160342));
#6365=CARTESIAN_POINT('',(106.694453866428,-21.7334368146991,-6.93147432816737));
#6366=CARTESIAN_POINT('',(106.653408360401,-21.7546070281648,-6.89382300708185));
#6367=CARTESIAN_POINT('',(106.613868822591,-21.7727042120613,-6.86129953895002));
#6368=CARTESIAN_POINT('',(106.575360999447,-21.7882673618807,-6.83307343002334));
#6369=CARTESIAN_POINT('',(106.536279714961,-21.802182094909,-6.80764115499076));
#6370=CARTESIAN_POINT('',(106.492587949668,-21.8156133737846,-6.78291151706028));
#6371=CARTESIAN_POINT('',(106.439612608482,-21.8289359344817,-6.75819502040177));
#6372=CARTESIAN_POINT('',(106.377437664512,-21.8404848973665,-6.73660818538047));
#6373=CARTESIAN_POINT('',(106.308724989376,-21.8482208390879,-6.72206362388494));
#6374=CARTESIAN_POINT('',(106.261113072836,-21.8500061530119,-6.7186967376963));
#6375=CARTESIAN_POINT('',(106.214988801216,-21.8499941150708,-6.71871942323733));
#6376=CARTESIAN_POINT('',(106.171124541219,-21.8484102728269,-6.72170614010835));
#6377=CARTESIAN_POINT('',(106.106477325814,-21.8416110413315,-6.73449233343359));
#6378=CARTESIAN_POINT('',(106.046057101839,-21.8311193054503,-6.75412414738676));
#6379=CARTESIAN_POINT('',(105.992020578106,-21.8181619022842,-6.77819838396453));
#6380=CARTESIAN_POINT('',(105.944876090513,-21.8041287582352,-6.80407232239701));
#6381=CARTESIAN_POINT('',(105.898920195412,-21.7880058208827,-6.83356742198757));
#6382=CARTESIAN_POINT('',(105.84749648708,-21.7668724354663,-6.87186133251514));
#6383=CARTESIAN_POINT('',(105.789740863459,-21.7386985695929,-6.92224490540144));
#6384=CARTESIAN_POINT('',(105.731770869763,-21.705010153995,-6.98146848586419));
#6385=CARTESIAN_POINT('',(105.68011967938,-21.6698954312788,-7.04205717353443));
#6386=CARTESIAN_POINT('',(105.63419463237,-21.6343729566685,-7.10228770092561));
#6387=CARTESIAN_POINT('',(105.587398996036,-21.593596243378,-7.17023522685413));
#6388=CARTESIAN_POINT('',(105.534092817093,-21.540164723599,-7.25736134677998));
#6389=CARTESIAN_POINT('',(105.474077494483,-21.4682574957265,-7.37126277401396));
#6390=CARTESIAN_POINT('',(105.412350941245,-21.3755310487067,-7.51279490125636));
#6391=CARTESIAN_POINT('',(105.355160913965,-21.2603903698611,-7.68081760557996));
#6392=CARTESIAN_POINT('',(105.31231723461,-21.1299788801575,-7.86146871711127));
#6393=CARTESIAN_POINT('',(105.291385626331,-21.0069278822766,-8.02297074362223));
#6394=CARTESIAN_POINT('',(105.28705377903,-20.9164916966698,-8.13672313441731));
#6395=CARTESIAN_POINT('',(105.288839913421,-20.8335421570989,-8.23860899637061));
#6396=CARTESIAN_POINT('',(105.297825934117,-20.747716723432,-8.34107178181264));
#6397=CARTESIAN_POINT('',(105.319833434112,-20.6494276649109,-8.45408021296068));
#6398=CARTESIAN_POINT('',(105.345051467471,-20.5723299826801,-8.54014020700198));
#6399=CARTESIAN_POINT('',(105.370790658514,-20.5098979039386,-8.60830980659718));
#6400=CARTESIAN_POINT('',(105.397175393053,-20.4559188677063,-8.66619156804525));
#6401=CARTESIAN_POINT('',(105.426769036085,-20.4039515550072,-8.72096541031349));
#6402=CARTESIAN_POINT('',(105.459057339101,-20.3546957796385,-8.77203986277516));
#6403=CARTESIAN_POINT('',(105.493782371571,-20.308249844545,-8.81946857722989));
#6404=CARTESIAN_POINT('',(105.530081939115,-20.2653364867074,-8.86267447855312));
#6405=CARTESIAN_POINT('',(105.568064900985,-20.2254130905682,-8.90235219718815));
#6406=CARTESIAN_POINT('',(105.607239127309,-20.188688897315,-8.93841637557632));
#6407=CARTESIAN_POINT('',(105.647659249265,-20.1548535602555,-8.97128064935222));
#6408=CARTESIAN_POINT('',(105.692745542663,-20.1211171316827,-9.00372457289742));
#6409=CARTESIAN_POINT('',(105.744558361935,-20.08708635915,-9.03611060731059));
#6410=CARTESIAN_POINT('',(105.805206008834,-20.0531566217891,-9.06805347075179));
#6411=CARTESIAN_POINT('',(105.872246827648,-20.0220058678815,-9.09708874785412));
#6412=CARTESIAN_POINT('',(105.94447246652,-19.9952410557149,-9.12181214592371));
#6413=CARTESIAN_POINT('',(106.020157074828,-19.9741438085412,-9.14115710011827));
#6414=CARTESIAN_POINT('',(106.093073543866,-19.9601547902136,-9.15391528799476));
#6415=CARTESIAN_POINT('',(106.165595024664,-19.9518645811816,-9.16145269032729));
#6416=CARTESIAN_POINT('',(106.212691361494,-19.9500002716496,-9.16314470227501));
#6417=CARTESIAN_POINT('',(106.237703771637,-19.95,-9.16314490312816));
#6418=CARTESIAN_POINT('',(113.737703771642,-19.95,-9.16314490313434));
#6419=CARTESIAN_POINT('',(113.737703771637,-19.95,-9.16314490312816));
#6420=CARTESIAN_POINT('',(113.756493950658,-19.9499997959275,-9.16314505401592));
#6421=CARTESIAN_POINT('',(113.791514477282,-19.951040499343,-9.16220041931894));
#6422=CARTESIAN_POINT('',(113.846739230686,-19.9557430657202,-9.15792735860451));
#6423=CARTESIAN_POINT('',(113.913314644996,-19.965314313163,-9.14921517964609));
#6424=CARTESIAN_POINT('',(114.001487154472,-19.9853507177979,-9.13090983821565));
#6425=CARTESIAN_POINT('',(114.104660046346,-20.0211236732321,-9.09796107893148));
#6426=CARTESIAN_POINT('',(114.205243515348,-20.070606034287,-9.05175377667332));
#6427=CARTESIAN_POINT('',(114.292145516898,-20.1265586693234,-8.99861703546178));
#6428=CARTESIAN_POINT('',(114.365725025612,-20.1852908381224,-8.94185037970012));
#6429=CARTESIAN_POINT('',(114.431456910492,-20.2488578471151,-8.87925776055396));
#6430=CARTESIAN_POINT('',(114.488667417203,-20.3159528831583,-8.81180017541721));
#6431=CARTESIAN_POINT('',(114.535374460572,-20.3822040993276,-8.74370284466809));
#6432=CARTESIAN_POINT('',(114.570317308474,-20.441155126683,-8.68186032245892));
#6433=CARTESIAN_POINT('',(114.59744568218,-20.4945655036289,-8.62482904482164));
#6434=CARTESIAN_POINT('',(114.620040862045,-20.5463567167861,-8.56860701556407));
#6435=CARTESIAN_POINT('',(114.639892264081,-20.6005003074331,-8.50879412048432));
#6436=CARTESIAN_POINT('',(114.658848811085,-20.6640763852993,-8.43724123336886));
#6437=CARTESIAN_POINT('',(114.674749415169,-20.7367052184781,-8.35359351069747));
#6438=CARTESIAN_POINT('',(114.685366248146,-20.8180889887399,-8.25721832765895));
#6439=CARTESIAN_POINT('',(114.687705658155,-20.8725999108742,-8.190760931884));
#6440=CARTESIAN_POINT('',(114.687701713191,-20.9299883381557,-8.11974469924487));
#6441=CARTESIAN_POINT('',(114.684451264976,-20.9980150436548,-8.03418136215903));
#6442=CARTESIAN_POINT('',(114.667081321189,-21.1097062698942,-7.8883237578427));
#6443=CARTESIAN_POINT('',(114.633033399977,-21.2257352343881,-7.72946077093453));
#6444=CARTESIAN_POINT('',(114.587247149652,-21.3292381784214,-7.5808516659526));
#6445=CARTESIAN_POINT('',(114.542295955009,-21.407128076974,-7.46465533711984));
#6446=CARTESIAN_POINT('',(114.500089089756,-21.4680919381183,-7.37105659149554));
#6447=CARTESIAN_POINT('',(114.459181848129,-21.5191840438984,-7.29071162216535));
#6448=CARTESIAN_POINT('',(114.41566527888,-21.5664830566199,-7.21460538358554));
#6449=CARTESIAN_POINT('',(114.371106294255,-21.6088818162309,-7.14490632935086));
#6450=CARTESIAN_POINT('',(114.325700226601,-21.6469056208322,-7.08116670534006));
#6451=CARTESIAN_POINT('',(114.280812368885,-21.6800833952409,-7.02455323263908));
#6452=CARTESIAN_POINT('',(114.236557783525,-21.7090107918092,-6.97440478160342));
#6453=CARTESIAN_POINT('',(114.194453866428,-21.7334368146991,-6.93147432816737));
#6454=CARTESIAN_POINT('',(114.153408360401,-21.7546070281648,-6.89382300708185));
#6455=CARTESIAN_POINT('',(114.113868822591,-21.7727042120613,-6.86129953895001));
#6456=CARTESIAN_POINT('',(114.075360999447,-21.7882673618807,-6.83307343002332));
#6457=CARTESIAN_POINT('',(114.036279714961,-21.802182094909,-6.80764115499073));
#6458=CARTESIAN_POINT('',(113.992587949668,-21.8156133737846,-6.78291151706028));
#6459=CARTESIAN_POINT('',(113.939612608482,-21.8289359344817,-6.75819502040176));
#6460=CARTESIAN_POINT('',(113.877437664511,-21.8404848973665,-6.73660818538046));
#6461=CARTESIAN_POINT('',(113.808724989377,-21.848220839088,-6.72206362388496));
#6462=CARTESIAN_POINT('',(113.761113072835,-21.8500061530117,-6.7186967376963));
#6463=CARTESIAN_POINT('',(113.714988801217,-21.849994115071,-6.71871942323733));
#6464=CARTESIAN_POINT('',(113.671124541219,-21.8484102728268,-6.72170614010834));
#6465=CARTESIAN_POINT('',(113.606477325814,-21.8416110413315,-6.73449233343361));
#6466=CARTESIAN_POINT('',(113.546057101839,-21.8311193054503,-6.75412414738674));
#6467=CARTESIAN_POINT('',(113.492020578106,-21.8181619022841,-6.77819838396456));
#6468=CARTESIAN_POINT('',(113.444876090513,-21.8041287582352,-6.80407232239698));
#6469=CARTESIAN_POINT('',(113.398920195411,-21.7880058208827,-6.83356742198759));
#6470=CARTESIAN_POINT('',(113.34749648708,-21.7668724354663,-6.87186133251516));
#6471=CARTESIAN_POINT('',(113.289740863459,-21.7386985695928,-6.92224490540147));
#6472=CARTESIAN_POINT('',(113.231770869763,-21.705010153995,-6.98146848586416));
#6473=CARTESIAN_POINT('',(113.18011967938,-21.6698954312788,-7.04205717353447));
#6474=CARTESIAN_POINT('',(113.13419463237,-21.6343729566685,-7.10228770092563));
#6475=CARTESIAN_POINT('',(113.087398996036,-21.5935962433779,-7.17023522685418));
#6476=CARTESIAN_POINT('',(113.034092817093,-21.5401647235989,-7.25736134678003));
#6477=CARTESIAN_POINT('',(112.974077494484,-21.4682574957265,-7.37126277401404));
#6478=CARTESIAN_POINT('',(112.912350941245,-21.3755310487066,-7.51279490125644));
#6479=CARTESIAN_POINT('',(112.855160913965,-21.260390369861,-7.68081760558006));
#6480=CARTESIAN_POINT('',(112.81231723461,-21.1299788801574,-7.86146871711136));
#6481=CARTESIAN_POINT('',(112.791385626331,-21.0069278822766,-8.02297074362228));
#6482=CARTESIAN_POINT('',(112.78705377903,-20.9164916966697,-8.13672313441735));
#6483=CARTESIAN_POINT('',(112.788839913421,-20.8335421570989,-8.23860899637065));
#6484=CARTESIAN_POINT('',(112.797825934117,-20.7477167234319,-8.34107178181267));
#6485=CARTESIAN_POINT('',(112.819833434112,-20.6494276649109,-8.45408021296072));
#6486=CARTESIAN_POINT('',(112.845051467471,-20.5723299826801,-8.54014020700198));
#6487=CARTESIAN_POINT('',(112.870790658514,-20.5098979039386,-8.60830980659719));
#6488=CARTESIAN_POINT('',(112.897175393053,-20.4559188677063,-8.66619156804525));
#6489=CARTESIAN_POINT('',(112.926769036085,-20.4039515550072,-8.7209654103135));
#6490=CARTESIAN_POINT('',(112.959057339101,-20.3546957796385,-8.77203986277516));
#6491=CARTESIAN_POINT('',(112.993782371571,-20.3082498445449,-8.81946857722992));
#6492=CARTESIAN_POINT('',(113.030081939115,-20.2653364867074,-8.86267447855311));
#6493=CARTESIAN_POINT('',(113.068064900985,-20.2254130905682,-8.90235219718817));
#6494=CARTESIAN_POINT('',(113.107239127309,-20.188688897315,-8.93841637557632));
#6495=CARTESIAN_POINT('',(113.147659249265,-20.1548535602555,-8.97128064935222));
#6496=CARTESIAN_POINT('',(113.192745542664,-20.1211171316827,-9.00372457289744));
#6497=CARTESIAN_POINT('',(113.244558361935,-20.08708635915,-9.03611060731061));
#6498=CARTESIAN_POINT('',(113.305206008834,-20.0531566217891,-9.06805347075179));
#6499=CARTESIAN_POINT('',(113.372246827648,-20.0220058678815,-9.09708874785413));
#6500=CARTESIAN_POINT('',(113.44447246652,-19.9952410557149,-9.12181214592372));
#6501=CARTESIAN_POINT('',(113.520157074828,-19.9741438085411,-9.14115710011828));
#6502=CARTESIAN_POINT('',(113.593073543866,-19.9601547902136,-9.15391528799478));
#6503=CARTESIAN_POINT('',(113.665595024664,-19.9518645811816,-9.16145269032729));
#6504=CARTESIAN_POINT('',(113.712691361495,-19.9500002716496,-9.16314470227501));
#6505=CARTESIAN_POINT('',(113.737703771637,-19.95,-9.16314490312816));
#6506=CARTESIAN_POINT('',(121.237703771642,-19.95,-9.16314490313434));
#6507=CARTESIAN_POINT('',(121.237703771637,-19.95,-9.16314490312816));
#6508=CARTESIAN_POINT('',(121.256493950658,-19.9499997959275,-9.16314505401592));
#6509=CARTESIAN_POINT('',(121.291514477282,-19.951040499343,-9.16220041931895));
#6510=CARTESIAN_POINT('',(121.346739230687,-19.9557430657203,-9.1579273586045));
#6511=CARTESIAN_POINT('',(121.413314644996,-19.9653143131629,-9.1492151796461));
#6512=CARTESIAN_POINT('',(121.501487154472,-19.9853507177979,-9.13090983821563));
#6513=CARTESIAN_POINT('',(121.604660046346,-20.0211236732321,-9.09796107893148));
#6514=CARTESIAN_POINT('',(121.705243515348,-20.070606034287,-9.0517537766733));
#6515=CARTESIAN_POINT('',(121.792145516897,-20.1265586693233,-8.99861703546181));
#6516=CARTESIAN_POINT('',(121.865725025612,-20.1852908381224,-8.9418503797001));
#6517=CARTESIAN_POINT('',(121.931456910492,-20.2488578471151,-8.87925776055398));
#6518=CARTESIAN_POINT('',(121.988667417203,-20.3159528831583,-8.81180017541721));
#6519=CARTESIAN_POINT('',(122.035374460572,-20.3822040993276,-8.74370284466807));
#6520=CARTESIAN_POINT('',(122.070317308474,-20.4411551266831,-8.68186032245889));
#6521=CARTESIAN_POINT('',(122.09744568218,-20.4945655036289,-8.62482904482162));
#6522=CARTESIAN_POINT('',(122.120040862045,-20.5463567167861,-8.56860701556405));
#6523=CARTESIAN_POINT('',(122.139892264081,-20.6005003074331,-8.50879412048429));
#6524=CARTESIAN_POINT('',(122.158848811085,-20.6640763852993,-8.43724123336885));
#6525=CARTESIAN_POINT('',(122.174749415168,-20.736705218478,-8.35359351069728));
#6526=CARTESIAN_POINT('',(122.185366248149,-20.8180889887408,-8.25721832765951));
#6527=CARTESIAN_POINT('',(122.187705658149,-20.8725999108723,-8.19076093188267));
#6528=CARTESIAN_POINT('',(122.187701713198,-20.9299883381579,-8.11974469924625));
#6529=CARTESIAN_POINT('',(122.184451264972,-20.9980150436535,-8.03418136215811));
#6530=CARTESIAN_POINT('',(122.16708132119,-21.1097062698948,-7.88832375784297));
#6531=CARTESIAN_POINT('',(122.133033399977,-21.225735234388,-7.72946077093439));
#6532=CARTESIAN_POINT('',(122.087247149652,-21.3292381784215,-7.58085166595257));
#6533=CARTESIAN_POINT('',(122.042295955009,-21.407128076974,-7.46465533711979));
#6534=CARTESIAN_POINT('',(122.000089089756,-21.4680919381183,-7.37105659149551));
#6535=CARTESIAN_POINT('',(121.959181848129,-21.5191840438984,-7.29071162216533));
#6536=CARTESIAN_POINT('',(121.91566527888,-21.5664830566199,-7.2146053835855));
#6537=CARTESIAN_POINT('',(121.871106294255,-21.6088818162309,-7.14490632935085));
#6538=CARTESIAN_POINT('',(121.825700226601,-21.6469056208322,-7.08116670534004));
#6539=CARTESIAN_POINT('',(121.780812368885,-21.6800833952409,-7.02455323263909));
#6540=CARTESIAN_POINT('',(121.736557783525,-21.7090107918092,-6.97440478160341));
#6541=CARTESIAN_POINT('',(121.694453866428,-21.7334368146991,-6.93147432816735));
#6542=CARTESIAN_POINT('',(121.653408360401,-21.7546070281648,-6.89382300708184));
#6543=CARTESIAN_POINT('',(121.613868822591,-21.7727042120614,-6.86129953895));
#6544=CARTESIAN_POINT('',(121.575360999447,-21.7882673618807,-6.8330734300233));
#6545=CARTESIAN_POINT('',(121.536279714961,-21.802182094909,-6.80764115499072));
#6546=CARTESIAN_POINT('',(121.492587949668,-21.8156133737846,-6.78291151706024));
#6547=CARTESIAN_POINT('',(121.439612608482,-21.8289359344816,-6.75819502040173));
#6548=CARTESIAN_POINT('',(121.377437664512,-21.8404848973666,-6.73660818538049));
#6549=CARTESIAN_POINT('',(121.308724989376,-21.8482208390878,-6.72206362388485));
#6550=CARTESIAN_POINT('',(121.261113072837,-21.8500061530122,-6.71869673769646));
#6551=CARTESIAN_POINT('',(121.214988801215,-21.8499941150705,-6.71871942323717));
#6552=CARTESIAN_POINT('',(121.17112454122,-21.848410272827,-6.72170614010841));
#6553=CARTESIAN_POINT('',(121.106477325814,-21.8416110413314,-6.73449233343359));
#6554=CARTESIAN_POINT('',(121.046057101839,-21.8311193054503,-6.75412414738675));
#6555=CARTESIAN_POINT('',(120.992020578106,-21.8181619022841,-6.77819838396454));
#6556=CARTESIAN_POINT('',(120.944876090513,-21.8041287582352,-6.80407232239703));
#6557=CARTESIAN_POINT('',(120.898920195411,-21.7880058208827,-6.83356742198755));
#6558=CARTESIAN_POINT('',(120.84749648708,-21.7668724354663,-6.87186133251519));
#6559=CARTESIAN_POINT('',(120.789740863459,-21.7386985695929,-6.92224490540145));
#6560=CARTESIAN_POINT('',(120.731770869763,-21.705010153995,-6.9814684858642));
#6561=CARTESIAN_POINT('',(120.68011967938,-21.6698954312788,-7.04205717353447));
#6562=CARTESIAN_POINT('',(120.63419463237,-21.6343729566685,-7.10228770092563));
#6563=CARTESIAN_POINT('',(120.587398996036,-21.5935962433779,-7.17023522685419));
#6564=CARTESIAN_POINT('',(120.534092817093,-21.5401647235989,-7.25736134678005));
#6565=CARTESIAN_POINT('',(120.474077494483,-21.4682574957265,-7.37126277401404));
#6566=CARTESIAN_POINT('',(120.412350941245,-21.3755310487066,-7.51279490125647));
#6567=CARTESIAN_POINT('',(120.355160913965,-21.260390369861,-7.68081760558008));
#6568=CARTESIAN_POINT('',(120.31231723461,-21.1299788801574,-7.86146871711139));
#6569=CARTESIAN_POINT('',(120.291385626331,-21.0069278822766,-8.0229707436223));
#6570=CARTESIAN_POINT('',(120.28705377903,-20.9164916966697,-8.13672313441736));
#6571=CARTESIAN_POINT('',(120.288839913421,-20.8335421570989,-8.23860899637065));
#6572=CARTESIAN_POINT('',(120.297825934117,-20.7477167234319,-8.34107178181268));
#6573=CARTESIAN_POINT('',(120.319833434112,-20.6494276649109,-8.45408021296071));
#6574=CARTESIAN_POINT('',(120.345051467471,-20.5723299826801,-8.54014020700198));
#6575=CARTESIAN_POINT('',(120.370790658514,-20.5098979039386,-8.60830980659718));
#6576=CARTESIAN_POINT('',(120.397175393053,-20.4559188677063,-8.66619156804525));
#6577=CARTESIAN_POINT('',(120.426769036085,-20.4039515550072,-8.72096541031349));
#6578=CARTESIAN_POINT('',(120.459057339101,-20.3546957796385,-8.77203986277517));
#6579=CARTESIAN_POINT('',(120.493782371571,-20.3082498445449,-8.81946857722992));
#6580=CARTESIAN_POINT('',(120.530081939115,-20.2653364867074,-8.86267447855312));
#6581=CARTESIAN_POINT('',(120.568064900985,-20.2254130905682,-8.90235219718814));
#6582=CARTESIAN_POINT('',(120.607239127309,-20.188688897315,-8.93841637557632));
#6583=CARTESIAN_POINT('',(120.647659249265,-20.1548535602555,-8.9712806493522));
#6584=CARTESIAN_POINT('',(120.692745542663,-20.1211171316827,-9.00372457289744));
#6585=CARTESIAN_POINT('',(120.744558361935,-20.08708635915,-9.03611060731059));
#6586=CARTESIAN_POINT('',(120.805206008834,-20.0531566217891,-9.06805347075177));
#6587=CARTESIAN_POINT('',(120.872246827648,-20.0220058678815,-9.09708874785413));
#6588=CARTESIAN_POINT('',(120.94447246652,-19.995241055715,-9.12181214592371));
#6589=CARTESIAN_POINT('',(121.020157074828,-19.9741438085411,-9.14115710011828));
#6590=CARTESIAN_POINT('',(121.093073543866,-19.9601547902136,-9.15391528799476));
#6591=CARTESIAN_POINT('',(121.165595024664,-19.9518645811816,-9.16145269032728));
#6592=CARTESIAN_POINT('',(121.212691361494,-19.9500002716496,-9.16314470227501));
#6593=CARTESIAN_POINT('',(121.237703771637,-19.95,-9.16314490312816));
#6594=CARTESIAN_POINT('',(128.737703771642,-19.95,-9.16314490313434));
#6595=CARTESIAN_POINT('',(128.737703771636,-19.95,-9.16314490312815));
#6596=CARTESIAN_POINT('',(128.756493950658,-19.9499997959275,-9.16314505401591));
#6597=CARTESIAN_POINT('',(128.791514477282,-19.951040499343,-9.16220041931893));
#6598=CARTESIAN_POINT('',(128.846739230686,-19.9557430657203,-9.15792735860451));
#6599=CARTESIAN_POINT('',(128.913314644996,-19.965314313163,-9.14921517964608));
#6600=CARTESIAN_POINT('',(129.001487154472,-19.9853507177979,-9.13090983821564));
#6601=CARTESIAN_POINT('',(129.104660046346,-20.0211236732321,-9.09796107893147));
#6602=CARTESIAN_POINT('',(129.205243515348,-20.070606034287,-9.05175377667332));
#6603=CARTESIAN_POINT('',(129.292145516897,-20.1265586693234,-8.99861703546178));
#6604=CARTESIAN_POINT('',(129.365725025612,-20.1852908381224,-8.94185037970013));
#6605=CARTESIAN_POINT('',(129.431456910492,-20.2488578471151,-8.87925776055396));
#6606=CARTESIAN_POINT('',(129.488667417203,-20.3159528831583,-8.81180017541718));
#6607=CARTESIAN_POINT('',(129.535374460572,-20.3822040993277,-8.74370284466803));
#6608=CARTESIAN_POINT('',(129.570317308474,-20.4411551266831,-8.68186032245884));
#6609=CARTESIAN_POINT('',(129.59744568218,-20.4945655036289,-8.62482904482155));
#6610=CARTESIAN_POINT('',(129.620040862045,-20.5463567167862,-8.56860701556396));
#6611=CARTESIAN_POINT('',(129.639892264081,-20.6005003074332,-8.5087941204842));
#6612=CARTESIAN_POINT('',(129.658848811085,-20.6640763852994,-8.43724123336871));
#6613=CARTESIAN_POINT('',(129.674749415169,-20.7367052184783,-8.35359351069721));
#6614=CARTESIAN_POINT('',(129.685366248146,-20.8180889887402,-8.25721832765904));
#6615=CARTESIAN_POINT('',(129.687705658155,-20.8725999108738,-8.1907609318833));
#6616=CARTESIAN_POINT('',(129.687701713191,-20.9299883381565,-8.11974469924524));
#6617=CARTESIAN_POINT('',(129.684451264976,-20.9980150436547,-8.03418136215838));
#6618=CARTESIAN_POINT('',(129.667081321189,-21.1097062698946,-7.88832375784251));
#6619=CARTESIAN_POINT('',(129.633033399978,-21.2257352343883,-7.72946077093422));
#6620=CARTESIAN_POINT('',(129.587247149652,-21.3292381784216,-7.58085166595235));
#6621=CARTESIAN_POINT('',(129.542295955009,-21.4071280769742,-7.46465533711961));
#6622=CARTESIAN_POINT('',(129.500089089756,-21.4680919381184,-7.37105659149536));
#6623=CARTESIAN_POINT('',(129.459181848129,-21.5191840438985,-7.2907116221652));
#6624=CARTESIAN_POINT('',(129.41566527888,-21.56648305662,-7.21460538358544));
#6625=CARTESIAN_POINT('',(129.371106294255,-21.6088818162309,-7.14490632935077));
#6626=CARTESIAN_POINT('',(129.325700226601,-21.6469056208322,-7.08116670534002));
#6627=CARTESIAN_POINT('',(129.280812368885,-21.6800833952409,-7.02455323263903));
#6628=CARTESIAN_POINT('',(129.236557783525,-21.7090107918092,-6.97440478160339));
#6629=CARTESIAN_POINT('',(129.194453866428,-21.7334368146991,-6.93147432816734));
#6630=CARTESIAN_POINT('',(129.153408360401,-21.7546070281648,-6.89382300708182));
#6631=CARTESIAN_POINT('',(129.113868822591,-21.7727042120614,-6.86129953894998));
#6632=CARTESIAN_POINT('',(129.075360999447,-21.7882673618807,-6.8330734300233));
#6633=CARTESIAN_POINT('',(129.036279714961,-21.802182094909,-6.80764115499072));
#6634=CARTESIAN_POINT('',(128.992587949668,-21.8156133737846,-6.78291151706023));
#6635=CARTESIAN_POINT('',(128.939612608482,-21.8289359344816,-6.75819502040176));
#6636=CARTESIAN_POINT('',(128.877437664511,-21.8404848973666,-6.73660818538047));
#6637=CARTESIAN_POINT('',(128.808724989378,-21.8482208390879,-6.7220636238849));
#6638=CARTESIAN_POINT('',(128.761113072833,-21.850006153012,-6.71869673769637));
#6639=CARTESIAN_POINT('',(128.714988801218,-21.8499941150707,-6.71871942323725));
#6640=CARTESIAN_POINT('',(128.671124541218,-21.8484102728269,-6.72170614010838));
#6641=CARTESIAN_POINT('',(128.606477325814,-21.8416110413315,-6.73449233343358));
#6642=CARTESIAN_POINT('',(128.546057101839,-21.8311193054503,-6.75412414738674));
#6643=CARTESIAN_POINT('',(128.492020578106,-21.8181619022841,-6.77819838396458));
#6644=CARTESIAN_POINT('',(128.444876090513,-21.8041287582352,-6.80407232239698));
#6645=CARTESIAN_POINT('',(128.398920195412,-21.7880058208827,-6.83356742198758));
#6646=CARTESIAN_POINT('',(128.34749648708,-21.7668724354663,-6.87186133251516));
#6647=CARTESIAN_POINT('',(128.289740863459,-21.7386985695928,-6.92224490540147));
#6648=CARTESIAN_POINT('',(128.231770869763,-21.705010153995,-6.98146848586418));
#6649=CARTESIAN_POINT('',(128.18011967938,-21.6698954312788,-7.04205717353444));
#6650=CARTESIAN_POINT('',(128.13419463237,-21.6343729566685,-7.10228770092563));
#6651=CARTESIAN_POINT('',(128.087398996036,-21.5935962433779,-7.17023522685418));
#6652=CARTESIAN_POINT('',(128.034092817093,-21.540164723599,-7.25736134678002));
#6653=CARTESIAN_POINT('',(127.974077494483,-21.4682574957265,-7.37126277401401));
#6654=CARTESIAN_POINT('',(127.912350941245,-21.3755310487067,-7.51279490125642));
#6655=CARTESIAN_POINT('',(127.855160913965,-21.260390369861,-7.68081760558002));
#6656=CARTESIAN_POINT('',(127.81231723461,-21.1299788801575,-7.86146871711133));
#6657=CARTESIAN_POINT('',(127.791385626331,-21.0069278822766,-8.02297074362227));
#6658=CARTESIAN_POINT('',(127.78705377903,-20.9164916966697,-8.13672313441733));
#6659=CARTESIAN_POINT('',(127.788839913421,-20.8335421570989,-8.23860899637061));
#6660=CARTESIAN_POINT('',(127.797825934117,-20.7477167234319,-8.34107178181266));
#6661=CARTESIAN_POINT('',(127.819833434112,-20.6494276649109,-8.45408021296069));
#6662=CARTESIAN_POINT('',(127.84505146747,-20.5723299826801,-8.54014020700198));
#6663=CARTESIAN_POINT('',(127.870790658514,-20.5098979039386,-8.60830980659717));
#6664=CARTESIAN_POINT('',(127.897175393053,-20.4559188677063,-8.66619156804524));
#6665=CARTESIAN_POINT('',(127.926769036085,-20.4039515550072,-8.72096541031348));
#6666=CARTESIAN_POINT('',(127.959057339101,-20.3546957796385,-8.77203986277513));
#6667=CARTESIAN_POINT('',(127.993782371571,-20.308249844545,-8.81946857722989));
#6668=CARTESIAN_POINT('',(128.030081939115,-20.2653364867074,-8.8626744785531));
#6669=CARTESIAN_POINT('',(128.068064900985,-20.2254130905682,-8.90235219718814));
#6670=CARTESIAN_POINT('',(128.107239127309,-20.188688897315,-8.93841637557631));
#6671=CARTESIAN_POINT('',(128.147659249265,-20.1548535602555,-8.97128064935222));
#6672=CARTESIAN_POINT('',(128.192745542663,-20.1211171316827,-9.00372457289742));
#6673=CARTESIAN_POINT('',(128.244558361935,-20.08708635915,-9.0361106073106));
#6674=CARTESIAN_POINT('',(128.305206008834,-20.0531566217891,-9.06805347075179));
#6675=CARTESIAN_POINT('',(128.372246827648,-20.0220058678815,-9.09708874785413));
#6676=CARTESIAN_POINT('',(128.44447246652,-19.9952410557149,-9.12181214592372));
#6677=CARTESIAN_POINT('',(128.520157074828,-19.9741438085411,-9.14115710011827));
#6678=CARTESIAN_POINT('',(128.593073543866,-19.9601547902136,-9.15391528799477));
#6679=CARTESIAN_POINT('',(128.665595024664,-19.9518645811816,-9.16145269032728));
#6680=CARTESIAN_POINT('',(128.712691361494,-19.9500002716496,-9.16314470227501));
#6681=CARTESIAN_POINT('',(128.737703771636,-19.95,-9.16314490312815));
#6682=CARTESIAN_POINT('',(61.2377037716424,-16.45,-11.1311934284895));
#6683=CARTESIAN_POINT('',(61.2377037716268,-16.45,-11.1311934284895));
#6684=CARTESIAN_POINT('',(61.2661128175301,-16.4499999752901,-11.1311934155302));
#6685=CARTESIAN_POINT('',(61.3219582529985,-16.4525070849323,-11.1304533516937));
#6686=CARTESIAN_POINT('',(61.4035759840628,-16.4634301748232,-11.1272183629605));
#6687=CARTESIAN_POINT('',(61.4914599210318,-16.4829030771444,-11.1214159285446));
#6688=CARTESIAN_POINT('',(61.5955541735886,-16.5170275764035,-11.1111491627049));
#6689=CARTESIAN_POINT('',(61.7223142336888,-16.5779070075097,-11.0924955275028));
#6690=CARTESIAN_POINT('',(61.8528897570352,-16.6695925098766,-11.0635105155519));
#6691=CARTESIAN_POINT('',(61.9704398944096,-16.7879930349104,-11.0243997957918));
#6692=CARTESIAN_POINT('',(62.0596794085241,-16.9157698854226,-10.9800717916037));
#6693=CARTESIAN_POINT('',(62.1213968975141,-17.043198993302,-10.9336207393778));
#6694=CARTESIAN_POINT('',(62.1588847145033,-17.1588314209009,-10.8895540566431));
#6695=CARTESIAN_POINT('',(62.1802372162868,-17.2668368526699,-10.8467671350118));
#6696=CARTESIAN_POINT('',(62.1870116487895,-17.3455187857554,-10.8144659645072));
#6697=CARTESIAN_POINT('',(62.1882832124024,-17.4275594893294,-10.7800069262629));
#6698=CARTESIAN_POINT('',(62.1820982171906,-17.5320832478755,-10.7350492980274));
#6699=CARTESIAN_POINT('',(62.1492598802278,-17.6874213671021,-10.6650348861691));
#6700=CARTESIAN_POINT('',(62.0796029353881,-17.8526259526083,-10.5862497789003));
#6701=CARTESIAN_POINT('',(61.9818563416685,-17.9983591881664,-10.5131465475984));
#6702=CARTESIAN_POINT('',(61.8658759531653,-18.1189331757801,-10.4501961806863));
#6703=CARTESIAN_POINT('',(61.7376009256377,-18.2130012427502,-10.3994230175274));
#6704=CARTESIAN_POINT('',(61.6057207946225,-18.2793868993817,-10.3627033585903));
#6705=CARTESIAN_POINT('',(61.492351446686,-18.317256036212,-10.3414373044283));
#6706=CARTESIAN_POINT('',(61.3990260710368,-18.3373505153775,-10.3300699933773));
#6707=CARTESIAN_POINT('',(61.3228622290924,-18.347119735795,-10.3245217703394));
#6708=CARTESIAN_POINT('',(61.2696856690609,-18.3498082683061,-10.3229921586954));
#6709=CARTESIAN_POINT('',(61.2233833784193,-18.3501302046618,-10.3228090339469));
#6710=CARTESIAN_POINT('',(61.1764834937142,-18.348742916282,-10.3235983178696));
#6711=CARTESIAN_POINT('',(61.1098702304901,-18.3422831314747,-10.327270262893));
#6712=CARTESIAN_POINT('',(61.0248097634447,-18.3274470541064,-10.3356792990909));
#6713=CARTESIAN_POINT('',(60.91675178895,-18.2973647401752,-10.3526392388315));
#6714=CARTESIAN_POINT('',(60.7790923305061,-18.2375920830995,-10.3859297148574));
#6715=CARTESIAN_POINT('',(60.6341446283676,-18.1414442825698,-10.4382642953452));
#6716=CARTESIAN_POINT('',(60.4998419551237,-18.0084001883689,-10.5081275766686));
#6717=CARTESIAN_POINT('',(60.3935595221325,-17.8498399843464,-10.5876976533787));
#6718=CARTESIAN_POINT('',(60.3247339471985,-17.6815320434318,-10.6677151857229));
#6719=CARTESIAN_POINT('',(60.2932343292674,-17.5295615245714,-10.7361233524397));
#6720=CARTESIAN_POINT('',(60.2875328115176,-17.4354051932151,-10.7766399673524));
#6721=CARTESIAN_POINT('',(60.2878531066358,-17.3637659360524,-10.8068367916799));
#6722=CARTESIAN_POINT('',(60.2914829082058,-17.3002475870603,-10.8331586059014));
#6723=CARTESIAN_POINT('',(60.3069678297021,-17.1999636669591,-10.8734377174158));
#6724=CARTESIAN_POINT('',(60.3390095831732,-17.0817840587597,-10.9191963823082));
#6725=CARTESIAN_POINT('',(60.401699891164,-16.9375579248163,-10.9724464308584));
#6726=CARTESIAN_POINT('',(60.4992152881758,-16.7930496082626,-11.022769774103));
#6727=CARTESIAN_POINT('',(60.6205853897051,-16.6719386457294,-11.0627159290547));
#6728=CARTESIAN_POINT('',(60.7372155342102,-16.5891042164448,-11.0889632492714));
#6729=CARTESIAN_POINT('',(60.8450843028216,-16.5326197164131,-11.1063956090295));
#6730=CARTESIAN_POINT('',(60.9449304883869,-16.4942140015092,-11.1180286071369));
#6731=CARTESIAN_POINT('',(61.0443058141614,-16.4681044076451,-11.1258321947361));
#6732=CARTESIAN_POINT('',(61.1415769907224,-16.4532270420712,-11.1302409704039));
#6733=CARTESIAN_POINT('',(61.206032067439,-16.4500000275477,-11.131193442937));
#6734=CARTESIAN_POINT('',(61.2377037716268,-16.45,-11.1311934284895));
#6735=CARTESIAN_POINT('',(68.7377037716424,-16.45,-11.1311934284895));
#6736=CARTESIAN_POINT('',(68.7377037716268,-16.45,-11.1311934284895));
#6737=CARTESIAN_POINT('',(68.7661128175301,-16.4499999752901,-11.1311934155302));
#6738=CARTESIAN_POINT('',(68.8219582529986,-16.4525070849323,-11.1304533516937));
#6739=CARTESIAN_POINT('',(68.9035759840628,-16.4634301748232,-11.1272183629605));
#6740=CARTESIAN_POINT('',(68.9914599210318,-16.4829030771444,-11.1214159285446));
#6741=CARTESIAN_POINT('',(69.0955541735886,-16.5170275764035,-11.1111491627049));
#6742=CARTESIAN_POINT('',(69.2223142336888,-16.5779070075097,-11.0924955275028));
#6743=CARTESIAN_POINT('',(69.3528897570352,-16.6695925098766,-11.0635105155519));
#6744=CARTESIAN_POINT('',(69.4704398944096,-16.7879930349104,-11.0243997957918));
#6745=CARTESIAN_POINT('',(69.5596794085241,-16.9157698854226,-10.9800717916037));
#6746=CARTESIAN_POINT('',(69.6213968975141,-17.043198993302,-10.9336207393778));
#6747=CARTESIAN_POINT('',(69.6588847145033,-17.1588314209009,-10.8895540566431));
#6748=CARTESIAN_POINT('',(69.6802372162868,-17.2668368526698,-10.8467671350119));
#6749=CARTESIAN_POINT('',(69.6870116487896,-17.3455187857554,-10.8144659645072));
#6750=CARTESIAN_POINT('',(69.6882832124023,-17.4275594893293,-10.7800069262629));
#6751=CARTESIAN_POINT('',(69.6820982171907,-17.5320832478755,-10.7350492980274));
#6752=CARTESIAN_POINT('',(69.6492598802278,-17.687421367102,-10.6650348861691));
#6753=CARTESIAN_POINT('',(69.5796029353882,-17.8526259526083,-10.5862497789004));
#6754=CARTESIAN_POINT('',(69.4818563416685,-17.9983591881664,-10.5131465475984));
#6755=CARTESIAN_POINT('',(69.3658759531654,-18.1189331757801,-10.4501961806863));
#6756=CARTESIAN_POINT('',(69.2376009256377,-18.2130012427502,-10.3994230175274));
#6757=CARTESIAN_POINT('',(69.1057207946225,-18.2793868993817,-10.3627033585903));
#6758=CARTESIAN_POINT('',(68.992351446686,-18.317256036212,-10.3414373044283));
#6759=CARTESIAN_POINT('',(68.8990260710368,-18.3373505153775,-10.3300699933773));
#6760=CARTESIAN_POINT('',(68.8228622290924,-18.347119735795,-10.3245217703394));
#6761=CARTESIAN_POINT('',(68.7696856690609,-18.3498082683061,-10.3229921586954));
#6762=CARTESIAN_POINT('',(68.7233833784193,-18.3501302046618,-10.3228090339469));
#6763=CARTESIAN_POINT('',(68.6764834937142,-18.348742916282,-10.3235983178696));
#6764=CARTESIAN_POINT('',(68.6098702304901,-18.3422831314747,-10.327270262893));
#6765=CARTESIAN_POINT('',(68.5248097634448,-18.3274470541064,-10.3356792990909));
#6766=CARTESIAN_POINT('',(68.41675178895,-18.2973647401752,-10.3526392388315));
#6767=CARTESIAN_POINT('',(68.2790923305062,-18.2375920830995,-10.3859297148574));
#6768=CARTESIAN_POINT('',(68.1341446283675,-18.1414442825698,-10.4382642953452));
#6769=CARTESIAN_POINT('',(67.9998419551237,-18.0084001883688,-10.5081275766686));
#6770=CARTESIAN_POINT('',(67.8935595221326,-17.8498399843464,-10.5876976533787));
#6771=CARTESIAN_POINT('',(67.8247339471984,-17.6815320434318,-10.6677151857229));
#6772=CARTESIAN_POINT('',(67.7932343292675,-17.5295615245714,-10.7361233524397));
#6773=CARTESIAN_POINT('',(67.7875328115175,-17.4354051932151,-10.7766399673524));
#6774=CARTESIAN_POINT('',(67.7878531066359,-17.3637659360525,-10.8068367916799));
#6775=CARTESIAN_POINT('',(67.7914829082058,-17.3002475870603,-10.8331586059014));
#6776=CARTESIAN_POINT('',(67.8069678297022,-17.1999636669591,-10.8734377174158));
#6777=CARTESIAN_POINT('',(67.8390095831732,-17.0817840587597,-10.9191963823082));
#6778=CARTESIAN_POINT('',(67.901699891164,-16.9375579248163,-10.9724464308584));
#6779=CARTESIAN_POINT('',(67.9992152881758,-16.7930496082626,-11.022769774103));
#6780=CARTESIAN_POINT('',(68.1205853897051,-16.6719386457294,-11.0627159290547));
#6781=CARTESIAN_POINT('',(68.2372155342102,-16.5891042164448,-11.0889632492714));
#6782=CARTESIAN_POINT('',(68.3450843028216,-16.5326197164131,-11.1063956090295));
#6783=CARTESIAN_POINT('',(68.4449304883869,-16.4942140015092,-11.1180286071369));
#6784=CARTESIAN_POINT('',(68.5443058141614,-16.4681044076451,-11.1258321947361));
#6785=CARTESIAN_POINT('',(68.6415769907225,-16.4532270420712,-11.1302409704039));
#6786=CARTESIAN_POINT('',(68.706032067439,-16.4500000275477,-11.131193442937));
#6787=CARTESIAN_POINT('',(68.7377037716268,-16.45,-11.1311934284895));
#6788=CARTESIAN_POINT('',(76.2377037716424,-16.45,-11.1311934284895));
#6789=CARTESIAN_POINT('',(76.2377037716268,-16.45,-11.1311934284895));
#6790=CARTESIAN_POINT('',(76.2661128175301,-16.4499999752901,-11.1311934155302));
#6791=CARTESIAN_POINT('',(76.3219582529985,-16.4525070849323,-11.1304533516937));
#6792=CARTESIAN_POINT('',(76.4035759840628,-16.4634301748232,-11.1272183629605));
#6793=CARTESIAN_POINT('',(76.4914599210318,-16.4829030771444,-11.1214159285446));
#6794=CARTESIAN_POINT('',(76.5955541735886,-16.5170275764035,-11.1111491627049));
#6795=CARTESIAN_POINT('',(76.7223142336888,-16.5779070075098,-11.0924955275028));
#6796=CARTESIAN_POINT('',(76.8528897570352,-16.6695925098766,-11.0635105155519));
#6797=CARTESIAN_POINT('',(76.9704398944095,-16.7879930349103,-11.0243997957918));
#6798=CARTESIAN_POINT('',(77.0596794085241,-16.9157698854226,-10.9800717916037));
#6799=CARTESIAN_POINT('',(77.1213968975141,-17.043198993302,-10.9336207393779));
#6800=CARTESIAN_POINT('',(77.1588847145033,-17.1588314209009,-10.8895540566431));
#6801=CARTESIAN_POINT('',(77.1802372162868,-17.2668368526698,-10.8467671350119));
#6802=CARTESIAN_POINT('',(77.1870116487896,-17.3455187857553,-10.8144659645072));
#6803=CARTESIAN_POINT('',(77.1882832124023,-17.4275594893293,-10.7800069262629));
#6804=CARTESIAN_POINT('',(77.1820982171907,-17.5320832478755,-10.7350492980274));
#6805=CARTESIAN_POINT('',(77.1492598802279,-17.6874213671018,-10.6650348861692));
#6806=CARTESIAN_POINT('',(77.0796029353883,-17.8526259526083,-10.5862497789004));
#6807=CARTESIAN_POINT('',(76.9818563416685,-17.9983591881663,-10.5131465475984));
#6808=CARTESIAN_POINT('',(76.8658759531654,-18.11893317578,-10.4501961806863));
#6809=CARTESIAN_POINT('',(76.7376009256377,-18.2130012427502,-10.3994230175274));
#6810=CARTESIAN_POINT('',(76.6057207946225,-18.2793868993817,-10.3627033585903));
#6811=CARTESIAN_POINT('',(76.4923514466861,-18.317256036212,-10.3414373044283));
#6812=CARTESIAN_POINT('',(76.3990260710368,-18.3373505153775,-10.3300699933773));
#6813=CARTESIAN_POINT('',(76.3228622290924,-18.347119735795,-10.3245217703394));
#6814=CARTESIAN_POINT('',(76.2696856690609,-18.3498082683061,-10.3229921586954));
#6815=CARTESIAN_POINT('',(76.2233833784193,-18.3501302046618,-10.3228090339469));
#6816=CARTESIAN_POINT('',(76.1764834937142,-18.348742916282,-10.3235983178696));
#6817=CARTESIAN_POINT('',(76.1098702304901,-18.3422831314747,-10.327270262893));
#6818=CARTESIAN_POINT('',(76.0248097634447,-18.3274470541064,-10.3356792990909));
#6819=CARTESIAN_POINT('',(75.9167517889499,-18.2973647401752,-10.3526392388315));
#6820=CARTESIAN_POINT('',(75.7790923305062,-18.2375920830995,-10.3859297148574));
#6821=CARTESIAN_POINT('',(75.6341446283676,-18.1414442825698,-10.4382642953452));
#6822=CARTESIAN_POINT('',(75.4998419551237,-18.0084001883689,-10.5081275766686));
#6823=CARTESIAN_POINT('',(75.3935595221325,-17.8498399843463,-10.5876976533787));
#6824=CARTESIAN_POINT('',(75.3247339471985,-17.6815320434318,-10.6677151857229));
#6825=CARTESIAN_POINT('',(75.2932343292673,-17.5295615245714,-10.7361233524397));
#6826=CARTESIAN_POINT('',(75.2875328115177,-17.4354051932151,-10.7766399673524));
#6827=CARTESIAN_POINT('',(75.2878531066357,-17.3637659360525,-10.8068367916799));
#6828=CARTESIAN_POINT('',(75.2914829082058,-17.3002475870603,-10.8331586059014));
#6829=CARTESIAN_POINT('',(75.3069678297021,-17.1999636669591,-10.8734377174158));
#6830=CARTESIAN_POINT('',(75.3390095831732,-17.0817840587597,-10.9191963823082));
#6831=CARTESIAN_POINT('',(75.401699891164,-16.9375579248163,-10.9724464308584));
#6832=CARTESIAN_POINT('',(75.4992152881758,-16.7930496082626,-11.022769774103));
#6833=CARTESIAN_POINT('',(75.6205853897051,-16.6719386457294,-11.0627159290547));
#6834=CARTESIAN_POINT('',(75.7372155342102,-16.5891042164448,-11.0889632492714));
#6835=CARTESIAN_POINT('',(75.8450843028216,-16.5326197164131,-11.1063956090295));
#6836=CARTESIAN_POINT('',(75.9449304883869,-16.4942140015092,-11.1180286071369));
#6837=CARTESIAN_POINT('',(76.0443058141614,-16.4681044076451,-11.1258321947361));
#6838=CARTESIAN_POINT('',(76.1415769907224,-16.4532270420712,-11.1302409704039));
#6839=CARTESIAN_POINT('',(76.206032067439,-16.4500000275477,-11.131193442937));
#6840=CARTESIAN_POINT('',(76.2377037716268,-16.45,-11.1311934284895));
#6841=CARTESIAN_POINT('',(83.7377037716424,-16.45,-11.1311934284895));
#6842=CARTESIAN_POINT('',(83.7377037716268,-16.45,-11.1311934284895));
#6843=CARTESIAN_POINT('',(83.7661128175301,-16.4499999752901,-11.1311934155302));
#6844=CARTESIAN_POINT('',(83.8219582529985,-16.4525070849323,-11.1304533516937));
#6845=CARTESIAN_POINT('',(83.9035759840628,-16.4634301748232,-11.1272183629605));
#6846=CARTESIAN_POINT('',(83.9914599210318,-16.4829030771444,-11.1214159285445));
#6847=CARTESIAN_POINT('',(84.0955541735887,-16.5170275764035,-11.1111491627049));
#6848=CARTESIAN_POINT('',(84.2223142336888,-16.5779070075098,-11.0924955275028));
#6849=CARTESIAN_POINT('',(84.3528897570352,-16.6695925098766,-11.0635105155519));
#6850=CARTESIAN_POINT('',(84.4704398944095,-16.7879930349103,-11.0243997957918));
#6851=CARTESIAN_POINT('',(84.5596794085241,-16.9157698854226,-10.9800717916037));
#6852=CARTESIAN_POINT('',(84.6213968975141,-17.043198993302,-10.9336207393778));
#6853=CARTESIAN_POINT('',(84.6588847145033,-17.1588314209009,-10.8895540566431));
#6854=CARTESIAN_POINT('',(84.6802372162868,-17.2668368526699,-10.8467671350119));
#6855=CARTESIAN_POINT('',(84.6870116487895,-17.3455187857554,-10.8144659645072));
#6856=CARTESIAN_POINT('',(84.6882832124024,-17.4275594893294,-10.7800069262629));
#6857=CARTESIAN_POINT('',(84.6820982171906,-17.5320832478756,-10.7350492980274));
#6858=CARTESIAN_POINT('',(84.6492598802278,-17.687421367102,-10.6650348861691));
#6859=CARTESIAN_POINT('',(84.5796029353882,-17.8526259526084,-10.5862497789003));
#6860=CARTESIAN_POINT('',(84.4818563416685,-17.9983591881664,-10.5131465475984));
#6861=CARTESIAN_POINT('',(84.3658759531653,-18.1189331757801,-10.4501961806862));
#6862=CARTESIAN_POINT('',(84.2376009256376,-18.2130012427502,-10.3994230175274));
#6863=CARTESIAN_POINT('',(84.1057207946225,-18.2793868993817,-10.3627033585903));
#6864=CARTESIAN_POINT('',(83.9923514466861,-18.317256036212,-10.3414373044283));
#6865=CARTESIAN_POINT('',(83.8990260710367,-18.3373505153775,-10.3300699933773));
#6866=CARTESIAN_POINT('',(83.8228622290925,-18.347119735795,-10.3245217703394));
#6867=CARTESIAN_POINT('',(83.7696856690609,-18.3498082683061,-10.3229921586954));
#6868=CARTESIAN_POINT('',(83.7233833784193,-18.3501302046618,-10.3228090339469));
#6869=CARTESIAN_POINT('',(83.6764834937142,-18.348742916282,-10.3235983178696));
#6870=CARTESIAN_POINT('',(83.6098702304901,-18.3422831314747,-10.327270262893));
#6871=CARTESIAN_POINT('',(83.5248097634447,-18.3274470541064,-10.3356792990909));
#6872=CARTESIAN_POINT('',(83.41675178895,-18.2973647401752,-10.3526392388315));
#6873=CARTESIAN_POINT('',(83.2790923305062,-18.2375920830995,-10.3859297148574));
#6874=CARTESIAN_POINT('',(83.1341446283675,-18.1414442825698,-10.4382642953452));
#6875=CARTESIAN_POINT('',(82.9998419551237,-18.0084001883689,-10.5081275766686));
#6876=CARTESIAN_POINT('',(82.8935595221325,-17.8498399843464,-10.5876976533787));
#6877=CARTESIAN_POINT('',(82.8247339471985,-17.6815320434318,-10.6677151857229));
#6878=CARTESIAN_POINT('',(82.7932343292673,-17.5295615245714,-10.7361233524397));
#6879=CARTESIAN_POINT('',(82.7875328115178,-17.4354051932151,-10.7766399673524));
#6880=CARTESIAN_POINT('',(82.7878531066357,-17.3637659360525,-10.8068367916799));
#6881=CARTESIAN_POINT('',(82.7914829082059,-17.3002475870603,-10.8331586059014));
#6882=CARTESIAN_POINT('',(82.8069678297021,-17.1999636669591,-10.8734377174158));
#6883=CARTESIAN_POINT('',(82.8390095831732,-17.0817840587597,-10.9191963823082));
#6884=CARTESIAN_POINT('',(82.901699891164,-16.9375579248163,-10.9724464308584));
#6885=CARTESIAN_POINT('',(82.9992152881758,-16.7930496082626,-11.022769774103));
#6886=CARTESIAN_POINT('',(83.1205853897051,-16.6719386457294,-11.0627159290547));
#6887=CARTESIAN_POINT('',(83.2372155342102,-16.5891042164448,-11.0889632492714));
#6888=CARTESIAN_POINT('',(83.3450843028215,-16.5326197164131,-11.1063956090295));
#6889=CARTESIAN_POINT('',(83.4449304883869,-16.4942140015092,-11.1180286071369));
#6890=CARTESIAN_POINT('',(83.5443058141614,-16.4681044076451,-11.1258321947361));
#6891=CARTESIAN_POINT('',(83.6415769907224,-16.4532270420712,-11.1302409704039));
#6892=CARTESIAN_POINT('',(83.7060320674389,-16.4500000275477,-11.131193442937));
#6893=CARTESIAN_POINT('',(83.7377037716268,-16.45,-11.1311934284895));
#6894=CARTESIAN_POINT('',(91.2377037716424,-16.45,-11.1311934284895));
#6895=CARTESIAN_POINT('',(91.2377037716268,-16.45,-11.1311934284895));
#6896=CARTESIAN_POINT('',(91.2661128175301,-16.4499999752901,-11.1311934155302));
#6897=CARTESIAN_POINT('',(91.3219582529986,-16.4525070849323,-11.1304533516937));
#6898=CARTESIAN_POINT('',(91.4035759840628,-16.4634301748232,-11.1272183629605));
#6899=CARTESIAN_POINT('',(91.4914599210318,-16.4829030771444,-11.1214159285446));
#6900=CARTESIAN_POINT('',(91.5955541735887,-16.5170275764035,-11.1111491627049));
#6901=CARTESIAN_POINT('',(91.7223142336888,-16.5779070075097,-11.0924955275028));
#6902=CARTESIAN_POINT('',(91.8528897570352,-16.6695925098766,-11.0635105155519));
#6903=CARTESIAN_POINT('',(91.9704398944096,-16.7879930349103,-11.0243997957918));
#6904=CARTESIAN_POINT('',(92.0596794085241,-16.9157698854226,-10.9800717916037));
#6905=CARTESIAN_POINT('',(92.1213968975141,-17.043198993302,-10.9336207393778));
#6906=CARTESIAN_POINT('',(92.1588847145033,-17.1588314209009,-10.8895540566431));
#6907=CARTESIAN_POINT('',(92.1802372162868,-17.2668368526699,-10.8467671350119));
#6908=CARTESIAN_POINT('',(92.1870116487896,-17.3455187857554,-10.8144659645072));
#6909=CARTESIAN_POINT('',(92.1882832124023,-17.4275594893294,-10.7800069262629));
#6910=CARTESIAN_POINT('',(92.1820982171907,-17.5320832478756,-10.7350492980274));
#6911=CARTESIAN_POINT('',(92.1492598802278,-17.6874213671021,-10.6650348861691));
#6912=CARTESIAN_POINT('',(92.0796029353881,-17.8526259526084,-10.5862497789003));
#6913=CARTESIAN_POINT('',(91.9818563416684,-17.9983591881664,-10.5131465475983));
#6914=CARTESIAN_POINT('',(91.8658759531654,-18.1189331757801,-10.4501961806863));
#6915=CARTESIAN_POINT('',(91.7376009256377,-18.2130012427502,-10.3994230175274));
#6916=CARTESIAN_POINT('',(91.6057207946225,-18.2793868993817,-10.3627033585903));
#6917=CARTESIAN_POINT('',(91.4923514466861,-18.317256036212,-10.3414373044283));
#6918=CARTESIAN_POINT('',(91.3990260710368,-18.3373505153775,-10.3300699933773));
#6919=CARTESIAN_POINT('',(91.3228622290924,-18.347119735795,-10.3245217703394));
#6920=CARTESIAN_POINT('',(91.269685669061,-18.3498082683061,-10.3229921586954));
#6921=CARTESIAN_POINT('',(91.2233833784193,-18.3501302046618,-10.3228090339469));
#6922=CARTESIAN_POINT('',(91.1764834937142,-18.348742916282,-10.3235983178696));
#6923=CARTESIAN_POINT('',(91.1098702304901,-18.3422831314747,-10.327270262893));
#6924=CARTESIAN_POINT('',(91.0248097634447,-18.3274470541064,-10.3356792990909));
#6925=CARTESIAN_POINT('',(90.9167517889501,-18.2973647401752,-10.3526392388315));
#6926=CARTESIAN_POINT('',(90.7790923305062,-18.2375920830995,-10.3859297148574));
#6927=CARTESIAN_POINT('',(90.6341446283676,-18.1414442825698,-10.4382642953452));
#6928=CARTESIAN_POINT('',(90.4998419551237,-18.0084001883689,-10.5081275766686));
#6929=CARTESIAN_POINT('',(90.3935595221325,-17.8498399843464,-10.5876976533787));
#6930=CARTESIAN_POINT('',(90.3247339471985,-17.6815320434318,-10.6677151857229));
#6931=CARTESIAN_POINT('',(90.2932343292674,-17.5295615245714,-10.7361233524397));
#6932=CARTESIAN_POINT('',(90.2875328115176,-17.4354051932151,-10.7766399673524));
#6933=CARTESIAN_POINT('',(90.2878531066359,-17.3637659360525,-10.8068367916799));
#6934=CARTESIAN_POINT('',(90.2914829082058,-17.3002475870603,-10.8331586059014));
#6935=CARTESIAN_POINT('',(90.3069678297022,-17.1999636669591,-10.8734377174158));
#6936=CARTESIAN_POINT('',(90.3390095831732,-17.0817840587597,-10.9191963823082));
#6937=CARTESIAN_POINT('',(90.401699891164,-16.9375579248163,-10.9724464308584));
#6938=CARTESIAN_POINT('',(90.4992152881758,-16.7930496082626,-11.022769774103));
#6939=CARTESIAN_POINT('',(90.6205853897051,-16.6719386457294,-11.0627159290547));
#6940=CARTESIAN_POINT('',(90.7372155342102,-16.5891042164448,-11.0889632492714));
#6941=CARTESIAN_POINT('',(90.8450843028216,-16.5326197164131,-11.1063956090295));
#6942=CARTESIAN_POINT('',(90.9449304883869,-16.4942140015092,-11.1180286071369));
#6943=CARTESIAN_POINT('',(91.0443058141614,-16.4681044076452,-11.1258321947361));
#6944=CARTESIAN_POINT('',(91.1415769907224,-16.4532270420712,-11.1302409704039));
#6945=CARTESIAN_POINT('',(91.206032067439,-16.4500000275477,-11.131193442937));
#6946=CARTESIAN_POINT('',(91.2377037716268,-16.45,-11.1311934284895));
#6947=CARTESIAN_POINT('',(98.7377037716424,-16.45,-11.1311934284895));
#6948=CARTESIAN_POINT('',(98.7377037716268,-16.45,-11.1311934284895));
#6949=CARTESIAN_POINT('',(98.7661128175301,-16.4499999752901,-11.1311934155302));
#6950=CARTESIAN_POINT('',(98.8219582529985,-16.4525070849323,-11.1304533516938));
#6951=CARTESIAN_POINT('',(98.9035759840628,-16.4634301748232,-11.1272183629605));
#6952=CARTESIAN_POINT('',(98.9914599210318,-16.4829030771444,-11.1214159285446));
#6953=CARTESIAN_POINT('',(99.0955541735887,-16.5170275764035,-11.1111491627049));
#6954=CARTESIAN_POINT('',(99.2223142336888,-16.5779070075097,-11.0924955275028));
#6955=CARTESIAN_POINT('',(99.3528897570352,-16.6695925098767,-11.0635105155519));
#6956=CARTESIAN_POINT('',(99.4704398944095,-16.7879930349103,-11.0243997957918));
#6957=CARTESIAN_POINT('',(99.5596794085241,-16.9157698854226,-10.9800717916037));
#6958=CARTESIAN_POINT('',(99.6213968975141,-17.043198993302,-10.9336207393778));
#6959=CARTESIAN_POINT('',(99.6588847145033,-17.1588314209009,-10.889554056643));
#6960=CARTESIAN_POINT('',(99.6802372162868,-17.2668368526699,-10.8467671350118));
#6961=CARTESIAN_POINT('',(99.6870116487895,-17.3455187857554,-10.8144659645072));
#6962=CARTESIAN_POINT('',(99.6882832124025,-17.4275594893294,-10.7800069262629));
#6963=CARTESIAN_POINT('',(99.6820982171906,-17.5320832478755,-10.7350492980275));
#6964=CARTESIAN_POINT('',(99.6492598802278,-17.6874213671021,-10.665034886169));
#6965=CARTESIAN_POINT('',(99.5796029353882,-17.8526259526083,-10.5862497789004));
#6966=CARTESIAN_POINT('',(99.4818563416686,-17.9983591881663,-10.5131465475984));
#6967=CARTESIAN_POINT('',(99.3658759531653,-18.11893317578,-10.4501961806863));
#6968=CARTESIAN_POINT('',(99.2376009256377,-18.2130012427502,-10.3994230175274));
#6969=CARTESIAN_POINT('',(99.1057207946225,-18.2793868993817,-10.3627033585903));
#6970=CARTESIAN_POINT('',(98.992351446686,-18.317256036212,-10.3414373044283));
#6971=CARTESIAN_POINT('',(98.8990260710368,-18.3373505153776,-10.3300699933773));
#6972=CARTESIAN_POINT('',(98.8228622290924,-18.347119735795,-10.3245217703394));
#6973=CARTESIAN_POINT('',(98.769685669061,-18.3498082683061,-10.3229921586954));
#6974=CARTESIAN_POINT('',(98.7233833784192,-18.3501302046618,-10.3228090339469));
#6975=CARTESIAN_POINT('',(98.6764834937142,-18.348742916282,-10.3235983178696));
#6976=CARTESIAN_POINT('',(98.6098702304901,-18.3422831314747,-10.327270262893));
#6977=CARTESIAN_POINT('',(98.5248097634447,-18.3274470541064,-10.3356792990909));
#6978=CARTESIAN_POINT('',(98.41675178895,-18.2973647401752,-10.3526392388315));
#6979=CARTESIAN_POINT('',(98.2790923305062,-18.2375920830995,-10.3859297148574));
#6980=CARTESIAN_POINT('',(98.1341446283675,-18.1414442825698,-10.4382642953452));
#6981=CARTESIAN_POINT('',(97.9998419551237,-18.0084001883689,-10.5081275766686));
#6982=CARTESIAN_POINT('',(97.8935595221325,-17.8498399843464,-10.5876976533787));
#6983=CARTESIAN_POINT('',(97.8247339471985,-17.6815320434318,-10.6677151857229));
#6984=CARTESIAN_POINT('',(97.7932343292674,-17.5295615245714,-10.7361233524397));
#6985=CARTESIAN_POINT('',(97.7875328115176,-17.4354051932151,-10.7766399673524));
#6986=CARTESIAN_POINT('',(97.7878531066359,-17.3637659360524,-10.8068367916799));
#6987=CARTESIAN_POINT('',(97.7914829082058,-17.3002475870604,-10.8331586059014));
#6988=CARTESIAN_POINT('',(97.8069678297021,-17.1999636669591,-10.8734377174158));
#6989=CARTESIAN_POINT('',(97.8390095831732,-17.0817840587597,-10.9191963823082));
#6990=CARTESIAN_POINT('',(97.9016998911641,-16.9375579248164,-10.9724464308584));
#6991=CARTESIAN_POINT('',(97.9992152881758,-16.7930496082626,-11.022769774103));
#6992=CARTESIAN_POINT('',(98.1205853897051,-16.6719386457294,-11.0627159290547));
#6993=CARTESIAN_POINT('',(98.2372155342102,-16.5891042164448,-11.0889632492714));
#6994=CARTESIAN_POINT('',(98.3450843028216,-16.5326197164131,-11.1063956090295));
#6995=CARTESIAN_POINT('',(98.4449304883869,-16.4942140015092,-11.1180286071369));
#6996=CARTESIAN_POINT('',(98.5443058141614,-16.4681044076452,-11.1258321947361));
#6997=CARTESIAN_POINT('',(98.6415769907225,-16.4532270420712,-11.1302409704039));
#6998=CARTESIAN_POINT('',(98.706032067439,-16.4500000275477,-11.131193442937));
#6999=CARTESIAN_POINT('',(98.7377037716268,-16.45,-11.1311934284895));
#7000=CARTESIAN_POINT('',(106.237703771642,-16.45,-11.1311934284895));
#7001=CARTESIAN_POINT('',(106.237703771627,-16.45,-11.1311934284895));
#7002=CARTESIAN_POINT('',(106.26611281753,-16.4499999752901,-11.1311934155302));
#7003=CARTESIAN_POINT('',(106.321958252999,-16.4525070849323,-11.1304533516937));
#7004=CARTESIAN_POINT('',(106.403575984063,-16.4634301748232,-11.1272183629605));
#7005=CARTESIAN_POINT('',(106.491459921032,-16.4829030771444,-11.1214159285445));
#7006=CARTESIAN_POINT('',(106.595554173589,-16.5170275764035,-11.1111491627049));
#7007=CARTESIAN_POINT('',(106.722314233689,-16.5779070075098,-11.0924955275028));
#7008=CARTESIAN_POINT('',(106.852889757035,-16.6695925098766,-11.0635105155519));
#7009=CARTESIAN_POINT('',(106.97043989441,-16.7879930349103,-11.0243997957918));
#7010=CARTESIAN_POINT('',(107.059679408524,-16.9157698854227,-10.9800717916037));
#7011=CARTESIAN_POINT('',(107.121396897514,-17.043198993302,-10.9336207393778));
#7012=CARTESIAN_POINT('',(107.158884714503,-17.158831420901,-10.889554056643));
#7013=CARTESIAN_POINT('',(107.180237216287,-17.26683685267,-10.8467671350118));
#7014=CARTESIAN_POINT('',(107.18701164879,-17.3455187857554,-10.8144659645072));
#7015=CARTESIAN_POINT('',(107.188283212402,-17.4275594893294,-10.7800069262629));
#7016=CARTESIAN_POINT('',(107.182098217191,-17.5320832478757,-10.7350492980274));
#7017=CARTESIAN_POINT('',(107.149259880228,-17.6874213671023,-10.6650348861689));
#7018=CARTESIAN_POINT('',(107.079602935388,-17.8526259526087,-10.5862497789002));
#7019=CARTESIAN_POINT('',(106.981856341668,-17.9983591881666,-10.5131465475983));
#7020=CARTESIAN_POINT('',(106.865875953165,-18.1189331757803,-10.4501961806861));
#7021=CARTESIAN_POINT('',(106.737600925638,-18.2130012427503,-10.3994230175274));
#7022=CARTESIAN_POINT('',(106.605720794622,-18.2793868993817,-10.3627033585903));
#7023=CARTESIAN_POINT('',(106.492351446686,-18.317256036212,-10.3414373044283));
#7024=CARTESIAN_POINT('',(106.399026071037,-18.3373505153776,-10.3300699933773));
#7025=CARTESIAN_POINT('',(106.322862229092,-18.347119735795,-10.3245217703394));
#7026=CARTESIAN_POINT('',(106.269685669061,-18.3498082683061,-10.3229921586954));
#7027=CARTESIAN_POINT('',(106.223383378419,-18.3501302046618,-10.3228090339469));
#7028=CARTESIAN_POINT('',(106.176483493714,-18.348742916282,-10.3235983178696));
#7029=CARTESIAN_POINT('',(106.10987023049,-18.3422831314747,-10.327270262893));
#7030=CARTESIAN_POINT('',(106.024809763445,-18.3274470541064,-10.3356792990909));
#7031=CARTESIAN_POINT('',(105.91675178895,-18.2973647401752,-10.3526392388315));
#7032=CARTESIAN_POINT('',(105.779092330506,-18.2375920830995,-10.3859297148574));
#7033=CARTESIAN_POINT('',(105.634144628368,-18.1414442825698,-10.4382642953452));
#7034=CARTESIAN_POINT('',(105.499841955124,-18.0084001883689,-10.5081275766686));
#7035=CARTESIAN_POINT('',(105.393559522133,-17.8498399843464,-10.5876976533787));
#7036=CARTESIAN_POINT('',(105.324733947198,-17.6815320434318,-10.6677151857229));
#7037=CARTESIAN_POINT('',(105.293234329267,-17.5295615245714,-10.7361233524397));
#7038=CARTESIAN_POINT('',(105.287532811517,-17.4354051932151,-10.7766399673524));
#7039=CARTESIAN_POINT('',(105.287853106636,-17.3637659360525,-10.8068367916799));
#7040=CARTESIAN_POINT('',(105.291482908206,-17.3002475870603,-10.8331586059014));
#7041=CARTESIAN_POINT('',(105.306967829702,-17.1999636669591,-10.8734377174158));
#7042=CARTESIAN_POINT('',(105.339009583173,-17.0817840587597,-10.9191963823082));
#7043=CARTESIAN_POINT('',(105.401699891164,-16.9375579248164,-10.9724464308584));
#7044=CARTESIAN_POINT('',(105.499215288176,-16.7930496082626,-11.022769774103));
#7045=CARTESIAN_POINT('',(105.620585389705,-16.6719386457294,-11.0627159290547));
#7046=CARTESIAN_POINT('',(105.73721553421,-16.5891042164448,-11.0889632492714));
#7047=CARTESIAN_POINT('',(105.845084302822,-16.5326197164131,-11.1063956090295));
#7048=CARTESIAN_POINT('',(105.944930488387,-16.4942140015092,-11.1180286071369));
#7049=CARTESIAN_POINT('',(106.044305814161,-16.4681044076452,-11.1258321947361));
#7050=CARTESIAN_POINT('',(106.141576990722,-16.4532270420712,-11.1302409704039));
#7051=CARTESIAN_POINT('',(106.206032067439,-16.4500000275477,-11.131193442937));
#7052=CARTESIAN_POINT('',(106.237703771627,-16.45,-11.1311934284895));
#7053=CARTESIAN_POINT('',(113.737703771642,-16.45,-11.1311934284895));
#7054=CARTESIAN_POINT('',(113.737703771627,-16.45,-11.1311934284895));
#7055=CARTESIAN_POINT('',(113.76611281753,-16.4499999752901,-11.1311934155302));
#7056=CARTESIAN_POINT('',(113.821958252999,-16.4525070849323,-11.1304533516938));
#7057=CARTESIAN_POINT('',(113.903575984063,-16.4634301748232,-11.1272183629605));
#7058=CARTESIAN_POINT('',(113.991459921032,-16.4829030771444,-11.1214159285446));
#7059=CARTESIAN_POINT('',(114.095554173589,-16.5170275764035,-11.1111491627049));
#7060=CARTESIAN_POINT('',(114.222314233689,-16.5779070075097,-11.0924955275028));
#7061=CARTESIAN_POINT('',(114.352889757035,-16.6695925098766,-11.0635105155519));
#7062=CARTESIAN_POINT('',(114.47043989441,-16.7879930349104,-11.0243997957918));
#7063=CARTESIAN_POINT('',(114.559679408524,-16.9157698854226,-10.9800717916037));
#7064=CARTESIAN_POINT('',(114.621396897514,-17.043198993302,-10.9336207393778));
#7065=CARTESIAN_POINT('',(114.658884714503,-17.1588314209009,-10.889554056643));
#7066=CARTESIAN_POINT('',(114.680237216287,-17.2668368526699,-10.8467671350119));
#7067=CARTESIAN_POINT('',(114.68701164879,-17.3455187857554,-10.8144659645072));
#7068=CARTESIAN_POINT('',(114.688283212402,-17.4275594893294,-10.7800069262629));
#7069=CARTESIAN_POINT('',(114.682098217191,-17.5320832478756,-10.7350492980274));
#7070=CARTESIAN_POINT('',(114.649259880228,-17.6874213671022,-10.665034886169));
#7071=CARTESIAN_POINT('',(114.579602935388,-17.8526259526085,-10.5862497789003));
#7072=CARTESIAN_POINT('',(114.481856341668,-17.9983591881665,-10.5131465475983));
#7073=CARTESIAN_POINT('',(114.365875953165,-18.1189331757801,-10.4501961806862));
#7074=CARTESIAN_POINT('',(114.237600925638,-18.2130012427502,-10.3994230175274));
#7075=CARTESIAN_POINT('',(114.105720794622,-18.2793868993817,-10.3627033585903));
#7076=CARTESIAN_POINT('',(113.992351446686,-18.317256036212,-10.3414373044283));
#7077=CARTESIAN_POINT('',(113.899026071037,-18.3373505153776,-10.3300699933773));
#7078=CARTESIAN_POINT('',(113.822862229092,-18.347119735795,-10.3245217703394));
#7079=CARTESIAN_POINT('',(113.769685669061,-18.3498082683061,-10.3229921586954));
#7080=CARTESIAN_POINT('',(113.723383378419,-18.3501302046618,-10.3228090339469));
#7081=CARTESIAN_POINT('',(113.676483493714,-18.348742916282,-10.3235983178696));
#7082=CARTESIAN_POINT('',(113.60987023049,-18.3422831314747,-10.327270262893));
#7083=CARTESIAN_POINT('',(113.524809763445,-18.3274470541064,-10.3356792990909));
#7084=CARTESIAN_POINT('',(113.41675178895,-18.2973647401752,-10.3526392388315));
#7085=CARTESIAN_POINT('',(113.279092330506,-18.2375920830995,-10.3859297148574));
#7086=CARTESIAN_POINT('',(113.134144628368,-18.1414442825698,-10.4382642953452));
#7087=CARTESIAN_POINT('',(112.999841955124,-18.0084001883689,-10.5081275766686));
#7088=CARTESIAN_POINT('',(112.893559522133,-17.8498399843464,-10.5876976533787));
#7089=CARTESIAN_POINT('',(112.824733947198,-17.6815320434318,-10.6677151857229));
#7090=CARTESIAN_POINT('',(112.793234329267,-17.5295615245714,-10.7361233524397));
#7091=CARTESIAN_POINT('',(112.787532811518,-17.4354051932151,-10.7766399673524));
#7092=CARTESIAN_POINT('',(112.787853106636,-17.3637659360525,-10.8068367916799));
#7093=CARTESIAN_POINT('',(112.791482908206,-17.3002475870604,-10.8331586059014));
#7094=CARTESIAN_POINT('',(112.806967829702,-17.1999636669591,-10.8734377174158));
#7095=CARTESIAN_POINT('',(112.839009583173,-17.0817840587597,-10.9191963823082));
#7096=CARTESIAN_POINT('',(112.901699891164,-16.9375579248164,-10.9724464308584));
#7097=CARTESIAN_POINT('',(112.999215288176,-16.7930496082626,-11.022769774103));
#7098=CARTESIAN_POINT('',(113.120585389705,-16.6719386457294,-11.0627159290547));
#7099=CARTESIAN_POINT('',(113.23721553421,-16.5891042164448,-11.0889632492714));
#7100=CARTESIAN_POINT('',(113.345084302822,-16.5326197164132,-11.1063956090295));
#7101=CARTESIAN_POINT('',(113.444930488387,-16.4942140015092,-11.1180286071369));
#7102=CARTESIAN_POINT('',(113.544305814161,-16.4681044076452,-11.1258321947361));
#7103=CARTESIAN_POINT('',(113.641576990722,-16.4532270420712,-11.1302409704039));
#7104=CARTESIAN_POINT('',(113.706032067439,-16.4500000275477,-11.131193442937));
#7105=CARTESIAN_POINT('',(113.737703771627,-16.45,-11.1311934284895));
#7106=CARTESIAN_POINT('',(121.237703771642,-16.45,-11.1311934284895));
#7107=CARTESIAN_POINT('',(121.237703771627,-16.45,-11.1311934284895));
#7108=CARTESIAN_POINT('',(121.26611281753,-16.4499999752901,-11.1311934155302));
#7109=CARTESIAN_POINT('',(121.321958252999,-16.4525070849323,-11.1304533516938));
#7110=CARTESIAN_POINT('',(121.403575984063,-16.4634301748232,-11.1272183629605));
#7111=CARTESIAN_POINT('',(121.491459921032,-16.4829030771444,-11.1214159285446));
#7112=CARTESIAN_POINT('',(121.595554173589,-16.5170275764035,-11.1111491627049));
#7113=CARTESIAN_POINT('',(121.722314233689,-16.5779070075098,-11.0924955275028));
#7114=CARTESIAN_POINT('',(121.852889757035,-16.6695925098766,-11.0635105155519));
#7115=CARTESIAN_POINT('',(121.97043989441,-16.7879930349104,-11.0243997957918));
#7116=CARTESIAN_POINT('',(122.059679408524,-16.9157698854226,-10.9800717916037));
#7117=CARTESIAN_POINT('',(122.121396897514,-17.043198993302,-10.9336207393779));
#7118=CARTESIAN_POINT('',(122.158884714503,-17.1588314209008,-10.8895540566431));
#7119=CARTESIAN_POINT('',(122.180237216287,-17.2668368526697,-10.8467671350119));
#7120=CARTESIAN_POINT('',(122.18701164879,-17.3455187857553,-10.8144659645072));
#7121=CARTESIAN_POINT('',(122.188283212402,-17.4275594893292,-10.780006926263));
#7122=CARTESIAN_POINT('',(122.182098217191,-17.5320832478754,-10.7350492980275));
#7123=CARTESIAN_POINT('',(122.149259880228,-17.6874213671017,-10.6650348861692));
#7124=CARTESIAN_POINT('',(122.079602935388,-17.8526259526081,-10.5862497789005));
#7125=CARTESIAN_POINT('',(121.981856341669,-17.9983591881661,-10.5131465475985));
#7126=CARTESIAN_POINT('',(121.865875953165,-18.11893317578,-10.4501961806863));
#7127=CARTESIAN_POINT('',(121.737600925638,-18.2130012427502,-10.3994230175274));
#7128=CARTESIAN_POINT('',(121.605720794623,-18.2793868993817,-10.3627033585903));
#7129=CARTESIAN_POINT('',(121.492351446686,-18.317256036212,-10.3414373044283));
#7130=CARTESIAN_POINT('',(121.399026071037,-18.3373505153775,-10.3300699933773));
#7131=CARTESIAN_POINT('',(121.322862229092,-18.347119735795,-10.3245217703394));
#7132=CARTESIAN_POINT('',(121.269685669061,-18.3498082683061,-10.3229921586954));
#7133=CARTESIAN_POINT('',(121.223383378419,-18.3501302046618,-10.3228090339469));
#7134=CARTESIAN_POINT('',(121.176483493714,-18.348742916282,-10.3235983178696));
#7135=CARTESIAN_POINT('',(121.10987023049,-18.3422831314747,-10.327270262893));
#7136=CARTESIAN_POINT('',(121.024809763445,-18.3274470541064,-10.3356792990909));
#7137=CARTESIAN_POINT('',(120.91675178895,-18.2973647401752,-10.3526392388315));
#7138=CARTESIAN_POINT('',(120.779092330506,-18.2375920830995,-10.3859297148574));
#7139=CARTESIAN_POINT('',(120.634144628368,-18.1414442825698,-10.4382642953452));
#7140=CARTESIAN_POINT('',(120.499841955124,-18.0084001883689,-10.5081275766686));
#7141=CARTESIAN_POINT('',(120.393559522133,-17.8498399843464,-10.5876976533787));
#7142=CARTESIAN_POINT('',(120.324733947198,-17.6815320434318,-10.6677151857229));
#7143=CARTESIAN_POINT('',(120.293234329267,-17.5295615245714,-10.7361233524397));
#7144=CARTESIAN_POINT('',(120.287532811517,-17.4354051932151,-10.7766399673524));
#7145=CARTESIAN_POINT('',(120.287853106636,-17.3637659360525,-10.8068367916799));
#7146=CARTESIAN_POINT('',(120.291482908206,-17.3002475870603,-10.8331586059014));
#7147=CARTESIAN_POINT('',(120.306967829702,-17.1999636669591,-10.8734377174158));
#7148=CARTESIAN_POINT('',(120.339009583173,-17.0817840587597,-10.9191963823082));
#7149=CARTESIAN_POINT('',(120.401699891164,-16.9375579248163,-10.9724464308584));
#7150=CARTESIAN_POINT('',(120.499215288176,-16.7930496082626,-11.022769774103));
#7151=CARTESIAN_POINT('',(120.620585389705,-16.6719386457294,-11.0627159290547));
#7152=CARTESIAN_POINT('',(120.73721553421,-16.5891042164448,-11.0889632492714));
#7153=CARTESIAN_POINT('',(120.845084302822,-16.5326197164131,-11.1063956090295));
#7154=CARTESIAN_POINT('',(120.944930488387,-16.4942140015092,-11.1180286071369));
#7155=CARTESIAN_POINT('',(121.044305814161,-16.4681044076452,-11.1258321947361));
#7156=CARTESIAN_POINT('',(121.141576990722,-16.4532270420712,-11.1302409704039));
#7157=CARTESIAN_POINT('',(121.206032067439,-16.4500000275477,-11.131193442937));
#7158=CARTESIAN_POINT('',(121.237703771627,-16.45,-11.1311934284895));
#7159=CARTESIAN_POINT('',(128.737703771642,-16.45,-11.1311934284895));
#7160=CARTESIAN_POINT('',(128.737703771627,-16.45,-11.1311934284895));
#7161=CARTESIAN_POINT('',(128.76611281753,-16.4499999752901,-11.1311934155302));
#7162=CARTESIAN_POINT('',(128.821958252999,-16.4525070849323,-11.1304533516938));
#7163=CARTESIAN_POINT('',(128.903575984063,-16.4634301748232,-11.1272183629605));
#7164=CARTESIAN_POINT('',(128.991459921032,-16.4829030771444,-11.1214159285446));
#7165=CARTESIAN_POINT('',(129.095554173589,-16.5170275764035,-11.1111491627049));
#7166=CARTESIAN_POINT('',(129.222314233689,-16.5779070075098,-11.0924955275028));
#7167=CARTESIAN_POINT('',(129.352889757035,-16.6695925098766,-11.0635105155519));
#7168=CARTESIAN_POINT('',(129.470439894409,-16.7879930349104,-11.0243997957918));
#7169=CARTESIAN_POINT('',(129.559679408524,-16.9157698854226,-10.9800717916037));
#7170=CARTESIAN_POINT('',(129.621396897514,-17.043198993302,-10.9336207393778));
#7171=CARTESIAN_POINT('',(129.658884714503,-17.158831420901,-10.889554056643));
#7172=CARTESIAN_POINT('',(129.680237216287,-17.26683685267,-10.8467671350118));
#7173=CARTESIAN_POINT('',(129.68701164879,-17.3455187857555,-10.8144659645072));
#7174=CARTESIAN_POINT('',(129.688283212402,-17.4275594893294,-10.7800069262629));
#7175=CARTESIAN_POINT('',(129.682098217191,-17.5320832478756,-10.7350492980274));
#7176=CARTESIAN_POINT('',(129.649259880228,-17.6874213671023,-10.6650348861689));
#7177=CARTESIAN_POINT('',(129.579602935388,-17.8526259526085,-10.5862497789002));
#7178=CARTESIAN_POINT('',(129.481856341668,-17.9983591881665,-10.5131465475983));
#7179=CARTESIAN_POINT('',(129.365875953165,-18.1189331757802,-10.4501961806862));
#7180=CARTESIAN_POINT('',(129.237600925638,-18.2130012427502,-10.3994230175274));
#7181=CARTESIAN_POINT('',(129.105720794623,-18.2793868993817,-10.3627033585903));
#7182=CARTESIAN_POINT('',(128.992351446686,-18.317256036212,-10.3414373044283));
#7183=CARTESIAN_POINT('',(128.899026071037,-18.3373505153776,-10.3300699933773));
#7184=CARTESIAN_POINT('',(128.822862229092,-18.347119735795,-10.3245217703394));
#7185=CARTESIAN_POINT('',(128.769685669061,-18.3498082683061,-10.3229921586954));
#7186=CARTESIAN_POINT('',(128.723383378419,-18.3501302046618,-10.3228090339469));
#7187=CARTESIAN_POINT('',(128.676483493714,-18.348742916282,-10.3235983178696));
#7188=CARTESIAN_POINT('',(128.60987023049,-18.3422831314747,-10.327270262893));
#7189=CARTESIAN_POINT('',(128.524809763445,-18.3274470541064,-10.3356792990909));
#7190=CARTESIAN_POINT('',(128.41675178895,-18.2973647401752,-10.3526392388315));
#7191=CARTESIAN_POINT('',(128.279092330506,-18.2375920830995,-10.3859297148574));
#7192=CARTESIAN_POINT('',(128.134144628368,-18.1414442825698,-10.4382642953452));
#7193=CARTESIAN_POINT('',(127.999841955124,-18.0084001883689,-10.5081275766686));
#7194=CARTESIAN_POINT('',(127.893559522133,-17.8498399843464,-10.5876976533787));
#7195=CARTESIAN_POINT('',(127.824733947198,-17.6815320434317,-10.6677151857229));
#7196=CARTESIAN_POINT('',(127.793234329267,-17.5295615245714,-10.7361233524397));
#7197=CARTESIAN_POINT('',(127.787532811518,-17.4354051932151,-10.7766399673524));
#7198=CARTESIAN_POINT('',(127.787853106636,-17.3637659360525,-10.8068367916799));
#7199=CARTESIAN_POINT('',(127.791482908206,-17.3002475870603,-10.8331586059014));
#7200=CARTESIAN_POINT('',(127.806967829702,-17.1999636669591,-10.8734377174158));
#7201=CARTESIAN_POINT('',(127.839009583173,-17.0817840587597,-10.9191963823082));
#7202=CARTESIAN_POINT('',(127.901699891164,-16.9375579248163,-10.9724464308584));
#7203=CARTESIAN_POINT('',(127.999215288176,-16.7930496082627,-11.022769774103));
#7204=CARTESIAN_POINT('',(128.120585389705,-16.6719386457294,-11.0627159290547));
#7205=CARTESIAN_POINT('',(128.23721553421,-16.5891042164448,-11.0889632492714));
#7206=CARTESIAN_POINT('',(128.345084302822,-16.5326197164132,-11.1063956090295));
#7207=CARTESIAN_POINT('',(128.444930488387,-16.4942140015092,-11.1180286071369));
#7208=CARTESIAN_POINT('',(128.544305814161,-16.4681044076452,-11.1258321947361));
#7209=CARTESIAN_POINT('',(128.641576990722,-16.4532270420712,-11.1302409704039));
#7210=CARTESIAN_POINT('',(128.706032067439,-16.4500000275477,-11.131193442937));
#7211=CARTESIAN_POINT('',(128.737703771627,-16.45,-11.1311934284895));
#7212=CARTESIAN_POINT('',(61.2377037716424,-12.95,-11.449720666032));
#7213=CARTESIAN_POINT('',(61.2377037690226,-12.95,-11.449720666032));
#7214=CARTESIAN_POINT('',(61.2592596671006,-12.9500000550394,-11.4497206589605));
#7215=CARTESIAN_POINT('',(61.303752285587,-12.9515146845654,-11.4498816341059));
#7216=CARTESIAN_POINT('',(61.3722571652607,-12.9586855463545,-11.4506401285412));
#7217=CARTESIAN_POINT('',(61.4537897441122,-12.9734314860446,-11.4521834830087));
#7218=CARTESIAN_POINT('',(61.5568353737419,-13.0023308751237,-11.4551496252482));
#7219=CARTESIAN_POINT('',(61.6787108524789,-13.0543969329046,-11.4602696006274));
#7220=CARTESIAN_POINT('',(61.7971843529014,-13.1280679535916,-11.4669617211751));
#7221=CARTESIAN_POINT('',(61.8933150413676,-13.2093247964725,-11.4735782708656));
#7222=CARTESIAN_POINT('',(61.9678204424007,-13.2894426769448,-11.4793765333167));
#7223=CARTESIAN_POINT('',(62.0265163241498,-13.3676741060314,-11.484362906361));
#7224=CARTESIAN_POINT('',(62.074512180303,-13.4473191787772,-11.4887239997001));
#7225=CARTESIAN_POINT('',(62.1138005449413,-13.5290149129953,-11.4924767788148));
#7226=CARTESIAN_POINT('',(62.1441454442795,-13.6111127679927,-11.4954939045256));
#7227=CARTESIAN_POINT('',(62.1656684958946,-13.6915893138858,-11.4976956688936));
#7228=CARTESIAN_POINT('',(62.17933229206,-13.7671893847545,-11.4991183542363));
#7229=CARTESIAN_POINT('',(62.1863116385183,-13.8357679130611,-11.4998529495593));
#7230=CARTESIAN_POINT('',(62.1880882580951,-13.8923773683699,-11.5000405736904));
#7231=CARTESIAN_POINT('',(62.1866579095315,-13.9663385300676,-11.4998897042797));
#7232=CARTESIAN_POINT('',(62.1766027649831,-14.0619804103708,-11.4988274949707));
#7233=CARTESIAN_POINT('',(62.1470842759666,-14.184234024888,-11.4957779952186));
#7234=CARTESIAN_POINT('',(62.1040818346681,-14.2954411452797,-11.4915136715383));
#7235=CARTESIAN_POINT('',(62.0530836388734,-14.390873003475,-11.4867377652397));
#7236=CARTESIAN_POINT('',(61.9998054818002,-14.46953186748,-11.4820567141674));
#7237=CARTESIAN_POINT('',(61.9422346625384,-14.5393734975394,-11.4773425035215));
#7238=CARTESIAN_POINT('',(61.8752781047209,-14.6066028372565,-11.4723029159668));
#7239=CARTESIAN_POINT('',(61.7948357589673,-14.6720603361088,-11.46690046747));
#7240=CARTESIAN_POINT('',(61.7000062076944,-14.7326122509098,-11.4614633761127));
#7241=CARTESIAN_POINT('',(61.5945614682098,-14.7831050080148,-11.4566056997661));
#7242=CARTESIAN_POINT('',(61.4827314734047,-14.8203465690214,-11.4528349642043));
#7243=CARTESIAN_POINT('',(61.3695885680089,-14.8430802134555,-11.4504564215752));
#7244=CARTESIAN_POINT('',(61.2877124536157,-14.8495585079247,-11.4497674980399));
#7245=CARTESIAN_POINT('',(61.2157972270975,-14.8502868952481,-11.4496902149379));
#7246=CARTESIAN_POINT('',(61.1475414019145,-14.8472328643163,-11.4500148882396));
#7247=CARTESIAN_POINT('',(61.0561858230847,-14.8341388801684,-11.4513964238377));
#7248=CARTESIAN_POINT('',(60.9665967136377,-14.8119146510336,-11.453693418833));
#7249=CARTESIAN_POINT('',(60.87556906803,-14.7801430834769,-11.4568851810743));
#7250=CARTESIAN_POINT('',(60.7794577723817,-14.7348943943451,-11.4612493363766));
#7251=CARTESIAN_POINT('',(60.6776299369726,-14.670675720007,-11.4670407675028));
#7252=CARTESIAN_POINT('',(60.5881791708161,-14.5964021924436,-11.4731334592564));
#7253=CARTESIAN_POINT('',(60.5129777920916,-14.5169460027625,-11.4789382246265));
#7254=CARTESIAN_POINT('',(60.4536000166183,-14.4392375259553,-11.4839493043795));
#7255=CARTESIAN_POINT('',(60.4049079560121,-14.3600208551539,-11.4883502468854));
#7256=CARTESIAN_POINT('',(60.3649031431515,-14.2786747598396,-11.4921552983871));
#7257=CARTESIAN_POINT('',(60.3337818928557,-14.1967006386311,-11.4952395402483));
#7258=CARTESIAN_POINT('',(60.3114464162702,-14.1159571630529,-11.4975192434863));
#7259=CARTESIAN_POINT('',(60.297048897905,-14.0397038363647,-11.499016270771));
#7260=CARTESIAN_POINT('',(60.2893168785755,-13.9685583597121,-11.4998295636213));
#7261=CARTESIAN_POINT('',(60.287344516205,-13.9114881058354,-11.5000379106476));
#7262=CARTESIAN_POINT('',(60.2885557351108,-13.8376828669857,-11.4999101580147));
#7263=CARTESIAN_POINT('',(60.297758630621,-13.7444570204541,-11.4989374462418));
#7264=CARTESIAN_POINT('',(60.3261662378298,-13.6229015982954,-11.4959979313895));
#7265=CARTESIAN_POINT('',(60.3680233109713,-13.5119226863916,-11.4918345156727));
#7266=CARTESIAN_POINT('',(60.4180385447575,-13.4163163791289,-11.4871290213654));
#7267=CARTESIAN_POINT('',(60.4706253615146,-13.337188733283,-11.4824815854429));
#7268=CARTESIAN_POINT('',(60.5275829459415,-13.26684051697,-11.4777842157868));
#7269=CARTESIAN_POINT('',(60.593950468214,-13.199021587879,-11.4727457024622));
#7270=CARTESIAN_POINT('',(60.6738193245858,-13.1328575655824,-11.4673244428161));
#7271=CARTESIAN_POINT('',(60.773695153383,-13.0678421286817,-11.4615196299885));
#7272=CARTESIAN_POINT('',(60.8919066575137,-13.0114839593388,-11.4560813610737));
#7273=CARTESIAN_POINT('',(61.0210060601563,-12.9718697398177,-11.452029998311));
#7274=CARTESIAN_POINT('',(61.1375106166679,-12.9532863191997,-11.4500700546622));
#7275=CARTESIAN_POINT('',(61.2083311495809,-12.9499999250019,-11.4497206756678));
#7276=CARTESIAN_POINT('',(61.2377037690226,-12.95,-11.449720666032));
#7277=CARTESIAN_POINT('',(68.7377037716424,-12.95,-11.449720666032));
#7278=CARTESIAN_POINT('',(68.7377037690226,-12.95,-11.449720666032));
#7279=CARTESIAN_POINT('',(68.7592596671006,-12.9500000550394,-11.4497206589605));
#7280=CARTESIAN_POINT('',(68.803752285587,-12.9515146845654,-11.4498816341059));
#7281=CARTESIAN_POINT('',(68.8722571652607,-12.9586855463545,-11.4506401285412));
#7282=CARTESIAN_POINT('',(68.9537897441122,-12.9734314860446,-11.4521834830087));
#7283=CARTESIAN_POINT('',(69.0568353737419,-13.0023308751237,-11.4551496252482));
#7284=CARTESIAN_POINT('',(69.1787108524789,-13.0543969329046,-11.4602696006274));
#7285=CARTESIAN_POINT('',(69.2971843529014,-13.1280679535916,-11.4669617211751));
#7286=CARTESIAN_POINT('',(69.3933150413676,-13.2093247964725,-11.4735782708656));
#7287=CARTESIAN_POINT('',(69.4678204424006,-13.2894426769448,-11.4793765333167));
#7288=CARTESIAN_POINT('',(69.5265163241498,-13.3676741060314,-11.484362906361));
#7289=CARTESIAN_POINT('',(69.574512180303,-13.4473191787772,-11.4887239997001));
#7290=CARTESIAN_POINT('',(69.6138005449413,-13.5290149129953,-11.4924767788148));
#7291=CARTESIAN_POINT('',(69.6441454442794,-13.6111127679927,-11.4954939045256));
#7292=CARTESIAN_POINT('',(69.6656684958947,-13.6915893138858,-11.4976956688936));
#7293=CARTESIAN_POINT('',(69.67933229206,-13.7671893847545,-11.4991183542363));
#7294=CARTESIAN_POINT('',(69.6863116385183,-13.8357679130611,-11.4998529495593));
#7295=CARTESIAN_POINT('',(69.6880882580951,-13.8923773683699,-11.5000405736904));
#7296=CARTESIAN_POINT('',(69.6866579095316,-13.9663385300676,-11.4998897042797));
#7297=CARTESIAN_POINT('',(69.676602764983,-14.0619804103708,-11.4988274949707));
#7298=CARTESIAN_POINT('',(69.6470842759666,-14.184234024888,-11.4957779952186));
#7299=CARTESIAN_POINT('',(69.6040818346681,-14.2954411452797,-11.4915136715383));
#7300=CARTESIAN_POINT('',(69.5530836388734,-14.390873003475,-11.4867377652397));
#7301=CARTESIAN_POINT('',(69.4998054818001,-14.46953186748,-11.4820567141674));
#7302=CARTESIAN_POINT('',(69.4422346625384,-14.5393734975395,-11.4773425035215));
#7303=CARTESIAN_POINT('',(69.3752781047209,-14.6066028372565,-11.4723029159668));
#7304=CARTESIAN_POINT('',(69.2948357589674,-14.6720603361088,-11.46690046747));
#7305=CARTESIAN_POINT('',(69.2000062076943,-14.7326122509098,-11.4614633761127));
#7306=CARTESIAN_POINT('',(69.0945614682098,-14.7831050080148,-11.4566056997661));
#7307=CARTESIAN_POINT('',(68.9827314734047,-14.8203465690214,-11.4528349642043));
#7308=CARTESIAN_POINT('',(68.8695885680089,-14.8430802134555,-11.4504564215751));
#7309=CARTESIAN_POINT('',(68.7877124536157,-14.8495585079247,-11.4497674980399));
#7310=CARTESIAN_POINT('',(68.7157972270975,-14.8502868952481,-11.4496902149379));
#7311=CARTESIAN_POINT('',(68.6475414019145,-14.8472328643163,-11.4500148882396));
#7312=CARTESIAN_POINT('',(68.5561858230847,-14.8341388801684,-11.4513964238377));
#7313=CARTESIAN_POINT('',(68.4665967136377,-14.8119146510336,-11.453693418833));
#7314=CARTESIAN_POINT('',(68.37556906803,-14.7801430834769,-11.4568851810743));
#7315=CARTESIAN_POINT('',(68.2794577723817,-14.7348943943451,-11.4612493363766));
#7316=CARTESIAN_POINT('',(68.1776299369726,-14.670675720007,-11.4670407675028));
#7317=CARTESIAN_POINT('',(68.0881791708161,-14.5964021924437,-11.4731334592564));
#7318=CARTESIAN_POINT('',(68.0129777920916,-14.5169460027625,-11.4789382246265));
#7319=CARTESIAN_POINT('',(67.9536000166183,-14.4392375259553,-11.4839493043795));
#7320=CARTESIAN_POINT('',(67.9049079560121,-14.3600208551539,-11.4883502468854));
#7321=CARTESIAN_POINT('',(67.8649031431515,-14.2786747598396,-11.4921552983871));
#7322=CARTESIAN_POINT('',(67.8337818928558,-14.1967006386311,-11.4952395402483));
#7323=CARTESIAN_POINT('',(67.8114464162702,-14.1159571630529,-11.4975192434863));
#7324=CARTESIAN_POINT('',(67.797048897905,-14.0397038363647,-11.499016270771));
#7325=CARTESIAN_POINT('',(67.7893168785755,-13.9685583597121,-11.4998295636213));
#7326=CARTESIAN_POINT('',(67.787344516205,-13.9114881058355,-11.5000379106476));
#7327=CARTESIAN_POINT('',(67.7885557351108,-13.8376828669857,-11.4999101580147));
#7328=CARTESIAN_POINT('',(67.797758630621,-13.7444570204541,-11.4989374462418));
#7329=CARTESIAN_POINT('',(67.8261662378298,-13.6229015982954,-11.4959979313895));
#7330=CARTESIAN_POINT('',(67.8680233109713,-13.5119226863916,-11.4918345156727));
#7331=CARTESIAN_POINT('',(67.9180385447575,-13.4163163791289,-11.4871290213654));
#7332=CARTESIAN_POINT('',(67.9706253615147,-13.337188733283,-11.4824815854429));
#7333=CARTESIAN_POINT('',(68.0275829459415,-13.26684051697,-11.4777842157868));
#7334=CARTESIAN_POINT('',(68.093950468214,-13.199021587879,-11.4727457024622));
#7335=CARTESIAN_POINT('',(68.1738193245858,-13.1328575655825,-11.4673244428161));
#7336=CARTESIAN_POINT('',(68.2736951533829,-13.0678421286817,-11.4615196299885));
#7337=CARTESIAN_POINT('',(68.3919066575138,-13.0114839593388,-11.4560813610737));
#7338=CARTESIAN_POINT('',(68.5210060601563,-12.9718697398177,-11.452029998311));
#7339=CARTESIAN_POINT('',(68.6375106166679,-12.9532863191997,-11.4500700546622));
#7340=CARTESIAN_POINT('',(68.7083311495809,-12.9499999250019,-11.4497206756678));
#7341=CARTESIAN_POINT('',(68.7377037690226,-12.95,-11.449720666032));
#7342=CARTESIAN_POINT('',(76.2377037716424,-12.95,-11.449720666032));
#7343=CARTESIAN_POINT('',(76.2377037690226,-12.95,-11.449720666032));
#7344=CARTESIAN_POINT('',(76.2592596671006,-12.9500000550394,-11.4497206589605));
#7345=CARTESIAN_POINT('',(76.3037522855869,-12.9515146845654,-11.4498816341059));
#7346=CARTESIAN_POINT('',(76.3722571652607,-12.9586855463545,-11.4506401285412));
#7347=CARTESIAN_POINT('',(76.4537897441123,-12.9734314860446,-11.4521834830087));
#7348=CARTESIAN_POINT('',(76.5568353737419,-13.0023308751237,-11.4551496252482));
#7349=CARTESIAN_POINT('',(76.6787108524789,-13.0543969329046,-11.4602696006274));
#7350=CARTESIAN_POINT('',(76.7971843529014,-13.1280679535916,-11.4669617211751));
#7351=CARTESIAN_POINT('',(76.8933150413676,-13.2093247964725,-11.4735782708656));
#7352=CARTESIAN_POINT('',(76.9678204424007,-13.2894426769448,-11.4793765333167));
#7353=CARTESIAN_POINT('',(77.0265163241498,-13.3676741060314,-11.484362906361));
#7354=CARTESIAN_POINT('',(77.074512180303,-13.4473191787772,-11.4887239997001));
#7355=CARTESIAN_POINT('',(77.1138005449413,-13.5290149129953,-11.4924767788148));
#7356=CARTESIAN_POINT('',(77.1441454442794,-13.6111127679927,-11.4954939045256));
#7357=CARTESIAN_POINT('',(77.1656684958946,-13.6915893138858,-11.4976956688936));
#7358=CARTESIAN_POINT('',(77.17933229206,-13.7671893847545,-11.4991183542363));
#7359=CARTESIAN_POINT('',(77.1863116385183,-13.8357679130611,-11.4998529495593));
#7360=CARTESIAN_POINT('',(77.1880882580951,-13.8923773683699,-11.5000405736904));
#7361=CARTESIAN_POINT('',(77.1866579095316,-13.9663385300676,-11.4998897042797));
#7362=CARTESIAN_POINT('',(77.176602764983,-14.0619804103708,-11.4988274949707));
#7363=CARTESIAN_POINT('',(77.1470842759666,-14.184234024888,-11.4957779952186));
#7364=CARTESIAN_POINT('',(77.1040818346681,-14.2954411452797,-11.4915136715383));
#7365=CARTESIAN_POINT('',(77.0530836388734,-14.390873003475,-11.4867377652397));
#7366=CARTESIAN_POINT('',(76.9998054818001,-14.46953186748,-11.4820567141674));
#7367=CARTESIAN_POINT('',(76.9422346625384,-14.5393734975394,-11.4773425035215));
#7368=CARTESIAN_POINT('',(76.8752781047209,-14.6066028372565,-11.4723029159668));
#7369=CARTESIAN_POINT('',(76.7948357589673,-14.6720603361088,-11.46690046747));
#7370=CARTESIAN_POINT('',(76.7000062076943,-14.7326122509098,-11.4614633761127));
#7371=CARTESIAN_POINT('',(76.5945614682099,-14.7831050080148,-11.4566056997661));
#7372=CARTESIAN_POINT('',(76.4827314734047,-14.8203465690214,-11.4528349642043));
#7373=CARTESIAN_POINT('',(76.3695885680089,-14.8430802134555,-11.4504564215752));
#7374=CARTESIAN_POINT('',(76.2877124536157,-14.8495585079247,-11.4497674980399));
#7375=CARTESIAN_POINT('',(76.2157972270975,-14.8502868952481,-11.4496902149379));
#7376=CARTESIAN_POINT('',(76.1475414019144,-14.8472328643163,-11.4500148882395));
#7377=CARTESIAN_POINT('',(76.0561858230847,-14.8341388801684,-11.4513964238377));
#7378=CARTESIAN_POINT('',(75.9665967136377,-14.8119146510336,-11.453693418833));
#7379=CARTESIAN_POINT('',(75.87556906803,-14.7801430834769,-11.4568851810743));
#7380=CARTESIAN_POINT('',(75.7794577723817,-14.7348943943451,-11.4612493363766));
#7381=CARTESIAN_POINT('',(75.6776299369726,-14.670675720007,-11.4670407675028));
#7382=CARTESIAN_POINT('',(75.5881791708161,-14.5964021924437,-11.4731334592564));
#7383=CARTESIAN_POINT('',(75.5129777920916,-14.5169460027625,-11.4789382246265));
#7384=CARTESIAN_POINT('',(75.4536000166183,-14.4392375259553,-11.4839493043795));
#7385=CARTESIAN_POINT('',(75.4049079560121,-14.3600208551539,-11.4883502468854));
#7386=CARTESIAN_POINT('',(75.3649031431515,-14.2786747598396,-11.4921552983871));
#7387=CARTESIAN_POINT('',(75.3337818928558,-14.1967006386311,-11.4952395402483));
#7388=CARTESIAN_POINT('',(75.3114464162702,-14.1159571630529,-11.4975192434863));
#7389=CARTESIAN_POINT('',(75.297048897905,-14.0397038363647,-11.499016270771));
#7390=CARTESIAN_POINT('',(75.2893168785755,-13.9685583597121,-11.4998295636213));
#7391=CARTESIAN_POINT('',(75.287344516205,-13.9114881058355,-11.5000379106476));
#7392=CARTESIAN_POINT('',(75.2885557351108,-13.8376828669857,-11.4999101580147));
#7393=CARTESIAN_POINT('',(75.2977586306211,-13.7444570204541,-11.4989374462418));
#7394=CARTESIAN_POINT('',(75.3261662378298,-13.6229015982954,-11.4959979313895));
#7395=CARTESIAN_POINT('',(75.3680233109713,-13.5119226863916,-11.4918345156727));
#7396=CARTESIAN_POINT('',(75.4180385447575,-13.416316379129,-11.4871290213654));
#7397=CARTESIAN_POINT('',(75.4706253615146,-13.337188733283,-11.4824815854429));
#7398=CARTESIAN_POINT('',(75.5275829459415,-13.26684051697,-11.4777842157868));
#7399=CARTESIAN_POINT('',(75.593950468214,-13.199021587879,-11.4727457024622));
#7400=CARTESIAN_POINT('',(75.6738193245859,-13.1328575655824,-11.4673244428161));
#7401=CARTESIAN_POINT('',(75.7736951533829,-13.0678421286817,-11.4615196299885));
#7402=CARTESIAN_POINT('',(75.8919066575138,-13.0114839593388,-11.4560813610737));
#7403=CARTESIAN_POINT('',(76.0210060601563,-12.9718697398177,-11.452029998311));
#7404=CARTESIAN_POINT('',(76.1375106166679,-12.9532863191997,-11.4500700546622));
#7405=CARTESIAN_POINT('',(76.2083311495809,-12.9499999250019,-11.4497206756678));
#7406=CARTESIAN_POINT('',(76.2377037690226,-12.95,-11.449720666032));
#7407=CARTESIAN_POINT('',(83.7377037716424,-12.95,-11.449720666032));
#7408=CARTESIAN_POINT('',(83.7377037690226,-12.95,-11.449720666032));
#7409=CARTESIAN_POINT('',(83.7592596671006,-12.9500000550394,-11.4497206589605));
#7410=CARTESIAN_POINT('',(83.803752285587,-12.9515146845654,-11.4498816341059));
#7411=CARTESIAN_POINT('',(83.8722571652607,-12.9586855463545,-11.4506401285412));
#7412=CARTESIAN_POINT('',(83.9537897441123,-12.9734314860446,-11.4521834830087));
#7413=CARTESIAN_POINT('',(84.0568353737418,-13.0023308751237,-11.4551496252482));
#7414=CARTESIAN_POINT('',(84.1787108524789,-13.0543969329046,-11.4602696006274));
#7415=CARTESIAN_POINT('',(84.2971843529014,-13.1280679535916,-11.4669617211751));
#7416=CARTESIAN_POINT('',(84.3933150413676,-13.2093247964725,-11.4735782708656));
#7417=CARTESIAN_POINT('',(84.4678204424006,-13.2894426769448,-11.4793765333167));
#7418=CARTESIAN_POINT('',(84.5265163241498,-13.3676741060314,-11.484362906361));
#7419=CARTESIAN_POINT('',(84.574512180303,-13.4473191787772,-11.4887239997001));
#7420=CARTESIAN_POINT('',(84.6138005449413,-13.5290149129953,-11.4924767788148));
#7421=CARTESIAN_POINT('',(84.6441454442794,-13.6111127679927,-11.4954939045256));
#7422=CARTESIAN_POINT('',(84.6656684958946,-13.6915893138858,-11.4976956688936));
#7423=CARTESIAN_POINT('',(84.67933229206,-13.7671893847545,-11.4991183542363));
#7424=CARTESIAN_POINT('',(84.6863116385183,-13.8357679130611,-11.4998529495593));
#7425=CARTESIAN_POINT('',(84.6880882580951,-13.8923773683699,-11.5000405736904));
#7426=CARTESIAN_POINT('',(84.6866579095316,-13.9663385300676,-11.4998897042797));
#7427=CARTESIAN_POINT('',(84.676602764983,-14.0619804103708,-11.4988274949707));
#7428=CARTESIAN_POINT('',(84.6470842759666,-14.184234024888,-11.4957779952186));
#7429=CARTESIAN_POINT('',(84.6040818346681,-14.2954411452797,-11.4915136715383));
#7430=CARTESIAN_POINT('',(84.5530836388734,-14.390873003475,-11.4867377652397));
#7431=CARTESIAN_POINT('',(84.4998054818002,-14.46953186748,-11.4820567141674));
#7432=CARTESIAN_POINT('',(84.4422346625384,-14.5393734975394,-11.4773425035215));
#7433=CARTESIAN_POINT('',(84.3752781047209,-14.6066028372565,-11.4723029159668));
#7434=CARTESIAN_POINT('',(84.2948357589673,-14.6720603361088,-11.46690046747));
#7435=CARTESIAN_POINT('',(84.2000062076943,-14.7326122509098,-11.4614633761127));
#7436=CARTESIAN_POINT('',(84.0945614682098,-14.7831050080148,-11.4566056997661));
#7437=CARTESIAN_POINT('',(83.9827314734047,-14.8203465690214,-11.4528349642043));
#7438=CARTESIAN_POINT('',(83.8695885680089,-14.8430802134555,-11.4504564215752));
#7439=CARTESIAN_POINT('',(83.7877124536157,-14.8495585079247,-11.4497674980399));
#7440=CARTESIAN_POINT('',(83.7157972270975,-14.8502868952481,-11.4496902149379));
#7441=CARTESIAN_POINT('',(83.6475414019145,-14.8472328643163,-11.4500148882396));
#7442=CARTESIAN_POINT('',(83.5561858230846,-14.8341388801684,-11.4513964238377));
#7443=CARTESIAN_POINT('',(83.4665967136378,-14.8119146510336,-11.453693418833));
#7444=CARTESIAN_POINT('',(83.37556906803,-14.7801430834769,-11.4568851810743));
#7445=CARTESIAN_POINT('',(83.2794577723817,-14.7348943943451,-11.4612493363766));
#7446=CARTESIAN_POINT('',(83.1776299369726,-14.670675720007,-11.4670407675028));
#7447=CARTESIAN_POINT('',(83.0881791708161,-14.5964021924436,-11.4731334592564));
#7448=CARTESIAN_POINT('',(83.0129777920916,-14.5169460027625,-11.4789382246265));
#7449=CARTESIAN_POINT('',(82.9536000166183,-14.4392375259553,-11.4839493043795));
#7450=CARTESIAN_POINT('',(82.9049079560121,-14.3600208551539,-11.4883502468854));
#7451=CARTESIAN_POINT('',(82.8649031431515,-14.2786747598396,-11.4921552983871));
#7452=CARTESIAN_POINT('',(82.8337818928557,-14.1967006386311,-11.4952395402483));
#7453=CARTESIAN_POINT('',(82.8114464162702,-14.1159571630529,-11.4975192434863));
#7454=CARTESIAN_POINT('',(82.797048897905,-14.0397038363647,-11.499016270771));
#7455=CARTESIAN_POINT('',(82.7893168785756,-13.9685583597121,-11.4998295636213));
#7456=CARTESIAN_POINT('',(82.787344516205,-13.9114881058355,-11.5000379106476));
#7457=CARTESIAN_POINT('',(82.7885557351108,-13.8376828669857,-11.4999101580147));
#7458=CARTESIAN_POINT('',(82.797758630621,-13.7444570204541,-11.4989374462418));
#7459=CARTESIAN_POINT('',(82.8261662378298,-13.6229015982954,-11.4959979313895));
#7460=CARTESIAN_POINT('',(82.8680233109713,-13.5119226863916,-11.4918345156727));
#7461=CARTESIAN_POINT('',(82.9180385447575,-13.416316379129,-11.4871290213654));
#7462=CARTESIAN_POINT('',(82.9706253615146,-13.337188733283,-11.4824815854429));
#7463=CARTESIAN_POINT('',(83.0275829459415,-13.2668405169701,-11.4777842157868));
#7464=CARTESIAN_POINT('',(83.093950468214,-13.199021587879,-11.4727457024622));
#7465=CARTESIAN_POINT('',(83.1738193245858,-13.1328575655824,-11.4673244428161));
#7466=CARTESIAN_POINT('',(83.2736951533829,-13.0678421286817,-11.4615196299885));
#7467=CARTESIAN_POINT('',(83.3919066575138,-13.0114839593388,-11.4560813610737));
#7468=CARTESIAN_POINT('',(83.5210060601563,-12.9718697398177,-11.452029998311));
#7469=CARTESIAN_POINT('',(83.6375106166679,-12.9532863191997,-11.4500700546622));
#7470=CARTESIAN_POINT('',(83.7083311495809,-12.9499999250019,-11.4497206756678));
#7471=CARTESIAN_POINT('',(83.7377037690226,-12.95,-11.449720666032));
#7472=CARTESIAN_POINT('',(91.2377037716424,-12.95,-11.449720666032));
#7473=CARTESIAN_POINT('',(91.2377037690226,-12.95,-11.449720666032));
#7474=CARTESIAN_POINT('',(91.2592596671006,-12.9500000550394,-11.4497206589605));
#7475=CARTESIAN_POINT('',(91.3037522855869,-12.9515146845654,-11.4498816341059));
#7476=CARTESIAN_POINT('',(91.3722571652607,-12.9586855463545,-11.4506401285412));
#7477=CARTESIAN_POINT('',(91.4537897441122,-12.9734314860446,-11.4521834830087));
#7478=CARTESIAN_POINT('',(91.5568353737419,-13.0023308751237,-11.4551496252482));
#7479=CARTESIAN_POINT('',(91.6787108524789,-13.0543969329046,-11.4602696006274));
#7480=CARTESIAN_POINT('',(91.7971843529014,-13.1280679535916,-11.4669617211751));
#7481=CARTESIAN_POINT('',(91.8933150413676,-13.2093247964725,-11.4735782708656));
#7482=CARTESIAN_POINT('',(91.9678204424006,-13.2894426769448,-11.4793765333167));
#7483=CARTESIAN_POINT('',(92.0265163241498,-13.3676741060314,-11.484362906361));
#7484=CARTESIAN_POINT('',(92.074512180303,-13.4473191787772,-11.4887239997001));
#7485=CARTESIAN_POINT('',(92.1138005449413,-13.5290149129953,-11.4924767788148));
#7486=CARTESIAN_POINT('',(92.1441454442794,-13.6111127679927,-11.4954939045256));
#7487=CARTESIAN_POINT('',(92.1656684958946,-13.6915893138858,-11.4976956688936));
#7488=CARTESIAN_POINT('',(92.17933229206,-13.7671893847545,-11.4991183542363));
#7489=CARTESIAN_POINT('',(92.1863116385183,-13.8357679130611,-11.4998529495593));
#7490=CARTESIAN_POINT('',(92.1880882580952,-13.8923773683699,-11.5000405736904));
#7491=CARTESIAN_POINT('',(92.1866579095315,-13.9663385300676,-11.4998897042797));
#7492=CARTESIAN_POINT('',(92.176602764983,-14.0619804103708,-11.4988274949707));
#7493=CARTESIAN_POINT('',(92.1470842759666,-14.184234024888,-11.4957779952186));
#7494=CARTESIAN_POINT('',(92.1040818346681,-14.2954411452797,-11.4915136715383));
#7495=CARTESIAN_POINT('',(92.0530836388734,-14.390873003475,-11.4867377652397));
#7496=CARTESIAN_POINT('',(91.9998054818002,-14.46953186748,-11.4820567141674));
#7497=CARTESIAN_POINT('',(91.9422346625384,-14.5393734975395,-11.4773425035215));
#7498=CARTESIAN_POINT('',(91.8752781047209,-14.6066028372565,-11.4723029159668));
#7499=CARTESIAN_POINT('',(91.7948357589673,-14.6720603361088,-11.46690046747));
#7500=CARTESIAN_POINT('',(91.7000062076943,-14.7326122509098,-11.4614633761127));
#7501=CARTESIAN_POINT('',(91.5945614682098,-14.7831050080148,-11.4566056997661));
#7502=CARTESIAN_POINT('',(91.4827314734046,-14.8203465690214,-11.4528349642043));
#7503=CARTESIAN_POINT('',(91.3695885680089,-14.8430802134555,-11.4504564215751));
#7504=CARTESIAN_POINT('',(91.2877124536156,-14.8495585079247,-11.4497674980399));
#7505=CARTESIAN_POINT('',(91.2157972270975,-14.8502868952481,-11.4496902149379));
#7506=CARTESIAN_POINT('',(91.1475414019144,-14.8472328643163,-11.4500148882396));
#7507=CARTESIAN_POINT('',(91.0561858230847,-14.8341388801684,-11.4513964238377));
#7508=CARTESIAN_POINT('',(90.9665967136377,-14.8119146510336,-11.453693418833));
#7509=CARTESIAN_POINT('',(90.87556906803,-14.7801430834769,-11.4568851810743));
#7510=CARTESIAN_POINT('',(90.7794577723817,-14.7348943943451,-11.4612493363766));
#7511=CARTESIAN_POINT('',(90.6776299369726,-14.670675720007,-11.4670407675028));
#7512=CARTESIAN_POINT('',(90.5881791708161,-14.5964021924436,-11.4731334592564));
#7513=CARTESIAN_POINT('',(90.5129777920916,-14.5169460027625,-11.4789382246265));
#7514=CARTESIAN_POINT('',(90.4536000166183,-14.4392375259553,-11.4839493043795));
#7515=CARTESIAN_POINT('',(90.4049079560121,-14.3600208551539,-11.4883502468854));
#7516=CARTESIAN_POINT('',(90.3649031431515,-14.2786747598396,-11.4921552983872));
#7517=CARTESIAN_POINT('',(90.3337818928557,-14.1967006386311,-11.4952395402483));
#7518=CARTESIAN_POINT('',(90.3114464162702,-14.1159571630529,-11.4975192434863));
#7519=CARTESIAN_POINT('',(90.297048897905,-14.0397038363647,-11.499016270771));
#7520=CARTESIAN_POINT('',(90.2893168785756,-13.9685583597121,-11.4998295636213));
#7521=CARTESIAN_POINT('',(90.287344516205,-13.9114881058354,-11.5000379106476));
#7522=CARTESIAN_POINT('',(90.2885557351108,-13.8376828669857,-11.4999101580147));
#7523=CARTESIAN_POINT('',(90.297758630621,-13.7444570204541,-11.4989374462418));
#7524=CARTESIAN_POINT('',(90.3261662378298,-13.6229015982954,-11.4959979313895));
#7525=CARTESIAN_POINT('',(90.3680233109713,-13.5119226863916,-11.4918345156727));
#7526=CARTESIAN_POINT('',(90.4180385447575,-13.416316379129,-11.4871290213654));
#7527=CARTESIAN_POINT('',(90.4706253615146,-13.337188733283,-11.4824815854429));
#7528=CARTESIAN_POINT('',(90.5275829459415,-13.26684051697,-11.4777842157868));
#7529=CARTESIAN_POINT('',(90.593950468214,-13.199021587879,-11.4727457024622));
#7530=CARTESIAN_POINT('',(90.6738193245858,-13.1328575655824,-11.4673244428161));
#7531=CARTESIAN_POINT('',(90.7736951533829,-13.0678421286817,-11.4615196299886));
#7532=CARTESIAN_POINT('',(90.8919066575137,-13.0114839593388,-11.4560813610737));
#7533=CARTESIAN_POINT('',(91.0210060601563,-12.9718697398177,-11.452029998311));
#7534=CARTESIAN_POINT('',(91.1375106166679,-12.9532863191997,-11.4500700546622));
#7535=CARTESIAN_POINT('',(91.2083311495809,-12.9499999250019,-11.4497206756678));
#7536=CARTESIAN_POINT('',(91.2377037690226,-12.95,-11.449720666032));
#7537=CARTESIAN_POINT('',(98.7377037716424,-12.95,-11.449720666032));
#7538=CARTESIAN_POINT('',(98.7377037690226,-12.95,-11.449720666032));
#7539=CARTESIAN_POINT('',(98.7592596671006,-12.9500000550394,-11.4497206589605));
#7540=CARTESIAN_POINT('',(98.803752285587,-12.9515146845654,-11.4498816341059));
#7541=CARTESIAN_POINT('',(98.8722571652607,-12.9586855463545,-11.4506401285412));
#7542=CARTESIAN_POINT('',(98.9537897441122,-12.9734314860446,-11.4521834830087));
#7543=CARTESIAN_POINT('',(99.0568353737419,-13.0023308751237,-11.4551496252482));
#7544=CARTESIAN_POINT('',(99.1787108524789,-13.0543969329046,-11.4602696006274));
#7545=CARTESIAN_POINT('',(99.2971843529014,-13.1280679535916,-11.4669617211751));
#7546=CARTESIAN_POINT('',(99.3933150413676,-13.2093247964725,-11.4735782708656));
#7547=CARTESIAN_POINT('',(99.4678204424006,-13.2894426769448,-11.4793765333167));
#7548=CARTESIAN_POINT('',(99.5265163241498,-13.3676741060314,-11.484362906361));
#7549=CARTESIAN_POINT('',(99.574512180303,-13.4473191787772,-11.4887239997001));
#7550=CARTESIAN_POINT('',(99.6138005449413,-13.5290149129953,-11.4924767788148));
#7551=CARTESIAN_POINT('',(99.6441454442794,-13.6111127679927,-11.4954939045256));
#7552=CARTESIAN_POINT('',(99.6656684958946,-13.6915893138858,-11.4976956688936));
#7553=CARTESIAN_POINT('',(99.67933229206,-13.7671893847545,-11.4991183542363));
#7554=CARTESIAN_POINT('',(99.6863116385183,-13.8357679130611,-11.4998529495593));
#7555=CARTESIAN_POINT('',(99.6880882580951,-13.8923773683699,-11.5000405736904));
#7556=CARTESIAN_POINT('',(99.6866579095316,-13.9663385300676,-11.4998897042797));
#7557=CARTESIAN_POINT('',(99.676602764983,-14.0619804103708,-11.4988274949707));
#7558=CARTESIAN_POINT('',(99.6470842759666,-14.184234024888,-11.4957779952186));
#7559=CARTESIAN_POINT('',(99.6040818346681,-14.2954411452797,-11.4915136715383));
#7560=CARTESIAN_POINT('',(99.5530836388734,-14.390873003475,-11.4867377652397));
#7561=CARTESIAN_POINT('',(99.4998054818001,-14.46953186748,-11.4820567141674));
#7562=CARTESIAN_POINT('',(99.4422346625384,-14.5393734975395,-11.4773425035215));
#7563=CARTESIAN_POINT('',(99.3752781047208,-14.6066028372565,-11.4723029159668));
#7564=CARTESIAN_POINT('',(99.2948357589673,-14.6720603361088,-11.46690046747));
#7565=CARTESIAN_POINT('',(99.2000062076944,-14.7326122509098,-11.4614633761127));
#7566=CARTESIAN_POINT('',(99.0945614682098,-14.7831050080148,-11.4566056997661));
#7567=CARTESIAN_POINT('',(98.9827314734047,-14.8203465690214,-11.4528349642043));
#7568=CARTESIAN_POINT('',(98.8695885680089,-14.8430802134555,-11.4504564215752));
#7569=CARTESIAN_POINT('',(98.7877124536157,-14.8495585079247,-11.4497674980399));
#7570=CARTESIAN_POINT('',(98.7157972270974,-14.8502868952481,-11.4496902149379));
#7571=CARTESIAN_POINT('',(98.6475414019145,-14.8472328643163,-11.4500148882396));
#7572=CARTESIAN_POINT('',(98.5561858230847,-14.8341388801684,-11.4513964238377));
#7573=CARTESIAN_POINT('',(98.4665967136377,-14.8119146510336,-11.453693418833));
#7574=CARTESIAN_POINT('',(98.37556906803,-14.7801430834769,-11.4568851810743));
#7575=CARTESIAN_POINT('',(98.2794577723817,-14.7348943943451,-11.4612493363766));
#7576=CARTESIAN_POINT('',(98.1776299369726,-14.670675720007,-11.4670407675028));
#7577=CARTESIAN_POINT('',(98.0881791708161,-14.5964021924437,-11.4731334592564));
#7578=CARTESIAN_POINT('',(98.0129777920916,-14.5169460027625,-11.4789382246265));
#7579=CARTESIAN_POINT('',(97.9536000166183,-14.4392375259553,-11.4839493043795));
#7580=CARTESIAN_POINT('',(97.9049079560122,-14.3600208551539,-11.4883502468854));
#7581=CARTESIAN_POINT('',(97.8649031431515,-14.2786747598396,-11.4921552983871));
#7582=CARTESIAN_POINT('',(97.8337818928557,-14.1967006386311,-11.4952395402483));
#7583=CARTESIAN_POINT('',(97.8114464162702,-14.1159571630529,-11.4975192434863));
#7584=CARTESIAN_POINT('',(97.797048897905,-14.0397038363647,-11.499016270771));
#7585=CARTESIAN_POINT('',(97.7893168785755,-13.9685583597121,-11.4998295636213));
#7586=CARTESIAN_POINT('',(97.7873445162051,-13.9114881058355,-11.5000379106476));
#7587=CARTESIAN_POINT('',(97.7885557351107,-13.8376828669857,-11.4999101580147));
#7588=CARTESIAN_POINT('',(97.7977586306211,-13.7444570204541,-11.4989374462418));
#7589=CARTESIAN_POINT('',(97.8261662378298,-13.6229015982954,-11.4959979313895));
#7590=CARTESIAN_POINT('',(97.8680233109714,-13.5119226863916,-11.4918345156727));
#7591=CARTESIAN_POINT('',(97.9180385447575,-13.416316379129,-11.4871290213654));
#7592=CARTESIAN_POINT('',(97.9706253615147,-13.337188733283,-11.4824815854429));
#7593=CARTESIAN_POINT('',(98.0275829459415,-13.2668405169701,-11.4777842157869));
#7594=CARTESIAN_POINT('',(98.093950468214,-13.1990215878789,-11.4727457024622));
#7595=CARTESIAN_POINT('',(98.1738193245858,-13.1328575655824,-11.4673244428161));
#7596=CARTESIAN_POINT('',(98.2736951533829,-13.0678421286817,-11.4615196299885));
#7597=CARTESIAN_POINT('',(98.3919066575138,-13.0114839593388,-11.4560813610737));
#7598=CARTESIAN_POINT('',(98.5210060601563,-12.9718697398177,-11.452029998311));
#7599=CARTESIAN_POINT('',(98.6375106166679,-12.9532863191997,-11.4500700546622));
#7600=CARTESIAN_POINT('',(98.7083311495809,-12.9499999250019,-11.4497206756678));
#7601=CARTESIAN_POINT('',(98.7377037690226,-12.95,-11.449720666032));
#7602=CARTESIAN_POINT('',(106.237703771642,-12.95,-11.449720666032));
#7603=CARTESIAN_POINT('',(106.237703769023,-12.95,-11.449720666032));
#7604=CARTESIAN_POINT('',(106.259259667101,-12.9500000550394,-11.4497206589605));
#7605=CARTESIAN_POINT('',(106.303752285587,-12.9515146845654,-11.4498816341059));
#7606=CARTESIAN_POINT('',(106.372257165261,-12.9586855463545,-11.4506401285412));
#7607=CARTESIAN_POINT('',(106.453789744112,-12.9734314860446,-11.4521834830087));
#7608=CARTESIAN_POINT('',(106.556835373742,-13.0023308751237,-11.4551496252482));
#7609=CARTESIAN_POINT('',(106.678710852479,-13.0543969329046,-11.4602696006274));
#7610=CARTESIAN_POINT('',(106.797184352901,-13.1280679535916,-11.4669617211751));
#7611=CARTESIAN_POINT('',(106.893315041368,-13.2093247964725,-11.4735782708656));
#7612=CARTESIAN_POINT('',(106.967820442401,-13.2894426769448,-11.4793765333167));
#7613=CARTESIAN_POINT('',(107.02651632415,-13.3676741060313,-11.484362906361));
#7614=CARTESIAN_POINT('',(107.074512180303,-13.4473191787772,-11.4887239997001));
#7615=CARTESIAN_POINT('',(107.113800544941,-13.5290149129953,-11.4924767788148));
#7616=CARTESIAN_POINT('',(107.144145444279,-13.6111127679927,-11.4954939045256));
#7617=CARTESIAN_POINT('',(107.165668495895,-13.6915893138858,-11.4976956688936));
#7618=CARTESIAN_POINT('',(107.17933229206,-13.7671893847545,-11.4991183542363));
#7619=CARTESIAN_POINT('',(107.186311638518,-13.8357679130611,-11.4998529495593));
#7620=CARTESIAN_POINT('',(107.188088258095,-13.8923773683699,-11.5000405736904));
#7621=CARTESIAN_POINT('',(107.186657909532,-13.9663385300676,-11.4998897042797));
#7622=CARTESIAN_POINT('',(107.176602764983,-14.0619804103708,-11.4988274949707));
#7623=CARTESIAN_POINT('',(107.147084275967,-14.184234024888,-11.4957779952186));
#7624=CARTESIAN_POINT('',(107.104081834668,-14.2954411452797,-11.4915136715383));
#7625=CARTESIAN_POINT('',(107.053083638873,-14.390873003475,-11.4867377652397));
#7626=CARTESIAN_POINT('',(106.9998054818,-14.46953186748,-11.4820567141674));
#7627=CARTESIAN_POINT('',(106.942234662538,-14.5393734975395,-11.4773425035215));
#7628=CARTESIAN_POINT('',(106.875278104721,-14.6066028372564,-11.4723029159668));
#7629=CARTESIAN_POINT('',(106.794835758967,-14.6720603361088,-11.46690046747));
#7630=CARTESIAN_POINT('',(106.700006207694,-14.7326122509098,-11.4614633761127));
#7631=CARTESIAN_POINT('',(106.59456146821,-14.7831050080148,-11.4566056997661));
#7632=CARTESIAN_POINT('',(106.482731473405,-14.8203465690214,-11.4528349642043));
#7633=CARTESIAN_POINT('',(106.369588568009,-14.8430802134555,-11.4504564215752));
#7634=CARTESIAN_POINT('',(106.287712453616,-14.8495585079247,-11.4497674980399));
#7635=CARTESIAN_POINT('',(106.215797227098,-14.8502868952481,-11.4496902149379));
#7636=CARTESIAN_POINT('',(106.147541401914,-14.8472328643163,-11.4500148882395));
#7637=CARTESIAN_POINT('',(106.056185823085,-14.8341388801684,-11.4513964238377));
#7638=CARTESIAN_POINT('',(105.966596713638,-14.8119146510336,-11.453693418833));
#7639=CARTESIAN_POINT('',(105.87556906803,-14.7801430834769,-11.4568851810743));
#7640=CARTESIAN_POINT('',(105.779457772382,-14.7348943943451,-11.4612493363766));
#7641=CARTESIAN_POINT('',(105.677629936973,-14.670675720007,-11.4670407675028));
#7642=CARTESIAN_POINT('',(105.588179170816,-14.5964021924437,-11.4731334592564));
#7643=CARTESIAN_POINT('',(105.512977792092,-14.5169460027625,-11.4789382246265));
#7644=CARTESIAN_POINT('',(105.453600016618,-14.4392375259553,-11.4839493043795));
#7645=CARTESIAN_POINT('',(105.404907956012,-14.3600208551539,-11.4883502468854));
#7646=CARTESIAN_POINT('',(105.364903143152,-14.2786747598396,-11.4921552983871));
#7647=CARTESIAN_POINT('',(105.333781892856,-14.1967006386311,-11.4952395402483));
#7648=CARTESIAN_POINT('',(105.31144641627,-14.1159571630529,-11.4975192434863));
#7649=CARTESIAN_POINT('',(105.297048897905,-14.0397038363647,-11.499016270771));
#7650=CARTESIAN_POINT('',(105.289316878576,-13.9685583597121,-11.4998295636213));
#7651=CARTESIAN_POINT('',(105.287344516205,-13.9114881058355,-11.5000379106476));
#7652=CARTESIAN_POINT('',(105.288555735111,-13.8376828669857,-11.4999101580147));
#7653=CARTESIAN_POINT('',(105.297758630621,-13.7444570204541,-11.4989374462418));
#7654=CARTESIAN_POINT('',(105.32616623783,-13.6229015982954,-11.4959979313895));
#7655=CARTESIAN_POINT('',(105.368023310971,-13.5119226863916,-11.4918345156727));
#7656=CARTESIAN_POINT('',(105.418038544757,-13.416316379129,-11.4871290213654));
#7657=CARTESIAN_POINT('',(105.470625361515,-13.337188733283,-11.4824815854429));
#7658=CARTESIAN_POINT('',(105.527582945942,-13.2668405169701,-11.4777842157869));
#7659=CARTESIAN_POINT('',(105.593950468214,-13.199021587879,-11.4727457024622));
#7660=CARTESIAN_POINT('',(105.673819324586,-13.1328575655825,-11.4673244428161));
#7661=CARTESIAN_POINT('',(105.773695153383,-13.0678421286817,-11.4615196299886));
#7662=CARTESIAN_POINT('',(105.891906657514,-13.0114839593388,-11.4560813610737));
#7663=CARTESIAN_POINT('',(106.021006060156,-12.9718697398177,-11.452029998311));
#7664=CARTESIAN_POINT('',(106.137510616668,-12.9532863191997,-11.4500700546622));
#7665=CARTESIAN_POINT('',(106.208331149581,-12.9499999250019,-11.4497206756678));
#7666=CARTESIAN_POINT('',(106.237703769023,-12.95,-11.449720666032));
#7667=CARTESIAN_POINT('',(113.737703771642,-12.95,-11.449720666032));
#7668=CARTESIAN_POINT('',(113.737703769023,-12.95,-11.449720666032));
#7669=CARTESIAN_POINT('',(113.759259667101,-12.9500000550394,-11.4497206589605));
#7670=CARTESIAN_POINT('',(113.803752285587,-12.9515146845654,-11.4498816341059));
#7671=CARTESIAN_POINT('',(113.872257165261,-12.9586855463545,-11.4506401285412));
#7672=CARTESIAN_POINT('',(113.953789744112,-12.9734314860446,-11.4521834830087));
#7673=CARTESIAN_POINT('',(114.056835373742,-13.0023308751237,-11.4551496252482));
#7674=CARTESIAN_POINT('',(114.178710852479,-13.0543969329046,-11.4602696006274));
#7675=CARTESIAN_POINT('',(114.297184352901,-13.1280679535916,-11.4669617211751));
#7676=CARTESIAN_POINT('',(114.393315041368,-13.2093247964725,-11.4735782708656));
#7677=CARTESIAN_POINT('',(114.467820442401,-13.2894426769448,-11.4793765333167));
#7678=CARTESIAN_POINT('',(114.52651632415,-13.3676741060313,-11.484362906361));
#7679=CARTESIAN_POINT('',(114.574512180303,-13.4473191787772,-11.4887239997001));
#7680=CARTESIAN_POINT('',(114.613800544941,-13.5290149129953,-11.4924767788148));
#7681=CARTESIAN_POINT('',(114.644145444279,-13.6111127679927,-11.4954939045256));
#7682=CARTESIAN_POINT('',(114.665668495895,-13.6915893138858,-11.4976956688936));
#7683=CARTESIAN_POINT('',(114.67933229206,-13.7671893847545,-11.4991183542363));
#7684=CARTESIAN_POINT('',(114.686311638518,-13.8357679130611,-11.4998529495593));
#7685=CARTESIAN_POINT('',(114.688088258095,-13.8923773683699,-11.5000405736904));
#7686=CARTESIAN_POINT('',(114.686657909532,-13.9663385300676,-11.4998897042797));
#7687=CARTESIAN_POINT('',(114.676602764983,-14.0619804103708,-11.4988274949707));
#7688=CARTESIAN_POINT('',(114.647084275967,-14.1842340248879,-11.4957779952186));
#7689=CARTESIAN_POINT('',(114.604081834668,-14.2954411452797,-11.4915136715383));
#7690=CARTESIAN_POINT('',(114.553083638873,-14.390873003475,-11.4867377652397));
#7691=CARTESIAN_POINT('',(114.4998054818,-14.46953186748,-11.4820567141674));
#7692=CARTESIAN_POINT('',(114.442234662538,-14.5393734975394,-11.4773425035215));
#7693=CARTESIAN_POINT('',(114.375278104721,-14.6066028372565,-11.4723029159668));
#7694=CARTESIAN_POINT('',(114.294835758967,-14.6720603361088,-11.46690046747));
#7695=CARTESIAN_POINT('',(114.200006207694,-14.7326122509098,-11.4614633761127));
#7696=CARTESIAN_POINT('',(114.09456146821,-14.7831050080148,-11.4566056997661));
#7697=CARTESIAN_POINT('',(113.982731473405,-14.8203465690214,-11.4528349642043));
#7698=CARTESIAN_POINT('',(113.869588568009,-14.8430802134555,-11.4504564215752));
#7699=CARTESIAN_POINT('',(113.787712453616,-14.8495585079247,-11.4497674980399));
#7700=CARTESIAN_POINT('',(113.715797227097,-14.8502868952481,-11.4496902149379));
#7701=CARTESIAN_POINT('',(113.647541401914,-14.8472328643163,-11.4500148882395));
#7702=CARTESIAN_POINT('',(113.556185823085,-14.8341388801684,-11.4513964238377));
#7703=CARTESIAN_POINT('',(113.466596713638,-14.8119146510336,-11.453693418833));
#7704=CARTESIAN_POINT('',(113.37556906803,-14.7801430834769,-11.4568851810743));
#7705=CARTESIAN_POINT('',(113.279457772382,-14.7348943943451,-11.4612493363766));
#7706=CARTESIAN_POINT('',(113.177629936973,-14.670675720007,-11.4670407675028));
#7707=CARTESIAN_POINT('',(113.088179170816,-14.5964021924436,-11.4731334592564));
#7708=CARTESIAN_POINT('',(113.012977792092,-14.5169460027625,-11.4789382246265));
#7709=CARTESIAN_POINT('',(112.953600016618,-14.4392375259552,-11.4839493043795));
#7710=CARTESIAN_POINT('',(112.904907956012,-14.3600208551539,-11.4883502468854));
#7711=CARTESIAN_POINT('',(112.864903143151,-14.2786747598396,-11.4921552983871));
#7712=CARTESIAN_POINT('',(112.833781892856,-14.1967006386311,-11.4952395402483));
#7713=CARTESIAN_POINT('',(112.81144641627,-14.1159571630529,-11.4975192434863));
#7714=CARTESIAN_POINT('',(112.797048897905,-14.0397038363647,-11.499016270771));
#7715=CARTESIAN_POINT('',(112.789316878576,-13.9685583597121,-11.4998295636213));
#7716=CARTESIAN_POINT('',(112.787344516205,-13.9114881058355,-11.5000379106476));
#7717=CARTESIAN_POINT('',(112.788555735111,-13.8376828669857,-11.4999101580147));
#7718=CARTESIAN_POINT('',(112.797758630621,-13.7444570204541,-11.4989374462418));
#7719=CARTESIAN_POINT('',(112.82616623783,-13.6229015982954,-11.4959979313895));
#7720=CARTESIAN_POINT('',(112.868023310971,-13.5119226863916,-11.4918345156727));
#7721=CARTESIAN_POINT('',(112.918038544758,-13.4163163791289,-11.4871290213654));
#7722=CARTESIAN_POINT('',(112.970625361515,-13.337188733283,-11.4824815854429));
#7723=CARTESIAN_POINT('',(113.027582945941,-13.2668405169701,-11.4777842157868));
#7724=CARTESIAN_POINT('',(113.093950468214,-13.199021587879,-11.4727457024622));
#7725=CARTESIAN_POINT('',(113.173819324586,-13.1328575655824,-11.4673244428161));
#7726=CARTESIAN_POINT('',(113.273695153383,-13.0678421286818,-11.4615196299885));
#7727=CARTESIAN_POINT('',(113.391906657514,-13.0114839593388,-11.4560813610737));
#7728=CARTESIAN_POINT('',(113.521006060156,-12.9718697398177,-11.452029998311));
#7729=CARTESIAN_POINT('',(113.637510616668,-12.9532863191997,-11.4500700546622));
#7730=CARTESIAN_POINT('',(113.708331149581,-12.949999925002,-11.4497206756678));
#7731=CARTESIAN_POINT('',(113.737703769023,-12.95,-11.449720666032));
#7732=CARTESIAN_POINT('',(121.237703771642,-12.95,-11.449720666032));
#7733=CARTESIAN_POINT('',(121.237703769023,-12.95,-11.449720666032));
#7734=CARTESIAN_POINT('',(121.259259667101,-12.9500000550394,-11.4497206589605));
#7735=CARTESIAN_POINT('',(121.303752285587,-12.9515146845654,-11.4498816341059));
#7736=CARTESIAN_POINT('',(121.372257165261,-12.9586855463545,-11.4506401285412));
#7737=CARTESIAN_POINT('',(121.453789744112,-12.9734314860446,-11.4521834830087));
#7738=CARTESIAN_POINT('',(121.556835373742,-13.0023308751237,-11.4551496252482));
#7739=CARTESIAN_POINT('',(121.678710852479,-13.0543969329046,-11.4602696006274));
#7740=CARTESIAN_POINT('',(121.797184352901,-13.1280679535916,-11.4669617211751));
#7741=CARTESIAN_POINT('',(121.893315041368,-13.2093247964725,-11.4735782708656));
#7742=CARTESIAN_POINT('',(121.967820442401,-13.2894426769448,-11.4793765333167));
#7743=CARTESIAN_POINT('',(122.02651632415,-13.3676741060314,-11.484362906361));
#7744=CARTESIAN_POINT('',(122.074512180303,-13.4473191787772,-11.4887239997001));
#7745=CARTESIAN_POINT('',(122.113800544941,-13.5290149129953,-11.4924767788148));
#7746=CARTESIAN_POINT('',(122.144145444279,-13.6111127679927,-11.4954939045256));
#7747=CARTESIAN_POINT('',(122.165668495895,-13.6915893138858,-11.4976956688936));
#7748=CARTESIAN_POINT('',(122.17933229206,-13.7671893847545,-11.4991183542363));
#7749=CARTESIAN_POINT('',(122.186311638518,-13.8357679130611,-11.4998529495593));
#7750=CARTESIAN_POINT('',(122.188088258095,-13.8923773683699,-11.5000405736904));
#7751=CARTESIAN_POINT('',(122.186657909532,-13.9663385300676,-11.4998897042797));
#7752=CARTESIAN_POINT('',(122.176602764983,-14.0619804103708,-11.4988274949707));
#7753=CARTESIAN_POINT('',(122.147084275967,-14.184234024888,-11.4957779952186));
#7754=CARTESIAN_POINT('',(122.104081834668,-14.2954411452797,-11.4915136715383));
#7755=CARTESIAN_POINT('',(122.053083638873,-14.390873003475,-11.4867377652397));
#7756=CARTESIAN_POINT('',(121.9998054818,-14.46953186748,-11.4820567141674));
#7757=CARTESIAN_POINT('',(121.942234662538,-14.5393734975395,-11.4773425035215));
#7758=CARTESIAN_POINT('',(121.875278104721,-14.6066028372565,-11.4723029159668));
#7759=CARTESIAN_POINT('',(121.794835758967,-14.6720603361088,-11.46690046747));
#7760=CARTESIAN_POINT('',(121.700006207694,-14.7326122509098,-11.4614633761127));
#7761=CARTESIAN_POINT('',(121.59456146821,-14.7831050080148,-11.4566056997661));
#7762=CARTESIAN_POINT('',(121.482731473405,-14.8203465690214,-11.4528349642043));
#7763=CARTESIAN_POINT('',(121.369588568009,-14.8430802134555,-11.4504564215752));
#7764=CARTESIAN_POINT('',(121.287712453616,-14.8495585079247,-11.4497674980399));
#7765=CARTESIAN_POINT('',(121.215797227097,-14.8502868952481,-11.4496902149379));
#7766=CARTESIAN_POINT('',(121.147541401914,-14.8472328643163,-11.4500148882396));
#7767=CARTESIAN_POINT('',(121.056185823085,-14.8341388801684,-11.4513964238377));
#7768=CARTESIAN_POINT('',(120.966596713638,-14.8119146510336,-11.453693418833));
#7769=CARTESIAN_POINT('',(120.87556906803,-14.7801430834769,-11.4568851810743));
#7770=CARTESIAN_POINT('',(120.779457772382,-14.7348943943451,-11.4612493363766));
#7771=CARTESIAN_POINT('',(120.677629936973,-14.670675720007,-11.4670407675028));
#7772=CARTESIAN_POINT('',(120.588179170816,-14.5964021924436,-11.4731334592564));
#7773=CARTESIAN_POINT('',(120.512977792092,-14.5169460027625,-11.4789382246265));
#7774=CARTESIAN_POINT('',(120.453600016618,-14.4392375259553,-11.4839493043795));
#7775=CARTESIAN_POINT('',(120.404907956012,-14.3600208551539,-11.4883502468854));
#7776=CARTESIAN_POINT('',(120.364903143152,-14.2786747598396,-11.4921552983871));
#7777=CARTESIAN_POINT('',(120.333781892856,-14.1967006386311,-11.4952395402483));
#7778=CARTESIAN_POINT('',(120.31144641627,-14.1159571630529,-11.4975192434863));
#7779=CARTESIAN_POINT('',(120.297048897905,-14.0397038363647,-11.499016270771));
#7780=CARTESIAN_POINT('',(120.289316878576,-13.9685583597121,-11.4998295636213));
#7781=CARTESIAN_POINT('',(120.287344516205,-13.9114881058355,-11.5000379106476));
#7782=CARTESIAN_POINT('',(120.288555735111,-13.8376828669857,-11.4999101580147));
#7783=CARTESIAN_POINT('',(120.297758630621,-13.7444570204541,-11.4989374462418));
#7784=CARTESIAN_POINT('',(120.32616623783,-13.6229015982954,-11.4959979313895));
#7785=CARTESIAN_POINT('',(120.368023310971,-13.5119226863916,-11.4918345156727));
#7786=CARTESIAN_POINT('',(120.418038544757,-13.416316379129,-11.4871290213654));
#7787=CARTESIAN_POINT('',(120.470625361515,-13.337188733283,-11.4824815854429));
#7788=CARTESIAN_POINT('',(120.527582945941,-13.2668405169701,-11.4777842157869));
#7789=CARTESIAN_POINT('',(120.593950468214,-13.199021587879,-11.4727457024622));
#7790=CARTESIAN_POINT('',(120.673819324586,-13.1328575655824,-11.4673244428161));
#7791=CARTESIAN_POINT('',(120.773695153383,-13.0678421286818,-11.4615196299886));
#7792=CARTESIAN_POINT('',(120.891906657514,-13.0114839593388,-11.4560813610737));
#7793=CARTESIAN_POINT('',(121.021006060156,-12.9718697398177,-11.452029998311));
#7794=CARTESIAN_POINT('',(121.137510616668,-12.9532863191997,-11.4500700546622));
#7795=CARTESIAN_POINT('',(121.208331149581,-12.9499999250019,-11.4497206756678));
#7796=CARTESIAN_POINT('',(121.237703769023,-12.95,-11.449720666032));
#7797=CARTESIAN_POINT('',(128.737703771642,-12.95,-11.449720666032));
#7798=CARTESIAN_POINT('',(128.737703769023,-12.95,-11.449720666032));
#7799=CARTESIAN_POINT('',(128.759259667101,-12.9500000550394,-11.4497206589605));
#7800=CARTESIAN_POINT('',(128.803752285587,-12.9515146845654,-11.4498816341059));
#7801=CARTESIAN_POINT('',(128.872257165261,-12.9586855463545,-11.4506401285412));
#7802=CARTESIAN_POINT('',(128.953789744112,-12.9734314860446,-11.4521834830087));
#7803=CARTESIAN_POINT('',(129.056835373742,-13.0023308751237,-11.4551496252482));
#7804=CARTESIAN_POINT('',(129.178710852479,-13.0543969329046,-11.4602696006274));
#7805=CARTESIAN_POINT('',(129.297184352901,-13.1280679535916,-11.4669617211751));
#7806=CARTESIAN_POINT('',(129.393315041368,-13.2093247964725,-11.4735782708656));
#7807=CARTESIAN_POINT('',(129.467820442401,-13.2894426769448,-11.4793765333167));
#7808=CARTESIAN_POINT('',(129.52651632415,-13.3676741060314,-11.484362906361));
#7809=CARTESIAN_POINT('',(129.574512180303,-13.4473191787772,-11.4887239997001));
#7810=CARTESIAN_POINT('',(129.613800544941,-13.5290149129953,-11.4924767788148));
#7811=CARTESIAN_POINT('',(129.644145444279,-13.6111127679927,-11.4954939045256));
#7812=CARTESIAN_POINT('',(129.665668495895,-13.6915893138858,-11.4976956688936));
#7813=CARTESIAN_POINT('',(129.67933229206,-13.7671893847545,-11.4991183542363));
#7814=CARTESIAN_POINT('',(129.686311638518,-13.8357679130611,-11.4998529495593));
#7815=CARTESIAN_POINT('',(129.688088258095,-13.8923773683699,-11.5000405736904));
#7816=CARTESIAN_POINT('',(129.686657909532,-13.9663385300676,-11.4998897042797));
#7817=CARTESIAN_POINT('',(129.676602764983,-14.0619804103708,-11.4988274949707));
#7818=CARTESIAN_POINT('',(129.647084275967,-14.184234024888,-11.4957779952186));
#7819=CARTESIAN_POINT('',(129.604081834668,-14.2954411452797,-11.4915136715383));
#7820=CARTESIAN_POINT('',(129.553083638873,-14.390873003475,-11.4867377652397));
#7821=CARTESIAN_POINT('',(129.4998054818,-14.46953186748,-11.4820567141674));
#7822=CARTESIAN_POINT('',(129.442234662538,-14.5393734975395,-11.4773425035215));
#7823=CARTESIAN_POINT('',(129.375278104721,-14.6066028372564,-11.4723029159668));
#7824=CARTESIAN_POINT('',(129.294835758967,-14.6720603361088,-11.46690046747));
#7825=CARTESIAN_POINT('',(129.200006207694,-14.7326122509098,-11.4614633761127));
#7826=CARTESIAN_POINT('',(129.09456146821,-14.7831050080148,-11.4566056997661));
#7827=CARTESIAN_POINT('',(128.982731473405,-14.8203465690214,-11.4528349642043));
#7828=CARTESIAN_POINT('',(128.869588568009,-14.8430802134555,-11.4504564215752));
#7829=CARTESIAN_POINT('',(128.787712453616,-14.8495585079247,-11.4497674980399));
#7830=CARTESIAN_POINT('',(128.715797227098,-14.8502868952481,-11.4496902149379));
#7831=CARTESIAN_POINT('',(128.647541401914,-14.8472328643163,-11.4500148882396));
#7832=CARTESIAN_POINT('',(128.556185823085,-14.8341388801684,-11.4513964238377));
#7833=CARTESIAN_POINT('',(128.466596713638,-14.8119146510336,-11.453693418833));
#7834=CARTESIAN_POINT('',(128.37556906803,-14.7801430834769,-11.4568851810743));
#7835=CARTESIAN_POINT('',(128.279457772382,-14.7348943943451,-11.4612493363766));
#7836=CARTESIAN_POINT('',(128.177629936973,-14.6706757200071,-11.4670407675028));
#7837=CARTESIAN_POINT('',(128.088179170816,-14.5964021924437,-11.4731334592564));
#7838=CARTESIAN_POINT('',(128.012977792092,-14.5169460027625,-11.4789382246265));
#7839=CARTESIAN_POINT('',(127.953600016618,-14.4392375259553,-11.4839493043795));
#7840=CARTESIAN_POINT('',(127.904907956012,-14.3600208551539,-11.4883502468854));
#7841=CARTESIAN_POINT('',(127.864903143151,-14.2786747598396,-11.4921552983871));
#7842=CARTESIAN_POINT('',(127.833781892856,-14.1967006386311,-11.4952395402483));
#7843=CARTESIAN_POINT('',(127.81144641627,-14.1159571630529,-11.4975192434863));
#7844=CARTESIAN_POINT('',(127.797048897905,-14.0397038363647,-11.499016270771));
#7845=CARTESIAN_POINT('',(127.789316878576,-13.9685583597121,-11.4998295636213));
#7846=CARTESIAN_POINT('',(127.787344516205,-13.9114881058355,-11.5000379106476));
#7847=CARTESIAN_POINT('',(127.788555735111,-13.8376828669857,-11.4999101580147));
#7848=CARTESIAN_POINT('',(127.797758630621,-13.7444570204541,-11.4989374462418));
#7849=CARTESIAN_POINT('',(127.82616623783,-13.6229015982954,-11.4959979313895));
#7850=CARTESIAN_POINT('',(127.868023310971,-13.5119226863916,-11.4918345156727));
#7851=CARTESIAN_POINT('',(127.918038544757,-13.4163163791289,-11.4871290213654));
#7852=CARTESIAN_POINT('',(127.970625361515,-13.337188733283,-11.4824815854429));
#7853=CARTESIAN_POINT('',(128.027582945942,-13.26684051697,-11.4777842157869));
#7854=CARTESIAN_POINT('',(128.093950468214,-13.199021587879,-11.4727457024622));
#7855=CARTESIAN_POINT('',(128.173819324586,-13.1328575655824,-11.4673244428161));
#7856=CARTESIAN_POINT('',(128.273695153383,-13.0678421286817,-11.4615196299886));
#7857=CARTESIAN_POINT('',(128.391906657514,-13.0114839593388,-11.4560813610737));
#7858=CARTESIAN_POINT('',(128.521006060156,-12.9718697398177,-11.452029998311));
#7859=CARTESIAN_POINT('',(128.637510616668,-12.9532863191997,-11.4500700546622));
#7860=CARTESIAN_POINT('',(128.708331149581,-12.9499999250019,-11.4497206756678));
#7861=CARTESIAN_POINT('',(128.737703769023,-12.95,-11.449720666032));
#7862=CARTESIAN_POINT('',(61.2377037716424,-9.45,-10.3228831002387));
#7863=CARTESIAN_POINT('',(61.2377037716377,-9.45,-10.3228831002387));
#7864=CARTESIAN_POINT('',(61.2593112518295,-9.44999983521388,-10.3228829670197));
#7865=CARTESIAN_POINT('',(61.2982136574735,-9.45132846372093,-10.3236390695489));
#7866=CARTESIAN_POINT('',(61.3498721479716,-9.45627870363156,-10.3264522553904));
#7867=CARTESIAN_POINT('',(61.3926951793588,-9.46245829278977,-10.3299579373147));
#7868=CARTESIAN_POINT('',(61.4389018624245,-9.47107462984637,-10.3348367000764));
#7869=CARTESIAN_POINT('',(61.503785015036,-9.48681928167566,-10.3437256993896));
#7870=CARTESIAN_POINT('',(61.6009723279986,-9.51934136444641,-10.3619759418309));
#7871=CARTESIAN_POINT('',(61.7256283926704,-9.57976985679871,-10.3954609817994));
#7872=CARTESIAN_POINT('',(61.8626989738387,-9.67712225809125,-10.4481468641598));
#7873=CARTESIAN_POINT('',(61.9870309289987,-9.80649352676285,-10.5157341488125));
#7874=CARTESIAN_POINT('',(62.0786553558246,-9.94847291178462,-10.5866483736219));
#7875=CARTESIAN_POINT('',(62.1334042594365,-10.0760717020778,-10.6475599905593));
#7876=CARTESIAN_POINT('',(62.1606456471705,-10.170402075683,-10.6909971580072));
#7877=CARTESIAN_POINT('',(62.1743223481507,-10.2379576904039,-10.7213517831874));
#7878=CARTESIAN_POINT('',(62.1816814139643,-10.2895065562229,-10.7441058645236));
#7879=CARTESIAN_POINT('',(62.1860148944543,-10.3374213185848,-10.7649181381242));
#7880=CARTESIAN_POINT('',(62.1875236612533,-10.3736470743614,-10.7804136766733));
#7881=CARTESIAN_POINT('',(62.1877896697123,-10.4045089518553,-10.7934768713368));
#7882=CARTESIAN_POINT('',(62.1873055412356,-10.4352869302163,-10.8064033860806));
#7883=CARTESIAN_POINT('',(62.1850449458152,-10.4758180198885,-10.8232082514426));
#7884=CARTESIAN_POINT('',(62.1802815906116,-10.5214233151407,-10.841823385874));
#7885=CARTESIAN_POINT('',(62.1726095387641,-10.5714484209377,-10.861925961292));
#7886=CARTESIAN_POINT('',(62.1600722899371,-10.6308620654136,-10.8853705104198));
#7887=CARTESIAN_POINT('',(62.1380480675456,-10.7075166206893,-10.9149173268411));
#7888=CARTESIAN_POINT('',(62.1008236987983,-10.8024171731216,-10.9503937333092));
#7889=CARTESIAN_POINT('',(62.044643732355,-10.9066041694474,-10.9878652290093));
#7890=CARTESIAN_POINT('',(61.9733597768137,-11.0049751248633,-11.0218491179862));
#7891=CARTESIAN_POINT('',(61.9008018454042,-11.0825972574064,-11.0477408609762));
#7892=CARTESIAN_POINT('',(61.8328800978183,-11.1418584821552,-11.0670036985212));
#7893=CARTESIAN_POINT('',(61.7675384481607,-11.1899144218412,-11.0823185431354));
#7894=CARTESIAN_POINT('',(61.6942055686121,-11.2347643383664,-11.0963491239997));
#7895=CARTESIAN_POINT('',(61.6139499265991,-11.2739136848125,-11.1083757439234));
#7896=CARTESIAN_POINT('',(61.5362975983269,-11.3029381643504,-11.1171610367977));
#7897=CARTESIAN_POINT('',(61.4684544231213,-11.3222521477915,-11.1229517014365));
#7898=CARTESIAN_POINT('',(61.4026218097277,-11.3364073794728,-11.1271691998462));
#7899=CARTESIAN_POINT('',(61.3264367118086,-11.3471520536025,-11.1303529186749));
#7900=CARTESIAN_POINT('',(61.2680967328344,-11.350052961317,-11.1312090741107));
#7901=CARTESIAN_POINT('',(61.2062335152057,-11.3499488179868,-11.1311783075055));
#7902=CARTESIAN_POINT('',(61.1516180672434,-11.3472321967498,-11.1303763733882));
#7903=CARTESIAN_POINT('',(61.0808450368076,-11.3376732116527,-11.1275445490701));
#7904=CARTESIAN_POINT('',(61.0228698308253,-11.3258843806582,-11.1240350103241));
#7905=CARTESIAN_POINT('',(60.9670865525621,-11.3112980334462,-11.1196705923621));
#7906=CARTESIAN_POINT('',(60.9014813534436,-11.2896560511803,-11.1131507121763));
#7907=CARTESIAN_POINT('',(60.8213983439513,-11.2557394339053,-11.1028197323531));
#7908=CARTESIAN_POINT('',(60.7388974519019,-11.2104601304325,-11.0887920205294));
#7909=CARTESIAN_POINT('',(60.6653761567792,-11.1597137637969,-11.0727322262808));
#7910=CARTESIAN_POINT('',(60.6010921240128,-11.1066673197952,-11.0556030046815));
#7911=CARTESIAN_POINT('',(60.5358275345184,-11.0428239306278,-11.0345486268332));
#7912=CARTESIAN_POINT('',(60.4655627052985,-10.9578902571086,-11.0057381239743));
#7913=CARTESIAN_POINT('',(60.4003740336209,-10.8546453203595,-10.9693852740335));
#7914=CARTESIAN_POINT('',(60.3477123451241,-10.7399405695221,-10.9272858497794));
#7915=CARTESIAN_POINT('',(60.3087216952516,-10.6138220588577,-10.8790118359343));
#7916=CARTESIAN_POINT('',(60.2906380698559,-10.499066980065,-10.8329836095971));
#7917=CARTESIAN_POINT('',(60.2864530139513,-10.3937568956161,-10.7890955189887));
#7918=CARTESIAN_POINT('',(60.2922722854961,-10.2766780217166,-10.7388889958464));
#7919=CARTESIAN_POINT('',(60.3215994963213,-10.1278727287911,-10.6720968131187));
#7920=CARTESIAN_POINT('',(60.3874278695194,-9.96462163237299,-10.5946036902479));
#7921=CARTESIAN_POINT('',(60.4783408355562,-9.82124339612226,-10.5231523409544));
#7922=CARTESIAN_POINT('',(60.587475790981,-9.70132520272245,-10.460911054326));
#7923=CARTESIAN_POINT('',(60.7043638262603,-9.60959550660089,-10.4117007549271));
#7924=CARTESIAN_POINT('',(60.8134961130365,-9.54759291361258,-10.3776597928488));
#7925=CARTESIAN_POINT('',(60.8989677010689,-9.51134732291072,-10.3574818222312));
#7926=CARTESIAN_POINT('',(60.9635073187371,-9.48986697408953,-10.3454341044732));
#7927=CARTESIAN_POINT('',(61.0188406261578,-9.47497339243072,-10.3370413323977));
#7928=CARTESIAN_POINT('',(61.0802239844511,-9.46232457137114,-10.3298847853233));
#7929=CARTESIAN_POINT('',(61.1541341245658,-9.45251660856457,-10.3243155513641));
#7930=CARTESIAN_POINT('',(61.2083649712552,-9.45000022374784,-10.3228832811245));
#7931=CARTESIAN_POINT('',(61.2377037716377,-9.45,-10.3228831002387));
#7932=CARTESIAN_POINT('',(68.7377037716424,-9.45,-10.3228831002387));
#7933=CARTESIAN_POINT('',(68.7377037716377,-9.45,-10.3228831002387));
#7934=CARTESIAN_POINT('',(68.7593112518295,-9.44999983521388,-10.3228829670197));
#7935=CARTESIAN_POINT('',(68.7982136574735,-9.45132846372093,-10.3236390695489));
#7936=CARTESIAN_POINT('',(68.8498721479716,-9.45627870363156,-10.3264522553904));
#7937=CARTESIAN_POINT('',(68.8926951793588,-9.46245829278977,-10.3299579373147));
#7938=CARTESIAN_POINT('',(68.9389018624244,-9.47107462984637,-10.3348367000764));
#7939=CARTESIAN_POINT('',(69.003785015036,-9.48681928167565,-10.3437256993896));
#7940=CARTESIAN_POINT('',(69.1009723279987,-9.51934136444645,-10.3619759418309));
#7941=CARTESIAN_POINT('',(69.2256283926703,-9.57976985679868,-10.3954609817994));
#7942=CARTESIAN_POINT('',(69.3626989738387,-9.67712225809125,-10.4481468641598));
#7943=CARTESIAN_POINT('',(69.4870309289987,-9.80649352676285,-10.5157341488125));
#7944=CARTESIAN_POINT('',(69.5786553558246,-9.94847291178462,-10.5866483736219));
#7945=CARTESIAN_POINT('',(69.6334042594365,-10.0760717020779,-10.6475599905593));
#7946=CARTESIAN_POINT('',(69.6606456471705,-10.170402075683,-10.6909971580073));
#7947=CARTESIAN_POINT('',(69.6743223481507,-10.237957690404,-10.7213517831875));
#7948=CARTESIAN_POINT('',(69.6816814139643,-10.289506556223,-10.7441058645237));
#7949=CARTESIAN_POINT('',(69.6860148944543,-10.337421318585,-10.7649181381243));
#7950=CARTESIAN_POINT('',(69.6875236612533,-10.3736470743615,-10.7804136766734));
#7951=CARTESIAN_POINT('',(69.6877896697122,-10.4045089518554,-10.7934768713369));
#7952=CARTESIAN_POINT('',(69.6873055412357,-10.4352869302164,-10.8064033860807));
#7953=CARTESIAN_POINT('',(69.6850449458152,-10.4758180198887,-10.8232082514427));
#7954=CARTESIAN_POINT('',(69.6802815906116,-10.5214233151408,-10.841823385874));
#7955=CARTESIAN_POINT('',(69.6726095387641,-10.5714484209378,-10.861925961292));
#7956=CARTESIAN_POINT('',(69.6600722899371,-10.6308620654136,-10.8853705104198));
#7957=CARTESIAN_POINT('',(69.6380480675456,-10.7075166206893,-10.9149173268411));
#7958=CARTESIAN_POINT('',(69.6008236987983,-10.8024171731216,-10.9503937333092));
#7959=CARTESIAN_POINT('',(69.544643732355,-10.9066041694474,-10.9878652290093));
#7960=CARTESIAN_POINT('',(69.4733597768136,-11.0049751248634,-11.0218491179862));
#7961=CARTESIAN_POINT('',(69.4008018454042,-11.0825972574064,-11.0477408609762));
#7962=CARTESIAN_POINT('',(69.3328800978182,-11.1418584821552,-11.0670036985212));
#7963=CARTESIAN_POINT('',(69.2675384481607,-11.1899144218412,-11.0823185431354));
#7964=CARTESIAN_POINT('',(69.1942055686121,-11.2347643383663,-11.0963491239997));
#7965=CARTESIAN_POINT('',(69.1139499265991,-11.2739136848125,-11.1083757439234));
#7966=CARTESIAN_POINT('',(69.0362975983269,-11.3029381643504,-11.1171610367977));
#7967=CARTESIAN_POINT('',(68.9684544231212,-11.3222521477915,-11.1229517014365));
#7968=CARTESIAN_POINT('',(68.9026218097277,-11.3364073794728,-11.1271691998462));
#7969=CARTESIAN_POINT('',(68.8264367118086,-11.3471520536025,-11.1303529186749));
#7970=CARTESIAN_POINT('',(68.7680967328345,-11.350052961317,-11.1312090741107));
#7971=CARTESIAN_POINT('',(68.7062335152055,-11.3499488179868,-11.1311783075055));
#7972=CARTESIAN_POINT('',(68.6516180672435,-11.3472321967498,-11.1303763733882));
#7973=CARTESIAN_POINT('',(68.5808450368076,-11.3376732116527,-11.1275445490701));
#7974=CARTESIAN_POINT('',(68.5228698308253,-11.3258843806582,-11.1240350103242));
#7975=CARTESIAN_POINT('',(68.467086552562,-11.3112980334462,-11.1196705923621));
#7976=CARTESIAN_POINT('',(68.4014813534436,-11.2896560511803,-11.1131507121763));
#7977=CARTESIAN_POINT('',(68.3213983439512,-11.2557394339053,-11.1028197323531));
#7978=CARTESIAN_POINT('',(68.2388974519019,-11.2104601304325,-11.0887920205294));
#7979=CARTESIAN_POINT('',(68.1653761567792,-11.1597137637969,-11.0727322262808));
#7980=CARTESIAN_POINT('',(68.1010921240128,-11.1066673197952,-11.0556030046815));
#7981=CARTESIAN_POINT('',(68.0358275345185,-11.0428239306278,-11.0345486268332));
#7982=CARTESIAN_POINT('',(67.9655627052985,-10.9578902571085,-11.0057381239742));
#7983=CARTESIAN_POINT('',(67.9003740336209,-10.8546453203595,-10.9693852740335));
#7984=CARTESIAN_POINT('',(67.8477123451241,-10.7399405695221,-10.9272858497794));
#7985=CARTESIAN_POINT('',(67.8087216952516,-10.6138220588578,-10.8790118359343));
#7986=CARTESIAN_POINT('',(67.7906380698559,-10.4990669800651,-10.8329836095971));
#7987=CARTESIAN_POINT('',(67.7864530139514,-10.3937568956161,-10.7890955189887));
#7988=CARTESIAN_POINT('',(67.7922722854961,-10.2766780217166,-10.7388889958464));
#7989=CARTESIAN_POINT('',(67.8215994963213,-10.1278727287912,-10.6720968131187));
#7990=CARTESIAN_POINT('',(67.8874278695193,-9.96462163237299,-10.5946036902479));
#7991=CARTESIAN_POINT('',(67.9783408355562,-9.82124339612227,-10.5231523409544));
#7992=CARTESIAN_POINT('',(68.0874757909809,-9.70132520272243,-10.460911054326));
#7993=CARTESIAN_POINT('',(68.2043638262604,-9.60959550660091,-10.4117007549271));
#7994=CARTESIAN_POINT('',(68.3134961130365,-9.54759291361258,-10.3776597928488));
#7995=CARTESIAN_POINT('',(68.3989677010689,-9.51134732291073,-10.3574818222312));
#7996=CARTESIAN_POINT('',(68.463507318737,-9.48986697408954,-10.3454341044732));
#7997=CARTESIAN_POINT('',(68.5188406261578,-9.47497339243071,-10.3370413323977));
#7998=CARTESIAN_POINT('',(68.580223984451,-9.46232457137114,-10.3298847853233));
#7999=CARTESIAN_POINT('',(68.6541341245658,-9.45251660856457,-10.3243155513641));
#8000=CARTESIAN_POINT('',(68.7083649712552,-9.45000022374784,-10.3228832811245));
#8001=CARTESIAN_POINT('',(68.7377037716377,-9.45,-10.3228831002387));
#8002=CARTESIAN_POINT('',(76.2377037716424,-9.45,-10.3228831002387));
#8003=CARTESIAN_POINT('',(76.2377037716377,-9.45,-10.3228831002387));
#8004=CARTESIAN_POINT('',(76.2593112518294,-9.44999983521387,-10.3228829670197));
#8005=CARTESIAN_POINT('',(76.2982136574735,-9.45132846372093,-10.3236390695489));
#8006=CARTESIAN_POINT('',(76.3498721479716,-9.45627870363156,-10.3264522553904));
#8007=CARTESIAN_POINT('',(76.3926951793587,-9.46245829278977,-10.3299579373147));
#8008=CARTESIAN_POINT('',(76.4389018624244,-9.47107462984635,-10.3348367000764));
#8009=CARTESIAN_POINT('',(76.503785015036,-9.48681928167565,-10.3437256993896));
#8010=CARTESIAN_POINT('',(76.6009723279986,-9.5193413644464,-10.3619759418309));
#8011=CARTESIAN_POINT('',(76.7256283926704,-9.57976985679871,-10.3954609817994));
#8012=CARTESIAN_POINT('',(76.8626989738387,-9.67712225809125,-10.4481468641598));
#8013=CARTESIAN_POINT('',(76.9870309289987,-9.80649352676287,-10.5157341488125));
#8014=CARTESIAN_POINT('',(77.0786553558246,-9.94847291178462,-10.5866483736219));
#8015=CARTESIAN_POINT('',(77.1334042594365,-10.0760717020778,-10.6475599905592));
#8016=CARTESIAN_POINT('',(77.1606456471705,-10.170402075683,-10.6909971580072));
#8017=CARTESIAN_POINT('',(77.1743223481507,-10.2379576904039,-10.7213517831874));
#8018=CARTESIAN_POINT('',(77.1816814139643,-10.2895065562228,-10.7441058645236));
#8019=CARTESIAN_POINT('',(77.1860148944543,-10.3374213185847,-10.7649181381242));
#8020=CARTESIAN_POINT('',(77.1875236612533,-10.3736470743613,-10.7804136766733));
#8021=CARTESIAN_POINT('',(77.1877896697123,-10.4045089518552,-10.7934768713368));
#8022=CARTESIAN_POINT('',(77.1873055412356,-10.4352869302162,-10.8064033860806));
#8023=CARTESIAN_POINT('',(77.1850449458152,-10.4758180198885,-10.8232082514426));
#8024=CARTESIAN_POINT('',(77.1802815906116,-10.5214233151407,-10.841823385874));
#8025=CARTESIAN_POINT('',(77.1726095387641,-10.5714484209377,-10.861925961292));
#8026=CARTESIAN_POINT('',(77.1600722899371,-10.6308620654136,-10.8853705104198));
#8027=CARTESIAN_POINT('',(77.1380480675456,-10.7075166206893,-10.9149173268411));
#8028=CARTESIAN_POINT('',(77.1008236987982,-10.8024171731216,-10.9503937333092));
#8029=CARTESIAN_POINT('',(77.044643732355,-10.9066041694474,-10.9878652290093));
#8030=CARTESIAN_POINT('',(76.9733597768136,-11.0049751248633,-11.0218491179862));
#8031=CARTESIAN_POINT('',(76.9008018454042,-11.0825972574064,-11.0477408609762));
#8032=CARTESIAN_POINT('',(76.8328800978182,-11.1418584821552,-11.0670036985212));
#8033=CARTESIAN_POINT('',(76.7675384481608,-11.1899144218412,-11.0823185431354));
#8034=CARTESIAN_POINT('',(76.6942055686121,-11.2347643383664,-11.0963491239997));
#8035=CARTESIAN_POINT('',(76.6139499265991,-11.2739136848125,-11.1083757439234));
#8036=CARTESIAN_POINT('',(76.5362975983269,-11.3029381643504,-11.1171610367977));
#8037=CARTESIAN_POINT('',(76.4684544231213,-11.3222521477915,-11.1229517014365));
#8038=CARTESIAN_POINT('',(76.4026218097277,-11.3364073794728,-11.1271691998462));
#8039=CARTESIAN_POINT('',(76.3264367118086,-11.3471520536025,-11.1303529186749));
#8040=CARTESIAN_POINT('',(76.2680967328345,-11.350052961317,-11.1312090741107));
#8041=CARTESIAN_POINT('',(76.2062335152057,-11.3499488179868,-11.1311783075055));
#8042=CARTESIAN_POINT('',(76.1516180672434,-11.3472321967498,-11.1303763733882));
#8043=CARTESIAN_POINT('',(76.0808450368076,-11.3376732116527,-11.1275445490701));
#8044=CARTESIAN_POINT('',(76.0228698308254,-11.3258843806582,-11.1240350103242));
#8045=CARTESIAN_POINT('',(75.967086552562,-11.3112980334462,-11.1196705923621));
#8046=CARTESIAN_POINT('',(75.9014813534437,-11.2896560511803,-11.1131507121763));
#8047=CARTESIAN_POINT('',(75.8213983439512,-11.2557394339053,-11.1028197323531));
#8048=CARTESIAN_POINT('',(75.7388974519018,-11.2104601304325,-11.0887920205294));
#8049=CARTESIAN_POINT('',(75.6653761567792,-11.1597137637969,-11.0727322262808));
#8050=CARTESIAN_POINT('',(75.6010921240127,-11.1066673197952,-11.0556030046815));
#8051=CARTESIAN_POINT('',(75.5358275345184,-11.0428239306277,-11.0345486268332));
#8052=CARTESIAN_POINT('',(75.4655627052985,-10.9578902571086,-11.0057381239743));
#8053=CARTESIAN_POINT('',(75.4003740336209,-10.8546453203595,-10.9693852740335));
#8054=CARTESIAN_POINT('',(75.3477123451241,-10.7399405695221,-10.9272858497794));
#8055=CARTESIAN_POINT('',(75.3087216952516,-10.6138220588577,-10.8790118359343));
#8056=CARTESIAN_POINT('',(75.2906380698559,-10.499066980065,-10.8329836095971));
#8057=CARTESIAN_POINT('',(75.2864530139514,-10.3937568956161,-10.7890955189887));
#8058=CARTESIAN_POINT('',(75.2922722854961,-10.2766780217166,-10.7388889958464));
#8059=CARTESIAN_POINT('',(75.3215994963213,-10.1278727287911,-10.6720968131187));
#8060=CARTESIAN_POINT('',(75.3874278695193,-9.96462163237297,-10.5946036902479));
#8061=CARTESIAN_POINT('',(75.4783408355562,-9.82124339612227,-10.5231523409544));
#8062=CARTESIAN_POINT('',(75.587475790981,-9.70132520272245,-10.4609110543261));
#8063=CARTESIAN_POINT('',(75.7043638262603,-9.60959550660089,-10.4117007549271));
#8064=CARTESIAN_POINT('',(75.8134961130365,-9.54759291361258,-10.3776597928488));
#8065=CARTESIAN_POINT('',(75.8989677010689,-9.51134732291073,-10.3574818222312));
#8066=CARTESIAN_POINT('',(75.9635073187371,-9.48986697408953,-10.3454341044732));
#8067=CARTESIAN_POINT('',(76.0188406261578,-9.47497339243071,-10.3370413323977));
#8068=CARTESIAN_POINT('',(76.0802239844511,-9.46232457137114,-10.3298847853233));
#8069=CARTESIAN_POINT('',(76.1541341245658,-9.45251660856457,-10.3243155513641));
#8070=CARTESIAN_POINT('',(76.2083649712552,-9.45000022374784,-10.3228832811245));
#8071=CARTESIAN_POINT('',(76.2377037716377,-9.45,-10.3228831002387));
#8072=CARTESIAN_POINT('',(83.7377037716424,-9.45,-10.3228831002387));
#8073=CARTESIAN_POINT('',(83.7377037716377,-9.45,-10.3228831002387));
#8074=CARTESIAN_POINT('',(83.7593112518295,-9.44999983521388,-10.3228829670197));
#8075=CARTESIAN_POINT('',(83.7982136574736,-9.45132846372093,-10.3236390695489));
#8076=CARTESIAN_POINT('',(83.8498721479716,-9.45627870363157,-10.3264522553904));
#8077=CARTESIAN_POINT('',(83.8926951793588,-9.46245829278977,-10.3299579373147));
#8078=CARTESIAN_POINT('',(83.9389018624244,-9.47107462984637,-10.3348367000764));
#8079=CARTESIAN_POINT('',(84.003785015036,-9.48681928167566,-10.3437256993896));
#8080=CARTESIAN_POINT('',(84.1009723279986,-9.51934136444642,-10.3619759418309));
#8081=CARTESIAN_POINT('',(84.2256283926704,-9.57976985679872,-10.3954609817994));
#8082=CARTESIAN_POINT('',(84.3626989738387,-9.67712225809124,-10.4481468641598));
#8083=CARTESIAN_POINT('',(84.4870309289987,-9.80649352676289,-10.5157341488125));
#8084=CARTESIAN_POINT('',(84.5786553558246,-9.94847291178463,-10.5866483736219));
#8085=CARTESIAN_POINT('',(84.6334042594366,-10.0760717020779,-10.6475599905593));
#8086=CARTESIAN_POINT('',(84.6606456471705,-10.1704020756831,-10.6909971580073));
#8087=CARTESIAN_POINT('',(84.6743223481507,-10.237957690404,-10.7213517831875));
#8088=CARTESIAN_POINT('',(84.6816814139643,-10.289506556223,-10.7441058645237));
#8089=CARTESIAN_POINT('',(84.6860148944543,-10.337421318585,-10.7649181381243));
#8090=CARTESIAN_POINT('',(84.6875236612533,-10.3736470743615,-10.7804136766734));
#8091=CARTESIAN_POINT('',(84.6877896697123,-10.4045089518555,-10.7934768713369));
#8092=CARTESIAN_POINT('',(84.6873055412356,-10.4352869302164,-10.8064033860807));
#8093=CARTESIAN_POINT('',(84.6850449458152,-10.4758180198887,-10.8232082514427));
#8094=CARTESIAN_POINT('',(84.6802815906116,-10.5214233151409,-10.841823385874));
#8095=CARTESIAN_POINT('',(84.6726095387641,-10.5714484209378,-10.8619259612921));
#8096=CARTESIAN_POINT('',(84.660072289937,-10.6308620654137,-10.8853705104198));
#8097=CARTESIAN_POINT('',(84.6380480675456,-10.7075166206893,-10.9149173268411));
#8098=CARTESIAN_POINT('',(84.6008236987983,-10.8024171731216,-10.9503937333092));
#8099=CARTESIAN_POINT('',(84.544643732355,-10.9066041694474,-10.9878652290093));
#8100=CARTESIAN_POINT('',(84.4733597768137,-11.0049751248633,-11.0218491179862));
#8101=CARTESIAN_POINT('',(84.4008018454042,-11.0825972574064,-11.0477408609762));
#8102=CARTESIAN_POINT('',(84.3328800978182,-11.1418584821552,-11.0670036985212));
#8103=CARTESIAN_POINT('',(84.2675384481607,-11.1899144218412,-11.0823185431354));
#8104=CARTESIAN_POINT('',(84.1942055686121,-11.2347643383664,-11.0963491239997));
#8105=CARTESIAN_POINT('',(84.1139499265991,-11.2739136848125,-11.1083757439234));
#8106=CARTESIAN_POINT('',(84.0362975983269,-11.3029381643504,-11.1171610367977));
#8107=CARTESIAN_POINT('',(83.9684544231213,-11.3222521477915,-11.1229517014365));
#8108=CARTESIAN_POINT('',(83.9026218097277,-11.3364073794728,-11.1271691998462));
#8109=CARTESIAN_POINT('',(83.8264367118086,-11.3471520536025,-11.1303529186749));
#8110=CARTESIAN_POINT('',(83.7680967328344,-11.350052961317,-11.1312090741107));
#8111=CARTESIAN_POINT('',(83.7062335152056,-11.3499488179868,-11.1311783075055));
#8112=CARTESIAN_POINT('',(83.6516180672434,-11.3472321967498,-11.1303763733882));
#8113=CARTESIAN_POINT('',(83.5808450368076,-11.3376732116527,-11.1275445490701));
#8114=CARTESIAN_POINT('',(83.5228698308254,-11.3258843806582,-11.1240350103241));
#8115=CARTESIAN_POINT('',(83.467086552562,-11.3112980334462,-11.1196705923621));
#8116=CARTESIAN_POINT('',(83.4014813534437,-11.2896560511803,-11.1131507121763));
#8117=CARTESIAN_POINT('',(83.3213983439512,-11.2557394339053,-11.1028197323531));
#8118=CARTESIAN_POINT('',(83.238897451902,-11.2104601304326,-11.0887920205294));
#8119=CARTESIAN_POINT('',(83.1653761567792,-11.1597137637969,-11.0727322262808));
#8120=CARTESIAN_POINT('',(83.1010921240128,-11.1066673197952,-11.0556030046815));
#8121=CARTESIAN_POINT('',(83.0358275345185,-11.0428239306278,-11.0345486268332));
#8122=CARTESIAN_POINT('',(82.9655627052985,-10.9578902571086,-11.0057381239743));
#8123=CARTESIAN_POINT('',(82.9003740336209,-10.8546453203595,-10.9693852740335));
#8124=CARTESIAN_POINT('',(82.8477123451241,-10.7399405695221,-10.9272858497794));
#8125=CARTESIAN_POINT('',(82.8087216952516,-10.6138220588578,-10.8790118359343));
#8126=CARTESIAN_POINT('',(82.7906380698559,-10.4990669800651,-10.8329836095971));
#8127=CARTESIAN_POINT('',(82.7864530139514,-10.3937568956161,-10.7890955189887));
#8128=CARTESIAN_POINT('',(82.7922722854961,-10.2766780217166,-10.7388889958464));
#8129=CARTESIAN_POINT('',(82.8215994963213,-10.1278727287912,-10.6720968131187));
#8130=CARTESIAN_POINT('',(82.8874278695193,-9.96462163237299,-10.5946036902479));
#8131=CARTESIAN_POINT('',(82.9783408355562,-9.82124339612227,-10.5231523409544));
#8132=CARTESIAN_POINT('',(83.087475790981,-9.70132520272245,-10.460911054326));
#8133=CARTESIAN_POINT('',(83.2043638262603,-9.60959550660089,-10.4117007549271));
#8134=CARTESIAN_POINT('',(83.3134961130365,-9.54759291361258,-10.3776597928488));
#8135=CARTESIAN_POINT('',(83.3989677010689,-9.51134732291072,-10.3574818222312));
#8136=CARTESIAN_POINT('',(83.4635073187371,-9.48986697408954,-10.3454341044732));
#8137=CARTESIAN_POINT('',(83.5188406261579,-9.47497339243071,-10.3370413323977));
#8138=CARTESIAN_POINT('',(83.5802239844511,-9.46232457137114,-10.3298847853233));
#8139=CARTESIAN_POINT('',(83.6541341245657,-9.45251660856458,-10.3243155513641));
#8140=CARTESIAN_POINT('',(83.7083649712552,-9.45000022374785,-10.3228832811245));
#8141=CARTESIAN_POINT('',(83.7377037716377,-9.45,-10.3228831002387));
#8142=CARTESIAN_POINT('',(91.2377037716424,-9.45,-10.3228831002387));
#8143=CARTESIAN_POINT('',(91.2377037716376,-9.45,-10.3228831002387));
#8144=CARTESIAN_POINT('',(91.2593112518294,-9.44999983521388,-10.3228829670197));
#8145=CARTESIAN_POINT('',(91.2982136574735,-9.45132846372093,-10.3236390695489));
#8146=CARTESIAN_POINT('',(91.3498721479716,-9.45627870363157,-10.3264522553904));
#8147=CARTESIAN_POINT('',(91.3926951793588,-9.46245829278977,-10.3299579373147));
#8148=CARTESIAN_POINT('',(91.4389018624244,-9.47107462984636,-10.3348367000764));
#8149=CARTESIAN_POINT('',(91.503785015036,-9.48681928167565,-10.3437256993896));
#8150=CARTESIAN_POINT('',(91.6009723279986,-9.51934136444642,-10.3619759418309));
#8151=CARTESIAN_POINT('',(91.7256283926703,-9.5797698567987,-10.3954609817994));
#8152=CARTESIAN_POINT('',(91.8626989738387,-9.67712225809126,-10.4481468641598));
#8153=CARTESIAN_POINT('',(91.9870309289987,-9.80649352676286,-10.5157341488125));
#8154=CARTESIAN_POINT('',(92.0786553558246,-9.94847291178463,-10.5866483736219));
#8155=CARTESIAN_POINT('',(92.1334042594365,-10.0760717020778,-10.6475599905592));
#8156=CARTESIAN_POINT('',(92.1606456471705,-10.1704020756829,-10.6909971580072));
#8157=CARTESIAN_POINT('',(92.1743223481507,-10.2379576904038,-10.7213517831874));
#8158=CARTESIAN_POINT('',(92.1816814139643,-10.2895065562227,-10.7441058645236));
#8159=CARTESIAN_POINT('',(92.1860148944542,-10.3374213185846,-10.7649181381242));
#8160=CARTESIAN_POINT('',(92.1875236612533,-10.3736470743612,-10.7804136766733));
#8161=CARTESIAN_POINT('',(92.1877896697122,-10.4045089518551,-10.7934768713368));
#8162=CARTESIAN_POINT('',(92.1873055412357,-10.4352869302161,-10.8064033860805));
#8163=CARTESIAN_POINT('',(92.1850449458152,-10.4758180198884,-10.8232082514425));
#8164=CARTESIAN_POINT('',(92.1802815906116,-10.5214233151406,-10.8418233858739));
#8165=CARTESIAN_POINT('',(92.1726095387641,-10.5714484209377,-10.861925961292));
#8166=CARTESIAN_POINT('',(92.160072289937,-10.6308620654136,-10.8853705104197));
#8167=CARTESIAN_POINT('',(92.1380480675457,-10.7075166206893,-10.9149173268411));
#8168=CARTESIAN_POINT('',(92.1008236987983,-10.8024171731215,-10.9503937333092));
#8169=CARTESIAN_POINT('',(92.044643732355,-10.9066041694474,-10.9878652290093));
#8170=CARTESIAN_POINT('',(91.9733597768137,-11.0049751248634,-11.0218491179862));
#8171=CARTESIAN_POINT('',(91.9008018454042,-11.0825972574064,-11.0477408609762));
#8172=CARTESIAN_POINT('',(91.8328800978182,-11.1418584821552,-11.0670036985212));
#8173=CARTESIAN_POINT('',(91.7675384481607,-11.1899144218412,-11.0823185431354));
#8174=CARTESIAN_POINT('',(91.6942055686121,-11.2347643383664,-11.0963491239997));
#8175=CARTESIAN_POINT('',(91.6139499265991,-11.2739136848125,-11.1083757439234));
#8176=CARTESIAN_POINT('',(91.536297598327,-11.3029381643504,-11.1171610367977));
#8177=CARTESIAN_POINT('',(91.4684544231213,-11.3222521477915,-11.1229517014365));
#8178=CARTESIAN_POINT('',(91.4026218097278,-11.3364073794728,-11.1271691998462));
#8179=CARTESIAN_POINT('',(91.3264367118085,-11.3471520536025,-11.1303529186749));
#8180=CARTESIAN_POINT('',(91.2680967328345,-11.350052961317,-11.1312090741107));
#8181=CARTESIAN_POINT('',(91.2062335152056,-11.3499488179868,-11.1311783075055));
#8182=CARTESIAN_POINT('',(91.1516180672434,-11.3472321967498,-11.1303763733882));
#8183=CARTESIAN_POINT('',(91.0808450368075,-11.3376732116527,-11.1275445490701));
#8184=CARTESIAN_POINT('',(91.0228698308254,-11.3258843806582,-11.1240350103242));
#8185=CARTESIAN_POINT('',(90.9670865525621,-11.3112980334462,-11.1196705923621));
#8186=CARTESIAN_POINT('',(90.9014813534437,-11.2896560511803,-11.1131507121763));
#8187=CARTESIAN_POINT('',(90.8213983439512,-11.2557394339053,-11.1028197323531));
#8188=CARTESIAN_POINT('',(90.7388974519019,-11.2104601304326,-11.0887920205294));
#8189=CARTESIAN_POINT('',(90.6653761567792,-11.1597137637969,-11.0727322262808));
#8190=CARTESIAN_POINT('',(90.6010921240128,-11.1066673197952,-11.0556030046815));
#8191=CARTESIAN_POINT('',(90.5358275345185,-11.0428239306278,-11.0345486268332));
#8192=CARTESIAN_POINT('',(90.4655627052985,-10.9578902571086,-11.0057381239743));
#8193=CARTESIAN_POINT('',(90.4003740336209,-10.8546453203595,-10.9693852740335));
#8194=CARTESIAN_POINT('',(90.3477123451241,-10.7399405695221,-10.9272858497794));
#8195=CARTESIAN_POINT('',(90.3087216952516,-10.6138220588578,-10.8790118359344));
#8196=CARTESIAN_POINT('',(90.2906380698559,-10.4990669800651,-10.8329836095971));
#8197=CARTESIAN_POINT('',(90.2864530139513,-10.3937568956162,-10.7890955189887));
#8198=CARTESIAN_POINT('',(90.2922722854961,-10.2766780217166,-10.7388889958464));
#8199=CARTESIAN_POINT('',(90.3215994963212,-10.1278727287912,-10.6720968131187));
#8200=CARTESIAN_POINT('',(90.3874278695194,-9.96462163237299,-10.5946036902479));
#8201=CARTESIAN_POINT('',(90.4783408355561,-9.82124339612229,-10.5231523409544));
#8202=CARTESIAN_POINT('',(90.587475790981,-9.70132520272244,-10.460911054326));
#8203=CARTESIAN_POINT('',(90.7043638262602,-9.60959550660091,-10.4117007549271));
#8204=CARTESIAN_POINT('',(90.8134961130365,-9.5475929136126,-10.3776597928488));
#8205=CARTESIAN_POINT('',(90.8989677010689,-9.51134732291074,-10.3574818222312));
#8206=CARTESIAN_POINT('',(90.963507318737,-9.48986697408955,-10.3454341044732));
#8207=CARTESIAN_POINT('',(91.0188406261578,-9.47497339243072,-10.3370413323977));
#8208=CARTESIAN_POINT('',(91.0802239844511,-9.46232457137114,-10.3298847853233));
#8209=CARTESIAN_POINT('',(91.1541341245658,-9.45251660856457,-10.3243155513641));
#8210=CARTESIAN_POINT('',(91.2083649712552,-9.45000022374784,-10.3228832811245));
#8211=CARTESIAN_POINT('',(91.2377037716376,-9.45,-10.3228831002387));
#8212=CARTESIAN_POINT('',(98.7377037716424,-9.45,-10.3228831002387));
#8213=CARTESIAN_POINT('',(98.7377037716377,-9.45,-10.3228831002387));
#8214=CARTESIAN_POINT('',(98.7593112518295,-9.44999983521388,-10.3228829670197));
#8215=CARTESIAN_POINT('',(98.7982136574736,-9.45132846372093,-10.3236390695489));
#8216=CARTESIAN_POINT('',(98.8498721479716,-9.45627870363158,-10.3264522553904));
#8217=CARTESIAN_POINT('',(98.8926951793588,-9.46245829278977,-10.3299579373147));
#8218=CARTESIAN_POINT('',(98.9389018624244,-9.47107462984638,-10.3348367000764));
#8219=CARTESIAN_POINT('',(99.003785015036,-9.48681928167565,-10.3437256993896));
#8220=CARTESIAN_POINT('',(99.1009723279986,-9.51934136444643,-10.3619759418309));
#8221=CARTESIAN_POINT('',(99.2256283926703,-9.57976985679869,-10.3954609817994));
#8222=CARTESIAN_POINT('',(99.3626989738387,-9.67712225809128,-10.4481468641599));
#8223=CARTESIAN_POINT('',(99.4870309289987,-9.80649352676285,-10.5157341488125));
#8224=CARTESIAN_POINT('',(99.5786553558246,-9.94847291178463,-10.5866483736219));
#8225=CARTESIAN_POINT('',(99.6334042594365,-10.0760717020777,-10.6475599905592));
#8226=CARTESIAN_POINT('',(99.6606456471705,-10.1704020756829,-10.6909971580072));
#8227=CARTESIAN_POINT('',(99.6743223481507,-10.2379576904038,-10.7213517831874));
#8228=CARTESIAN_POINT('',(99.6816814139642,-10.2895065562227,-10.7441058645236));
#8229=CARTESIAN_POINT('',(99.6860148944542,-10.3374213185846,-10.7649181381241));
#8230=CARTESIAN_POINT('',(99.6875236612533,-10.3736470743612,-10.7804136766733));
#8231=CARTESIAN_POINT('',(99.6877896697123,-10.4045089518551,-10.7934768713368));
#8232=CARTESIAN_POINT('',(99.6873055412356,-10.4352869302161,-10.8064033860805));
#8233=CARTESIAN_POINT('',(99.6850449458152,-10.4758180198883,-10.8232082514425));
#8234=CARTESIAN_POINT('',(99.6802815906117,-10.5214233151406,-10.8418233858739));
#8235=CARTESIAN_POINT('',(99.6726095387641,-10.5714484209376,-10.861925961292));
#8236=CARTESIAN_POINT('',(99.6600722899371,-10.6308620654136,-10.8853705104197));
#8237=CARTESIAN_POINT('',(99.6380480675456,-10.7075166206893,-10.9149173268411));
#8238=CARTESIAN_POINT('',(99.6008236987983,-10.8024171731216,-10.9503937333092));
#8239=CARTESIAN_POINT('',(99.544643732355,-10.9066041694474,-10.9878652290093));
#8240=CARTESIAN_POINT('',(99.4733597768136,-11.0049751248634,-11.0218491179862));
#8241=CARTESIAN_POINT('',(99.4008018454043,-11.0825972574064,-11.0477408609762));
#8242=CARTESIAN_POINT('',(99.3328800978182,-11.1418584821552,-11.0670036985212));
#8243=CARTESIAN_POINT('',(99.2675384481607,-11.1899144218412,-11.0823185431354));
#8244=CARTESIAN_POINT('',(99.1942055686121,-11.2347643383663,-11.0963491239997));
#8245=CARTESIAN_POINT('',(99.1139499265991,-11.2739136848125,-11.1083757439234));
#8246=CARTESIAN_POINT('',(99.0362975983269,-11.3029381643504,-11.1171610367977));
#8247=CARTESIAN_POINT('',(98.9684544231213,-11.3222521477915,-11.1229517014365));
#8248=CARTESIAN_POINT('',(98.9026218097277,-11.3364073794728,-11.1271691998462));
#8249=CARTESIAN_POINT('',(98.8264367118086,-11.3471520536025,-11.1303529186749));
#8250=CARTESIAN_POINT('',(98.7680967328344,-11.350052961317,-11.1312090741107));
#8251=CARTESIAN_POINT('',(98.7062335152057,-11.3499488179868,-11.1311783075055));
#8252=CARTESIAN_POINT('',(98.6516180672434,-11.3472321967498,-11.1303763733882));
#8253=CARTESIAN_POINT('',(98.5808450368076,-11.3376732116527,-11.1275445490701));
#8254=CARTESIAN_POINT('',(98.5228698308254,-11.3258843806582,-11.1240350103242));
#8255=CARTESIAN_POINT('',(98.4670865525621,-11.3112980334462,-11.1196705923621));
#8256=CARTESIAN_POINT('',(98.4014813534437,-11.2896560511803,-11.1131507121763));
#8257=CARTESIAN_POINT('',(98.3213983439513,-11.2557394339054,-11.1028197323531));
#8258=CARTESIAN_POINT('',(98.2388974519019,-11.2104601304326,-11.0887920205294));
#8259=CARTESIAN_POINT('',(98.1653761567793,-11.1597137637969,-11.0727322262808));
#8260=CARTESIAN_POINT('',(98.1010921240129,-11.1066673197953,-11.0556030046815));
#8261=CARTESIAN_POINT('',(98.0358275345185,-11.0428239306278,-11.0345486268332));
#8262=CARTESIAN_POINT('',(97.9655627052986,-10.9578902571086,-11.0057381239743));
#8263=CARTESIAN_POINT('',(97.9003740336209,-10.8546453203596,-10.9693852740335));
#8264=CARTESIAN_POINT('',(97.8477123451241,-10.7399405695221,-10.9272858497794));
#8265=CARTESIAN_POINT('',(97.8087216952516,-10.6138220588576,-10.8790118359343));
#8266=CARTESIAN_POINT('',(97.7906380698559,-10.499066980065,-10.8329836095971));
#8267=CARTESIAN_POINT('',(97.7864530139513,-10.393756895616,-10.7890955189887));
#8268=CARTESIAN_POINT('',(97.7922722854961,-10.2766780217165,-10.7388889958464));
#8269=CARTESIAN_POINT('',(97.8215994963213,-10.127872728791,-10.6720968131186));
#8270=CARTESIAN_POINT('',(97.8874278695194,-9.96462163237296,-10.5946036902479));
#8271=CARTESIAN_POINT('',(97.9783408355562,-9.82124339612228,-10.5231523409544));
#8272=CARTESIAN_POINT('',(98.087475790981,-9.70132520272245,-10.460911054326));
#8273=CARTESIAN_POINT('',(98.2043638262603,-9.60959550660091,-10.4117007549271));
#8274=CARTESIAN_POINT('',(98.3134961130365,-9.54759291361259,-10.3776597928488));
#8275=CARTESIAN_POINT('',(98.3989677010689,-9.51134732291073,-10.3574818222312));
#8276=CARTESIAN_POINT('',(98.463507318737,-9.48986697408954,-10.3454341044732));
#8277=CARTESIAN_POINT('',(98.5188406261579,-9.47497339243071,-10.3370413323977));
#8278=CARTESIAN_POINT('',(98.5802239844511,-9.46232457137115,-10.3298847853233));
#8279=CARTESIAN_POINT('',(98.6541341245658,-9.45251660856457,-10.3243155513641));
#8280=CARTESIAN_POINT('',(98.7083649712552,-9.45000022374784,-10.3228832811245));
#8281=CARTESIAN_POINT('',(98.7377037716377,-9.45,-10.3228831002387));
#8282=CARTESIAN_POINT('',(106.237703771642,-9.45,-10.3228831002387));
#8283=CARTESIAN_POINT('',(106.237703771638,-9.45,-10.3228831002387));
#8284=CARTESIAN_POINT('',(106.259311251829,-9.44999983521388,-10.3228829670197));
#8285=CARTESIAN_POINT('',(106.298213657474,-9.45132846372094,-10.3236390695489));
#8286=CARTESIAN_POINT('',(106.349872147972,-9.45627870363156,-10.3264522553904));
#8287=CARTESIAN_POINT('',(106.392695179359,-9.46245829278977,-10.3299579373147));
#8288=CARTESIAN_POINT('',(106.438901862424,-9.47107462984637,-10.3348367000764));
#8289=CARTESIAN_POINT('',(106.503785015036,-9.48681928167564,-10.3437256993896));
#8290=CARTESIAN_POINT('',(106.600972327999,-9.51934136444642,-10.3619759418309));
#8291=CARTESIAN_POINT('',(106.72562839267,-9.57976985679871,-10.3954609817994));
#8292=CARTESIAN_POINT('',(106.862698973839,-9.67712225809122,-10.4481468641598));
#8293=CARTESIAN_POINT('',(106.987030928999,-9.80649352676286,-10.5157341488125));
#8294=CARTESIAN_POINT('',(107.078655355825,-9.94847291178463,-10.5866483736219));
#8295=CARTESIAN_POINT('',(107.133404259437,-10.0760717020778,-10.6475599905592));
#8296=CARTESIAN_POINT('',(107.16064564717,-10.1704020756829,-10.6909971580072));
#8297=CARTESIAN_POINT('',(107.174322348151,-10.2379576904038,-10.7213517831874));
#8298=CARTESIAN_POINT('',(107.181681413964,-10.2895065562227,-10.7441058645236));
#8299=CARTESIAN_POINT('',(107.186014894454,-10.3374213185846,-10.7649181381241));
#8300=CARTESIAN_POINT('',(107.187523661253,-10.3736470743612,-10.7804136766733));
#8301=CARTESIAN_POINT('',(107.187789669712,-10.4045089518551,-10.7934768713368));
#8302=CARTESIAN_POINT('',(107.187305541236,-10.4352869302161,-10.8064033860805));
#8303=CARTESIAN_POINT('',(107.185044945815,-10.4758180198883,-10.8232082514425));
#8304=CARTESIAN_POINT('',(107.180281590612,-10.5214233151406,-10.8418233858739));
#8305=CARTESIAN_POINT('',(107.172609538764,-10.5714484209377,-10.861925961292));
#8306=CARTESIAN_POINT('',(107.160072289937,-10.6308620654135,-10.8853705104197));
#8307=CARTESIAN_POINT('',(107.138048067546,-10.7075166206893,-10.9149173268411));
#8308=CARTESIAN_POINT('',(107.100823698798,-10.8024171731215,-10.9503937333092));
#8309=CARTESIAN_POINT('',(107.044643732355,-10.9066041694474,-10.9878652290093));
#8310=CARTESIAN_POINT('',(106.973359776814,-11.0049751248633,-11.0218491179862));
#8311=CARTESIAN_POINT('',(106.900801845404,-11.0825972574064,-11.0477408609762));
#8312=CARTESIAN_POINT('',(106.832880097818,-11.1418584821552,-11.0670036985212));
#8313=CARTESIAN_POINT('',(106.767538448161,-11.1899144218412,-11.0823185431354));
#8314=CARTESIAN_POINT('',(106.694205568612,-11.2347643383664,-11.0963491239997));
#8315=CARTESIAN_POINT('',(106.613949926599,-11.2739136848125,-11.1083757439234));
#8316=CARTESIAN_POINT('',(106.536297598327,-11.3029381643504,-11.1171610367977));
#8317=CARTESIAN_POINT('',(106.468454423121,-11.3222521477915,-11.1229517014365));
#8318=CARTESIAN_POINT('',(106.402621809728,-11.3364073794728,-11.1271691998462));
#8319=CARTESIAN_POINT('',(106.326436711809,-11.3471520536025,-11.1303529186749));
#8320=CARTESIAN_POINT('',(106.268096732835,-11.350052961317,-11.1312090741107));
#8321=CARTESIAN_POINT('',(106.206233515206,-11.3499488179868,-11.1311783075055));
#8322=CARTESIAN_POINT('',(106.151618067243,-11.3472321967498,-11.1303763733882));
#8323=CARTESIAN_POINT('',(106.080845036808,-11.3376732116527,-11.1275445490701));
#8324=CARTESIAN_POINT('',(106.022869830825,-11.3258843806582,-11.1240350103242));
#8325=CARTESIAN_POINT('',(105.967086552562,-11.3112980334462,-11.1196705923621));
#8326=CARTESIAN_POINT('',(105.901481353444,-11.2896560511803,-11.1131507121763));
#8327=CARTESIAN_POINT('',(105.821398343951,-11.2557394339054,-11.1028197323531));
#8328=CARTESIAN_POINT('',(105.738897451902,-11.2104601304326,-11.0887920205294));
#8329=CARTESIAN_POINT('',(105.665376156779,-11.1597137637969,-11.0727322262808));
#8330=CARTESIAN_POINT('',(105.601092124013,-11.1066673197953,-11.0556030046815));
#8331=CARTESIAN_POINT('',(105.535827534518,-11.0428239306278,-11.0345486268332));
#8332=CARTESIAN_POINT('',(105.465562705299,-10.9578902571086,-11.0057381239743));
#8333=CARTESIAN_POINT('',(105.400374033621,-10.8546453203595,-10.9693852740335));
#8334=CARTESIAN_POINT('',(105.347712345124,-10.7399405695222,-10.9272858497795));
#8335=CARTESIAN_POINT('',(105.308721695252,-10.6138220588579,-10.8790118359344));
#8336=CARTESIAN_POINT('',(105.290638069856,-10.4990669800651,-10.8329836095972));
#8337=CARTESIAN_POINT('',(105.286453013951,-10.3937568956162,-10.7890955189888));
#8338=CARTESIAN_POINT('',(105.292272285496,-10.2766780217167,-10.7388889958465));
#8339=CARTESIAN_POINT('',(105.321599496321,-10.1278727287914,-10.6720968131188));
#8340=CARTESIAN_POINT('',(105.387427869519,-9.964621632373,-10.5946036902479));
#8341=CARTESIAN_POINT('',(105.478340835556,-9.82124339612228,-10.5231523409544));
#8342=CARTESIAN_POINT('',(105.587475790981,-9.70132520272244,-10.4609110543261));
#8343=CARTESIAN_POINT('',(105.70436382626,-9.60959550660089,-10.4117007549271));
#8344=CARTESIAN_POINT('',(105.813496113037,-9.54759291361259,-10.3776597928488));
#8345=CARTESIAN_POINT('',(105.898967701069,-9.51134732291074,-10.3574818222312));
#8346=CARTESIAN_POINT('',(105.963507318737,-9.48986697408954,-10.3454341044732));
#8347=CARTESIAN_POINT('',(106.018840626158,-9.47497339243072,-10.3370413323977));
#8348=CARTESIAN_POINT('',(106.080223984451,-9.46232457137114,-10.3298847853233));
#8349=CARTESIAN_POINT('',(106.154134124566,-9.45251660856458,-10.3243155513641));
#8350=CARTESIAN_POINT('',(106.208364971255,-9.45000022374785,-10.3228832811245));
#8351=CARTESIAN_POINT('',(106.237703771638,-9.45,-10.3228831002387));
#8352=CARTESIAN_POINT('',(113.737703771642,-9.45,-10.3228831002387));
#8353=CARTESIAN_POINT('',(113.737703771638,-9.45,-10.3228831002387));
#8354=CARTESIAN_POINT('',(113.759311251829,-9.44999983521388,-10.3228829670197));
#8355=CARTESIAN_POINT('',(113.798213657474,-9.45132846372094,-10.3236390695489));
#8356=CARTESIAN_POINT('',(113.849872147972,-9.45627870363157,-10.3264522553904));
#8357=CARTESIAN_POINT('',(113.892695179359,-9.46245829278977,-10.3299579373147));
#8358=CARTESIAN_POINT('',(113.938901862424,-9.47107462984638,-10.3348367000764));
#8359=CARTESIAN_POINT('',(114.003785015036,-9.48681928167565,-10.3437256993896));
#8360=CARTESIAN_POINT('',(114.100972327999,-9.51934136444643,-10.3619759418309));
#8361=CARTESIAN_POINT('',(114.22562839267,-9.5797698567987,-10.3954609817994));
#8362=CARTESIAN_POINT('',(114.362698973839,-9.67712225809126,-10.4481468641598));
#8363=CARTESIAN_POINT('',(114.487030928999,-9.80649352676284,-10.5157341488125));
#8364=CARTESIAN_POINT('',(114.578655355825,-9.94847291178466,-10.5866483736219));
#8365=CARTESIAN_POINT('',(114.633404259436,-10.0760717020776,-10.6475599905592));
#8366=CARTESIAN_POINT('',(114.66064564717,-10.1704020756827,-10.6909971580071));
#8367=CARTESIAN_POINT('',(114.674322348151,-10.2379576904035,-10.7213517831873));
#8368=CARTESIAN_POINT('',(114.681681413964,-10.2895065562223,-10.7441058645234));
#8369=CARTESIAN_POINT('',(114.686014894454,-10.3374213185841,-10.7649181381239));
#8370=CARTESIAN_POINT('',(114.687523661253,-10.3736470743608,-10.7804136766731));
#8371=CARTESIAN_POINT('',(114.687789669712,-10.4045089518547,-10.7934768713366));
#8372=CARTESIAN_POINT('',(114.687305541236,-10.4352869302157,-10.8064033860804));
#8373=CARTESIAN_POINT('',(114.685044945815,-10.4758180198878,-10.8232082514423));
#8374=CARTESIAN_POINT('',(114.680281590612,-10.5214233151403,-10.8418233858738));
#8375=CARTESIAN_POINT('',(114.672609538764,-10.5714484209375,-10.8619259612919));
#8376=CARTESIAN_POINT('',(114.660072289937,-10.6308620654135,-10.8853705104197));
#8377=CARTESIAN_POINT('',(114.638048067546,-10.7075166206893,-10.9149173268411));
#8378=CARTESIAN_POINT('',(114.600823698798,-10.8024171731216,-10.9503937333092));
#8379=CARTESIAN_POINT('',(114.544643732355,-10.9066041694474,-10.9878652290093));
#8380=CARTESIAN_POINT('',(114.473359776814,-11.0049751248633,-11.0218491179862));
#8381=CARTESIAN_POINT('',(114.400801845404,-11.0825972574064,-11.0477408609762));
#8382=CARTESIAN_POINT('',(114.332880097818,-11.1418584821552,-11.0670036985212));
#8383=CARTESIAN_POINT('',(114.267538448161,-11.1899144218412,-11.0823185431354));
#8384=CARTESIAN_POINT('',(114.194205568612,-11.2347643383664,-11.0963491239997));
#8385=CARTESIAN_POINT('',(114.113949926599,-11.2739136848125,-11.1083757439234));
#8386=CARTESIAN_POINT('',(114.036297598327,-11.3029381643504,-11.1171610367977));
#8387=CARTESIAN_POINT('',(113.968454423121,-11.3222521477915,-11.1229517014365));
#8388=CARTESIAN_POINT('',(113.902621809728,-11.3364073794728,-11.1271691998462));
#8389=CARTESIAN_POINT('',(113.826436711809,-11.3471520536024,-11.1303529186749));
#8390=CARTESIAN_POINT('',(113.768096732835,-11.350052961317,-11.1312090741108));
#8391=CARTESIAN_POINT('',(113.706233515205,-11.3499488179868,-11.1311783075055));
#8392=CARTESIAN_POINT('',(113.651618067244,-11.3472321967498,-11.1303763733882));
#8393=CARTESIAN_POINT('',(113.580845036808,-11.3376732116527,-11.1275445490701));
#8394=CARTESIAN_POINT('',(113.522869830825,-11.3258843806582,-11.1240350103242));
#8395=CARTESIAN_POINT('',(113.467086552562,-11.3112980334462,-11.1196705923621));
#8396=CARTESIAN_POINT('',(113.401481353444,-11.2896560511803,-11.1131507121763));
#8397=CARTESIAN_POINT('',(113.321398343951,-11.2557394339054,-11.1028197323531));
#8398=CARTESIAN_POINT('',(113.238897451902,-11.2104601304326,-11.0887920205294));
#8399=CARTESIAN_POINT('',(113.165376156779,-11.1597137637969,-11.0727322262808));
#8400=CARTESIAN_POINT('',(113.101092124013,-11.1066673197953,-11.0556030046815));
#8401=CARTESIAN_POINT('',(113.035827534519,-11.0428239306278,-11.0345486268332));
#8402=CARTESIAN_POINT('',(112.965562705299,-10.9578902571086,-11.0057381239743));
#8403=CARTESIAN_POINT('',(112.900374033621,-10.8546453203595,-10.9693852740335));
#8404=CARTESIAN_POINT('',(112.847712345124,-10.7399405695222,-10.9272858497795));
#8405=CARTESIAN_POINT('',(112.808721695252,-10.613822058858,-10.8790118359344));
#8406=CARTESIAN_POINT('',(112.790638069856,-10.4990669800651,-10.8329836095972));
#8407=CARTESIAN_POINT('',(112.786453013951,-10.3937568956163,-10.7890955189888));
#8408=CARTESIAN_POINT('',(112.792272285496,-10.2766780217167,-10.7388889958465));
#8409=CARTESIAN_POINT('',(112.821599496321,-10.1278727287914,-10.6720968131188));
#8410=CARTESIAN_POINT('',(112.887427869519,-9.96462163237301,-10.5946036902479));
#8411=CARTESIAN_POINT('',(112.978340835556,-9.82124339612228,-10.5231523409544));
#8412=CARTESIAN_POINT('',(113.087475790981,-9.70132520272244,-10.460911054326));
#8413=CARTESIAN_POINT('',(113.20436382626,-9.60959550660091,-10.4117007549271));
#8414=CARTESIAN_POINT('',(113.313496113037,-9.54759291361258,-10.3776597928488));
#8415=CARTESIAN_POINT('',(113.398967701069,-9.51134732291073,-10.3574818222312));
#8416=CARTESIAN_POINT('',(113.463507318737,-9.48986697408954,-10.3454341044732));
#8417=CARTESIAN_POINT('',(113.518840626158,-9.47497339243071,-10.3370413323977));
#8418=CARTESIAN_POINT('',(113.580223984451,-9.46232457137115,-10.3298847853233));
#8419=CARTESIAN_POINT('',(113.654134124566,-9.45251660856457,-10.3243155513641));
#8420=CARTESIAN_POINT('',(113.708364971255,-9.45000022374785,-10.3228832811245));
#8421=CARTESIAN_POINT('',(113.737703771638,-9.45,-10.3228831002387));
#8422=CARTESIAN_POINT('',(121.237703771642,-9.45,-10.3228831002387));
#8423=CARTESIAN_POINT('',(121.237703771638,-9.45,-10.3228831002387));
#8424=CARTESIAN_POINT('',(121.259311251829,-9.44999983521388,-10.3228829670197));
#8425=CARTESIAN_POINT('',(121.298213657474,-9.45132846372094,-10.3236390695489));
#8426=CARTESIAN_POINT('',(121.349872147972,-9.45627870363157,-10.3264522553904));
#8427=CARTESIAN_POINT('',(121.392695179359,-9.46245829278978,-10.3299579373147));
#8428=CARTESIAN_POINT('',(121.438901862424,-9.47107462984637,-10.3348367000764));
#8429=CARTESIAN_POINT('',(121.503785015036,-9.48681928167566,-10.3437256993896));
#8430=CARTESIAN_POINT('',(121.600972327999,-9.51934136444642,-10.3619759418309));
#8431=CARTESIAN_POINT('',(121.72562839267,-9.57976985679872,-10.3954609817994));
#8432=CARTESIAN_POINT('',(121.862698973839,-9.67712225809126,-10.4481468641598));
#8433=CARTESIAN_POINT('',(121.987030928999,-9.80649352676285,-10.5157341488125));
#8434=CARTESIAN_POINT('',(122.078655355825,-9.94847291178465,-10.5866483736219));
#8435=CARTESIAN_POINT('',(122.133404259437,-10.0760717020775,-10.6475599905591));
#8436=CARTESIAN_POINT('',(122.16064564717,-10.1704020756825,-10.690997158007));
#8437=CARTESIAN_POINT('',(122.174322348151,-10.2379576904033,-10.7213517831872));
#8438=CARTESIAN_POINT('',(122.181681413964,-10.2895065562221,-10.7441058645233));
#8439=CARTESIAN_POINT('',(122.186014894454,-10.3374213185839,-10.7649181381238));
#8440=CARTESIAN_POINT('',(122.187523661253,-10.3736470743607,-10.780413676673));
#8441=CARTESIAN_POINT('',(122.187789669712,-10.4045089518544,-10.7934768713365));
#8442=CARTESIAN_POINT('',(122.187305541236,-10.4352869302155,-10.8064033860803));
#8443=CARTESIAN_POINT('',(122.185044945815,-10.4758180198876,-10.8232082514422));
#8444=CARTESIAN_POINT('',(122.180281590612,-10.5214233151401,-10.8418233858737));
#8445=CARTESIAN_POINT('',(122.172609538764,-10.5714484209374,-10.8619259612919));
#8446=CARTESIAN_POINT('',(122.160072289937,-10.6308620654134,-10.8853705104197));
#8447=CARTESIAN_POINT('',(122.138048067546,-10.7075166206892,-10.914917326841));
#8448=CARTESIAN_POINT('',(122.100823698798,-10.8024171731215,-10.9503937333092));
#8449=CARTESIAN_POINT('',(122.044643732355,-10.9066041694475,-10.9878652290093));
#8450=CARTESIAN_POINT('',(121.973359776814,-11.0049751248633,-11.0218491179862));
#8451=CARTESIAN_POINT('',(121.900801845404,-11.0825972574064,-11.0477408609762));
#8452=CARTESIAN_POINT('',(121.832880097818,-11.1418584821552,-11.0670036985212));
#8453=CARTESIAN_POINT('',(121.767538448161,-11.1899144218412,-11.0823185431354));
#8454=CARTESIAN_POINT('',(121.694205568612,-11.2347643383664,-11.0963491239997));
#8455=CARTESIAN_POINT('',(121.613949926599,-11.2739136848125,-11.1083757439234));
#8456=CARTESIAN_POINT('',(121.536297598327,-11.3029381643504,-11.1171610367977));
#8457=CARTESIAN_POINT('',(121.468454423121,-11.3222521477915,-11.1229517014365));
#8458=CARTESIAN_POINT('',(121.402621809728,-11.3364073794728,-11.1271691998462));
#8459=CARTESIAN_POINT('',(121.326436711809,-11.3471520536025,-11.1303529186749));
#8460=CARTESIAN_POINT('',(121.268096732835,-11.350052961317,-11.1312090741107));
#8461=CARTESIAN_POINT('',(121.206233515205,-11.3499488179868,-11.1311783075055));
#8462=CARTESIAN_POINT('',(121.151618067244,-11.3472321967498,-11.1303763733882));
#8463=CARTESIAN_POINT('',(121.080845036808,-11.3376732116527,-11.1275445490701));
#8464=CARTESIAN_POINT('',(121.022869830825,-11.3258843806582,-11.1240350103242));
#8465=CARTESIAN_POINT('',(120.967086552562,-11.3112980334462,-11.1196705923621));
#8466=CARTESIAN_POINT('',(120.901481353444,-11.2896560511803,-11.1131507121763));
#8467=CARTESIAN_POINT('',(120.821398343951,-11.2557394339054,-11.1028197323531));
#8468=CARTESIAN_POINT('',(120.738897451902,-11.2104601304326,-11.0887920205294));
#8469=CARTESIAN_POINT('',(120.665376156779,-11.1597137637969,-11.0727322262808));
#8470=CARTESIAN_POINT('',(120.601092124013,-11.1066673197953,-11.0556030046815));
#8471=CARTESIAN_POINT('',(120.535827534519,-11.0428239306278,-11.0345486268332));
#8472=CARTESIAN_POINT('',(120.465562705299,-10.9578902571086,-11.0057381239743));
#8473=CARTESIAN_POINT('',(120.400374033621,-10.8546453203596,-10.9693852740335));
#8474=CARTESIAN_POINT('',(120.347712345124,-10.7399405695221,-10.9272858497794));
#8475=CARTESIAN_POINT('',(120.308721695252,-10.6138220588577,-10.8790118359343));
#8476=CARTESIAN_POINT('',(120.290638069856,-10.499066980065,-10.8329836095971));
#8477=CARTESIAN_POINT('',(120.286453013951,-10.3937568956161,-10.7890955189887));
#8478=CARTESIAN_POINT('',(120.292272285496,-10.2766780217166,-10.7388889958464));
#8479=CARTESIAN_POINT('',(120.321599496321,-10.127872728791,-10.6720968131186));
#8480=CARTESIAN_POINT('',(120.387427869519,-9.96462163237297,-10.5946036902479));
#8481=CARTESIAN_POINT('',(120.478340835556,-9.82124339612231,-10.5231523409545));
#8482=CARTESIAN_POINT('',(120.587475790981,-9.70132520272244,-10.460911054326));
#8483=CARTESIAN_POINT('',(120.70436382626,-9.60959550660093,-10.4117007549271));
#8484=CARTESIAN_POINT('',(120.813496113037,-9.5475929136126,-10.3776597928488));
#8485=CARTESIAN_POINT('',(120.898967701069,-9.51134732291072,-10.3574818222312));
#8486=CARTESIAN_POINT('',(120.963507318737,-9.48986697408955,-10.3454341044732));
#8487=CARTESIAN_POINT('',(121.018840626158,-9.47497339243073,-10.3370413323977));
#8488=CARTESIAN_POINT('',(121.080223984451,-9.46232457137114,-10.3298847853233));
#8489=CARTESIAN_POINT('',(121.154134124566,-9.45251660856459,-10.3243155513642));
#8490=CARTESIAN_POINT('',(121.208364971255,-9.45000022374785,-10.3228832811245));
#8491=CARTESIAN_POINT('',(121.237703771638,-9.45,-10.3228831002387));
#8492=CARTESIAN_POINT('',(128.737703771642,-9.45,-10.3228831002387));
#8493=CARTESIAN_POINT('',(128.737703771638,-9.45,-10.3228831002387));
#8494=CARTESIAN_POINT('',(128.75931125183,-9.44999983521388,-10.3228829670197));
#8495=CARTESIAN_POINT('',(128.798213657474,-9.45132846372094,-10.3236390695489));
#8496=CARTESIAN_POINT('',(128.849872147972,-9.45627870363158,-10.3264522553904));
#8497=CARTESIAN_POINT('',(128.892695179359,-9.46245829278977,-10.3299579373147));
#8498=CARTESIAN_POINT('',(128.938901862424,-9.47107462984637,-10.3348367000764));
#8499=CARTESIAN_POINT('',(129.003785015036,-9.48681928167566,-10.3437256993896));
#8500=CARTESIAN_POINT('',(129.100972327999,-9.51934136444643,-10.3619759418309));
#8501=CARTESIAN_POINT('',(129.22562839267,-9.57976985679873,-10.3954609817994));
#8502=CARTESIAN_POINT('',(129.362698973839,-9.67712225809122,-10.4481468641598));
#8503=CARTESIAN_POINT('',(129.487030928999,-9.80649352676286,-10.5157341488125));
#8504=CARTESIAN_POINT('',(129.578655355825,-9.94847291178461,-10.5866483736219));
#8505=CARTESIAN_POINT('',(129.633404259437,-10.076071702078,-10.6475599905593));
#8506=CARTESIAN_POINT('',(129.660645647171,-10.1704020756831,-10.6909971580073));
#8507=CARTESIAN_POINT('',(129.674322348151,-10.2379576904042,-10.7213517831876));
#8508=CARTESIAN_POINT('',(129.681681413964,-10.2895065562232,-10.7441058645238));
#8509=CARTESIAN_POINT('',(129.686014894454,-10.3374213185852,-10.7649181381244));
#8510=CARTESIAN_POINT('',(129.687523661253,-10.3736470743616,-10.7804136766734));
#8511=CARTESIAN_POINT('',(129.687789669712,-10.4045089518556,-10.793476871337));
#8512=CARTESIAN_POINT('',(129.687305541236,-10.4352869302166,-10.8064033860807));
#8513=CARTESIAN_POINT('',(129.685044945815,-10.4758180198889,-10.8232082514428));
#8514=CARTESIAN_POINT('',(129.680281590612,-10.521423315141,-10.8418233858741));
#8515=CARTESIAN_POINT('',(129.672609538764,-10.5714484209379,-10.8619259612921));
#8516=CARTESIAN_POINT('',(129.660072289937,-10.6308620654137,-10.8853705104198));
#8517=CARTESIAN_POINT('',(129.638048067546,-10.7075166206894,-10.9149173268411));
#8518=CARTESIAN_POINT('',(129.600823698798,-10.8024171731216,-10.9503937333092));
#8519=CARTESIAN_POINT('',(129.544643732355,-10.9066041694474,-10.9878652290093));
#8520=CARTESIAN_POINT('',(129.473359776814,-11.0049751248633,-11.0218491179862));
#8521=CARTESIAN_POINT('',(129.400801845404,-11.0825972574064,-11.0477408609762));
#8522=CARTESIAN_POINT('',(129.332880097818,-11.1418584821552,-11.0670036985212));
#8523=CARTESIAN_POINT('',(129.267538448161,-11.1899144218412,-11.0823185431354));
#8524=CARTESIAN_POINT('',(129.194205568612,-11.2347643383664,-11.0963491239997));
#8525=CARTESIAN_POINT('',(129.113949926599,-11.2739136848125,-11.1083757439234));
#8526=CARTESIAN_POINT('',(129.036297598327,-11.3029381643504,-11.1171610367977));
#8527=CARTESIAN_POINT('',(128.968454423121,-11.3222521477915,-11.1229517014365));
#8528=CARTESIAN_POINT('',(128.902621809728,-11.3364073794728,-11.1271691998462));
#8529=CARTESIAN_POINT('',(128.826436711809,-11.3471520536025,-11.1303529186749));
#8530=CARTESIAN_POINT('',(128.768096732834,-11.350052961317,-11.1312090741107));
#8531=CARTESIAN_POINT('',(128.706233515206,-11.3499488179868,-11.1311783075056));
#8532=CARTESIAN_POINT('',(128.651618067243,-11.3472321967498,-11.1303763733881));
#8533=CARTESIAN_POINT('',(128.580845036808,-11.3376732116527,-11.1275445490701));
#8534=CARTESIAN_POINT('',(128.522869830825,-11.3258843806582,-11.1240350103242));
#8535=CARTESIAN_POINT('',(128.467086552562,-11.3112980334462,-11.1196705923621));
#8536=CARTESIAN_POINT('',(128.401481353444,-11.2896560511803,-11.1131507121763));
#8537=CARTESIAN_POINT('',(128.321398343951,-11.2557394339053,-11.1028197323531));
#8538=CARTESIAN_POINT('',(128.238897451902,-11.2104601304325,-11.0887920205294));
#8539=CARTESIAN_POINT('',(128.165376156779,-11.1597137637969,-11.0727322262808));
#8540=CARTESIAN_POINT('',(128.101092124013,-11.1066673197953,-11.0556030046815));
#8541=CARTESIAN_POINT('',(128.035827534518,-11.0428239306277,-11.0345486268332));
#8542=CARTESIAN_POINT('',(127.965562705299,-10.9578902571086,-11.0057381239743));
#8543=CARTESIAN_POINT('',(127.900374033621,-10.8546453203595,-10.9693852740335));
#8544=CARTESIAN_POINT('',(127.847712345124,-10.7399405695222,-10.9272858497795));
#8545=CARTESIAN_POINT('',(127.808721695252,-10.613822058858,-10.8790118359344));
#8546=CARTESIAN_POINT('',(127.790638069856,-10.4990669800651,-10.8329836095972));
#8547=CARTESIAN_POINT('',(127.786453013951,-10.3937568956162,-10.7890955189888));
#8548=CARTESIAN_POINT('',(127.792272285496,-10.2766780217167,-10.7388889958465));
#8549=CARTESIAN_POINT('',(127.821599496321,-10.1278727287914,-10.6720968131188));
#8550=CARTESIAN_POINT('',(127.887427869519,-9.964621632373,-10.5946036902479));
#8551=CARTESIAN_POINT('',(127.978340835556,-9.8212433961223,-10.5231523409545));
#8552=CARTESIAN_POINT('',(128.087475790981,-9.70132520272247,-10.4609110543261));
#8553=CARTESIAN_POINT('',(128.20436382626,-9.60959550660087,-10.4117007549271));
#8554=CARTESIAN_POINT('',(128.313496113036,-9.54759291361262,-10.3776597928488));
#8555=CARTESIAN_POINT('',(128.398967701069,-9.51134732291072,-10.3574818222312));
#8556=CARTESIAN_POINT('',(128.463507318737,-9.48986697408953,-10.3454341044732));
#8557=CARTESIAN_POINT('',(128.518840626158,-9.47497339243071,-10.3370413323977));
#8558=CARTESIAN_POINT('',(128.580223984451,-9.46232457137114,-10.3298847853233));
#8559=CARTESIAN_POINT('',(128.654134124566,-9.45251660856458,-10.3243155513641));
#8560=CARTESIAN_POINT('',(128.708364971255,-9.45000022374785,-10.3228832811245));
#8561=CARTESIAN_POINT('',(128.737703771638,-9.45,-10.3228831002387));
#8562=CARTESIAN_POINT('',(61.2377037716424,-5.94999999999999,-6.71870833312055));
#8563=CARTESIAN_POINT('',(61.2377037715855,-5.95000000181401,-6.71870833654251));
#8564=CARTESIAN_POINT('',(61.2456269610616,-5.94999961055193,-6.7187075283768));
#8565=CARTESIAN_POINT('',(61.2660940262685,-5.95025649630598,-6.71919177432555));
#8566=CARTESIAN_POINT('',(61.3059787873994,-5.95204623653879,-6.72256352003057));
#8567=CARTESIAN_POINT('',(61.3644020728214,-5.95763996198146,-6.73308630887339));
#8568=CARTESIAN_POINT('',(61.4364911374906,-5.96988965111473,-6.7560252939917));
#8569=CARTESIAN_POINT('',(61.511481440288,-5.98923436741566,-6.79191203115732));
#8570=CARTESIAN_POINT('',(61.5804237394879,-6.01306527859378,-6.83557084154674));
#8571=CARTESIAN_POINT('',(61.6439462695383,-6.04035959642268,-6.88488437270372));
#8572=CARTESIAN_POINT('',(61.705987696876,-6.07240341697592,-6.94189295072536));
#8573=CARTESIAN_POINT('',(61.7655591111107,-6.10909321391832,-7.00597812432735));
#8574=CARTESIAN_POINT('',(61.8189460291506,-6.14770965647508,-7.07207565195161));
#8575=CARTESIAN_POINT('',(61.8667912950354,-6.18730119740924,-7.13855917920933));
#8576=CARTESIAN_POINT('',(61.9160697279868,-6.23359408343158,-7.21481342150239));
#8577=CARTESIAN_POINT('',(61.9726283986724,-6.29553879652428,-7.31438709164746));
#8578=CARTESIAN_POINT('',(62.0332926181682,-6.37690869797256,-7.44090568804341));
#8579=CARTESIAN_POINT('',(62.0904517323281,-6.47571766947716,-7.58840081592708));
#8580=CARTESIAN_POINT('',(62.137569311617,-6.58717607999494,-7.74748251205731));
#8581=CARTESIAN_POINT('',(62.1691231562046,-6.70119604447865,-7.90271834800254));
#8582=CARTESIAN_POINT('',(62.1847422136212,-6.80650893669005,-8.0399037755846));
#8583=CARTESIAN_POINT('',(62.1877503591295,-6.87232752531453,-8.12263111751856));
#8584=CARTESIAN_POINT('',(62.1876661205796,-6.92422261663331,-8.18681220155447));
#8585=CARTESIAN_POINT('',(62.1859414715097,-6.96961628858707,-8.24225147527538));
#8586=CARTESIAN_POINT('',(62.1787048745168,-7.0360142910912,-8.32144079159887));
#8587=CARTESIAN_POINT('',(62.1668803112666,-7.10147252900032,-8.39773456187641));
#8588=CARTESIAN_POINT('',(62.1491504314929,-7.17139256130367,-8.4774420155623));
#8589=CARTESIAN_POINT('',(62.1239971216794,-7.24550325221028,-8.55988852967398));
#8590=CARTESIAN_POINT('',(62.0897657427253,-7.32294556151876,-8.64381607875234));
#8591=CARTESIAN_POINT('',(62.0521710204809,-7.39090448015528,-8.71566270251946));
#8592=CARTESIAN_POINT('',(62.0136122435088,-7.44931856618042,-8.77618255364702));
#8593=CARTESIAN_POINT('',(61.9766165626066,-7.498108325347,-8.82592114326568));
#8594=CARTESIAN_POINT('',(61.9372664362708,-7.54365132695652,-8.87166386068029));
#8595=CARTESIAN_POINT('',(61.8964260426872,-7.58534526287192,-8.91296997962889));
#8596=CARTESIAN_POINT('',(61.8543550225645,-7.62336826676326,-8.95017268744283));
#8597=CARTESIAN_POINT('',(61.8080676511505,-7.66054432441644,-8.9861444977093));
#8598=CARTESIAN_POINT('',(61.7556433621367,-7.69739029861843,-9.02139058557489));
#8599=CARTESIAN_POINT('',(61.6952434522438,-7.73358730667443,-9.0556160923594));
#8600=CARTESIAN_POINT('',(61.6302028271961,-7.76617772948027,-9.08610684054372));
#8601=CARTESIAN_POINT('',(61.5572142949674,-7.79590468327933,-9.11366026904947));
#8602=CARTESIAN_POINT('',(61.4734484138359,-7.82189061418743,-9.13753917433649));
#8603=CARTESIAN_POINT('',(61.381131907635,-7.84076886350387,-9.15476008690481));
#8604=CARTESIAN_POINT('',(61.3008460367738,-7.84881162094377,-9.16206589675252));
#8605=CARTESIAN_POINT('',(61.2443637346386,-7.85023389515068,-9.16335727633029));
#8606=CARTESIAN_POINT('',(61.1985892475239,-7.84956261635324,-9.16274775899854));
#8607=CARTESIAN_POINT('',(61.149769398079,-7.84654154445764,-9.16000439576891));
#8608=CARTESIAN_POINT('',(61.0877328624211,-7.83879370555439,-9.15295668089866));
#8609=CARTESIAN_POINT('',(61.0195406170462,-7.8256391682698,-9.14095701463762));
#8610=CARTESIAN_POINT('',(60.9437228873489,-7.80465103055636,-9.121715899537));
#8611=CARTESIAN_POINT('',(60.8643024195243,-7.77494924551074,-9.0942741079289));
#8612=CARTESIAN_POINT('',(60.7861481085438,-7.73734984136185,-9.05917840492177));
#8613=CARTESIAN_POINT('',(60.7100720624041,-7.69168485138284,-9.01600891040949));
#8614=CARTESIAN_POINT('',(60.6371884561524,-7.63802505888453,-8.96450476877504));
#8615=CARTESIAN_POINT('',(60.5720513231039,-7.57960620780746,-8.90741997078076));
#8616=CARTESIAN_POINT('',(60.5184166615065,-7.52198454348215,-8.85003509811262));
#8617=CARTESIAN_POINT('',(60.473979024733,-7.46633499448366,-8.79364285317576));
#8618=CARTESIAN_POINT('',(60.4351478492094,-7.40993630482943,-8.73550245831626));
#8619=CARTESIAN_POINT('',(60.3994561357955,-7.34893310889594,-8.67141232840114));
#8620=CARTESIAN_POINT('',(60.3702029744413,-7.28902552422732,-8.60717354423743));
#8621=CARTESIAN_POINT('',(60.3466942213593,-7.23123183664212,-8.54398035895311));
#8622=CARTESIAN_POINT('',(60.3279700891814,-7.17576143290699,-8.4822251716323));
#8623=CARTESIAN_POINT('',(60.3124417456364,-7.1181967281179,-8.41690942349401));
#8624=CARTESIAN_POINT('',(60.29887249312,-7.05120260507431,-8.33935208754469));
#8625=CARTESIAN_POINT('',(60.2897895813942,-6.97800239049011,-8.25248939229292));
#8626=CARTESIAN_POINT('',(60.2873048520586,-6.91521842722726,-8.1758556310069));
#8627=CARTESIAN_POINT('',(60.2885612633683,-6.83584462553187,-8.07710188070857));
#8628=CARTESIAN_POINT('',(60.2986407465713,-6.73711080367142,-7.95056051193418));
#8629=CARTESIAN_POINT('',(60.3305086263781,-6.60742927073307,-7.7758466343196));
#8630=CARTESIAN_POINT('',(60.378110471147,-6.48920512599384,-7.60814166657027));
#8631=CARTESIAN_POINT('',(60.4331848171976,-6.39144352716515,-7.46280789727724));
#8632=CARTESIAN_POINT('',(60.4844517301121,-6.31942363858885,-7.35170434008172));
#8633=CARTESIAN_POINT('',(60.5309288289375,-6.26412711180391,-7.26404665946126));
#8634=CARTESIAN_POINT('',(60.5747090999602,-6.21863734860656,-7.19031156878074));
#8635=CARTESIAN_POINT('',(60.6203758847344,-6.17707111982363,-7.12150605183735));
#8636=CARTESIAN_POINT('',(60.6662193816483,-6.14039188711597,-7.05960765041019));
#8637=CARTESIAN_POINT('',(60.7122423164948,-6.10792254249289,-7.00385874735105));
#8638=CARTESIAN_POINT('',(60.7571507892746,-6.07996124360273,-6.95510039575786));
#8639=CARTESIAN_POINT('',(60.8009859572973,-6.05588013277928,-6.91253307929678));
#8640=CARTESIAN_POINT('',(60.8422428963448,-6.03584555214639,-6.87670510200579));
#8641=CARTESIAN_POINT('',(60.8820958830625,-6.01873643770804,-6.84580647161559));
#8642=CARTESIAN_POINT('',(60.9202750151991,-6.00429962670632,-6.81951092864356));
#8643=CARTESIAN_POINT('',(60.9574411565333,-5.9920196652823,-6.79697882238979));
#8644=CARTESIAN_POINT('',(60.9956586200054,-5.98105696661261,-6.77673951248176));
#8645=CARTESIAN_POINT('',(61.0395786602709,-5.97044794965662,-6.75703784273718));
#8646=CARTESIAN_POINT('',(61.0951678249639,-5.96004730689244,-6.73760506476268));
#8647=CARTESIAN_POINT('',(61.1624244138501,-5.95202388403575,-6.7225255826728));
#8648=CARTESIAN_POINT('',(61.2121591393847,-5.95000126325627,-6.71871094209622));
#8649=CARTESIAN_POINT('',(61.2377037715855,-5.95000000181401,-6.71870833654251));
#8650=CARTESIAN_POINT('',(68.7377037716424,-5.95,-6.71870833312055));
#8651=CARTESIAN_POINT('',(68.7377037715855,-5.95000000181401,-6.71870833654251));
#8652=CARTESIAN_POINT('',(68.7456269610616,-5.94999961055193,-6.7187075283768));
#8653=CARTESIAN_POINT('',(68.7660940262685,-5.95025649630598,-6.71919177432555));
#8654=CARTESIAN_POINT('',(68.8059787873993,-5.95204623653879,-6.72256352003056));
#8655=CARTESIAN_POINT('',(68.8644020728214,-5.95763996198147,-6.73308630887341));
#8656=CARTESIAN_POINT('',(68.9364911374906,-5.96988965111472,-6.75602529399169));
#8657=CARTESIAN_POINT('',(69.011481440288,-5.98923436741566,-6.79191203115733));
#8658=CARTESIAN_POINT('',(69.0804237394879,-6.01306527859378,-6.83557084154674));
#8659=CARTESIAN_POINT('',(69.1439462695384,-6.04035959642269,-6.88488437270374));
#8660=CARTESIAN_POINT('',(69.205987696876,-6.07240341697593,-6.94189295072537));
#8661=CARTESIAN_POINT('',(69.2655591111107,-6.10909321391832,-7.00597812432736));
#8662=CARTESIAN_POINT('',(69.3189460291507,-6.1477096564751,-7.07207565195163));
#8663=CARTESIAN_POINT('',(69.3667912950355,-6.18730119740925,-7.13855917920935));
#8664=CARTESIAN_POINT('',(69.4160697279868,-6.23359408343159,-7.21481342150241));
#8665=CARTESIAN_POINT('',(69.4726283986725,-6.29553879652431,-7.31438709164751));
#8666=CARTESIAN_POINT('',(69.5332926181682,-6.3769086979726,-7.44090568804346));
#8667=CARTESIAN_POINT('',(69.5904517323281,-6.47571766947717,-7.5884008159271));
#8668=CARTESIAN_POINT('',(69.637569311617,-6.58717607999488,-7.74748251205723));
#8669=CARTESIAN_POINT('',(69.6691231562046,-6.70119604447859,-7.90271834800245));
#8670=CARTESIAN_POINT('',(69.684742213621,-6.80650893669,-8.03990377558452));
#8671=CARTESIAN_POINT('',(69.6877503591296,-6.87232752531412,-8.12263111751806));
#8672=CARTESIAN_POINT('',(69.6876661205795,-6.92422261663289,-8.18681220155394));
#8673=CARTESIAN_POINT('',(69.6859414715098,-6.96961628858663,-8.24225147527487));
#8674=CARTESIAN_POINT('',(69.6787048745168,-7.03601429109114,-8.32144079159879));
#8675=CARTESIAN_POINT('',(69.6668803112666,-7.1014725290003,-8.39773456187639));
#8676=CARTESIAN_POINT('',(69.6491504314929,-7.17139256130367,-8.47744201556231));
#8677=CARTESIAN_POINT('',(69.6239971216794,-7.24550325221031,-8.55988852967401));
#8678=CARTESIAN_POINT('',(69.5897657427252,-7.32294556151878,-8.64381607875236));
#8679=CARTESIAN_POINT('',(69.5521710204809,-7.39090448015531,-8.71566270251949));
#8680=CARTESIAN_POINT('',(69.5136122435088,-7.44931856618042,-8.77618255364702));
#8681=CARTESIAN_POINT('',(69.4766165626066,-7.49810832534702,-8.82592114326571));
#8682=CARTESIAN_POINT('',(69.4372664362708,-7.54365132695652,-8.87166386068028));
#8683=CARTESIAN_POINT('',(69.3964260426872,-7.58534526287194,-8.91296997962892));
#8684=CARTESIAN_POINT('',(69.3543550225644,-7.62336826676326,-8.95017268744282));
#8685=CARTESIAN_POINT('',(69.3080676511505,-7.66054432441644,-8.9861444977093));
#8686=CARTESIAN_POINT('',(69.2556433621366,-7.69739029861842,-9.02139058557488));
#8687=CARTESIAN_POINT('',(69.1952434522438,-7.73358730667444,-9.05561609235941));
#8688=CARTESIAN_POINT('',(69.1302028271961,-7.76617772948028,-9.08610684054372));
#8689=CARTESIAN_POINT('',(69.0572142949673,-7.79590468327933,-9.11366026904948));
#8690=CARTESIAN_POINT('',(68.9734484138359,-7.82189061418744,-9.1375391743365));
#8691=CARTESIAN_POINT('',(68.881131907635,-7.84076886350387,-9.15476008690482));
#8692=CARTESIAN_POINT('',(68.8008460367738,-7.84881162094377,-9.16206589675252));
#8693=CARTESIAN_POINT('',(68.7443637346386,-7.85023389515068,-9.16335727633029));
#8694=CARTESIAN_POINT('',(68.6985892475239,-7.84956261635323,-9.16274775899853));
#8695=CARTESIAN_POINT('',(68.6497693980791,-7.84654154445764,-9.16000439576891));
#8696=CARTESIAN_POINT('',(68.5877328624211,-7.83879370555439,-9.15295668089866));
#8697=CARTESIAN_POINT('',(68.5195406170462,-7.82563916826979,-9.14095701463761));
#8698=CARTESIAN_POINT('',(68.4437228873489,-7.80465103055636,-9.121715899537));
#8699=CARTESIAN_POINT('',(68.3643024195244,-7.77494924551075,-9.09427410792891));
#8700=CARTESIAN_POINT('',(68.2861481085437,-7.73734984136184,-9.05917840492175));
#8701=CARTESIAN_POINT('',(68.2100720624042,-7.69168485138283,-9.01600891040949));
#8702=CARTESIAN_POINT('',(68.1371884561524,-7.63802505888452,-8.96450476877503));
#8703=CARTESIAN_POINT('',(68.0720513231038,-7.57960620780744,-8.90741997078073));
#8704=CARTESIAN_POINT('',(68.0184166615065,-7.52198454348213,-8.85003509811261));
#8705=CARTESIAN_POINT('',(67.973979024733,-7.46633499448365,-8.79364285317574));
#8706=CARTESIAN_POINT('',(67.9351478492094,-7.4099363048294,-8.73550245831622));
#8707=CARTESIAN_POINT('',(67.8994561357955,-7.3489331088959,-8.6714123284011));
#8708=CARTESIAN_POINT('',(67.8702029744413,-7.28902552422726,-8.60717354423737));
#8709=CARTESIAN_POINT('',(67.8466942213592,-7.23123183664203,-8.54398035895302));
#8710=CARTESIAN_POINT('',(67.8279700891813,-7.17576143290687,-8.48222517163217));
#8711=CARTESIAN_POINT('',(67.8124417456364,-7.11819672811775,-8.41690942349384));
#8712=CARTESIAN_POINT('',(67.79887249312,-7.05120260507411,-8.33935208754446));
#8713=CARTESIAN_POINT('',(67.7897895813941,-6.97800239048996,-8.25248939229274));
#8714=CARTESIAN_POINT('',(67.7873048520587,-6.91521842722707,-8.17585563100667));
#8715=CARTESIAN_POINT('',(67.7885612633683,-6.83584462553167,-8.07710188070832));
#8716=CARTESIAN_POINT('',(67.7986407465714,-6.73711080367115,-7.95056051193382));
#8717=CARTESIAN_POINT('',(67.8305086263781,-6.60742927073283,-7.77584663431927));
#8718=CARTESIAN_POINT('',(67.8781104711471,-6.48920512599365,-7.60814166656999));
#8719=CARTESIAN_POINT('',(67.9331848171978,-6.39144352716501,-7.46280789727703));
#8720=CARTESIAN_POINT('',(67.9844517301122,-6.31942363858874,-7.35170434008155));
#8721=CARTESIAN_POINT('',(68.0309288289375,-6.26412711180382,-7.26404665946112));
#8722=CARTESIAN_POINT('',(68.0747090999602,-6.21863734860649,-7.19031156878063));
#8723=CARTESIAN_POINT('',(68.1203758847344,-6.17707111982358,-7.12150605183727));
#8724=CARTESIAN_POINT('',(68.1662193816484,-6.14039188711594,-7.05960765041014));
#8725=CARTESIAN_POINT('',(68.2122423164948,-6.10792254249287,-7.00385874735102));
#8726=CARTESIAN_POINT('',(68.2571507892746,-6.07996124360272,-6.95510039575786));
#8727=CARTESIAN_POINT('',(68.3009859572973,-6.05588013277929,-6.91253307929678));
#8728=CARTESIAN_POINT('',(68.3422428963447,-6.03584555214639,-6.87670510200579));
#8729=CARTESIAN_POINT('',(68.3820958830625,-6.01873643770804,-6.84580647161558));
#8730=CARTESIAN_POINT('',(68.420275015199,-6.00429962670633,-6.81951092864358));
#8731=CARTESIAN_POINT('',(68.4574411565333,-5.9920196652823,-6.7969788223898));
#8732=CARTESIAN_POINT('',(68.4956586200054,-5.9810569666126,-6.77673951248174));
#8733=CARTESIAN_POINT('',(68.5395786602709,-5.97044794965663,-6.75703784273719));
#8734=CARTESIAN_POINT('',(68.5951678249639,-5.96004730689243,-6.73760506476266));
#8735=CARTESIAN_POINT('',(68.6624244138501,-5.95202388403576,-6.72252558267282));
#8736=CARTESIAN_POINT('',(68.7121591393847,-5.95000126325627,-6.71871094209622));
#8737=CARTESIAN_POINT('',(68.7377037715855,-5.95000000181401,-6.71870833654251));
#8738=CARTESIAN_POINT('',(76.2377037716424,-5.95,-6.71870833312055));
#8739=CARTESIAN_POINT('',(76.2377037715855,-5.95000000181402,-6.71870833654251));
#8740=CARTESIAN_POINT('',(76.2456269610616,-5.94999961055193,-6.7187075283768));
#8741=CARTESIAN_POINT('',(76.2660940262685,-5.95025649630598,-6.71919177432556));
#8742=CARTESIAN_POINT('',(76.3059787873994,-5.95204623653879,-6.72256352003056));
#8743=CARTESIAN_POINT('',(76.3644020728214,-5.95763996198147,-6.73308630887341));
#8744=CARTESIAN_POINT('',(76.4364911374906,-5.96988965111473,-6.7560252939917));
#8745=CARTESIAN_POINT('',(76.511481440288,-5.98923436741566,-6.79191203115733));
#8746=CARTESIAN_POINT('',(76.5804237394878,-6.01306527859377,-6.83557084154672));
#8747=CARTESIAN_POINT('',(76.6439462695384,-6.04035959642269,-6.88488437270375));
#8748=CARTESIAN_POINT('',(76.705987696876,-6.07240341697593,-6.94189295072537));
#8749=CARTESIAN_POINT('',(76.7655591111107,-6.10909321391833,-7.00597812432737));
#8750=CARTESIAN_POINT('',(76.8189460291507,-6.1477096564751,-7.07207565195164));
#8751=CARTESIAN_POINT('',(76.8667912950355,-6.18730119740926,-7.13855917920936));
#8752=CARTESIAN_POINT('',(76.9160697279868,-6.23359408343159,-7.21481342150241));
#8753=CARTESIAN_POINT('',(76.9726283986724,-6.29553879652431,-7.31438709164751));
#8754=CARTESIAN_POINT('',(77.0332926181682,-6.37690869797259,-7.44090568804344));
#8755=CARTESIAN_POINT('',(77.090451732328,-6.47571766947713,-7.58840081592704));
#8756=CARTESIAN_POINT('',(77.137569311617,-6.5871760799948,-7.74748251205711));
#8757=CARTESIAN_POINT('',(77.1691231562046,-6.70119604447848,-7.90271834800231));
#8758=CARTESIAN_POINT('',(77.1847422136211,-6.80650893668994,-8.03990377558445));
#8759=CARTESIAN_POINT('',(77.1877503591295,-6.87232752531384,-8.12263111751771));
#8760=CARTESIAN_POINT('',(77.1876661205796,-6.92422261663264,-8.18681220155364));
#8761=CARTESIAN_POINT('',(77.1859414715098,-6.96961628858634,-8.24225147527452));
#8762=CARTESIAN_POINT('',(77.1787048745168,-7.03601429109106,-8.3214407915987));
#8763=CARTESIAN_POINT('',(77.1668803112666,-7.10147252900026,-8.39773456187633));
#8764=CARTESIAN_POINT('',(77.1491504314928,-7.17139256130365,-8.47744201556228));
#8765=CARTESIAN_POINT('',(77.1239971216794,-7.24550325221029,-8.55988852967399));
#8766=CARTESIAN_POINT('',(77.0897657427252,-7.32294556151878,-8.64381607875236));
#8767=CARTESIAN_POINT('',(77.0521710204809,-7.39090448015529,-8.71566270251947));
#8768=CARTESIAN_POINT('',(77.0136122435088,-7.44931856618042,-8.77618255364701));
#8769=CARTESIAN_POINT('',(76.9766165626066,-7.498108325347,-8.82592114326568));
#8770=CARTESIAN_POINT('',(76.9372664362708,-7.54365132695652,-8.87166386068029));
#8771=CARTESIAN_POINT('',(76.8964260426871,-7.58534526287191,-8.91296997962889));
#8772=CARTESIAN_POINT('',(76.8543550225644,-7.62336826676325,-8.95017268744281));
#8773=CARTESIAN_POINT('',(76.8080676511505,-7.66054432441644,-8.98614449770931));
#8774=CARTESIAN_POINT('',(76.7556433621367,-7.69739029861842,-9.02139058557488));
#8775=CARTESIAN_POINT('',(76.6952434522438,-7.73358730667443,-9.0556160923594));
#8776=CARTESIAN_POINT('',(76.6302028271961,-7.76617772948028,-9.08610684054373));
#8777=CARTESIAN_POINT('',(76.5572142949673,-7.79590468327932,-9.11366026904947));
#8778=CARTESIAN_POINT('',(76.4734484138359,-7.82189061418744,-9.1375391743365));
#8779=CARTESIAN_POINT('',(76.381131907635,-7.84076886350386,-9.15476008690481));
#8780=CARTESIAN_POINT('',(76.3008460367738,-7.84881162094377,-9.16206589675252));
#8781=CARTESIAN_POINT('',(76.2443637346386,-7.85023389515068,-9.1633572763303));
#8782=CARTESIAN_POINT('',(76.1985892475239,-7.84956261635324,-9.16274775899853));
#8783=CARTESIAN_POINT('',(76.149769398079,-7.84654154445764,-9.16000439576891));
#8784=CARTESIAN_POINT('',(76.0877328624211,-7.83879370555439,-9.15295668089866));
#8785=CARTESIAN_POINT('',(76.0195406170462,-7.82563916826981,-9.14095701463763));
#8786=CARTESIAN_POINT('',(75.9437228873489,-7.80465103055637,-9.12171589953701));
#8787=CARTESIAN_POINT('',(75.8643024195244,-7.77494924551075,-9.09427410792892));
#8788=CARTESIAN_POINT('',(75.7861481085437,-7.73734984136184,-9.05917840492175));
#8789=CARTESIAN_POINT('',(75.7100720624042,-7.69168485138285,-9.01600891040951));
#8790=CARTESIAN_POINT('',(75.6371884561524,-7.63802505888453,-8.96450476877505));
#8791=CARTESIAN_POINT('',(75.5720513231039,-7.57960620780747,-8.90741997078076));
#8792=CARTESIAN_POINT('',(75.5184166615065,-7.52198454348215,-8.85003509811263));
#8793=CARTESIAN_POINT('',(75.473979024733,-7.46633499448365,-8.79364285317575));
#8794=CARTESIAN_POINT('',(75.4351478492094,-7.40993630482943,-8.73550245831625));
#8795=CARTESIAN_POINT('',(75.3994561357956,-7.34893310889591,-8.67141232840112));
#8796=CARTESIAN_POINT('',(75.3702029744413,-7.28902552422731,-8.60717354423742));
#8797=CARTESIAN_POINT('',(75.3466942213593,-7.23123183664211,-8.5439803589531));
#8798=CARTESIAN_POINT('',(75.3279700891814,-7.17576143290697,-8.48222517163228));
#8799=CARTESIAN_POINT('',(75.3124417456364,-7.1181967281179,-8.41690942349401));
#8800=CARTESIAN_POINT('',(75.29887249312,-7.05120260507431,-8.33935208754469));
#8801=CARTESIAN_POINT('',(75.2897895813941,-6.97800239049011,-8.25248939229292));
#8802=CARTESIAN_POINT('',(75.2873048520587,-6.91521842722726,-8.17585563100691));
#8803=CARTESIAN_POINT('',(75.2885612633682,-6.83584462553186,-8.07710188070856));
#8804=CARTESIAN_POINT('',(75.2986407465714,-6.7371108036714,-7.95056051193415));
#8805=CARTESIAN_POINT('',(75.3305086263781,-6.60742927073304,-7.77584663431956));
#8806=CARTESIAN_POINT('',(75.378110471147,-6.4892051259938,-7.60814166657021));
#8807=CARTESIAN_POINT('',(75.4331848171976,-6.39144352716511,-7.46280789727718));
#8808=CARTESIAN_POINT('',(75.4844517301122,-6.31942363858882,-7.35170434008167));
#8809=CARTESIAN_POINT('',(75.5309288289375,-6.26412711180387,-7.2640466594612));
#8810=CARTESIAN_POINT('',(75.5747090999602,-6.21863734860654,-7.19031156878072));
#8811=CARTESIAN_POINT('',(75.6203758847344,-6.1770711198236,-7.1215060518373));
#8812=CARTESIAN_POINT('',(75.6662193816483,-6.14039188711596,-7.05960765041017));
#8813=CARTESIAN_POINT('',(75.7122423164948,-6.10792254249288,-7.00385874735104));
#8814=CARTESIAN_POINT('',(75.7571507892746,-6.07996124360272,-6.95510039575786));
#8815=CARTESIAN_POINT('',(75.8009859572974,-6.05588013277929,-6.91253307929679));
#8816=CARTESIAN_POINT('',(75.8422428963447,-6.0358455521464,-6.87670510200581));
#8817=CARTESIAN_POINT('',(75.8820958830625,-6.01873643770805,-6.8458064716156));
#8818=CARTESIAN_POINT('',(75.920275015199,-6.00429962670633,-6.81951092864357));
#8819=CARTESIAN_POINT('',(75.9574411565333,-5.99201966528231,-6.7969788223898));
#8820=CARTESIAN_POINT('',(75.9956586200054,-5.9810569666126,-6.77673951248175));
#8821=CARTESIAN_POINT('',(76.0395786602709,-5.97044794965662,-6.75703784273719));
#8822=CARTESIAN_POINT('',(76.0951678249639,-5.96004730689243,-6.73760506476266));
#8823=CARTESIAN_POINT('',(76.1624244138501,-5.95202388403576,-6.72252558267282));
#8824=CARTESIAN_POINT('',(76.2121591393847,-5.95000126325627,-6.71871094209623));
#8825=CARTESIAN_POINT('',(76.2377037715855,-5.95000000181402,-6.71870833654251));
#8826=CARTESIAN_POINT('',(83.7377037716424,-5.95,-6.71870833312055));
#8827=CARTESIAN_POINT('',(83.7377037715855,-5.95000000181402,-6.71870833654252));
#8828=CARTESIAN_POINT('',(83.7456269610616,-5.94999961055193,-6.71870752837681));
#8829=CARTESIAN_POINT('',(83.7660940262685,-5.95025649630599,-6.71919177432556));
#8830=CARTESIAN_POINT('',(83.8059787873993,-5.95204623653879,-6.72256352003056));
#8831=CARTESIAN_POINT('',(83.8644020728214,-5.95763996198148,-6.73308630887341));
#8832=CARTESIAN_POINT('',(83.9364911374906,-5.96988965111472,-6.75602529399169));
#8833=CARTESIAN_POINT('',(84.0114814402881,-5.98923436741566,-6.79191203115733));
#8834=CARTESIAN_POINT('',(84.0804237394879,-6.01306527859378,-6.83557084154675));
#8835=CARTESIAN_POINT('',(84.1439462695383,-6.04035959642268,-6.88488437270373));
#8836=CARTESIAN_POINT('',(84.2059876968761,-6.07240341697595,-6.9418929507254));
#8837=CARTESIAN_POINT('',(84.2655591111107,-6.10909321391834,-7.0059781243274));
#8838=CARTESIAN_POINT('',(84.3189460291507,-6.14770965647512,-7.07207565195168));
#8839=CARTESIAN_POINT('',(84.3667912950355,-6.1873011974093,-7.13855917920943));
#8840=CARTESIAN_POINT('',(84.4160697279869,-6.23359408343165,-7.2148134215025));
#8841=CARTESIAN_POINT('',(84.4726283986725,-6.29553879652438,-7.31438709164762));
#8842=CARTESIAN_POINT('',(84.5332926181683,-6.3769086979727,-7.44090568804362));
#8843=CARTESIAN_POINT('',(84.5904517323282,-6.47571766947732,-7.58840081592732));
#8844=CARTESIAN_POINT('',(84.6375693116171,-6.58717607999508,-7.74748251205751));
#8845=CARTESIAN_POINT('',(84.6691231562047,-6.70119604447881,-7.90271834800274));
#8846=CARTESIAN_POINT('',(84.684742213621,-6.80650893669015,-8.03990377558473));
#8847=CARTESIAN_POINT('',(84.6877503591297,-6.87232752531436,-8.12263111751834));
#8848=CARTESIAN_POINT('',(84.6876661205794,-6.92422261663311,-8.18681220155423));
#8849=CARTESIAN_POINT('',(84.6859414715098,-6.96961628858692,-8.2422514752752));
#8850=CARTESIAN_POINT('',(84.6787048745167,-7.03601429109131,-8.32144079159899));
#8851=CARTESIAN_POINT('',(84.6668803112665,-7.10147252900044,-8.39773456187655));
#8852=CARTESIAN_POINT('',(84.6491504314928,-7.17139256130377,-8.47744201556242));
#8853=CARTESIAN_POINT('',(84.6239971216794,-7.24550325221037,-8.55988852967408));
#8854=CARTESIAN_POINT('',(84.5897657427252,-7.3229455615188,-8.64381607875239));
#8855=CARTESIAN_POINT('',(84.5521710204809,-7.39090448015532,-8.7156627025195));
#8856=CARTESIAN_POINT('',(84.5136122435088,-7.44931856618042,-8.77618255364702));
#8857=CARTESIAN_POINT('',(84.4766165626066,-7.49810832534701,-8.82592114326569));
#8858=CARTESIAN_POINT('',(84.4372664362708,-7.54365132695652,-8.87166386068029));
#8859=CARTESIAN_POINT('',(84.3964260426872,-7.58534526287192,-8.9129699796289));
#8860=CARTESIAN_POINT('',(84.3543550225645,-7.62336826676325,-8.95017268744281));
#8861=CARTESIAN_POINT('',(84.3080676511505,-7.66054432441643,-8.9861444977093));
#8862=CARTESIAN_POINT('',(84.2556433621366,-7.69739029861842,-9.02139058557488));
#8863=CARTESIAN_POINT('',(84.1952434522438,-7.73358730667443,-9.0556160923594));
#8864=CARTESIAN_POINT('',(84.1302028271961,-7.76617772948028,-9.08610684054372));
#8865=CARTESIAN_POINT('',(84.0572142949673,-7.79590468327933,-9.11366026904948));
#8866=CARTESIAN_POINT('',(83.9734484138359,-7.82189061418745,-9.13753917433651));
#8867=CARTESIAN_POINT('',(83.881131907635,-7.84076886350386,-9.15476008690481));
#8868=CARTESIAN_POINT('',(83.8008460367738,-7.84881162094378,-9.16206589675253));
#8869=CARTESIAN_POINT('',(83.7443637346387,-7.85023389515068,-9.16335727633029));
#8870=CARTESIAN_POINT('',(83.6985892475239,-7.84956261635324,-9.16274775899854));
#8871=CARTESIAN_POINT('',(83.649769398079,-7.84654154445764,-9.16000439576891));
#8872=CARTESIAN_POINT('',(83.5877328624212,-7.8387937055544,-9.15295668089867));
#8873=CARTESIAN_POINT('',(83.5195406170462,-7.82563916826981,-9.14095701463762));
#8874=CARTESIAN_POINT('',(83.4437228873489,-7.80465103055635,-9.121715899537));
#8875=CARTESIAN_POINT('',(83.3643024195243,-7.77494924551074,-9.09427410792891));
#8876=CARTESIAN_POINT('',(83.2861481085437,-7.73734984136184,-9.05917840492175));
#8877=CARTESIAN_POINT('',(83.2100720624041,-7.69168485138284,-9.0160089104095));
#8878=CARTESIAN_POINT('',(83.1371884561524,-7.63802505888454,-8.96450476877505));
#8879=CARTESIAN_POINT('',(83.0720513231039,-7.57960620780745,-8.90741997078075));
#8880=CARTESIAN_POINT('',(83.0184166615065,-7.52198454348215,-8.85003509811263));
#8881=CARTESIAN_POINT('',(82.973979024733,-7.46633499448366,-8.79364285317576));
#8882=CARTESIAN_POINT('',(82.9351478492095,-7.40993630482942,-8.73550245831624));
#8883=CARTESIAN_POINT('',(82.8994561357956,-7.34893310889593,-8.67141232840113));
#8884=CARTESIAN_POINT('',(82.8702029744413,-7.28902552422731,-8.60717354423742));
#8885=CARTESIAN_POINT('',(82.8466942213593,-7.23123183664212,-8.54398035895311));
#8886=CARTESIAN_POINT('',(82.8279700891814,-7.17576143290698,-8.48222517163229));
#8887=CARTESIAN_POINT('',(82.8124417456364,-7.11819672811791,-8.41690942349403));
#8888=CARTESIAN_POINT('',(82.79887249312,-7.05120260507434,-8.33935208754472));
#8889=CARTESIAN_POINT('',(82.7897895813942,-6.97800239049013,-8.25248939229294));
#8890=CARTESIAN_POINT('',(82.7873048520586,-6.91521842722728,-8.17585563100693));
#8891=CARTESIAN_POINT('',(82.7885612633684,-6.83584462553188,-8.07710188070859));
#8892=CARTESIAN_POINT('',(82.7986407465713,-6.73711080367142,-7.95056051193417));
#8893=CARTESIAN_POINT('',(82.8305086263781,-6.60742927073304,-7.77584663431957));
#8894=CARTESIAN_POINT('',(82.878110471147,-6.4892051259938,-7.60814166657021));
#8895=CARTESIAN_POINT('',(82.9331848171976,-6.39144352716511,-7.46280789727718));
#8896=CARTESIAN_POINT('',(82.9844517301122,-6.31942363858881,-7.35170434008166));
#8897=CARTESIAN_POINT('',(83.0309288289375,-6.26412711180387,-7.2640466594612));
#8898=CARTESIAN_POINT('',(83.0747090999602,-6.21863734860654,-7.19031156878072));
#8899=CARTESIAN_POINT('',(83.1203758847344,-6.1770711198236,-7.12150605183731));
#8900=CARTESIAN_POINT('',(83.1662193816483,-6.14039188711595,-7.05960765041017));
#8901=CARTESIAN_POINT('',(83.2122423164948,-6.10792254249288,-7.00385874735104));
#8902=CARTESIAN_POINT('',(83.2571507892747,-6.07996124360274,-6.95510039575787));
#8903=CARTESIAN_POINT('',(83.3009859572973,-6.05588013277928,-6.91253307929678));
#8904=CARTESIAN_POINT('',(83.3422428963447,-6.0358455521464,-6.8767051020058));
#8905=CARTESIAN_POINT('',(83.3820958830624,-6.01873643770804,-6.84580647161559));
#8906=CARTESIAN_POINT('',(83.4202750151991,-6.00429962670633,-6.81951092864357));
#8907=CARTESIAN_POINT('',(83.4574411565333,-5.99201966528231,-6.7969788223898));
#8908=CARTESIAN_POINT('',(83.4956586200054,-5.9810569666126,-6.77673951248174));
#8909=CARTESIAN_POINT('',(83.5395786602709,-5.97044794965662,-6.75703784273718));
#8910=CARTESIAN_POINT('',(83.5951678249639,-5.96004730689243,-6.73760506476267));
#8911=CARTESIAN_POINT('',(83.6624244138501,-5.95202388403576,-6.72252558267282));
#8912=CARTESIAN_POINT('',(83.7121591393847,-5.95000126325627,-6.71871094209623));
#8913=CARTESIAN_POINT('',(83.7377037715855,-5.95000000181402,-6.71870833654252));
#8914=CARTESIAN_POINT('',(91.2377037716424,-5.95,-6.71870833312055));
#8915=CARTESIAN_POINT('',(91.2377037715855,-5.95000000181402,-6.71870833654252));
#8916=CARTESIAN_POINT('',(91.2456269610616,-5.94999961055194,-6.71870752837681));
#8917=CARTESIAN_POINT('',(91.2660940262685,-5.95025649630599,-6.71919177432556));
#8918=CARTESIAN_POINT('',(91.3059787873994,-5.95204623653879,-6.72256352003057));
#8919=CARTESIAN_POINT('',(91.3644020728214,-5.95763996198148,-6.73308630887342));
#8920=CARTESIAN_POINT('',(91.4364911374906,-5.96988965111472,-6.75602529399168));
#8921=CARTESIAN_POINT('',(91.511481440288,-5.98923436741567,-6.79191203115735));
#8922=CARTESIAN_POINT('',(91.5804237394878,-6.01306527859377,-6.83557084154672));
#8923=CARTESIAN_POINT('',(91.6439462695384,-6.0403595964227,-6.88488437270376));
#8924=CARTESIAN_POINT('',(91.705987696876,-6.07240341697593,-6.94189295072537));
#8925=CARTESIAN_POINT('',(91.7655591111107,-6.10909321391833,-7.00597812432737));
#8926=CARTESIAN_POINT('',(91.8189460291507,-6.14770965647511,-7.07207565195165));
#8927=CARTESIAN_POINT('',(91.8667912950354,-6.18730119740926,-7.13855917920937));
#8928=CARTESIAN_POINT('',(91.9160697279869,-6.23359408343162,-7.21481342150246));
#8929=CARTESIAN_POINT('',(91.9726283986724,-6.29553879652432,-7.31438709164752));
#8930=CARTESIAN_POINT('',(92.0332926181682,-6.37690869797261,-7.44090568804349));
#8931=CARTESIAN_POINT('',(92.0904517323282,-6.47571766947724,-7.5884008159272));
#8932=CARTESIAN_POINT('',(92.137569311617,-6.58717607999503,-7.74748251205745));
#8933=CARTESIAN_POINT('',(92.1691231562047,-6.70119604447877,-7.9027183480027));
#8934=CARTESIAN_POINT('',(92.1847422136211,-6.80650893669013,-8.03990377558468));
#8935=CARTESIAN_POINT('',(92.1877503591295,-6.87232752531463,-8.1226311175187));
#8936=CARTESIAN_POINT('',(92.1876661205796,-6.92422261663341,-8.18681220155458));
#8937=CARTESIAN_POINT('',(92.1859414715097,-6.96961628858719,-8.24225147527554));
#8938=CARTESIAN_POINT('',(92.1787048745167,-7.03601429109128,-8.32144079159896));
#8939=CARTESIAN_POINT('',(92.1668803112666,-7.10147252900039,-8.39773456187649));
#8940=CARTESIAN_POINT('',(92.1491504314929,-7.17139256130371,-8.47744201556235));
#8941=CARTESIAN_POINT('',(92.1239971216794,-7.24550325221032,-8.55988852967402));
#8942=CARTESIAN_POINT('',(92.0897657427252,-7.32294556151877,-8.64381607875235));
#8943=CARTESIAN_POINT('',(92.0521710204809,-7.3909044801553,-8.71566270251948));
#8944=CARTESIAN_POINT('',(92.0136122435088,-7.44931856618042,-8.77618255364702));
#8945=CARTESIAN_POINT('',(91.9766165626066,-7.498108325347,-8.82592114326569));
#8946=CARTESIAN_POINT('',(91.9372664362708,-7.54365132695653,-8.8716638606803));
#8947=CARTESIAN_POINT('',(91.8964260426872,-7.58534526287193,-8.9129699796289));
#8948=CARTESIAN_POINT('',(91.8543550225644,-7.62336826676326,-8.95017268744282));
#8949=CARTESIAN_POINT('',(91.8080676511505,-7.66054432441643,-8.9861444977093));
#8950=CARTESIAN_POINT('',(91.7556433621366,-7.69739029861841,-9.02139058557487));
#8951=CARTESIAN_POINT('',(91.6952434522439,-7.73358730667446,-9.05561609235942));
#8952=CARTESIAN_POINT('',(91.6302028271961,-7.76617772948028,-9.08610684054372));
#8953=CARTESIAN_POINT('',(91.5572142949674,-7.79590468327933,-9.11366026904948));
#8954=CARTESIAN_POINT('',(91.4734484138359,-7.82189061418745,-9.13753917433651));
#8955=CARTESIAN_POINT('',(91.381131907635,-7.84076886350387,-9.15476008690482));
#8956=CARTESIAN_POINT('',(91.3008460367738,-7.84881162094378,-9.16206589675252));
#8957=CARTESIAN_POINT('',(91.2443637346386,-7.85023389515068,-9.1633572763303));
#8958=CARTESIAN_POINT('',(91.1985892475239,-7.84956261635324,-9.16274775899854));
#8959=CARTESIAN_POINT('',(91.149769398079,-7.84654154445764,-9.16000439576891));
#8960=CARTESIAN_POINT('',(91.0877328624211,-7.83879370555439,-9.15295668089867));
#8961=CARTESIAN_POINT('',(91.0195406170461,-7.82563916826979,-9.14095701463761));
#8962=CARTESIAN_POINT('',(90.9437228873489,-7.80465103055636,-9.12171589953699));
#8963=CARTESIAN_POINT('',(90.8643024195243,-7.77494924551074,-9.09427410792891));
#8964=CARTESIAN_POINT('',(90.7861481085437,-7.73734984136184,-9.05917840492175));
#8965=CARTESIAN_POINT('',(90.7100720624042,-7.69168485138283,-9.0160089104095));
#8966=CARTESIAN_POINT('',(90.6371884561524,-7.63802505888453,-8.96450476877504));
#8967=CARTESIAN_POINT('',(90.5720513231039,-7.57960620780744,-8.90741997078074));
#8968=CARTESIAN_POINT('',(90.5184166615065,-7.52198454348212,-8.8500350981126));
#8969=CARTESIAN_POINT('',(90.4739790247329,-7.46633499448365,-8.79364285317574));
#8970=CARTESIAN_POINT('',(90.4351478492094,-7.40993630482939,-8.73550245831622));
#8971=CARTESIAN_POINT('',(90.3994561357955,-7.3489331088959,-8.6714123284011));
#8972=CARTESIAN_POINT('',(90.3702029744413,-7.28902552422729,-8.60717354423741));
#8973=CARTESIAN_POINT('',(90.3466942213593,-7.23123183664211,-8.54398035895311));
#8974=CARTESIAN_POINT('',(90.3279700891814,-7.17576143290701,-8.48222517163233));
#8975=CARTESIAN_POINT('',(90.3124417456365,-7.11819672811797,-8.4169094234941));
#8976=CARTESIAN_POINT('',(90.29887249312,-7.05120260507444,-8.33935208754485));
#8977=CARTESIAN_POINT('',(90.2897895813942,-6.9780023904902,-8.25248939229304));
#8978=CARTESIAN_POINT('',(90.2873048520586,-6.91521842722739,-8.17585563100706));
#8979=CARTESIAN_POINT('',(90.2885612633683,-6.83584462553195,-8.07710188070868));
#8980=CARTESIAN_POINT('',(90.2986407465713,-6.73711080367148,-7.95056051193425));
#8981=CARTESIAN_POINT('',(90.330508626378,-6.60742927073304,-7.77584663431957));
#8982=CARTESIAN_POINT('',(90.378110471147,-6.48920512599375,-7.60814166657013));
#8983=CARTESIAN_POINT('',(90.4331848171977,-6.39144352716503,-7.46280789727707));
#8984=CARTESIAN_POINT('',(90.4844517301122,-6.31942363858872,-7.35170434008153));
#8985=CARTESIAN_POINT('',(90.5309288289376,-6.26412711180381,-7.2640466594611));
#8986=CARTESIAN_POINT('',(90.5747090999602,-6.2186373486065,-7.19031156878065));
#8987=CARTESIAN_POINT('',(90.6203758847344,-6.17707111982357,-7.12150605183724));
#8988=CARTESIAN_POINT('',(90.6662193816484,-6.14039188711594,-7.05960765041015));
#8989=CARTESIAN_POINT('',(90.7122423164949,-6.10792254249287,-7.00385874735103));
#8990=CARTESIAN_POINT('',(90.7571507892746,-6.07996124360272,-6.95510039575785));
#8991=CARTESIAN_POINT('',(90.8009859572973,-6.05588013277928,-6.91253307929677));
#8992=CARTESIAN_POINT('',(90.8422428963448,-6.03584555214641,-6.87670510200583));
#8993=CARTESIAN_POINT('',(90.8820958830625,-6.01873643770804,-6.84580647161558));
#8994=CARTESIAN_POINT('',(90.9202750151991,-6.00429962670633,-6.81951092864358));
#8995=CARTESIAN_POINT('',(90.9574411565333,-5.9920196652823,-6.7969788223898));
#8996=CARTESIAN_POINT('',(90.9956586200054,-5.98105696661261,-6.77673951248176));
#8997=CARTESIAN_POINT('',(91.0395786602709,-5.97044794965662,-6.75703784273719));
#8998=CARTESIAN_POINT('',(91.0951678249639,-5.96004730689244,-6.73760506476268));
#8999=CARTESIAN_POINT('',(91.1624244138501,-5.95202388403576,-6.72252558267282));
#9000=CARTESIAN_POINT('',(91.2121591393847,-5.95000126325627,-6.71871094209623));
#9001=CARTESIAN_POINT('',(91.2377037715855,-5.95000000181402,-6.71870833654252));
#9002=CARTESIAN_POINT('',(98.7377037716424,-5.95,-6.71870833312056));
#9003=CARTESIAN_POINT('',(98.7377037715855,-5.95000000181402,-6.71870833654252));
#9004=CARTESIAN_POINT('',(98.7456269610616,-5.94999961055194,-6.71870752837681));
#9005=CARTESIAN_POINT('',(98.7660940262685,-5.95025649630599,-6.71919177432556));
#9006=CARTESIAN_POINT('',(98.8059787873994,-5.95204623653879,-6.72256352003057));
#9007=CARTESIAN_POINT('',(98.8644020728214,-5.95763996198148,-6.73308630887342));
#9008=CARTESIAN_POINT('',(98.9364911374906,-5.96988965111473,-6.75602529399171));
#9009=CARTESIAN_POINT('',(99.0114814402881,-5.98923436741568,-6.79191203115736));
#9010=CARTESIAN_POINT('',(99.0804237394879,-6.0130652785938,-6.83557084154679));
#9011=CARTESIAN_POINT('',(99.1439462695385,-6.04035959642274,-6.88488437270383));
#9012=CARTESIAN_POINT('',(99.2059876968761,-6.07240341697599,-6.94189295072549));
#9013=CARTESIAN_POINT('',(99.2655591111108,-6.10909321391843,-7.00597812432754));
#9014=CARTESIAN_POINT('',(99.3189460291508,-6.14770965647522,-7.07207565195184));
#9015=CARTESIAN_POINT('',(99.3667912950356,-6.18730119740943,-7.13855917920965));
#9016=CARTESIAN_POINT('',(99.4160697279871,-6.23359408343182,-7.21481342150279));
#9017=CARTESIAN_POINT('',(99.4726283986727,-6.29553879652464,-7.31438709164803));
#9018=CARTESIAN_POINT('',(99.5332926181686,-6.37690869797307,-7.44090568804418));
#9019=CARTESIAN_POINT('',(99.5904517323284,-6.47571766947784,-7.58840081592808));
#9020=CARTESIAN_POINT('',(99.6375693116173,-6.58717607999575,-7.74748251205845));
#9021=CARTESIAN_POINT('',(99.6691231562048,-6.70119604447955,-7.90271834800374));
#9022=CARTESIAN_POINT('',(99.6847422136213,-6.80650893669068,-8.03990377558537));
#9023=CARTESIAN_POINT('',(99.6877503591293,-6.87232752531508,-8.12263111751928));
#9024=CARTESIAN_POINT('',(99.6876661205797,-6.92422261663383,-8.18681220155508));
#9025=CARTESIAN_POINT('',(99.6859414715096,-6.96961628858781,-8.24225147527629));
#9026=CARTESIAN_POINT('',(99.6787048745166,-7.03601429109189,-8.32144079159967));
#9027=CARTESIAN_POINT('',(99.6668803112664,-7.10147252900091,-8.39773456187709));
#9028=CARTESIAN_POINT('',(99.6491504314927,-7.17139256130412,-8.47744201556281));
#9029=CARTESIAN_POINT('',(99.6239971216793,-7.2455032522106,-8.55988852967432));
#9030=CARTESIAN_POINT('',(99.5897657427251,-7.32294556151894,-8.64381607875253));
#9031=CARTESIAN_POINT('',(99.5521710204809,-7.39090448015538,-8.71566270251957));
#9032=CARTESIAN_POINT('',(99.5136122435088,-7.44931856618043,-8.77618255364703));
#9033=CARTESIAN_POINT('',(99.4766165626066,-7.49810832534702,-8.8259211432657));
#9034=CARTESIAN_POINT('',(99.4372664362708,-7.54365132695652,-8.87166386068029));
#9035=CARTESIAN_POINT('',(99.3964260426872,-7.58534526287193,-8.9129699796289));
#9036=CARTESIAN_POINT('',(99.3543550225645,-7.62336826676326,-8.95017268744283));
#9037=CARTESIAN_POINT('',(99.3080676511505,-7.66054432441643,-8.9861444977093));
#9038=CARTESIAN_POINT('',(99.2556433621367,-7.69739029861842,-9.02139058557489));
#9039=CARTESIAN_POINT('',(99.1952434522438,-7.73358730667444,-9.0556160923594));
#9040=CARTESIAN_POINT('',(99.1302028271961,-7.76617772948027,-9.08610684054371));
#9041=CARTESIAN_POINT('',(99.0572142949673,-7.79590468327933,-9.11366026904948));
#9042=CARTESIAN_POINT('',(98.9734484138359,-7.82189061418745,-9.13753917433651));
#9043=CARTESIAN_POINT('',(98.881131907635,-7.84076886350387,-9.15476008690482));
#9044=CARTESIAN_POINT('',(98.8008460367738,-7.84881162094378,-9.16206589675253));
#9045=CARTESIAN_POINT('',(98.7443637346386,-7.85023389515068,-9.16335727633029));
#9046=CARTESIAN_POINT('',(98.6985892475239,-7.84956261635324,-9.16274775899855));
#9047=CARTESIAN_POINT('',(98.649769398079,-7.84654154445765,-9.16000439576892));
#9048=CARTESIAN_POINT('',(98.5877328624211,-7.83879370555439,-9.15295668089867));
#9049=CARTESIAN_POINT('',(98.5195406170461,-7.82563916826979,-9.14095701463761));
#9050=CARTESIAN_POINT('',(98.4437228873489,-7.80465103055636,-9.121715899537));
#9051=CARTESIAN_POINT('',(98.3643024195243,-7.77494924551072,-9.09427410792889));
#9052=CARTESIAN_POINT('',(98.2861481085436,-7.73734984136179,-9.05917840492171));
#9053=CARTESIAN_POINT('',(98.210072062404,-7.69168485138277,-9.01600891040944));
#9054=CARTESIAN_POINT('',(98.1371884561522,-7.63802505888439,-8.96450476877491));
#9055=CARTESIAN_POINT('',(98.0720513231036,-7.57960620780726,-8.90741997078056));
#9056=CARTESIAN_POINT('',(98.0184166615063,-7.52198454348188,-8.85003509811237));
#9057=CARTESIAN_POINT('',(97.9739790247328,-7.46633499448332,-8.79364285317541));
#9058=CARTESIAN_POINT('',(97.9351478492091,-7.40993630482898,-8.73550245831579));
#9059=CARTESIAN_POINT('',(97.8994561357952,-7.34893310889538,-8.67141232840056));
#9060=CARTESIAN_POINT('',(97.870202974441,-7.28902552422663,-8.60717354423668));
#9061=CARTESIAN_POINT('',(97.846694221359,-7.23123183664131,-8.54398035895223));
#9062=CARTESIAN_POINT('',(97.8279700891812,-7.17576143290603,-8.48222517163123));
#9063=CARTESIAN_POINT('',(97.8124417456361,-7.1181967281168,-8.41690942349275));
#9064=CARTESIAN_POINT('',(97.7988724931198,-7.05120260507298,-8.33935208754315));
#9065=CARTESIAN_POINT('',(97.789789581394,-6.97800239048916,-8.25248939229176));
#9066=CARTESIAN_POINT('',(97.7873048520587,-6.91521842722608,-8.17585563100545));
#9067=CARTESIAN_POINT('',(97.7885612633683,-6.83584462553042,-8.07710188070675));
#9068=CARTESIAN_POINT('',(97.7986407465717,-6.73711080366919,-7.95056051193125));
#9069=CARTESIAN_POINT('',(97.8305086263788,-6.60742927073082,-7.77584663431649));
#9070=CARTESIAN_POINT('',(97.878110471148,-6.48920512599178,-7.60814166656727));
#9071=CARTESIAN_POINT('',(97.9331848171988,-6.39144352716338,-7.46280789727457));
#9072=CARTESIAN_POINT('',(97.9844517301132,-6.31942363858737,-7.35170434007941));
#9073=CARTESIAN_POINT('',(98.0309288289386,-6.26412711180275,-7.2640466594594));
#9074=CARTESIAN_POINT('',(98.074709099961,-6.21863734860567,-7.19031156877928));
#9075=CARTESIAN_POINT('',(98.1203758847351,-6.177071119823,-7.1215060518363));
#9076=CARTESIAN_POINT('',(98.1662193816489,-6.14039188711557,-7.05960765040952));
#9077=CARTESIAN_POINT('',(98.2122423164951,-6.10792254249267,-7.00385874735068));
#9078=CARTESIAN_POINT('',(98.2571507892748,-6.07996124360262,-6.95510039575768));
#9079=CARTESIAN_POINT('',(98.3009859572974,-6.05588013277925,-6.91253307929672));
#9080=CARTESIAN_POINT('',(98.3422428963448,-6.0358455521464,-6.87670510200581));
#9081=CARTESIAN_POINT('',(98.3820958830624,-6.01873643770804,-6.8458064716156));
#9082=CARTESIAN_POINT('',(98.420275015199,-6.00429962670634,-6.81951092864359));
#9083=CARTESIAN_POINT('',(98.4574411565333,-5.99201966528231,-6.79697882238981));
#9084=CARTESIAN_POINT('',(98.4956586200054,-5.98105696661261,-6.77673951248176));
#9085=CARTESIAN_POINT('',(98.5395786602709,-5.97044794965662,-6.75703784273719));
#9086=CARTESIAN_POINT('',(98.5951678249639,-5.96004730689245,-6.73760506476269));
#9087=CARTESIAN_POINT('',(98.6624244138501,-5.95202388403576,-6.72252558267282));
#9088=CARTESIAN_POINT('',(98.7121591393847,-5.95000126325627,-6.71871094209623));
#9089=CARTESIAN_POINT('',(98.7377037715855,-5.95000000181402,-6.71870833654252));
#9090=CARTESIAN_POINT('',(106.237703771642,-5.95,-6.71870833312056));
#9091=CARTESIAN_POINT('',(106.237703771586,-5.95000000181402,-6.71870833654252));
#9092=CARTESIAN_POINT('',(106.245626961062,-5.94999961055194,-6.71870752837681));
#9093=CARTESIAN_POINT('',(106.266094026268,-5.95025649630599,-6.71919177432557));
#9094=CARTESIAN_POINT('',(106.305978787399,-5.95204623653879,-6.72256352003057));
#9095=CARTESIAN_POINT('',(106.364402072821,-5.95763996198148,-6.73308630887342));
#9096=CARTESIAN_POINT('',(106.436491137491,-5.96988965111474,-6.75602529399172));
#9097=CARTESIAN_POINT('',(106.511481440288,-5.98923436741567,-6.79191203115735));
#9098=CARTESIAN_POINT('',(106.580423739488,-6.01306527859381,-6.83557084154681));
#9099=CARTESIAN_POINT('',(106.643946269538,-6.04035959642274,-6.88488437270383));
#9100=CARTESIAN_POINT('',(106.705987696876,-6.072403416976,-6.94189295072549));
#9101=CARTESIAN_POINT('',(106.765559111111,-6.10909321391844,-7.00597812432757));
#9102=CARTESIAN_POINT('',(106.818946029151,-6.14770965647526,-7.07207565195191));
#9103=CARTESIAN_POINT('',(106.866791295036,-6.18730119740946,-7.1385591792097));
#9104=CARTESIAN_POINT('',(106.916069727987,-6.23359408343189,-7.21481342150291));
#9105=CARTESIAN_POINT('',(106.972628398673,-6.29553879652469,-7.31438709164812));
#9106=CARTESIAN_POINT('',(107.033292618169,-6.37690869797316,-7.44090568804433));
#9107=CARTESIAN_POINT('',(107.090451732329,-6.47571766947809,-7.58840081592845));
#9108=CARTESIAN_POINT('',(107.137569311618,-6.58717607999624,-7.74748251205913));
#9109=CARTESIAN_POINT('',(107.169123156205,-6.70119604448015,-7.90271834800453));
#9110=CARTESIAN_POINT('',(107.184742213621,-6.80650893669106,-8.0399037755859));
#9111=CARTESIAN_POINT('',(107.18775035913,-6.87232752531664,-8.12263111752117));
#9112=CARTESIAN_POINT('',(107.187666120579,-6.92422261663531,-8.18681220155694));
#9113=CARTESIAN_POINT('',(107.18594147151,-6.96961628858948,-8.24225147527827));
#9114=CARTESIAN_POINT('',(107.178704874517,-7.03601429109235,-8.32144079160022));
#9115=CARTESIAN_POINT('',(107.166880311266,-7.1014725290012,-8.39773456187743));
#9116=CARTESIAN_POINT('',(107.149150431493,-7.17139256130427,-8.47744201556297));
#9117=CARTESIAN_POINT('',(107.123997121679,-7.24550325221066,-8.55988852967439));
#9118=CARTESIAN_POINT('',(107.089765742725,-7.32294556151894,-8.64381607875254));
#9119=CARTESIAN_POINT('',(107.052171020481,-7.39090448015537,-8.71566270251956));
#9120=CARTESIAN_POINT('',(107.013612243509,-7.44931856618045,-8.77618255364705));
#9121=CARTESIAN_POINT('',(106.976616562607,-7.49810832534702,-8.8259211432657));
#9122=CARTESIAN_POINT('',(106.937266436271,-7.54365132695653,-8.87166386068029));
#9123=CARTESIAN_POINT('',(106.896426042687,-7.5853452628719,-8.91296997962888));
#9124=CARTESIAN_POINT('',(106.854355022564,-7.62336826676326,-8.95017268744282));
#9125=CARTESIAN_POINT('',(106.808067651151,-7.66054432441642,-8.98614449770929));
#9126=CARTESIAN_POINT('',(106.755643362137,-7.69739029861843,-9.02139058557489));
#9127=CARTESIAN_POINT('',(106.695243452244,-7.73358730667442,-9.05561609235938));
#9128=CARTESIAN_POINT('',(106.630202827196,-7.76617772948028,-9.08610684054373));
#9129=CARTESIAN_POINT('',(106.557214294967,-7.79590468327933,-9.11366026904948));
#9130=CARTESIAN_POINT('',(106.473448413836,-7.82189061418744,-9.1375391743365));
#9131=CARTESIAN_POINT('',(106.381131907635,-7.84076886350388,-9.15476008690483));
#9132=CARTESIAN_POINT('',(106.300846036774,-7.84881162094378,-9.16206589675252));
#9133=CARTESIAN_POINT('',(106.244363734639,-7.85023389515068,-9.1633572763303));
#9134=CARTESIAN_POINT('',(106.198589247524,-7.84956261635324,-9.16274775899854));
#9135=CARTESIAN_POINT('',(106.149769398079,-7.84654154445764,-9.16000439576891));
#9136=CARTESIAN_POINT('',(106.087732862421,-7.83879370555439,-9.15295668089866));
#9137=CARTESIAN_POINT('',(106.019540617046,-7.82563916826978,-9.1409570146376));
#9138=CARTESIAN_POINT('',(105.943722887349,-7.80465103055634,-9.12171589953699));
#9139=CARTESIAN_POINT('',(105.864302419524,-7.77494924551075,-9.09427410792891));
#9140=CARTESIAN_POINT('',(105.786148108544,-7.73734984136184,-9.05917840492176));
#9141=CARTESIAN_POINT('',(105.710072062404,-7.69168485138283,-9.0160089104095));
#9142=CARTESIAN_POINT('',(105.637188456152,-7.63802505888454,-8.96450476877504));
#9143=CARTESIAN_POINT('',(105.572051323104,-7.57960620780744,-8.90741997078074));
#9144=CARTESIAN_POINT('',(105.518416661506,-7.52198454348216,-8.85003509811263));
#9145=CARTESIAN_POINT('',(105.473979024733,-7.46633499448366,-8.79364285317576));
#9146=CARTESIAN_POINT('',(105.435147849209,-7.40993630482942,-8.73550245831625));
#9147=CARTESIAN_POINT('',(105.399456135796,-7.34893310889591,-8.67141232840112));
#9148=CARTESIAN_POINT('',(105.370202974441,-7.28902552422727,-8.60717354423738));
#9149=CARTESIAN_POINT('',(105.346694221359,-7.23123183664203,-8.54398035895302));
#9150=CARTESIAN_POINT('',(105.327970089181,-7.17576143290683,-8.48222517163213));
#9151=CARTESIAN_POINT('',(105.312441745636,-7.11819672811767,-8.41690942349376));
#9152=CARTESIAN_POINT('',(105.29887249312,-7.05120260507398,-8.33935208754431));
#9153=CARTESIAN_POINT('',(105.289789581394,-6.97800239048988,-8.25248939229263));
#9154=CARTESIAN_POINT('',(105.287304852059,-6.91521842722695,-8.17585563100653));
#9155=CARTESIAN_POINT('',(105.288561263368,-6.83584462553158,-8.0771018807082));
#9156=CARTESIAN_POINT('',(105.298640746571,-6.73711080367105,-7.95056051193369));
#9157=CARTESIAN_POINT('',(105.330508626378,-6.60742927073279,-7.77584663431922));
#9158=CARTESIAN_POINT('',(105.378110471147,-6.48920512599366,-7.60814166657));
#9159=CARTESIAN_POINT('',(105.433184817198,-6.39144352716506,-7.4628078972771));
#9160=CARTESIAN_POINT('',(105.484451730112,-6.31942363858878,-7.35170434008162));
#9161=CARTESIAN_POINT('',(105.530928828938,-6.26412711180385,-7.26404665946117));
#9162=CARTESIAN_POINT('',(105.57470909996,-6.21863734860653,-7.1903115687807));
#9163=CARTESIAN_POINT('',(105.620375884734,-6.17707111982359,-7.12150605183729));
#9164=CARTESIAN_POINT('',(105.666219381648,-6.14039188711596,-7.05960765041017));
#9165=CARTESIAN_POINT('',(105.712242316495,-6.10792254249287,-7.00385874735104));
#9166=CARTESIAN_POINT('',(105.757150789275,-6.07996124360272,-6.95510039575786));
#9167=CARTESIAN_POINT('',(105.800985957297,-6.05588013277929,-6.91253307929678));
#9168=CARTESIAN_POINT('',(105.842242896345,-6.0358455521464,-6.87670510200581));
#9169=CARTESIAN_POINT('',(105.882095883062,-6.01873643770806,-6.84580647161561));
#9170=CARTESIAN_POINT('',(105.920275015199,-6.00429962670634,-6.81951092864359));
#9171=CARTESIAN_POINT('',(105.957441156533,-5.99201966528231,-6.79697882238981));
#9172=CARTESIAN_POINT('',(105.995658620005,-5.98105696661262,-6.77673951248177));
#9173=CARTESIAN_POINT('',(106.039578660271,-5.97044794965663,-6.7570378427372));
#9174=CARTESIAN_POINT('',(106.095167824964,-5.96004730689245,-6.73760506476269));
#9175=CARTESIAN_POINT('',(106.16242441385,-5.95202388403576,-6.72252558267282));
#9176=CARTESIAN_POINT('',(106.212159139385,-5.95000126325627,-6.71871094209623));
#9177=CARTESIAN_POINT('',(106.237703771586,-5.95000000181402,-6.71870833654252));
#9178=CARTESIAN_POINT('',(113.737703771642,-5.95,-6.71870833312056));
#9179=CARTESIAN_POINT('',(113.737703771586,-5.95000000181402,-6.71870833654252));
#9180=CARTESIAN_POINT('',(113.745626961062,-5.94999961055194,-6.71870752837681));
#9181=CARTESIAN_POINT('',(113.766094026269,-5.95025649630599,-6.71919177432557));
#9182=CARTESIAN_POINT('',(113.805978787399,-5.95204623653879,-6.72256352003058));
#9183=CARTESIAN_POINT('',(113.864402072821,-5.95763996198148,-6.73308630887342));
#9184=CARTESIAN_POINT('',(113.936491137491,-5.96988965111475,-6.75602529399173));
#9185=CARTESIAN_POINT('',(114.011481440288,-5.98923436741568,-6.79191203115737));
#9186=CARTESIAN_POINT('',(114.080423739488,-6.01306527859382,-6.83557084154682));
#9187=CARTESIAN_POINT('',(114.143946269538,-6.04035959642273,-6.88488437270382));
#9188=CARTESIAN_POINT('',(114.205987696876,-6.07240341697602,-6.94189295072553));
#9189=CARTESIAN_POINT('',(114.265559111111,-6.10909321391844,-7.00597812432756));
#9190=CARTESIAN_POINT('',(114.318946029151,-6.14770965647526,-7.07207565195192));
#9191=CARTESIAN_POINT('',(114.366791295036,-6.18730119740947,-7.13855917920972));
#9192=CARTESIAN_POINT('',(114.416069727987,-6.23359408343189,-7.2148134215029));
#9193=CARTESIAN_POINT('',(114.472628398673,-6.29553879652472,-7.31438709164816));
#9194=CARTESIAN_POINT('',(114.533292618169,-6.37690869797319,-7.44090568804437));
#9195=CARTESIAN_POINT('',(114.590451732328,-6.47571766947789,-7.58840081592816));
#9196=CARTESIAN_POINT('',(114.637569311617,-6.58717607999565,-7.7474825120583));
#9197=CARTESIAN_POINT('',(114.669123156205,-6.70119604447939,-7.90271834800352));
#9198=CARTESIAN_POINT('',(114.684742213621,-6.80650893669059,-8.03990377558527));
#9199=CARTESIAN_POINT('',(114.687750359129,-6.87232752531399,-8.12263111751791));
#9200=CARTESIAN_POINT('',(114.68766612058,-6.92422261663277,-8.18681220155379));
#9201=CARTESIAN_POINT('',(114.68594147151,-6.96961628858669,-8.24225147527495));
#9202=CARTESIAN_POINT('',(114.678704874517,-7.03601429109176,-8.32144079159953));
#9203=CARTESIAN_POINT('',(114.666880311266,-7.10147252900088,-8.39773456187706));
#9204=CARTESIAN_POINT('',(114.649150431493,-7.17139256130416,-8.47744201556286));
#9205=CARTESIAN_POINT('',(114.623997121679,-7.24550325221067,-8.5598885296744));
#9206=CARTESIAN_POINT('',(114.589765742725,-7.322945561519,-8.6438160787526));
#9207=CARTESIAN_POINT('',(114.552171020481,-7.3909044801554,-8.71566270251959));
#9208=CARTESIAN_POINT('',(114.513612243509,-7.44931856618045,-8.77618255364705));
#9209=CARTESIAN_POINT('',(114.476616562607,-7.49810832534702,-8.8259211432657));
#9210=CARTESIAN_POINT('',(114.437266436271,-7.54365132695651,-8.87166386068028));
#9211=CARTESIAN_POINT('',(114.396426042687,-7.58534526287193,-8.9129699796289));
#9212=CARTESIAN_POINT('',(114.354355022564,-7.62336826676325,-8.95017268744282));
#9213=CARTESIAN_POINT('',(114.30806765115,-7.66054432441643,-8.98614449770929));
#9214=CARTESIAN_POINT('',(114.255643362137,-7.69739029861845,-9.02139058557491));
#9215=CARTESIAN_POINT('',(114.195243452244,-7.73358730667443,-9.05561609235939));
#9216=CARTESIAN_POINT('',(114.130202827196,-7.7661777294803,-9.08610684054375));
#9217=CARTESIAN_POINT('',(114.057214294967,-7.79590468327934,-9.11366026904949));
#9218=CARTESIAN_POINT('',(113.973448413836,-7.82189061418745,-9.13753917433651));
#9219=CARTESIAN_POINT('',(113.881131907635,-7.84076886350388,-9.15476008690483));
#9220=CARTESIAN_POINT('',(113.800846036774,-7.84881162094378,-9.16206589675253));
#9221=CARTESIAN_POINT('',(113.744363734639,-7.85023389515068,-9.1633572763303));
#9222=CARTESIAN_POINT('',(113.698589247524,-7.84956261635324,-9.16274775899855));
#9223=CARTESIAN_POINT('',(113.649769398079,-7.84654154445764,-9.16000439576891));
#9224=CARTESIAN_POINT('',(113.587732862421,-7.8387937055544,-9.15295668089867));
#9225=CARTESIAN_POINT('',(113.519540617046,-7.8256391682698,-9.14095701463761));
#9226=CARTESIAN_POINT('',(113.443722887349,-7.80465103055637,-9.12171589953701));
#9227=CARTESIAN_POINT('',(113.364302419524,-7.77494924551077,-9.09427410792893));
#9228=CARTESIAN_POINT('',(113.286148108544,-7.73734984136184,-9.05917840492175));
#9229=CARTESIAN_POINT('',(113.210072062404,-7.69168485138286,-9.01600891040952));
#9230=CARTESIAN_POINT('',(113.137188456152,-7.63802505888452,-8.96450476877503));
#9231=CARTESIAN_POINT('',(113.072051323104,-7.57960620780746,-8.90741997078075));
#9232=CARTESIAN_POINT('',(113.018416661507,-7.52198454348215,-8.85003509811263));
#9233=CARTESIAN_POINT('',(112.973979024733,-7.46633499448367,-8.79364285317576));
#9234=CARTESIAN_POINT('',(112.935147849209,-7.40993630482942,-8.73550245831625));
#9235=CARTESIAN_POINT('',(112.899456135796,-7.34893310889592,-8.67141232840112));
#9236=CARTESIAN_POINT('',(112.870202974441,-7.28902552422729,-8.6071735442374));
#9237=CARTESIAN_POINT('',(112.846694221359,-7.23123183664206,-8.54398035895305));
#9238=CARTESIAN_POINT('',(112.827970089181,-7.1757614329069,-8.48222517163221));
#9239=CARTESIAN_POINT('',(112.812441745636,-7.11819672811779,-8.41690942349389));
#9240=CARTESIAN_POINT('',(112.79887249312,-7.05120260507415,-8.3393520875445));
#9241=CARTESIAN_POINT('',(112.789789581394,-6.97800239049,-8.25248939229279));
#9242=CARTESIAN_POINT('',(112.787304852059,-6.91521842722711,-8.17585563100672));
#9243=CARTESIAN_POINT('',(112.788561263368,-6.83584462553172,-8.07710188070838));
#9244=CARTESIAN_POINT('',(112.798640746571,-6.73711080367122,-7.95056051193391));
#9245=CARTESIAN_POINT('',(112.830508626378,-6.60742927073291,-7.77584663431938));
#9246=CARTESIAN_POINT('',(112.878110471147,-6.48920512599372,-7.60814166657009));
#9247=CARTESIAN_POINT('',(112.933184817198,-6.39144352716508,-7.46280789727714));
#9248=CARTESIAN_POINT('',(112.984451730112,-6.31942363858878,-7.35170434008161));
#9249=CARTESIAN_POINT('',(113.030928828938,-6.26412711180387,-7.26404665946121));
#9250=CARTESIAN_POINT('',(113.07470909996,-6.21863734860652,-7.1903115687807));
#9251=CARTESIAN_POINT('',(113.120375884734,-6.1770711198236,-7.1215060518373));
#9252=CARTESIAN_POINT('',(113.166219381648,-6.14039188711596,-7.05960765041018));
#9253=CARTESIAN_POINT('',(113.212242316495,-6.10792254249287,-7.00385874735103));
#9254=CARTESIAN_POINT('',(113.257150789275,-6.07996124360272,-6.95510039575785));
#9255=CARTESIAN_POINT('',(113.300985957297,-6.05588013277929,-6.91253307929678));
#9256=CARTESIAN_POINT('',(113.342242896345,-6.0358455521464,-6.87670510200581));
#9257=CARTESIAN_POINT('',(113.382095883063,-6.01873643770804,-6.84580647161558));
#9258=CARTESIAN_POINT('',(113.420275015199,-6.00429962670632,-6.81951092864357));
#9259=CARTESIAN_POINT('',(113.457441156533,-5.99201966528231,-6.7969788223898));
#9260=CARTESIAN_POINT('',(113.495658620005,-5.98105696661261,-6.77673951248176));
#9261=CARTESIAN_POINT('',(113.539578660271,-5.97044794965662,-6.75703784273719));
#9262=CARTESIAN_POINT('',(113.595167824964,-5.96004730689244,-6.73760506476267));
#9263=CARTESIAN_POINT('',(113.66242441385,-5.95202388403577,-6.72252558267283));
#9264=CARTESIAN_POINT('',(113.712159139385,-5.95000126325627,-6.71871094209624));
#9265=CARTESIAN_POINT('',(113.737703771586,-5.95000000181402,-6.71870833654252));
#9266=CARTESIAN_POINT('',(121.237703771642,-5.95,-6.71870833312056));
#9267=CARTESIAN_POINT('',(121.237703771586,-5.95000000181402,-6.71870833654253));
#9268=CARTESIAN_POINT('',(121.245626961062,-5.94999961055194,-6.71870752837682));
#9269=CARTESIAN_POINT('',(121.266094026269,-5.95025649630599,-6.71919177432557));
#9270=CARTESIAN_POINT('',(121.305978787399,-5.9520462365388,-6.72256352003058));
#9271=CARTESIAN_POINT('',(121.364402072821,-5.95763996198148,-6.73308630887342));
#9272=CARTESIAN_POINT('',(121.436491137491,-5.96988965111473,-6.75602529399171));
#9273=CARTESIAN_POINT('',(121.511481440288,-5.98923436741569,-6.79191203115739));
#9274=CARTESIAN_POINT('',(121.580423739488,-6.0130652785938,-6.83557084154678));
#9275=CARTESIAN_POINT('',(121.643946269538,-6.04035959642274,-6.88488437270383));
#9276=CARTESIAN_POINT('',(121.705987696876,-6.07240341697601,-6.94189295072551));
#9277=CARTESIAN_POINT('',(121.765559111111,-6.10909321391843,-7.00597812432756));
#9278=CARTESIAN_POINT('',(121.818946029151,-6.14770965647524,-7.07207565195189));
#9279=CARTESIAN_POINT('',(121.866791295036,-6.18730119740947,-7.13855917920972));
#9280=CARTESIAN_POINT('',(121.916069727987,-6.23359408343187,-7.21481342150286));
#9281=CARTESIAN_POINT('',(121.972628398673,-6.29553879652471,-7.31438709164815));
#9282=CARTESIAN_POINT('',(122.033292618169,-6.37690869797316,-7.44090568804433));
#9283=CARTESIAN_POINT('',(122.090451732328,-6.47571766947789,-7.58840081592815));
#9284=CARTESIAN_POINT('',(122.137569311617,-6.5871760799957,-7.74748251205837));
#9285=CARTESIAN_POINT('',(122.169123156205,-6.70119604447946,-7.90271834800361));
#9286=CARTESIAN_POINT('',(122.184742213621,-6.80650893669062,-8.0399037755853));
#9287=CARTESIAN_POINT('',(122.187750359129,-6.87232752531437,-8.1226311175184));
#9288=CARTESIAN_POINT('',(122.18766612058,-6.92422261663314,-8.18681220155423));
#9289=CARTESIAN_POINT('',(122.18594147151,-6.96961628858709,-8.24225147527542));
#9290=CARTESIAN_POINT('',(122.178704874517,-7.03601429109181,-8.32144079159959));
#9291=CARTESIAN_POINT('',(122.166880311266,-7.10147252900089,-8.39773456187707));
#9292=CARTESIAN_POINT('',(122.149150431493,-7.17139256130415,-8.47744201556285));
#9293=CARTESIAN_POINT('',(122.123997121679,-7.24550325221064,-8.55988852967438));
#9294=CARTESIAN_POINT('',(122.089765742725,-7.32294556151899,-8.64381607875259));
#9295=CARTESIAN_POINT('',(122.052171020481,-7.39090448015539,-8.71566270251958));
#9296=CARTESIAN_POINT('',(122.013612243509,-7.44931856618045,-8.77618255364704));
#9297=CARTESIAN_POINT('',(121.976616562607,-7.49810832534701,-8.8259211432657));
#9298=CARTESIAN_POINT('',(121.937266436271,-7.54365132695653,-8.8716638606803));
#9299=CARTESIAN_POINT('',(121.896426042687,-7.58534526287193,-8.91296997962891));
#9300=CARTESIAN_POINT('',(121.854355022564,-7.62336826676325,-8.95017268744282));
#9301=CARTESIAN_POINT('',(121.808067651151,-7.66054432441644,-8.98614449770931));
#9302=CARTESIAN_POINT('',(121.755643362137,-7.69739029861841,-9.02139058557487));
#9303=CARTESIAN_POINT('',(121.695243452244,-7.73358730667444,-9.05561609235941));
#9304=CARTESIAN_POINT('',(121.630202827196,-7.76617772948028,-9.08610684054373));
#9305=CARTESIAN_POINT('',(121.557214294967,-7.79590468327933,-9.11366026904948));
#9306=CARTESIAN_POINT('',(121.473448413836,-7.82189061418744,-9.13753917433651));
#9307=CARTESIAN_POINT('',(121.381131907635,-7.84076886350387,-9.15476008690483));
#9308=CARTESIAN_POINT('',(121.300846036774,-7.84881162094378,-9.16206589675253));
#9309=CARTESIAN_POINT('',(121.244363734639,-7.85023389515069,-9.1633572763303));
#9310=CARTESIAN_POINT('',(121.198589247524,-7.84956261635324,-9.16274775899854));
#9311=CARTESIAN_POINT('',(121.149769398079,-7.84654154445764,-9.16000439576891));
#9312=CARTESIAN_POINT('',(121.087732862421,-7.8387937055544,-9.15295668089867));
#9313=CARTESIAN_POINT('',(121.019540617046,-7.82563916826978,-9.1409570146376));
#9314=CARTESIAN_POINT('',(120.943722887349,-7.80465103055636,-9.121715899537));
#9315=CARTESIAN_POINT('',(120.864302419524,-7.77494924551076,-9.09427410792892));
#9316=CARTESIAN_POINT('',(120.786148108544,-7.73734984136182,-9.05917840492174));
#9317=CARTESIAN_POINT('',(120.710072062404,-7.69168485138284,-9.0160089104095));
#9318=CARTESIAN_POINT('',(120.637188456152,-7.63802505888451,-8.96450476877503));
#9319=CARTESIAN_POINT('',(120.572051323104,-7.57960620780744,-8.90741997078074));
#9320=CARTESIAN_POINT('',(120.518416661507,-7.52198454348212,-8.85003509811261));
#9321=CARTESIAN_POINT('',(120.473979024733,-7.46633499448363,-8.79364285317573));
#9322=CARTESIAN_POINT('',(120.435147849209,-7.40993630482938,-8.73550245831621));
#9323=CARTESIAN_POINT('',(120.399456135796,-7.34893310889588,-8.67141232840108));
#9324=CARTESIAN_POINT('',(120.370202974441,-7.28902552422727,-8.60717354423738));
#9325=CARTESIAN_POINT('',(120.346694221359,-7.23123183664208,-8.54398035895307));
#9326=CARTESIAN_POINT('',(120.327970089181,-7.17576143290696,-8.48222517163227));
#9327=CARTESIAN_POINT('',(120.312441745636,-7.1181967281179,-8.41690942349402));
#9328=CARTESIAN_POINT('',(120.29887249312,-7.05120260507433,-8.33935208754473));
#9329=CARTESIAN_POINT('',(120.289789581394,-6.97800239049013,-8.25248939229295));
#9330=CARTESIAN_POINT('',(120.287304852059,-6.9152184272273,-8.17585563100696));
#9331=CARTESIAN_POINT('',(120.288561263368,-6.83584462553187,-8.07710188070856));
#9332=CARTESIAN_POINT('',(120.298640746571,-6.73711080367135,-7.9505605119341));
#9333=CARTESIAN_POINT('',(120.330508626378,-6.60742927073295,-7.77584663431945));
#9334=CARTESIAN_POINT('',(120.378110471147,-6.48920512599368,-7.60814166657003));
#9335=CARTESIAN_POINT('',(120.433184817198,-6.391443527165,-7.46280789727702));
#9336=CARTESIAN_POINT('',(120.484451730112,-6.3194236385887,-7.35170434008148));
#9337=CARTESIAN_POINT('',(120.530928828938,-6.26412711180379,-7.26404665946108));
#9338=CARTESIAN_POINT('',(120.57470909996,-6.21863734860646,-7.1903115687806));
#9339=CARTESIAN_POINT('',(120.620375884734,-6.17707111982356,-7.12150605183724));
#9340=CARTESIAN_POINT('',(120.666219381648,-6.14039188711592,-7.05960765041013));
#9341=CARTESIAN_POINT('',(120.712242316495,-6.10792254249286,-7.00385874735101));
#9342=CARTESIAN_POINT('',(120.757150789275,-6.07996124360272,-6.95510039575785));
#9343=CARTESIAN_POINT('',(120.800985957297,-6.05588013277929,-6.91253307929679));
#9344=CARTESIAN_POINT('',(120.842242896345,-6.03584555214639,-6.87670510200579));
#9345=CARTESIAN_POINT('',(120.882095883062,-6.01873643770805,-6.84580647161562));
#9346=CARTESIAN_POINT('',(120.920275015199,-6.00429962670632,-6.81951092864356));
#9347=CARTESIAN_POINT('',(120.957441156533,-5.99201966528232,-6.79697882238982));
#9348=CARTESIAN_POINT('',(120.995658620005,-5.9810569666126,-6.77673951248174));
#9349=CARTESIAN_POINT('',(121.039578660271,-5.97044794965663,-6.7570378427372));
#9350=CARTESIAN_POINT('',(121.095167824964,-5.96004730689244,-6.73760506476268));
#9351=CARTESIAN_POINT('',(121.16242441385,-5.95202388403577,-6.72252558267283));
#9352=CARTESIAN_POINT('',(121.212159139385,-5.95000126325627,-6.71871094209624));
#9353=CARTESIAN_POINT('',(121.237703771586,-5.95000000181402,-6.71870833654253));
#9354=CARTESIAN_POINT('',(31.0857127928328,1.15,-5.5));
#9355=CARTESIAN_POINT('',(31.7465948994749,1.15,-5.5));
#9356=CARTESIAN_POINT('',(31.0857127928328,1.15,-5.5));
#9357=VECTOR('',#9358,1.);
#9358=DIRECTION('',(1.,0.,0.));
#9359=CARTESIAN_POINT('',(32.5655279265739,3.4,-5.5));
#9360=CARTESIAN_POINT('',(31.7465948994749,1.15,-5.5));
#9361=VECTOR('',#9362,1.);
#9362=DIRECTION('',(0.342020143325667,0.939692620785909,0.));
#9363=CARTESIAN_POINT('',(33.4083951503492,3.4,-5.5));
#9364=CARTESIAN_POINT('',(32.5655279265739,3.4,-5.5));
#9365=VECTOR('',#9366,1.);
#9366=DIRECTION('',(1.,-5.26879201519949E-16,0.));
#9367=CARTESIAN_POINT('',(34.2273281774481,1.15,-5.5));
#9368=CARTESIAN_POINT('',(33.4083951503492,3.4,-5.5));
#9369=VECTOR('',#9370,1.);
#9370=DIRECTION('',(0.342020143325667,-0.939692620785909,0.));
#9371=CARTESIAN_POINT('',(34.8882102840903,1.15,-5.5));
#9372=CARTESIAN_POINT('',(34.2273281774481,1.15,-5.5));
#9373=VECTOR('',#9374,1.);
#9374=DIRECTION('',(1.,0.,0.));
#9375=CARTESIAN_POINT('',(35.7071433111893,3.4,-5.5));
#9376=CARTESIAN_POINT('',(34.8882102840903,1.15,-5.5));
#9377=VECTOR('',#9378,1.);
#9378=DIRECTION('',(0.342020143325667,0.939692620785909,0.));
#9379=CARTESIAN_POINT('',(36.5500105349646,3.4,-5.5));
#9380=CARTESIAN_POINT('',(35.7071433111893,3.4,-5.5));
#9381=VECTOR('',#9382,1.);
#9382=DIRECTION('',(1.,0.,0.));
#9383=CARTESIAN_POINT('',(37.3689435620635,1.15,-5.5));
#9384=CARTESIAN_POINT('',(36.5500105349646,3.4,-5.5));
#9385=VECTOR('',#9386,1.);
#9386=DIRECTION('',(0.342020143325667,-0.939692620785909,0.));
#9387=CARTESIAN_POINT('',(38.0298256687057,1.15,-5.5));
#9388=CARTESIAN_POINT('',(37.3689435620635,1.15,-5.5));
#9389=VECTOR('',#9390,1.);
#9390=DIRECTION('',(1.,3.35982170939981E-16,0.));
#9391=CARTESIAN_POINT('',(38.8487586958047,3.4,-5.5));
#9392=CARTESIAN_POINT('',(38.0298256687057,1.15,-5.5));
#9393=VECTOR('',#9394,1.);
#9394=DIRECTION('',(0.342020143325667,0.939692620785909,0.));
#9395=CARTESIAN_POINT('',(39.69162591958,3.4,-5.5));
#9396=CARTESIAN_POINT('',(38.8487586958047,3.4,-5.5));
#9397=VECTOR('',#9398,1.);
#9398=DIRECTION('',(1.,0.,0.));
#9399=CARTESIAN_POINT('',(40.5105589466789,1.15,-5.5));
#9400=CARTESIAN_POINT('',(39.69162591958,3.4,-5.5));
#9401=VECTOR('',#9402,1.);
#9402=DIRECTION('',(0.342020143325667,-0.939692620785909,0.));
#9403=CARTESIAN_POINT('',(40.841,1.15,-5.5));
#9404=CARTESIAN_POINT('',(40.5105589466789,1.15,-5.5));
#9405=VECTOR('',#9406,1.);
#9406=DIRECTION('',(1.,6.71964341879962E-16,0.));
#9407=CARTESIAN_POINT('',(40.841,1.15,-5.5));
#9408=VECTOR('',#9409,1.);
#9409=DIRECTION('',(0.,-1.,0.));
#9410=CARTESIAN_POINT('',(3.5527136788005E-15,1.15,-5.5));
#9411=CARTESIAN_POINT('',(-1.68388934882761E-16,-3.42097332764154,-5.5));
#9412=VECTOR('',#9413,1.);
#9413=DIRECTION('',(3.886167588549E-16,1.,0.));
#9414=CARTESIAN_POINT('',(0.330441053321099,1.15,-5.5));
#9415=CARTESIAN_POINT('',(3.5527136788005E-15,1.15,-5.5));
#9416=VECTOR('',#9417,1.);
#9417=DIRECTION('',(1.,2.68785736751985E-15,0.));
#9418=CARTESIAN_POINT('',(1.14937408042005,3.4,-5.5));
#9419=CARTESIAN_POINT('',(0.330441053321098,1.15,-5.5));
#9420=VECTOR('',#9421,1.);
#9421=DIRECTION('',(0.342020143325666,0.939692620785909,0.));
#9422=CARTESIAN_POINT('',(1.99224130419534,3.4,-5.5));
#9423=CARTESIAN_POINT('',(1.14937408042005,3.4,-5.5));
#9424=VECTOR('',#9425,1.);
#9425=DIRECTION('',(1.,1.0537584030399E-15,0.));
#9426=CARTESIAN_POINT('',(2.81117433129429,1.15,-5.5));
#9427=CARTESIAN_POINT('',(1.99224130419534,3.4,-5.5));
#9428=VECTOR('',#9429,1.);
#9429=DIRECTION('',(0.342020143325667,-0.939692620785909,-3.70939869748221E-16));
#9430=CARTESIAN_POINT('',(3.47205643793648,1.15,-5.5));
#9431=CARTESIAN_POINT('',(2.81117433129429,1.15,-5.5));
#9432=VECTOR('',#9433,1.);
#9433=DIRECTION('',(1.,0.,0.));
#9434=CARTESIAN_POINT('',(4.29098946503543,3.4,-5.5));
#9435=CARTESIAN_POINT('',(3.47205643793648,1.15,-5.5));
#9436=VECTOR('',#9437,1.);
#9437=DIRECTION('',(0.342020143325666,0.939692620785909,0.));
#9438=CARTESIAN_POINT('',(5.13385668881072,3.4,-5.5));
#9439=CARTESIAN_POINT('',(4.29098946503543,3.4,-5.5));
#9440=VECTOR('',#9441,1.);
#9441=DIRECTION('',(1.,1.0537584030399E-15,0.));
#9442=CARTESIAN_POINT('',(5.95278971590967,1.15,-5.5));
#9443=CARTESIAN_POINT('',(5.13385668881072,3.4,-5.5));
#9444=VECTOR('',#9445,1.);
#9445=DIRECTION('',(0.342020143325667,-0.939692620785909,0.));
#9446=CARTESIAN_POINT('',(6.61367182255186,1.15,-5.5));
#9447=CARTESIAN_POINT('',(5.95278971590967,1.15,-5.5));
#9448=VECTOR('',#9449,1.);
#9449=DIRECTION('',(1.,-6.71964341879958E-16,0.));
#9450=CARTESIAN_POINT('',(7.43260484965082,3.4,-5.5));
#9451=CARTESIAN_POINT('',(6.61367182255186,1.15,-5.5));
#9452=VECTOR('',#9453,1.);
#9453=DIRECTION('',(0.342020143325667,0.939692620785909,0.));
#9454=CARTESIAN_POINT('',(8.27547207342611,3.4,-5.5));
#9455=CARTESIAN_POINT('',(7.43260484965082,3.4,-5.5));
#9456=VECTOR('',#9457,1.);
#9457=DIRECTION('',(1.,5.26879201519949E-16,0.));
#9458=CARTESIAN_POINT('',(9.09440510052506,1.15,-5.5));
#9459=CARTESIAN_POINT('',(8.27547207342611,3.4,-5.5));
#9460=VECTOR('',#9461,1.);
#9461=DIRECTION('',(0.342020143325667,-0.939692620785909,0.));
#9462=CARTESIAN_POINT('',(9.75528720716725,1.15,-5.5));
#9463=CARTESIAN_POINT('',(9.09440510052506,1.15,-5.5));
#9464=VECTOR('',#9465,1.);
#9465=DIRECTION('',(1.,-1.34392868375992E-15,0.));
#9466=CARTESIAN_POINT('',(10.5742202342662,3.4,-5.5));
#9467=CARTESIAN_POINT('',(9.75528720716725,1.15,-5.5));
#9468=VECTOR('',#9469,1.);
#9469=DIRECTION('',(0.342020143325666,0.939692620785909,0.));
#9470=CARTESIAN_POINT('',(11.4170874580415,3.4,-5.5));
#9471=CARTESIAN_POINT('',(10.5742202342662,3.4,-5.5));
#9472=VECTOR('',#9473,1.);
#9473=DIRECTION('',(1.,5.26879201519949E-16,0.));
#9474=CARTESIAN_POINT('',(12.2360204851404,1.15,-5.5));
#9475=CARTESIAN_POINT('',(11.4170874580415,3.4,-5.5));
#9476=VECTOR('',#9477,1.);
#9477=DIRECTION('',(0.342020143325667,-0.939692620785909,0.));
#9478=CARTESIAN_POINT('',(12.8969025917826,1.15,-5.5));
#9479=CARTESIAN_POINT('',(12.2360204851404,1.15,-5.5));
#9480=VECTOR('',#9481,1.);
#9481=DIRECTION('',(1.,0.,0.));
#9482=CARTESIAN_POINT('',(13.7158356188816,3.4,-5.5));
#9483=CARTESIAN_POINT('',(12.8969025917826,1.15,-5.5));
#9484=VECTOR('',#9485,1.);
#9485=DIRECTION('',(0.342020143325667,0.939692620785909,0.));
#9486=CARTESIAN_POINT('',(14.5587028426569,3.4,-5.5));
#9487=CARTESIAN_POINT('',(13.7158356188816,3.4,-5.5));
#9488=VECTOR('',#9489,1.);
#9489=DIRECTION('',(1.,0.,0.));
#9490=CARTESIAN_POINT('',(15.3776358697558,1.15,-5.5));
#9491=CARTESIAN_POINT('',(14.5587028426569,3.4,-5.5));
#9492=VECTOR('',#9493,1.);
#9493=DIRECTION('',(0.342020143325667,-0.939692620785909,0.));
#9494=CARTESIAN_POINT('',(16.038517976398,1.15,-5.5));
#9495=CARTESIAN_POINT('',(15.3776358697558,1.15,-5.5));
#9496=VECTOR('',#9497,1.);
#9497=DIRECTION('',(1.,-6.7196434187996E-16,0.));
#9498=CARTESIAN_POINT('',(16.857451003497,3.4,-5.5));
#9499=CARTESIAN_POINT('',(16.038517976398,1.15,-5.5));
#9500=VECTOR('',#9501,1.);
#9501=DIRECTION('',(0.342020143325667,0.939692620785909,0.));
#9502=CARTESIAN_POINT('',(17.7003182272723,3.4,-5.5));
#9503=CARTESIAN_POINT('',(16.857451003497,3.4,-5.5));
#9504=VECTOR('',#9505,1.);
#9505=DIRECTION('',(1.,5.26879201519949E-16,-1.0537584030399E-15));
#9506=CARTESIAN_POINT('',(18.5192512543712,1.15,-5.5));
#9507=CARTESIAN_POINT('',(17.7003182272723,3.4,-5.5));
#9508=VECTOR('',#9509,1.);
#9509=DIRECTION('',(0.342020143325667,-0.939692620785909,0.));
#9510=CARTESIAN_POINT('',(19.1801333610134,1.15,-5.5));
#9511=CARTESIAN_POINT('',(18.5192512543712,1.15,-5.5));
#9512=VECTOR('',#9513,1.);
#9513=DIRECTION('',(1.,-1.67991085469991E-15,0.));
#9514=CARTESIAN_POINT('',(19.9990663881124,3.4,-5.5));
#9515=CARTESIAN_POINT('',(19.1801333610134,1.15,-5.5));
#9516=VECTOR('',#9517,1.);
#9517=DIRECTION('',(0.342020143325667,0.939692620785909,0.));
#9518=CARTESIAN_POINT('',(20.8419336118876,3.4,-5.5));
#9519=CARTESIAN_POINT('',(19.9990663881124,3.4,-5.5));
#9520=VECTOR('',#9521,1.);
#9521=DIRECTION('',(1.,0.,0.));
#9522=CARTESIAN_POINT('',(21.6608666389866,1.15,-5.5));
#9523=CARTESIAN_POINT('',(20.8419336118876,3.4,-5.5));
#9524=VECTOR('',#9525,1.);
#9525=DIRECTION('',(0.342020143325667,-0.939692620785909,0.));
#9526=CARTESIAN_POINT('',(22.3217487456288,1.15,-5.5));
#9527=CARTESIAN_POINT('',(21.6608666389866,1.15,-5.5));
#9528=VECTOR('',#9529,1.);
#9529=DIRECTION('',(1.,0.,0.));
#9530=CARTESIAN_POINT('',(23.1406817727277,3.4,-5.5));
#9531=CARTESIAN_POINT('',(22.3217487456288,1.15,-5.5));
#9532=VECTOR('',#9533,1.);
#9533=DIRECTION('',(0.342020143325667,0.939692620785909,0.));
#9534=CARTESIAN_POINT('',(23.983548996503,3.4,-5.5));
#9535=CARTESIAN_POINT('',(23.1406817727277,3.4,-5.5));
#9536=VECTOR('',#9537,1.);
#9537=DIRECTION('',(1.,0.,0.));
#9538=CARTESIAN_POINT('',(24.802482023602,1.15,-5.5));
#9539=CARTESIAN_POINT('',(23.983548996503,3.4,-5.5));
#9540=VECTOR('',#9541,1.);
#9541=DIRECTION('',(0.342020143325667,-0.939692620785909,0.));
#9542=CARTESIAN_POINT('',(25.4633641302442,1.15,-5.5));
#9543=CARTESIAN_POINT('',(24.802482023602,1.15,-5.5));
#9544=VECTOR('',#9545,1.);
#9545=DIRECTION('',(1.,-3.35982170939981E-16,0.));
#9546=CARTESIAN_POINT('',(26.2822971573431,3.4,-5.5));
#9547=CARTESIAN_POINT('',(25.4633641302442,1.15,-5.5));
#9548=VECTOR('',#9549,1.);
#9549=DIRECTION('',(0.342020143325667,0.939692620785909,0.));
#9550=CARTESIAN_POINT('',(27.1251643811184,3.4,-5.5));
#9551=CARTESIAN_POINT('',(26.2822971573431,3.4,-5.5));
#9552=VECTOR('',#9553,1.);
#9553=DIRECTION('',(1.,-5.26879201519949E-16,0.));
#9554=CARTESIAN_POINT('',(27.9440974082174,1.15,-5.5));
#9555=CARTESIAN_POINT('',(27.1251643811184,3.4,-5.5));
#9556=VECTOR('',#9557,1.);
#9557=DIRECTION('',(0.342020143325667,-0.939692620785909,0.));
#9558=CARTESIAN_POINT('',(28.6049795148596,1.15,-5.5));
#9559=CARTESIAN_POINT('',(27.9440974082174,1.15,-5.5));
#9560=VECTOR('',#9561,1.);
#9561=DIRECTION('',(1.,0.,0.));
#9562=CARTESIAN_POINT('',(29.4239125419585,3.4,-5.5));
#9563=CARTESIAN_POINT('',(28.6049795148596,1.15,-5.5));
#9564=VECTOR('',#9565,1.);
#9565=DIRECTION('',(0.342020143325667,0.939692620785909,0.));
#9566=CARTESIAN_POINT('',(30.2667797657338,3.4,-5.5));
#9567=CARTESIAN_POINT('',(29.4239125419585,3.4,-5.5));
#9568=VECTOR('',#9569,1.);
#9569=DIRECTION('',(1.,0.,0.));
#9570=CARTESIAN_POINT('',(30.2667797657338,3.4,-5.5));
#9571=VECTOR('',#9572,1.);
#9572=DIRECTION('',(0.342020143325667,-0.939692620785909,-3.70939869748221E-16));
#9573=CARTESIAN_POINT('',(40.841,1.15,0.499999999999998));
#9574=CARTESIAN_POINT('',(40.841,1.15,0.499999999999997));
#9575=VECTOR('',#9576,1.);
#9576=DIRECTION('',(0.,3.70074341541719E-17,-1.));
#9577=CARTESIAN_POINT('',(40.841,-3.42097332764154,0.499999999999998));
#9578=VECTOR('',#9579,1.);
#9579=DIRECTION('',(0.,1.,0.));
#9580=CARTESIAN_POINT('',(9.75528720716725,1.15,0.5));
#9581=CARTESIAN_POINT('',(9.09440510052506,1.15,0.5));
#9582=CARTESIAN_POINT('',(9.09440510052506,1.15,0.499999999999999));
#9583=VECTOR('',#9584,1.);
#9584=DIRECTION('',(1.,0.,-1.6799108546999E-16));
#9585=CARTESIAN_POINT('',(8.27547207342611,3.4,0.5));
#9586=CARTESIAN_POINT('',(8.27547207342611,3.4,0.5));
#9587=VECTOR('',#9588,1.);
#9588=DIRECTION('',(0.342020143325667,-0.939692620785909,-4.63674837185277E-17));
#9589=CARTESIAN_POINT('',(7.43260484965082,3.4,0.5));
#9590=CARTESIAN_POINT('',(8.27547207342611,3.4,0.499999999999999));
#9591=VECTOR('',#9592,1.);
#9592=DIRECTION('',(-1.,-5.26879201519949E-16,6.58599001899936E-17));
#9593=CARTESIAN_POINT('',(6.61367182255186,1.15,0.5));
#9594=CARTESIAN_POINT('',(6.61367182255186,1.15,0.5));
#9595=VECTOR('',#9596,1.);
#9596=DIRECTION('',(0.342020143325667,0.939692620785909,-4.63674837185277E-17));
#9597=CARTESIAN_POINT('',(5.95278971590967,1.15,0.5));
#9598=CARTESIAN_POINT('',(5.95278971590967,1.15,0.5));
#9599=VECTOR('',#9600,1.);
#9600=DIRECTION('',(1.,0.,0.));
#9601=CARTESIAN_POINT('',(5.13385668881072,3.4,0.5));
#9602=CARTESIAN_POINT('',(5.13385668881072,3.4,0.5));
#9603=VECTOR('',#9604,1.);
#9604=DIRECTION('',(0.342020143325667,-0.939692620785909,-2.31837418592638E-17));
#9605=CARTESIAN_POINT('',(4.29098946503543,3.4,0.5));
#9606=CARTESIAN_POINT('',(5.13385668881072,3.4,0.5));
#9607=VECTOR('',#9608,1.);
#9608=DIRECTION('',(-1.,0.,6.58599001899936E-17));
#9609=CARTESIAN_POINT('',(3.47205643793648,1.15,0.5));
#9610=CARTESIAN_POINT('',(3.47205643793648,1.15,0.5));
#9611=VECTOR('',#9612,1.);
#9612=DIRECTION('',(0.342020143325667,0.939692620785909,-2.31837418592638E-17));
#9613=CARTESIAN_POINT('',(2.81117433129429,1.15,0.5));
#9614=CARTESIAN_POINT('',(2.81117433129429,1.15,0.5));
#9615=VECTOR('',#9616,1.);
#9616=DIRECTION('',(1.,0.,0.));
#9617=CARTESIAN_POINT('',(1.99224130419534,3.4,0.5));
#9618=CARTESIAN_POINT('',(1.99224130419534,3.4,0.5));
#9619=VECTOR('',#9620,1.);
#9620=DIRECTION('',(0.342020143325667,-0.939692620785909,-4.63674837185277E-17));
#9621=CARTESIAN_POINT('',(1.14937408042005,3.4,0.5));
#9622=CARTESIAN_POINT('',(1.99224130419534,3.4,0.5));
#9623=VECTOR('',#9624,1.);
#9624=DIRECTION('',(-1.,0.,6.58599001899936E-17));
#9625=CARTESIAN_POINT('',(0.330441053321096,1.15,0.5));
#9626=CARTESIAN_POINT('',(0.330441053321096,1.15,0.5));
#9627=VECTOR('',#9628,1.);
#9628=DIRECTION('',(0.342020143325667,0.939692620785909,-4.63674837185277E-17));
#9629=CARTESIAN_POINT('',(1.53080849893419E-17,1.15,0.5));
#9630=CARTESIAN_POINT('',(0.,1.15,0.5));
#9631=VECTOR('',#9632,1.);
#9632=DIRECTION('',(1.,0.,0.));
#9633=CARTESIAN_POINT('',(1.53080849893419E-17,-3.42097332764154,0.5));
#9634=VECTOR('',#9635,1.);
#9635=DIRECTION('',(-1.34828522948723E-33,1.,-2.42885474284312E-17));
#9636=CARTESIAN_POINT('',(40.5105589466789,1.15,0.5));
#9637=CARTESIAN_POINT('',(40.5105589466789,1.15,0.499999999999998));
#9638=VECTOR('',#9639,1.);
#9639=DIRECTION('',(1.,0.,0.));
#9640=CARTESIAN_POINT('',(39.6916259195799,3.4,0.499999999999998));
#9641=CARTESIAN_POINT('',(39.69162591958,3.4,0.499999999999998));
#9642=VECTOR('',#9643,1.);
#9643=DIRECTION('',(0.342020143325667,-0.939692620785909,-2.31837418592638E-17));
#9644=CARTESIAN_POINT('',(38.8487586958047,3.4,0.499999999999998));
#9645=CARTESIAN_POINT('',(39.69162591958,3.4,0.499999999999998));
#9646=VECTOR('',#9647,1.);
#9647=DIRECTION('',(-1.,0.,6.58599001899936E-17));
#9648=CARTESIAN_POINT('',(38.0298256687057,1.15,0.5));
#9649=CARTESIAN_POINT('',(38.0298256687057,1.15,0.499999999999998));
#9650=VECTOR('',#9651,1.);
#9651=DIRECTION('',(0.342020143325667,0.939692620785909,-2.31837418592638E-17));
#9652=CARTESIAN_POINT('',(37.3689435620635,1.15,0.5));
#9653=CARTESIAN_POINT('',(37.3689435620635,1.15,0.499999999999998));
#9654=VECTOR('',#9655,1.);
#9655=DIRECTION('',(1.,0.,-1.6799108546999E-16));
#9656=CARTESIAN_POINT('',(36.5500105349646,3.4,0.499999999999998));
#9657=CARTESIAN_POINT('',(36.5500105349646,3.4,0.499999999999998));
#9658=VECTOR('',#9659,1.);
#9659=DIRECTION('',(0.342020143325667,-0.939692620785909,-4.63674837185277E-17));
#9660=CARTESIAN_POINT('',(35.7071433111893,3.4,0.499999999999998));
#9661=CARTESIAN_POINT('',(36.5500105349646,3.4,0.499999999999998));
#9662=VECTOR('',#9663,1.);
#9663=DIRECTION('',(-1.,0.,6.58599001899936E-17));
#9664=CARTESIAN_POINT('',(34.8882102840903,1.15,0.5));
#9665=CARTESIAN_POINT('',(34.8882102840903,1.15,0.499999999999998));
#9666=VECTOR('',#9667,1.);
#9667=DIRECTION('',(0.342020143325667,0.939692620785909,-4.63674837185277E-17));
#9668=CARTESIAN_POINT('',(34.2273281774481,1.15,0.5));
#9669=CARTESIAN_POINT('',(34.2273281774481,1.15,0.499999999999998));
#9670=VECTOR('',#9671,1.);
#9671=DIRECTION('',(1.,0.,0.));
#9672=CARTESIAN_POINT('',(33.4083951503492,3.4,0.499999999999999));
#9673=CARTESIAN_POINT('',(33.4083951503492,3.4,0.499999999999998));
#9674=VECTOR('',#9675,1.);
#9675=DIRECTION('',(0.342020143325667,-0.939692620785909,-4.63674837185277E-17));
#9676=CARTESIAN_POINT('',(32.5655279265739,3.4,0.499999999999999));
#9677=CARTESIAN_POINT('',(33.4083951503492,3.4,0.499999999999998));
#9678=VECTOR('',#9679,1.);
#9679=DIRECTION('',(-1.,0.,6.58599001899936E-17));
#9680=CARTESIAN_POINT('',(31.7465948994749,1.15,0.5));
#9681=CARTESIAN_POINT('',(31.7465948994749,1.15,0.499999999999998));
#9682=VECTOR('',#9683,1.);
#9683=DIRECTION('',(0.342020143325667,0.939692620785909,-4.63674837185277E-17));
#9684=CARTESIAN_POINT('',(31.0857127928328,1.15,0.5));
#9685=CARTESIAN_POINT('',(31.0857127928328,1.15,0.499999999999998));
#9686=VECTOR('',#9687,1.);
#9687=DIRECTION('',(1.,0.,-1.6799108546999E-16));
#9688=CARTESIAN_POINT('',(30.2667797657338,3.4,0.499999999999999));
#9689=CARTESIAN_POINT('',(30.2667797657338,3.4,0.499999999999998));
#9690=VECTOR('',#9691,1.);
#9691=DIRECTION('',(0.342020143325667,-0.939692620785909,-4.63674837185277E-17));
#9692=CARTESIAN_POINT('',(29.4239125419585,3.4,0.499999999999999));
#9693=CARTESIAN_POINT('',(30.2667797657338,3.4,0.499999999999998));
#9694=VECTOR('',#9695,1.);
#9695=DIRECTION('',(-1.,0.,6.58599001899936E-17));
#9696=CARTESIAN_POINT('',(28.6049795148596,1.15,0.5));
#9697=CARTESIAN_POINT('',(28.6049795148596,1.15,0.499999999999998));
#9698=VECTOR('',#9699,1.);
#9699=DIRECTION('',(0.342020143325667,0.939692620785909,0.));
#9700=CARTESIAN_POINT('',(27.9440974082174,1.15,0.5));
#9701=CARTESIAN_POINT('',(27.9440974082174,1.15,0.499999999999998));
#9702=VECTOR('',#9703,1.);
#9703=DIRECTION('',(1.,0.,0.));
#9704=CARTESIAN_POINT('',(27.1251643811184,3.4,0.499999999999999));
#9705=CARTESIAN_POINT('',(27.1251643811184,3.4,0.499999999999998));
#9706=VECTOR('',#9707,1.);
#9707=DIRECTION('',(0.342020143325667,-0.939692620785909,0.));
#9708=CARTESIAN_POINT('',(26.2822971573431,3.4,0.499999999999999));
#9709=CARTESIAN_POINT('',(27.1251643811184,3.4,0.499999999999998));
#9710=VECTOR('',#9711,1.);
#9711=DIRECTION('',(-1.,0.,6.58599001899936E-17));
#9712=CARTESIAN_POINT('',(25.4633641302442,1.15,0.5));
#9713=CARTESIAN_POINT('',(25.4633641302442,1.15,0.499999999999998));
#9714=VECTOR('',#9715,1.);
#9715=DIRECTION('',(0.342020143325667,0.939692620785909,0.));
#9716=CARTESIAN_POINT('',(24.802482023602,1.15,0.5));
#9717=CARTESIAN_POINT('',(24.802482023602,1.15,0.499999999999998));
#9718=VECTOR('',#9719,1.);
#9719=DIRECTION('',(1.,0.,0.));
#9720=CARTESIAN_POINT('',(23.983548996503,3.4,0.499999999999999));
#9721=CARTESIAN_POINT('',(23.983548996503,3.4,0.499999999999999));
#9722=VECTOR('',#9723,1.);
#9723=DIRECTION('',(0.342020143325667,-0.939692620785909,0.));
#9724=CARTESIAN_POINT('',(23.1406817727277,3.4,0.499999999999999));
#9725=CARTESIAN_POINT('',(23.983548996503,3.4,0.499999999999999));
#9726=VECTOR('',#9727,1.);
#9727=DIRECTION('',(-1.,0.,6.58599001899939E-17));
#9728=CARTESIAN_POINT('',(22.3217487456288,1.15,0.5));
#9729=CARTESIAN_POINT('',(22.3217487456288,1.15,0.499999999999999));
#9730=VECTOR('',#9731,1.);
#9731=DIRECTION('',(0.342020143325667,0.939692620785909,0.));
#9732=CARTESIAN_POINT('',(21.6608666389866,1.15,0.5));
#9733=CARTESIAN_POINT('',(21.6608666389866,1.15,0.499999999999999));
#9734=VECTOR('',#9735,1.);
#9735=DIRECTION('',(1.,0.,0.));
#9736=CARTESIAN_POINT('',(20.8419336118876,3.4,0.499999999999999));
#9737=CARTESIAN_POINT('',(20.8419336118876,3.4,0.499999999999999));
#9738=VECTOR('',#9739,1.);
#9739=DIRECTION('',(0.342020143325667,-0.939692620785909,-2.31837418592638E-17));
#9740=CARTESIAN_POINT('',(19.9990663881124,3.4,0.499999999999999));
#9741=CARTESIAN_POINT('',(20.8419336118876,3.4,0.499999999999999));
#9742=VECTOR('',#9743,1.);
#9743=DIRECTION('',(-1.,0.,6.58599001899936E-17));
#9744=CARTESIAN_POINT('',(19.1801333610134,1.15,0.5));
#9745=CARTESIAN_POINT('',(19.1801333610134,1.15,0.499999999999999));
#9746=VECTOR('',#9747,1.);
#9747=DIRECTION('',(0.342020143325667,0.939692620785909,0.));
#9748=CARTESIAN_POINT('',(18.5192512543712,1.15,0.5));
#9749=CARTESIAN_POINT('',(18.5192512543712,1.15,0.499999999999999));
#9750=VECTOR('',#9751,1.);
#9751=DIRECTION('',(1.,0.,0.));
#9752=CARTESIAN_POINT('',(17.7003182272723,3.4,0.499999999999999));
#9753=CARTESIAN_POINT('',(17.7003182272723,3.4,0.499999999999999));
#9754=VECTOR('',#9755,1.);
#9755=DIRECTION('',(0.342020143325667,-0.939692620785909,0.));
#9756=CARTESIAN_POINT('',(16.857451003497,3.4,0.499999999999999));
#9757=CARTESIAN_POINT('',(17.7003182272723,3.4,0.499999999999999));
#9758=VECTOR('',#9759,1.);
#9759=DIRECTION('',(-1.,0.,6.58599001899933E-17));
#9760=CARTESIAN_POINT('',(16.038517976398,1.15,0.5));
#9761=CARTESIAN_POINT('',(16.038517976398,1.15,0.499999999999999));
#9762=VECTOR('',#9763,1.);
#9763=DIRECTION('',(0.342020143325667,0.939692620785909,0.));
#9764=CARTESIAN_POINT('',(15.3776358697558,1.15,0.5));
#9765=CARTESIAN_POINT('',(15.3776358697558,1.15,0.499999999999999));
#9766=VECTOR('',#9767,1.);
#9767=DIRECTION('',(1.,0.,-1.6799108546999E-16));
#9768=CARTESIAN_POINT('',(14.5587028426569,3.4,0.499999999999999));
#9769=CARTESIAN_POINT('',(14.5587028426569,3.4,0.499999999999999));
#9770=VECTOR('',#9771,1.);
#9771=DIRECTION('',(0.342020143325667,-0.939692620785909,0.));
#9772=CARTESIAN_POINT('',(13.7158356188816,3.4,0.499999999999999));
#9773=CARTESIAN_POINT('',(14.5587028426569,3.4,0.499999999999999));
#9774=VECTOR('',#9775,1.);
#9775=DIRECTION('',(-1.,0.,6.58599001899928E-17));
#9776=CARTESIAN_POINT('',(12.8969025917826,1.15,0.5));
#9777=CARTESIAN_POINT('',(12.8969025917826,1.15,0.499999999999999));
#9778=VECTOR('',#9779,1.);
#9779=DIRECTION('',(0.342020143325667,0.939692620785909,-2.31837418592638E-17));
#9780=CARTESIAN_POINT('',(12.2360204851404,1.15,0.5));
#9781=CARTESIAN_POINT('',(12.2360204851404,1.15,0.499999999999999));
#9782=VECTOR('',#9783,1.);
#9783=DIRECTION('',(1.,0.,-1.6799108546999E-16));
#9784=CARTESIAN_POINT('',(11.4170874580415,3.4,0.5));
#9785=CARTESIAN_POINT('',(11.4170874580415,3.4,0.499999999999999));
#9786=VECTOR('',#9787,1.);
#9787=DIRECTION('',(0.342020143325667,-0.939692620785909,-4.63674837185277E-17));
#9788=CARTESIAN_POINT('',(10.5742202342662,3.4,0.5));
#9789=CARTESIAN_POINT('',(11.4170874580415,3.4,0.499999999999999));
#9790=VECTOR('',#9791,1.);
#9791=DIRECTION('',(-1.,0.,6.58599001899933E-17));
#9792=CARTESIAN_POINT('',(9.75528720716725,1.15,0.499999999999999));
#9793=VECTOR('',#9794,1.);
#9794=DIRECTION('',(0.342020143325667,0.939692620785909,-4.63674837185277E-17));
#9795=CARTESIAN_POINT('',(3.06161699786838E-17,1.15,0.5));
#9796=VECTOR('',#9797,1.);
#9797=DIRECTION('',(2.62891955756468E-16,-1.48029736616688E-16,-1.));
#9798=CARTESIAN_POINT('',(4.,-4.9,-2.5));
#9799=AXIS2_PLACEMENT_3D('',#9800,#9801,#9802);
#9800=CARTESIAN_POINT('',(4.,-13.9,-2.5));
#9801=DIRECTION('',(1.,0.,-6.12323399573677E-17));
#9802=DIRECTION('',(-3.74939945665464E-33,1.,-6.12323399573677E-17));
#9803=CARTESIAN_POINT('',(31.7465948994749,1.15,0.5));
#9804=VECTOR('',#9805,1.);
#9805=DIRECTION('',(0.,0.,-1.));
#9806=CARTESIAN_POINT('',(31.0857127928328,1.15,0.5));
#9807=VECTOR('',#9808,1.);
#9808=DIRECTION('',(0.,0.,-1.));
#9809=CARTESIAN_POINT('',(32.5655279265739,3.4,0.5));
#9810=VECTOR('',#9811,1.);
#9811=DIRECTION('',(0.,0.,-1.));
#9812=CARTESIAN_POINT('',(33.4083951503492,3.4,0.5));
#9813=VECTOR('',#9814,1.);
#9814=DIRECTION('',(0.,7.40148683083437E-17,-1.));
#9815=CARTESIAN_POINT('',(34.2273281774481,1.15,0.5));
#9816=VECTOR('',#9817,1.);
#9817=DIRECTION('',(0.,3.70074341541719E-17,-1.));
#9818=CARTESIAN_POINT('',(34.8882102840903,1.15,0.5));
#9819=VECTOR('',#9820,1.);
#9820=DIRECTION('',(0.,0.,-1.));
#9821=CARTESIAN_POINT('',(35.7071433111893,3.4,0.5));
#9822=VECTOR('',#9823,1.);
#9823=DIRECTION('',(0.,0.,-1.));
#9824=CARTESIAN_POINT('',(36.5500105349646,3.4,0.5));
#9825=VECTOR('',#9826,1.);
#9826=DIRECTION('',(0.,-7.40148683083437E-17,-1.));
#9827=CARTESIAN_POINT('',(37.3689435620635,1.15,0.5));
#9828=VECTOR('',#9829,1.);
#9829=DIRECTION('',(0.,3.70074341541719E-17,-1.));
#9830=CARTESIAN_POINT('',(38.0298256687057,1.15,0.5));
#9831=VECTOR('',#9832,1.);
#9832=DIRECTION('',(0.,7.40148683083437E-17,-1.));
#9833=CARTESIAN_POINT('',(38.8487586958047,3.4,0.5));
#9834=VECTOR('',#9835,1.);
#9835=DIRECTION('',(0.,0.,-1.));
#9836=CARTESIAN_POINT('',(39.69162591958,3.4,0.5));
#9837=VECTOR('',#9838,1.);
#9838=DIRECTION('',(0.,0.,-1.));
#9839=CARTESIAN_POINT('',(40.5105589466789,1.15,0.5));
#9840=VECTOR('',#9841,1.);
#9841=DIRECTION('',(0.,0.,-1.));
#9842=CARTESIAN_POINT('',(0.330441053321095,1.15,0.5));
#9843=VECTOR('',#9844,1.);
#9844=DIRECTION('',(3.79326200080262E-16,2.22044604925031E-16,-1.));
#9845=CARTESIAN_POINT('',(1.14937408042005,3.4,0.5));
#9846=VECTOR('',#9847,1.);
#9847=DIRECTION('',(0.,-7.40148683083438E-17,-1.));
#9848=CARTESIAN_POINT('',(1.99224130419534,3.4,0.5));
#9849=VECTOR('',#9850,1.);
#9850=DIRECTION('',(0.,0.,-1.));
#9851=CARTESIAN_POINT('',(2.81117433129429,1.15,0.5));
#9852=VECTOR('',#9853,1.);
#9853=DIRECTION('',(0.,0.,-1.));
#9854=CARTESIAN_POINT('',(3.47205643793648,1.15,0.5));
#9855=VECTOR('',#9856,1.);
#9856=DIRECTION('',(0.,0.,-1.));
#9857=CARTESIAN_POINT('',(4.29098946503543,3.4,0.5));
#9858=VECTOR('',#9859,1.);
#9859=DIRECTION('',(0.,-2.22044604925031E-16,-1.));
#9860=CARTESIAN_POINT('',(5.13385668881072,3.4,0.5));
#9861=VECTOR('',#9862,1.);
#9862=DIRECTION('',(0.,7.40148683083437E-17,-1.));
#9863=CARTESIAN_POINT('',(5.95278971590967,1.15,0.5));
#9864=VECTOR('',#9865,1.);
#9865=DIRECTION('',(-2.96059473233375E-16,7.40148683083437E-17,-1.));
#9866=CARTESIAN_POINT('',(6.61367182255186,1.15,0.5));
#9867=VECTOR('',#9868,1.);
#9868=DIRECTION('',(0.,-7.40148683083437E-17,-1.));
#9869=CARTESIAN_POINT('',(7.43260484965082,3.4,0.5));
#9870=VECTOR('',#9871,1.);
#9871=DIRECTION('',(5.9211894646675E-16,1.48029736616687E-16,-1.));
#9872=CARTESIAN_POINT('',(8.27547207342611,3.4,0.5));
#9873=VECTOR('',#9874,1.);
#9874=DIRECTION('',(5.9211894646675E-16,7.40148683083437E-17,-1.));
#9875=CARTESIAN_POINT('',(9.09440510052506,1.15,0.5));
#9876=VECTOR('',#9877,1.);
#9877=DIRECTION('',(2.96059473233375E-16,3.70074341541719E-17,-1.));
#9878=CARTESIAN_POINT('',(9.75528720716725,1.15,0.5));
#9879=VECTOR('',#9880,1.);
#9880=DIRECTION('',(2.96059473233375E-16,7.40148683083437E-17,-1.));
#9881=CARTESIAN_POINT('',(10.5742202342662,3.4,0.5));
#9882=VECTOR('',#9883,1.);
#9883=DIRECTION('',(0.,0.,-1.));
#9884=CARTESIAN_POINT('',(11.4170874580415,3.4,0.5));
#9885=VECTOR('',#9886,1.);
#9886=DIRECTION('',(0.,7.40148683083437E-17,-1.));
#9887=CARTESIAN_POINT('',(12.2360204851404,1.15,0.5));
#9888=VECTOR('',#9889,1.);
#9889=DIRECTION('',(0.,3.70074341541719E-17,-1.));
#9890=CARTESIAN_POINT('',(12.8969025917826,1.15,0.5));
#9891=VECTOR('',#9892,1.);
#9892=DIRECTION('',(0.,0.,-1.));
#9893=CARTESIAN_POINT('',(13.7158356188816,3.4,0.5));
#9894=VECTOR('',#9895,1.);
#9895=DIRECTION('',(0.,7.40148683083437E-17,-1.));
#9896=CARTESIAN_POINT('',(14.5587028426569,3.4,0.5));
#9897=VECTOR('',#9898,1.);
#9898=DIRECTION('',(0.,0.,-1.));
#9899=CARTESIAN_POINT('',(15.3776358697558,1.15,0.5));
#9900=VECTOR('',#9901,1.);
#9901=DIRECTION('',(0.,3.70074341541719E-17,-1.));
#9902=CARTESIAN_POINT('',(16.038517976398,1.15,0.5));
#9903=VECTOR('',#9904,1.);
#9904=DIRECTION('',(0.,1.48029736616687E-16,-1.));
#9905=CARTESIAN_POINT('',(16.857451003497,3.4,0.5));
#9906=VECTOR('',#9907,1.);
#9907=DIRECTION('',(0.,7.40148683083437E-17,-1.));
#9908=CARTESIAN_POINT('',(17.7003182272723,3.4,0.5));
#9909=VECTOR('',#9910,1.);
#9910=DIRECTION('',(0.,7.40148683083437E-17,-1.));
#9911=CARTESIAN_POINT('',(18.5192512543712,1.15,0.5));
#9912=VECTOR('',#9913,1.);
#9913=DIRECTION('',(0.,1.48029736616687E-16,-1.));
#9914=CARTESIAN_POINT('',(19.1801333610134,1.15,0.5));
#9915=VECTOR('',#9916,1.);
#9916=DIRECTION('',(0.,3.70074341541719E-17,-1.));
#9917=CARTESIAN_POINT('',(19.9990663881124,3.4,0.5));
#9918=VECTOR('',#9919,1.);
#9919=DIRECTION('',(0.,7.40148683083437E-17,-1.));
#9920=CARTESIAN_POINT('',(20.8419336118876,3.4,0.5));
#9921=VECTOR('',#9922,1.);
#9922=DIRECTION('',(0.,7.40148683083437E-17,-1.));
#9923=CARTESIAN_POINT('',(21.6608666389866,1.15,0.5));
#9924=VECTOR('',#9925,1.);
#9925=DIRECTION('',(0.,7.40148683083437E-17,-1.));
#9926=CARTESIAN_POINT('',(22.3217487456288,1.15,0.5));
#9927=VECTOR('',#9928,1.);
#9928=DIRECTION('',(0.,7.40148683083437E-17,-1.));
#9929=CARTESIAN_POINT('',(23.1406817727277,3.4,0.5));
#9930=VECTOR('',#9931,1.);
#9931=DIRECTION('',(0.,-7.40148683083437E-17,-1.));
#9932=CARTESIAN_POINT('',(23.983548996503,3.4,0.5));
#9933=VECTOR('',#9934,1.);
#9934=DIRECTION('',(0.,-7.40148683083437E-17,-1.));
#9935=CARTESIAN_POINT('',(24.802482023602,1.15,0.5));
#9936=VECTOR('',#9937,1.);
#9937=DIRECTION('',(0.,7.40148683083437E-17,-1.));
#9938=CARTESIAN_POINT('',(25.4633641302442,1.15,0.5));
#9939=VECTOR('',#9940,1.);
#9940=DIRECTION('',(0.,3.70074341541719E-17,-1.));
#9941=CARTESIAN_POINT('',(26.2822971573431,3.4,0.5));
#9942=VECTOR('',#9943,1.);
#9943=DIRECTION('',(0.,7.40148683083437E-17,-1.));
#9944=CARTESIAN_POINT('',(27.1251643811184,3.4,0.5));
#9945=VECTOR('',#9946,1.);
#9946=DIRECTION('',(0.,0.,-1.));
#9947=CARTESIAN_POINT('',(27.9440974082174,1.15,0.5));
#9948=VECTOR('',#9949,1.);
#9949=DIRECTION('',(0.,0.,-1.));
#9950=CARTESIAN_POINT('',(28.6049795148596,1.15,0.5));
#9951=VECTOR('',#9952,1.);
#9952=DIRECTION('',(0.,0.,-1.));
#9953=CARTESIAN_POINT('',(29.4239125419585,3.4,0.5));
#9954=VECTOR('',#9955,1.);
#9955=DIRECTION('',(0.,0.,-1.));
#9956=CARTESIAN_POINT('',(30.2667797657338,3.4,0.5));
#9957=VECTOR('',#9958,1.);
#9958=DIRECTION('',(0.,0.,-1.));
ENDSEC;
END-ISO-10303-21;
